customer_id,order_date,order_value,segment
C00020,2025-06-01,9.65,retail
C00337,2025-06-01,43.62,retail
C00529,2025-06-01,31.37,retail
C00720,2025-06-01,26.14,retail
C01000,2025-06-01,57.76,retail
C01499,2025-06-01,20.98,retail
C01977,2025-06-01,31.83,retail
C03156,2025-06-01,39.69,retail
W020,2025-06-01,134.66,wholesale
C00106,2025-06-02,16.15,retail
C00255,2025-06-02,37.15,retail
C00459,2025-06-02,42.2,retail
C01780,2025-06-02,18.49,retail
C01909,2025-06-02,13.26,retail
C01984,2025-06-02,76.59,retail
C02107,2025-06-02,31.47,retail
C03974,2025-06-02,36.6,retail
W003,2025-06-02,227.63,wholesale
W011,2025-06-02,151.75,wholesale
C00537,2025-06-03,49.35,retail
C00864,2025-06-03,21.76,retail
C01030,2025-06-03,26.61,retail
C01525,2025-06-03,17.96,retail
C01885,2025-06-03,75.59,retail
C02172,2025-06-03,22.25,retail
C02583,2025-06-03,34.84,retail
C02616,2025-06-03,63.85,retail
C03029,2025-06-03,49.45,retail
C03123,2025-06-03,63.54,retail
C03700,2025-06-03,23.8,retail
C00065,2025-06-04,122.11,retail
C00112,2025-06-04,45.25,retail
C00272,2025-06-04,35.78,retail
C00279,2025-06-04,84.22,retail
C00712,2025-06-04,18.57,retail
C00937,2025-06-04,61.82,retail
C01373,2025-06-04,61.35,retail
C01859,2025-06-04,60.05,retail
C01965,2025-06-04,27.5,retail
C02702,2025-06-04,41.18,retail
C03060,2025-06-04,35.26,retail
C03309,2025-06-04,35.67,retail
W005,2025-06-04,398.43,wholesale
W014,2025-06-04,510.37,wholesale
C00040,2025-06-05,61.2,retail
C00115,2025-06-05,19.09,retail
C00144,2025-06-05,30.93,retail
C00946,2025-06-05,49.84,retail
C01331,2025-06-05,38.73,retail
C01418,2025-06-05,75.89,retail
C01792,2025-06-05,54.23,retail
C02542,2025-06-05,31.5,retail
C02648,2025-06-05,43.22,retail
C03006,2025-06-05,31.8,retail
C03906,2025-06-05,11.77,retail
C00512,2025-06-06,45.63,retail
C01107,2025-06-06,45.23,retail
C01814,2025-06-06,20.06,retail
C01980,2025-06-06,28.42,retail
C02804,2025-06-06,21.67,retail
C03200,2025-06-06,29.59,retail
W010,2025-06-06,262.63,wholesale
W011,2025-06-06,147.34,wholesale
W023,2025-06-06,267.19,wholesale
C00525,2025-06-07,53.01,retail
C01005,2025-06-07,46.79,retail
C01084,2025-06-07,37.66,retail
C01129,2025-06-07,48.54,retail
C01155,2025-06-07,23.44,retail
C01312,2025-06-07,60.07,retail
C01496,2025-06-07,42.01,retail
C01562,2025-06-07,20.34,retail
C02144,2025-06-07,18.84,retail
C02251,2025-06-07,46.28,retail
C02419,2025-06-07,49.62,retail
C02420,2025-06-07,28.78,retail
C02800,2025-06-07,34.11,retail
C03300,2025-06-07,67.65,retail
C03406,2025-06-07,26.48,retail
C03548,2025-06-07,44.61,retail
C03754,2025-06-07,44.37,retail
C03890,2025-06-07,16.79,retail
C03910,2025-06-07,69.08,retail
W005,2025-06-07,390.89,wholesale
C00035,2025-06-08,64.21,retail
C00730,2025-06-08,14.85,retail
C00784,2025-06-08,23.03,retail
C01278,2025-06-08,38.32,retail
C01949,2025-06-08,33.05,retail
C02322,2025-06-08,38.73,retail
C02732,2025-06-08,18.41,retail
C02812,2025-06-08,109.9,retail
C03083,2025-06-08,36.33,retail
C03086,2025-06-08,16.65,retail
C03484,2025-06-08,49.86,retail
C03683,2025-06-08,15.71,retail
C00131,2025-06-09,20.42,retail
C00277,2025-06-09,56.83,retail
C00744,2025-06-09,25.22,retail
C01784,2025-06-09,32.83,retail
C01930,2025-06-09,14.33,retail
C02171,2025-06-09,51.05,retail
C02529,2025-06-09,30.0,retail
C02565,2025-06-09,33.84,retail
C02917,2025-06-09,18.89,retail
C02979,2025-06-09,52.84,retail
C03000,2025-06-09,35.2,retail
C03810,2025-06-09,16.28,retail
W003,2025-06-09,500.28,wholesale
W028,2025-06-09,211.45,wholesale
C00042,2025-06-10,55.6,retail
C00287,2025-06-10,30.85,retail
C00333,2025-06-10,18.46,retail
C00365,2025-06-10,30.37,retail
C00474,2025-06-10,43.5,retail
C00486,2025-06-10,35.9,retail
C00592,2025-06-10,89.88,retail
C00601,2025-06-10,38.07,retail
C01420,2025-06-10,68.6,retail
C01485,2025-06-10,91.29,retail
C01523,2025-06-10,33.89,retail
C01578,2025-06-10,31.59,retail
C01906,2025-06-10,31.59,retail
C02122,2025-06-10,35.32,retail
C03898,2025-06-10,57.1,retail
W020,2025-06-10,298.8,wholesale
W023,2025-06-10,178.3,wholesale
C00029,2025-06-11,44.5,retail
C00327,2025-06-11,80.6,retail
C00610,2025-06-11,64.72,retail
C00956,2025-06-11,20.5,retail
C01304,2025-06-11,112.17,retail
C01394,2025-06-11,24.72,retail
C01672,2025-06-11,13.8,retail
C01818,2025-06-11,37.97,retail
C02461,2025-06-11,29.7,retail
C03297,2025-06-11,53.63,retail
C03519,2025-06-11,113.94,retail
C03594,2025-06-11,41.73,retail
C03615,2025-06-11,18.01,retail
C03636,2025-06-11,96.93,retail
C03680,2025-06-11,42.13,retail
C03937,2025-06-11,40.54,retail
C00382,2025-06-12,28.04,retail
C00518,2025-06-12,43.92,retail
C00611,2025-06-12,22.95,retail
C00836,2025-06-12,36.06,retail
C00999,2025-06-12,16.65,retail
C01008,2025-06-12,66.9,retail
C01104,2025-06-12,18.76,retail
C02496,2025-06-12,76.9,retail
C03052,2025-06-12,32.3,retail
W005,2025-06-12,173.0,wholesale
W020,2025-06-12,233.19,wholesale
W023,2025-06-12,221.35,wholesale
C00990,2025-06-13,33.51,retail
C01101,2025-06-13,33.7,retail
C01234,2025-06-13,41.72,retail
C01530,2025-06-13,62.81,retail
C01558,2025-06-13,30.43,retail
C01658,2025-06-13,41.5,retail
C01958,2025-06-13,46.84,retail
C02663,2025-06-13,57.75,retail
C03920,2025-06-13,16.57,retail
W005,2025-06-13,251.73,wholesale
C00211,2025-06-14,21.15,retail
C00741,2025-06-14,18.28,retail
C01798,2025-06-14,45.09,retail
C02761,2025-06-14,25.35,retail
C02966,2025-06-14,26.54,retail
C03550,2025-06-14,47.23,retail
C03660,2025-06-14,14.99,retail
C03734,2025-06-14,54.39,retail
C03760,2025-06-14,27.99,retail
C03888,2025-06-14,49.32,retail
W010,2025-06-14,259.94,wholesale
W028,2025-06-14,250.04,wholesale
W028,2025-06-14,176.69,wholesale
C00224,2025-06-15,34.48,retail
C00488,2025-06-15,34.24,retail
C00569,2025-06-15,58.85,retail
C00597,2025-06-15,28.51,retail
C00618,2025-06-15,30.57,retail
C00731,2025-06-15,20.56,retail
C00839,2025-06-15,60.47,retail
C01166,2025-06-15,26.73,retail
C01263,2025-06-15,62.99,retail
C01334,2025-06-15,70.5,retail
C01698,2025-06-15,22.55,retail
C01795,2025-06-15,35.7,retail
C01893,2025-06-15,31.94,retail
C02003,2025-06-15,47.97,retail
C02596,2025-06-15,25.72,retail
C02992,2025-06-15,10.89,retail
C03296,2025-06-15,25.51,retail
C03397,2025-06-15,24.0,retail
C03441,2025-06-15,42.59,retail
C03452,2025-06-15,36.48,retail
C03582,2025-06-15,31.71,retail
C03989,2025-06-15,41.81,retail
C00317,2025-06-16,67.5,retail
C00612,2025-06-16,23.43,retail
C00772,2025-06-16,26.19,retail
C01229,2025-06-16,64.39,retail
C01393,2025-06-16,17.83,retail
C01438,2025-06-16,33.91,retail
C01948,2025-06-16,33.72,retail
C02513,2025-06-16,24.42,retail
C03030,2025-06-16,43.02,retail
C03629,2025-06-16,60.97,retail
C03735,2025-06-16,20.94,retail
W010,2025-06-16,130.93,wholesale
W018,2025-06-16,237.27,wholesale
W020,2025-06-16,138.87,wholesale
C00217,2025-06-17,47.45,retail
C00288,2025-06-17,15.51,retail
C00874,2025-06-17,25.24,retail
C00900,2025-06-17,68.57,retail
C01516,2025-06-17,15.64,retail
C01961,2025-06-17,29.88,retail
C02053,2025-06-17,23.73,retail
C02078,2025-06-17,18.93,retail
C03025,2025-06-17,46.29,retail
C03040,2025-06-17,19.15,retail
C03556,2025-06-17,33.28,retail
C03602,2025-06-17,9.46,retail
C00998,2025-06-18,100.52,retail
C01049,2025-06-18,23.89,retail
C01311,2025-06-18,46.68,retail
C01701,2025-06-18,63.8,retail
C01995,2025-06-18,40.97,retail
C02296,2025-06-18,23.98,retail
C02447,2025-06-18,23.34,retail
C02456,2025-06-18,23.62,retail
C03838,2025-06-18,37.68,retail
W003,2025-06-18,173.36,wholesale
W010,2025-06-18,398.82,wholesale
C00553,2025-06-19,64.69,retail
C01072,2025-06-19,22.63,retail
C02126,2025-06-19,30.04,retail
C02549,2025-06-19,56.02,retail
C02887,2025-06-19,35.42,retail
C03429,2025-06-19,25.19,retail
C03644,2025-06-19,59.92,retail
W014,2025-06-19,165.45,wholesale
C00134,2025-06-20,14.98,retail
C00239,2025-06-20,21.83,retail
C00489,2025-06-20,54.53,retail
C00629,2025-06-20,63.81,retail
C01266,2025-06-20,58.22,retail
C02297,2025-06-20,74.35,retail
C02463,2025-06-20,27.4,retail
C02972,2025-06-20,29.91,retail
C03202,2025-06-20,30.56,retail
C03433,2025-06-20,37.53,retail
C03434,2025-06-20,55.51,retail
C03561,2025-06-20,60.92,retail
W011,2025-06-20,265.59,wholesale
C00061,2025-06-21,32.98,retail
C00136,2025-06-21,48.86,retail
C00330,2025-06-21,33.69,retail
C00631,2025-06-21,15.14,retail
C00713,2025-06-21,14.56,retail
C00872,2025-06-21,73.66,retail
C01873,2025-06-21,19.95,retail
C02304,2025-06-21,14.6,retail
C03421,2025-06-21,66.27,retail
W028,2025-06-21,110.7,wholesale
C00328,2025-06-22,28.02,retail
C00628,2025-06-22,24.98,retail
C00666,2025-06-22,28.69,retail
C01412,2025-06-22,89.14,retail
C01492,2025-06-22,39.59,retail
C01805,2025-06-22,39.99,retail
C01923,2025-06-22,20.41,retail
C02158,2025-06-22,67.76,retail
C02498,2025-06-22,42.47,retail
C02554,2025-06-22,66.51,retail
C03028,2025-06-22,32.45,retail
C03054,2025-06-22,49.45,retail
C03455,2025-06-22,43.01,retail
C03663,2025-06-22,30.01,retail
C03763,2025-06-22,18.21,retail
C03868,2025-06-22,67.44,retail
C00573,2025-06-23,53.9,retail
C01272,2025-06-23,69.99,retail
C01493,2025-06-23,21.4,retail
C01676,2025-06-23,10.07,retail
C02292,2025-06-23,18.83,retail
C02832,2025-06-23,19.81,retail
C02891,2025-06-23,30.27,retail
C03312,2025-06-23,23.03,retail
C03624,2025-06-23,36.24,retail
C03655,2025-06-23,45.29,retail
C03806,2025-06-23,35.23,retail
C03833,2025-06-23,40.68,retail
W018,2025-06-23,180.28,wholesale
W020,2025-06-23,290.13,wholesale
C00003,2025-06-24,37.65,retail
C00087,2025-06-24,32.13,retail
C00189,2025-06-24,34.05,retail
C00303,2025-06-24,14.92,retail
C01192,2025-06-24,27.22,retail
C01194,2025-06-24,24.47,retail
C01783,2025-06-24,33.26,retail
C01933,2025-06-24,41.28,retail
C02077,2025-06-24,34.82,retail
C02216,2025-06-24,49.28,retail
C01740,2025-06-25,41.2,retail
C02169,2025-06-25,23.83,retail
C02249,2025-06-25,72.32,retail
C03216,2025-06-25,55.45,retail
C03440,2025-06-25,13.17,retail
W018,2025-06-25,197.49,wholesale
C00634,2025-06-26,65.81,retail
C01143,2025-06-26,17.68,retail
C01580,2025-06-26,45.0,retail
C01690,2025-06-26,15.67,retail
C01821,2025-06-26,43.51,retail
C02323,2025-06-26,39.72,retail
C02751,2025-06-26,37.92,retail
C02994,2025-06-26,25.57,retail
C00357,2025-06-27,48.65,retail
C00388,2025-06-27,33.18,retail
C00399,2025-06-27,62.45,retail
C00897,2025-06-27,37.52,retail
C01013,2025-06-27,15.75,retail
C01157,2025-06-27,24.61,retail
C01228,2025-06-27,69.51,retail
C01338,2025-06-27,29.59,retail
C01688,2025-06-27,51.73,retail
C02429,2025-06-27,24.94,retail
C03039,2025-06-27,29.78,retail
C03043,2025-06-27,22.83,retail
C03209,2025-06-27,44.6,retail
C03595,2025-06-27,39.0,retail
C03943,2025-06-27,20.68,retail
W014,2025-06-27,357.69,wholesale
W023,2025-06-27,334.59,wholesale
W028,2025-06-27,419.79,wholesale
C00740,2025-06-28,36.43,retail
C00745,2025-06-28,30.48,retail
C00822,2025-06-28,115.46,retail
C01004,2025-06-28,10.88,retail
C01227,2025-06-28,30.72,retail
C01423,2025-06-28,33.19,retail
C01870,2025-06-28,22.17,retail
C01935,2025-06-28,30.82,retail
C02034,2025-06-28,41.16,retail
C02075,2025-06-28,30.19,retail
C02112,2025-06-28,35.55,retail
C02250,2025-06-28,31.02,retail
C02486,2025-06-28,61.87,retail
C02699,2025-06-28,27.93,retail
C03152,2025-06-28,20.38,retail
C03351,2025-06-28,20.95,retail
W011,2025-06-28,218.35,wholesale
C00058,2025-07-01,163.21,retail
C00247,2025-07-01,70.42,retail
C00407,2025-07-01,85.29,retail
C00506,2025-07-01,19.77,retail
C00573,2025-07-01,44.26,retail
C00999,2025-07-01,77.45,retail
C01101,2025-07-01,23.69,retail
C01219,2025-07-01,24.8,retail
C01227,2025-07-01,52.25,retail
C01493,2025-07-01,24.19,retail
C01580,2025-07-01,30.96,retail
C01688,2025-07-01,59.17,retail
C01823,2025-07-01,96.83,retail
C01930,2025-07-01,20.57,retail
C01977,2025-07-01,25.04,retail
C02138,2025-07-01,17.79,retail
C02169,2025-07-01,14.32,retail
C02396,2025-07-01,16.82,retail
C02616,2025-07-01,22.2,retail
C02863,2025-07-01,13.53,retail
C02891,2025-07-01,22.67,retail
C03063,2025-07-01,17.54,retail
C03086,2025-07-01,82.6,retail
C03148,2025-07-01,30.47,retail
C03302,2025-07-01,9.43,retail
C03414,2025-07-01,84.18,retail
W028,2025-07-01,385.57,wholesale
C00554,2025-07-02,34.75,retail
C00570,2025-07-02,48.41,retail
C01142,2025-07-02,16.72,retail
C01343,2025-07-02,95.98,retail
C01418,2025-07-02,20.71,retail
C01612,2025-07-02,35.33,retail
C01873,2025-07-02,23.66,retail
C01984,2025-07-02,37.37,retail
C02254,2025-07-02,86.04,retail
C02565,2025-07-02,99.2,retail
C02979,2025-07-02,36.15,retail
C03029,2025-07-02,17.42,retail
C03040,2025-07-02,35.12,retail
C03169,2025-07-02,101.86,retail
C03199,2025-07-02,53.19,retail
C03421,2025-07-02,24.6,retail
C03544,2025-07-02,60.38,retail
C03602,2025-07-02,32.43,retail
C03863,2025-07-02,34.49,retail
C03921,2025-07-02,66.99,retail
W011,2025-07-02,165.41,wholesale
W027,2025-07-02,222.59,wholesale
C00272,2025-07-03,23.73,retail
C00306,2025-07-03,44.53,retail
C00365,2025-07-03,26.47,retail
C00401,2025-07-03,45.0,retail
C00478,2025-07-03,49.67,retail
C00547,2025-07-03,34.75,retail
C01338,2025-07-03,73.47,retail
C01809,2025-07-03,20.09,retail
C01870,2025-07-03,23.57,retail
C02077,2025-07-03,39.69,retail
C02139,2025-07-03,29.35,retail
C02225,2025-07-03,31.85,retail
C02407,2025-07-03,40.4,retail
C02474,2025-07-03,20.47,retail
C02607,2025-07-03,22.37,retail
C03441,2025-07-03,41.38,retail
C03561,2025-07-03,59.87,retail
C03833,2025-07-03,29.18,retail
C03844,2025-07-03,22.79,retail
W005,2025-07-03,288.82,wholesale
W007,2025-07-03,325.42,wholesale
W010,2025-07-03,394.17,wholesale
W028,2025-07-03,210.05,wholesale
C00038,2025-07-04,12.52,retail
C00179,2025-07-04,53.37,retail
C00212,2025-07-04,26.78,retail
C00277,2025-07-04,99.74,retail
C00897,2025-07-04,30.87,retail
C00988,2025-07-04,26.46,retail
C01651,2025-07-04,46.85,retail
C02217,2025-07-04,41.59,retail
C02250,2025-07-04,24.39,retail
C02440,2025-07-04,27.15,retail
C02535,2025-07-04,53.25,retail
C02552,2025-07-04,22.56,retail
C02704,2025-07-04,53.74,retail
C02838,2025-07-04,29.65,retail
C02939,2025-07-04,35.6,retail
C03209,2025-07-04,27.56,retail
C03289,2025-07-04,27.56,retail
C03309,2025-07-04,21.39,retail
C03449,2025-07-04,24.17,retail
C03680,2025-07-04,49.06,retail
C03804,2025-07-04,80.58,retail
C03838,2025-07-04,32.38,retail
C03986,2025-07-04,45.34,retail
W000,2025-07-04,197.25,wholesale
W010,2025-07-04,199.3,wholesale
W012,2025-07-04,249.37,wholesale
C00066,2025-07-05,21.21,retail
C00211,2025-07-05,42.79,retail
C00224,2025-07-05,32.04,retail
C00328,2025-07-05,23.04,retail
C00484,2025-07-05,45.82,retail
C00489,2025-07-05,23.05,retail
C00618,2025-07-05,35.69,retail
C00832,2025-07-05,11.13,retail
C00950,2025-07-05,34.79,retail
C01339,2025-07-05,41.21,retail
C01344,2025-07-05,14.49,retail
C01644,2025-07-05,22.57,retail
C02078,2025-07-05,43.31,retail
C02127,2025-07-05,16.54,retail
C02180,2025-07-05,46.47,retail
C02786,2025-07-05,97.94,retail
C02944,2025-07-05,33.17,retail
C02948,2025-07-05,40.9,retail
C03272,2025-07-05,20.31,retail
C03383,2025-07-05,51.27,retail
C03594,2025-07-05,25.23,retail
C03636,2025-07-05,54.7,retail
C03636,2025-07-05,33.89,retail
C03744,2025-07-05,76.81,retail
C03974,2025-07-05,17.91,retail
W011,2025-07-05,169.76,wholesale
W012,2025-07-05,191.63,wholesale
W019,2025-07-05,182.86,wholesale
C00134,2025-07-06,14.37,retail
C00156,2025-07-06,53.46,retail
C00181,2025-07-06,60.91,retail
C00232,2025-07-06,16.74,retail
C00521,2025-07-06,22.75,retail
C00525,2025-07-06,38.86,retail
C00822,2025-07-06,45.09,retail
C01005,2025-07-06,23.95,retail
C01196,2025-07-06,54.97,retail
C01227,2025-07-06,88.02,retail
C01394,2025-07-06,48.0,retail
C01540,2025-07-06,91.52,retail
C01748,2025-07-06,23.84,retail
C01958,2025-07-06,14.56,retail
C02281,2025-07-06,39.41,retail
C02609,2025-07-06,93.74,retail
C02721,2025-07-06,50.22,retail
C02923,2025-07-06,43.12,retail
C03397,2025-07-06,12.98,retail
C03421,2025-07-06,41.17,retail
C03477,2025-07-06,24.29,retail
C03537,2025-07-06,26.91,retail
C03540,2025-07-06,73.6,retail
W013,2025-07-06,644.04,wholesale
C00245,2025-07-07,13.14,retail
C00433,2025-07-07,38.57,retail
C00533,2025-07-07,17.05,retail
C00592,2025-07-07,76.41,retail
C00623,2025-07-07,44.97,retail
C01211,2025-07-07,35.87,retail
C01413,2025-07-07,21.48,retail
C01718,2025-07-07,42.74,retail
C01953,2025-07-07,17.64,retail
C01984,2025-07-07,37.39,retail
C01995,2025-07-07,21.63,retail
C02310,2025-07-07,28.73,retail
C02461,2025-07-07,32.58,retail
C02968,2025-07-07,22.97,retail
C03104,2025-07-07,24.51,retail
C03116,2025-07-07,22.03,retail
C03242,2025-07-07,31.81,retail
C03288,2025-07-07,61.36,retail
C03582,2025-07-07,65.78,retail
C03700,2025-07-07,16.79,retail
C03942,2025-07-07,30.43,retail
W000,2025-07-07,145.17,wholesale
C00003,2025-07-08,37.99,retail
C00080,2025-07-08,44.59,retail
C00135,2025-07-08,82.82,retail
C00434,2025-07-08,25.84,retail
C00505,2025-07-08,14.42,retail
C00839,2025-07-08,25.54,retail
C01841,2025-07-08,59.58,retail
C02057,2025-07-08,16.45,retail
C02297,2025-07-08,30.36,retail
C02542,2025-07-08,99.03,retail
C02581,2025-07-08,26.3,retail
C02694,2025-07-08,90.08,retail
C03000,2025-07-08,82.59,retail
C03039,2025-07-08,50.78,retail
C03059,2025-07-08,26.83,retail
C03101,2025-07-08,81.05,retail
C03531,2025-07-08,120.38,retail
C03595,2025-07-08,48.64,retail
C03639,2025-07-08,27.05,retail
C03984,2025-07-08,70.62,retail
W019,2025-07-08,159.14,wholesale
W023,2025-07-08,231.88,wholesale
W028,2025-07-08,219.5,wholesale
C00087,2025-07-09,18.53,retail
C00101,2025-07-09,12.1,retail
C00548,2025-07-09,25.49,retail
C00595,2025-07-09,50.53,retail
C00611,2025-07-09,32.16,retail
C00618,2025-07-09,83.71,retail
C00730,2025-07-09,43.46,retail
C00842,2025-07-09,30.23,retail
C00875,2025-07-09,30.51,retail
C00917,2025-07-09,34.71,retail
C01091,2025-07-09,45.54,retail
C01642,2025-07-09,39.8,retail
C01853,2025-07-09,25.14,retail
C02034,2025-07-09,8.7,retail
C02171,2025-07-09,40.04,retail
C02249,2025-07-09,43.7,retail
C02679,2025-07-09,55.31,retail
C02755,2025-07-09,63.82,retail
C02902,2025-07-09,17.55,retail
C03202,2025-07-09,36.15,retail
C03550,2025-07-09,60.98,retail
C03742,2025-07-09,32.39,retail
C03849,2025-07-09,38.5,retail
W001,2025-07-09,190.78,wholesale
W007,2025-07-09,104.19,wholesale
W022,2025-07-09,346.76,wholesale
C00120,2025-07-10,39.11,retail
C00200,2025-07-10,36.35,retail
C00365,2025-07-10,19.14,retail
C00388,2025-07-10,19.58,retail
C00391,2025-07-10,60.02,retail
C00529,2025-07-10,56.41,retail
C01045,2025-07-10,17.07,retail
C01304,2025-07-10,36.39,retail
C01499,2025-07-10,18.04,retail
C01821,2025-07-10,43.57,retail
C01871,2025-07-10,53.72,retail
C02004,2025-07-10,19.94,retail
C02156,2025-07-10,23.34,retail
C02775,2025-07-10,29.78,retail
C02794,2025-07-10,13.83,retail
C02925,2025-07-10,87.88,retail
C03067,2025-07-10,58.95,retail
W017,2025-07-10,394.22,wholesale
W018,2025-07-10,276.71,wholesale
W027,2025-07-10,162.62,wholesale
W027,2025-07-10,432.32,wholesale
C00106,2025-07-11,61.15,retail
C00136,2025-07-11,81.65,retail
C00144,2025-07-11,12.93,retail
C00189,2025-07-11,28.59,retail
C00337,2025-07-11,15.51,retail
C00402,2025-07-11,66.73,retail
C00469,2025-07-11,33.02,retail
C00488,2025-07-11,23.71,retail
C00555,2025-07-11,26.82,retail
C00571,2025-07-11,37.5,retail
C00628,2025-07-11,67.48,retail
C00753,2025-07-11,39.01,retail
C01124,2025-07-11,53.67,retail
C01263,2025-07-11,40.91,retail
C01278,2025-07-11,17.98,retail
C01575,2025-07-11,23.79,retail
C01624,2025-07-11,166.97,retail
C01757,2025-07-11,35.12,retail
C01768,2025-07-11,8.35,retail
C02296,2025-07-11,45.89,retail
C02702,2025-07-11,19.43,retail
C02800,2025-07-11,52.45,retail
C02800,2025-07-11,16.36,retail
C02884,2025-07-11,11.36,retail
C03550,2025-07-11,26.19,retail
C03734,2025-07-11,42.77,retail
C03810,2025-07-11,65.73,retail
W003,2025-07-11,80.11,wholesale
C00024,2025-07-12,29.63,retail
C00029,2025-07-12,39.76,retail
C00065,2025-07-12,31.43,retail
C00449,2025-07-12,19.34,retail
C00826,2025-07-12,32.31,retail
C00888,2025-07-12,53.18,retail
C00956,2025-07-12,43.49,retail
C01036,2025-07-12,36.33,retail
C01338,2025-07-12,25.63,retail
C01423,2025-07-12,23.58,retail
C01423,2025-07-12,26.13,retail
C01522,2025-07-12,64.72,retail
C01681,2025-07-12,115.46,retail
C01706,2025-07-12,26.22,retail
C01833,2025-07-12,15.35,retail
C01885,2025-07-12,54.21,retail
C01935,2025-07-12,17.37,retail
C02189,2025-07-12,17.13,retail
C02434,2025-07-12,28.43,retail
C02508,2025-07-12,65.49,retail
C02740,2025-07-12,29.64,retail
C02813,2025-07-12,29.62,retail
C02832,2025-07-12,70.36,retail
C03025,2025-07-12,50.81,retail
C03036,2025-07-12,29.12,retail
C03043,2025-07-12,22.54,retail
C03046,2025-07-12,22.94,retail
C03189,2025-07-12,35.07,retail
C03297,2025-07-12,19.74,retail
C03305,2025-07-12,21.08,retail
C03373,2025-07-12,38.97,retail
C03778,2025-07-12,25.19,retail
C03843,2025-07-12,63.83,retail
W005,2025-07-12,406.34,wholesale
W023,2025-07-12,251.0,wholesale
C00356,2025-07-13,18.52,retail
C00464,2025-07-13,71.52,retail
C00489,2025-07-13,64.93,retail
C00529,2025-07-13,23.99,retail
C00658,2025-07-13,30.26,retail
C00908,2025-07-13,7.21,retail
C00997,2025-07-13,41.73,retail
C01008,2025-07-13,29.69,retail
C01070,2025-07-13,18.98,retail
C01154,2025-07-13,24.95,retail
C01258,2025-07-13,44.33,retail
C01363,2025-07-13,12.75,retail
C01375,2025-07-13,43.37,retail
C01447,2025-07-13,64.06,retail
C01562,2025-07-13,57.35,retail
C01672,2025-07-13,64.78,retail
C01878,2025-07-13,29.85,retail
C01909,2025-07-13,26.2,retail
C02169,2025-07-13,43.17,retail
C02453,2025-07-13,43.53,retail
C02798,2025-07-13,26.73,retail
C02940,2025-07-13,45.13,retail
C03152,2025-07-13,43.05,retail
C03266,2025-07-13,30.14,retail
C03271,2025-07-13,53.1,retail
C03300,2025-07-13,25.2,retail
C03791,2025-07-13,20.03,retail
W014,2025-07-13,324.08,wholesale
W017,2025-07-13,158.09,wholesale
W027,2025-07-13,338.93,wholesale
C00512,2025-07-14,27.48,retail
C00681,2025-07-14,17.05,retail
C00900,2025-07-14,35.79,retail
C01013,2025-07-14,30.82,retail
C01075,2025-07-14,18.46,retail
C01087,2025-07-14,69.13,retail
C01194,2025-07-14,35.95,retail
C01396,2025-07-14,82.53,retail
C01420,2025-07-14,25.91,retail
C01441,2025-07-14,202.61,retail
C01781,2025-07-14,33.19,retail
C01906,2025-07-14,25.72,retail
C02857,2025-07-14,39.45,retail
C03563,2025-07-14,48.57,retail
C03655,2025-07-14,78.23,retail
C03943,2025-07-14,36.91,retail
C03955,2025-07-14,83.25,retail
W007,2025-07-14,149.24,wholesale
W012,2025-07-14,203.79,wholesale
W014,2025-07-14,393.68,wholesale
C00013,2025-07-15,37.92,retail
C00037,2025-07-15,19.84,retail
C00454,2025-07-15,67.91,retail
C00650,2025-07-15,60.66,retail
C00751,2025-07-15,22.13,retail
C00858,2025-07-15,30.58,retail
C00952,2025-07-15,32.5,retail
C01050,2025-07-15,35.45,retail
C01213,2025-07-15,38.61,retail
C01412,2025-07-15,78.11,retail
C01650,2025-07-15,13.49,retail
C01976,2025-07-15,80.9,retail
C02144,2025-07-15,29.73,retail
C02425,2025-07-15,24.7,retail
C02549,2025-07-15,35.81,retail
C02827,2025-07-15,11.78,retail
C03580,2025-07-15,45.11,retail
C03628,2025-07-15,22.3,retail
C03833,2025-07-15,42.49,retail
W017,2025-07-15,197.14,wholesale
W019,2025-07-15,160.55,wholesale
W022,2025-07-15,208.75,wholesale
W027,2025-07-15,163.48,wholesale
C00317,2025-07-16,41.45,retail
C00388,2025-07-16,55.19,retail
C01334,2025-07-16,42.76,retail
C01460,2025-07-16,32.19,retail
C01798,2025-07-16,28.6,retail
C01859,2025-07-16,66.77,retail
C01866,2025-07-16,47.69,retail
C02078,2025-07-16,29.01,retail
C02503,2025-07-16,43.1,retail
C03099,2025-07-16,25.11,retail
C03377,2025-07-16,47.15,retail
C03519,2025-07-16,23.95,retail
C03595,2025-07-16,50.94,retail
C03779,2025-07-16,18.5,retail
W000,2025-07-16,225.14,wholesale
W018,2025-07-16,257.94,wholesale
C00277,2025-07-17,26.76,retail
C00400,2025-07-17,95.66,retail
C00628,2025-07-17,25.57,retail
C00692,2025-07-17,17.29,retail
C00874,2025-07-17,44.02,retail
C01008,2025-07-17,16.89,retail
C01316,2025-07-17,28.49,retail
C01496,2025-07-17,21.08,retail
C01595,2025-07-17,27.92,retail
C01977,2025-07-17,59.62,retail
C02091,2025-07-17,22.28,retail
C02144,2025-07-17,28.95,retail
C02238,2025-07-17,61.24,retail
C02352,2025-07-17,21.36,retail
C02751,2025-07-17,51.33,retail
C02900,2025-07-17,16.97,retail
C02992,2025-07-17,47.17,retail
C03200,2025-07-17,50.39,retail
C03670,2025-07-17,37.28,retail
C03735,2025-07-17,15.96,retail
C03861,2025-07-17,69.96,retail
C03906,2025-07-17,48.08,retail
C00144,2025-07-18,46.94,retail
C00211,2025-07-18,12.57,retail
C00229,2025-07-18,24.45,retail
C00317,2025-07-18,64.12,retail
C00340,2025-07-18,22.74,retail
C00355,2025-07-18,25.58,retail
C00526,2025-07-18,31.98,retail
C00552,2025-07-18,32.34,retail
C00745,2025-07-18,26.85,retail
C01214,2025-07-18,34.48,retail
C01304,2025-07-18,44.66,retail
C01457,2025-07-18,19.11,retail
C01543,2025-07-18,27.86,retail
C01870,2025-07-18,37.92,retail
C01913,2025-07-18,37.64,retail
C01994,2025-07-18,58.0,retail
C02077,2025-07-18,56.97,retail
C02194,2025-07-18,56.27,retail
C02203,2025-07-18,25.32,retail
C02250,2025-07-18,22.13,retail
C02274,2025-07-18,30.89,retail
C02398,2025-07-18,70.9,retail
C02527,2025-07-18,70.74,retail
C02837,2025-07-18,99.44,retail
C03006,2025-07-18,46.93,retail
C03006,2025-07-18,43.56,retail
C03015,2025-07-18,35.02,retail
C03629,2025-07-18,20.36,retail
C03658,2025-07-18,21.59,retail
C03780,2025-07-18,62.27,retail
W001,2025-07-18,255.19,wholesale
W017,2025-07-18,134.56,wholesale
W020,2025-07-18,238.29,wholesale
W020,2025-07-18,216.4,wholesale
C00087,2025-07-19,20.76,retail
C00160,2025-07-19,41.18,retail
C00474,2025-07-19,38.97,retail
C00495,2025-07-19,26.14,retail
C00744,2025-07-19,30.85,retail
C00979,2025-07-19,9.37,retail
C01166,2025-07-19,15.63,retail
C01188,2025-07-19,11.61,retail
C01224,2025-07-19,31.84,retail
C01342,2025-07-19,46.26,retail
C01499,2025-07-19,41.2,retail
C01563,2025-07-19,17.59,retail
C01578,2025-07-19,13.8,retail
C01622,2025-07-19,62.16,retail
C01690,2025-07-19,10.81,retail
C01795,2025-07-19,39.7,retail
C01893,2025-07-19,23.07,retail
C01930,2025-07-19,28.21,retail
C01995,2025-07-19,57.69,retail
C02080,2025-07-19,15.24,retail
C02081,2025-07-19,28.1,retail
C02486,2025-07-19,32.52,retail
C02540,2025-07-19,41.41,retail
C02554,2025-07-19,70.09,retail
C02611,2025-07-19,25.63,retail
C03054,2025-07-19,25.57,retail
C03119,2025-07-19,48.98,retail
C03156,2025-07-19,24.35,retail
C03584,2025-07-19,19.36,retail
C03602,2025-07-19,42.42,retail
C03700,2025-07-19,19.05,retail
C03767,2025-07-19,44.73,retail
W012,2025-07-19,181.37,wholesale
W019,2025-07-19,430.91,wholesale
C00115,2025-07-20,40.45,retail
C00225,2025-07-20,48.13,retail
C00325,2025-07-20,14.57,retail
C00333,2025-07-20,16.73,retail
C00518,2025-07-20,37.0,retail
C00519,2025-07-20,45.06,retail
C01030,2025-07-20,39.47,retail
C01101,2025-07-20,32.93,retail
C01161,2025-07-20,40.68,retail
C01240,2025-07-20,35.9,retail
C01334,2025-07-20,34.4,retail
C01818,2025-07-20,81.75,retail
C01882,2025-07-20,28.27,retail
C01920,2025-07-20,57.39,retail
C02100,2025-07-20,44.16,retail
C02129,2025-07-20,15.8,retail
C02358,2025-07-20,18.06,retail
C02404,2025-07-20,33.69,retail
C02663,2025-07-20,39.51,retail
C03134,2025-07-20,46.01,retail
C03356,2025-07-20,48.26,retail
C03579,2025-07-20,66.59,retail
C03797,2025-07-20,72.23,retail
C03906,2025-07-20,46.8,retail
W003,2025-07-20,137.45,wholesale
W007,2025-07-20,195.66,wholesale
W011,2025-07-20,213.28,wholesale
W012,2025-07-20,222.77,wholesale
W013,2025-07-20,124.3,wholesale
W017,2025-07-20,356.95,wholesale
C00745,2025-07-21,18.55,retail
C00822,2025-07-21,27.12,retail
C00964,2025-07-21,34.4,retail
C01032,2025-07-21,65.91,retail
C01751,2025-07-21,49.49,retail
C01808,2025-07-21,39.68,retail
C01821,2025-07-21,45.99,retail
C02293,2025-07-21,63.26,retail
C02403,2025-07-21,32.69,retail
C02443,2025-07-21,46.44,retail
C02463,2025-07-21,16.96,retail
C02544,2025-07-21,34.03,retail
C02832,2025-07-21,36.0,retail
C03374,2025-07-21,34.9,retail
C03570,2025-07-21,36.69,retail
C03571,2025-07-21,29.63,retail
C03582,2025-07-21,50.79,retail
C03637,2025-07-21,14.61,retail
C03838,2025-07-21,59.97,retail
C03972,2025-07-21,67.34,retail
W013,2025-07-21,245.81,wholesale
W014,2025-07-21,98.09,wholesale
C00000,2025-07-22,17.01,retail
C00318,2025-07-22,47.69,retail
C00337,2025-07-22,56.86,retail
C00339,2025-07-22,79.02,retail
C00346,2025-07-22,31.38,retail
C00386,2025-07-22,12.89,retail
C00574,2025-07-22,28.82,retail
C00634,2025-07-22,54.89,retail
C00777,2025-07-22,61.97,retail
C00800,2025-07-22,27.63,retail
C00951,2025-07-22,38.22,retail
C01119,2025-07-22,24.69,retail
C01215,2025-07-22,48.77,retail
C01409,2025-07-22,40.64,retail
C01412,2025-07-22,13.72,retail
C01493,2025-07-22,63.98,retail
C01867,2025-07-22,43.98,retail
C02075,2025-07-22,34.34,retail
C02149,2025-07-22,39.01,retail
C02258,2025-07-22,17.81,retail
C02374,2025-07-22,30.1,retail
C02444,2025-07-22,26.28,retail
C02538,2025-07-22,20.04,retail
C02596,2025-07-22,34.16,retail
C03312,2025-07-22,76.1,retail
C03476,2025-07-22,26.21,retail
C03506,2025-07-22,32.34,retail
C03964,2025-07-22,16.08,retail
W003,2025-07-22,350.81,wholesale
W019,2025-07-22,464.94,wholesale
W022,2025-07-22,177.15,wholesale
W028,2025-07-22,242.02,wholesale
C00336,2025-07-23,58.52,retail
C00634,2025-07-23,14.33,retail
C00839,2025-07-23,31.42,retail
C00872,2025-07-23,34.04,retail
C01266,2025-07-23,23.09,retail
C01326,2025-07-23,54.21,retail
C02172,2025-07-23,29.34,retail
C02518,2025-07-23,62.21,retail
C02764,2025-07-23,52.34,retail
C03043,2025-07-23,36.8,retail
C03052,2025-07-23,28.27,retail
C03060,2025-07-23,17.62,retail
C03247,2025-07-23,62.71,retail
C03275,2025-07-23,24.49,retail
C03864,2025-07-23,37.68,retail
W014,2025-07-23,258.1,wholesale
W023,2025-07-23,271.82,wholesale
C00049,2025-07-24,43.13,retail
C00124,2025-07-24,20.09,retail
C00314,2025-07-24,39.92,retail
C00459,2025-07-24,35.5,retail
C00486,2025-07-24,29.13,retail
C00730,2025-07-24,33.87,retail
C00772,2025-07-24,27.57,retail
C01112,2025-07-24,63.67,retail
C01160,2025-07-24,18.83,retail
C01640,2025-07-24,19.55,retail
C02122,2025-07-24,22.22,retail
C02351,2025-07-24,25.21,retail
C02477,2025-07-24,30.99,retail
C02730,2025-07-24,47.07,retail
C03594,2025-07-24,33.22,retail
C03599,2025-07-24,36.38,retail
C03753,2025-07-24,31.13,retail
C03810,2025-07-24,25.84,retail
C03898,2025-07-24,70.23,retail
C03910,2025-07-24,41.15,retail
W013,2025-07-24,516.07,wholesale
W020,2025-07-24,116.1,wholesale
W028,2025-07-24,202.28,wholesale
C00009,2025-07-25,28.2,retail
C00222,2025-07-25,29.44,retail
C00310,2025-07-25,12.51,retail
C00491,2025-07-25,13.06,retail
C00544,2025-07-25,34.01,retail
C00629,2025-07-25,18.46,retail
C00703,2025-07-25,34.2,retail
C01228,2025-07-25,90.15,retail
C01523,2025-07-25,17.07,retail
C01780,2025-07-25,82.41,retail
C01780,2025-07-25,72.76,retail
C01784,2025-07-25,20.28,retail
C01864,2025-07-25,17.46,retail
C02171,2025-07-25,29.88,retail
C02338,2025-07-25,35.65,retail
C02493,2025-07-25,110.06,retail
C02529,2025-07-25,49.23,retail
C02688,2025-07-25,23.85,retail
C02833,2025-07-25,51.32,retail
C03040,2025-07-25,48.95,retail
C03885,2025-07-25,41.81,retail
C03898,2025-07-25,34.12,retail
C03920,2025-07-25,51.09,retail
W005,2025-07-25,291.1,wholesale
W010,2025-07-25,239.71,wholesale
W020,2025-07-25,105.65,wholesale
W022,2025-07-25,190.68,wholesale
W023,2025-07-25,115.0,wholesale
C00155,2025-07-26,24.56,retail
C00460,2025-07-26,62.96,retail
C00597,2025-07-26,59.45,retail
C01167,2025-07-26,46.82,retail
C01394,2025-07-26,77.64,retail
C01445,2025-07-26,29.01,retail
C01857,2025-07-26,69.05,retail
C01934,2025-07-26,64.56,retail
C02076,2025-07-26,45.5,retail
C02206,2025-07-26,36.35,retail
C02323,2025-07-26,36.82,retail
C02385,2025-07-26,15.38,retail
C02891,2025-07-26,13.78,retail
C03551,2025-07-26,21.74,retail
C03581,2025-07-26,33.62,retail
C03624,2025-07-26,20.4,retail
W001,2025-07-26,358.46,wholesale
W003,2025-07-26,397.84,wholesale
W018,2025-07-26,372.81,wholesale
C00055,2025-07-27,10.92,retail
C00148,2025-07-27,50.82,retail
C00182,2025-07-27,27.2,retail
C00524,2025-07-27,14.94,retail
C00561,2025-07-27,11.73,retail
C00959,2025-07-27,50.65,retail
C01192,2025-07-27,29.09,retail
C01433,2025-07-27,14.6,retail
C01542,2025-07-27,30.35,retail
C01814,2025-07-27,62.13,retail
C01893,2025-07-27,23.65,retail
C02034,2025-07-27,12.83,retail
C02209,2025-07-27,72.32,retail
C02249,2025-07-27,13.78,retail
C02344,2025-07-27,13.06,retail
C02376,2025-07-27,57.01,retail
C02420,2025-07-27,21.1,retail
C03391,2025-07-27,68.51,retail
C03615,2025-07-27,18.62,retail
C03735,2025-07-27,61.7,retail
C00217,2025-07-28,17.88,retail
C00451,2025-07-28,79.39,retail
C00457,2025-07-28,51.93,retail
C00488,2025-07-28,102.9,retail
C00550,2025-07-28,89.6,retail
C00592,2025-07-28,65.61,retail
C00594,2025-07-28,62.26,retail
C00937,2025-07-28,64.06,retail
C00991,2025-07-28,42.73,retail
C01358,2025-07-28,91.98,retail
C01740,2025-07-28,63.38,retail
C02172,2025-07-28,27.51,retail
C02197,2025-07-28,23.19,retail
C02295,2025-07-28,33.35,retail
C02461,2025-07-28,23.1,retail
C02490,2025-07-28,6.88,retail
C02554,2025-07-28,19.58,retail
C03019,2025-07-28,51.38,retail
C03191,2025-07-28,54.21,retail
C03718,2025-07-28,19.01,retail
W001,2025-07-28,259.83,wholesale
C00144,2025-08-01,33.5,retail
C00440,2025-08-01,34.66,retail
C00569,2025-08-01,74.08,retail
C00592,2025-08-01,39.83,retail
C00694,2025-08-01,17.15,retail
C00988,2025-08-01,33.63,retail
C00991,2025-08-01,67.18,retail
C01040,2025-08-01,52.12,retail
C01523,2025-08-01,52.12,retail
C01656,2025-08-01,35.01,retail
C01740,2025-08-01,59.24,retail
C01768,2025-08-01,60.39,retail
C01977,2025-08-01,20.33,retail
C02203,2025-08-01,24.24,retail
C02249,2025-08-01,24.97,retail
C02376,2025-08-01,24.52,retail
C02477,2025-08-01,13.51,retail
C02540,2025-08-01,68.56,retail
C02883,2025-08-01,27.37,retail
C02966,2025-08-01,58.55,retail
C03054,2025-08-01,90.99,retail
C03186,2025-08-01,12.73,retail
C03563,2025-08-01,17.87,retail
C03866,2025-08-01,15.69,retail
C03901,2025-08-01,31.46,retail
W005,2025-08-01,202.86,wholesale
C00065,2025-08-02,10.1,retail
C00124,2025-08-02,12.54,retail
C00201,2025-08-02,25.77,retail
C00291,2025-08-02,46.42,retail
C00396,2025-08-02,29.52,retail
C00592,2025-08-02,23.9,retail
C00792,2025-08-02,16.7,retail
C00822,2025-08-02,46.98,retail
C00950,2025-08-02,13.35,retail
C01123,2025-08-02,48.6,retail
C01134,2025-08-02,28.18,retail
C01207,2025-08-02,19.43,retail
C01344,2025-08-02,34.39,retail
C01626,2025-08-02,32.47,retail
C01837,2025-08-02,18.48,retail
C01920,2025-08-02,21.32,retail
C01953,2025-08-02,38.44,retail
C02075,2025-08-02,27.99,retail
C02873,2025-08-02,32.8,retail
C03211,2025-08-02,43.78,retail
C03238,2025-08-02,57.53,retail
C03559,2025-08-02,38.05,retail
C03570,2025-08-02,36.23,retail
C03607,2025-08-02,24.58,retail
C03930,2025-08-02,34.06,retail
W001,2025-08-02,154.73,wholesale
W002,2025-08-02,170.62,wholesale
W004,2025-08-02,455.26,wholesale
W011,2025-08-02,179.34,wholesale
W012,2025-08-02,250.44,wholesale
C00024,2025-08-03,42.15,retail
C00106,2025-08-03,31.03,retail
C00120,2025-08-03,57.47,retail
C00156,2025-08-03,14.92,retail
C00235,2025-08-03,11.33,retail
C00317,2025-08-03,71.57,retail
C00342,2025-08-03,18.39,retail
C00529,2025-08-03,39.97,retail
C00550,2025-08-03,34.2,retail
C00554,2025-08-03,80.28,retail
C00594,2025-08-03,37.63,retail
C00821,2025-08-03,54.41,retail
C01013,2025-08-03,26.91,retail
C01101,2025-08-03,41.11,retail
C01366,2025-08-03,22.09,retail
C01418,2025-08-03,40.12,retail
C01441,2025-08-03,31.52,retail
C01542,2025-08-03,46.28,retail
C01718,2025-08-03,62.91,retail
C01901,2025-08-03,56.87,retail
C01984,2025-08-03,55.16,retail
C02139,2025-08-03,25.86,retail
C02328,2025-08-03,31.49,retail
C02355,2025-08-03,60.76,retail
C02380,2025-08-03,33.31,retail
C02675,2025-08-03,38.14,retail
C03049,2025-08-03,35.45,retail
C03080,2025-08-03,80.16,retail
C03104,2025-08-03,42.57,retail
C03119,2025-08-03,45.0,retail
C03191,2025-08-03,28.33,retail
C03255,2025-08-03,50.87,retail
C03486,2025-08-03,109.23,retail
C03742,2025-08-03,28.02,retail
C03778,2025-08-03,54.86,retail
C03974,2025-08-03,182.75,retail
W008,2025-08-03,312.94,wholesale
W010,2025-08-03,176.2,wholesale
W014,2025-08-03,277.53,wholesale
W019,2025-08-03,179.18,wholesale
W022,2025-08-03,148.68,wholesale
W023,2025-08-03,193.02,wholesale
C00034,2025-08-04,10.09,retail
C00182,2025-08-04,26.67,retail
C00189,2025-08-04,37.09,retail
C00272,2025-08-04,43.97,retail
C00561,2025-08-04,17.96,retail
C00633,2025-08-04,46.64,retail
C00937,2025-08-04,28.7,retail
C01045,2025-08-04,35.31,retail
C01072,2025-08-04,110.21,retail
C01167,2025-08-04,178.21,retail
C01213,2025-08-04,31.73,retail
C01338,2025-08-04,40.82,retail
C01401,2025-08-04,53.16,retail
C01418,2025-08-04,25.94,retail
C01879,2025-08-04,92.44,retail
C01921,2025-08-04,85.0,retail
C01950,2025-08-04,27.37,retail
C02209,2025-08-04,25.18,retail
C02225,2025-08-04,27.48,retail
C02249,2025-08-04,40.33,retail
C02433,2025-08-04,49.78,retail
C02459,2025-08-04,59.16,retail
C02519,2025-08-04,42.36,retail
C02648,2025-08-04,38.86,retail
C02923,2025-08-04,41.7,retail
C02968,2025-08-04,116.46,retail
C02992,2025-08-04,59.35,retail
C03103,2025-08-04,49.77,retail
C03464,2025-08-04,72.5,retail
C03533,2025-08-04,35.81,retail
C03827,2025-08-04,68.44,retail
W013,2025-08-04,92.7,wholesale
W020,2025-08-04,138.88,wholesale
C00285,2025-08-05,33.68,retail
C00525,2025-08-05,42.19,retail
C00737,2025-08-05,46.77,retail
C00747,2025-08-05,60.98,retail
C00801,2025-08-05,15.3,retail
C01072,2025-08-05,7.49,retail
C01087,2025-08-05,18.07,retail
C01167,2025-08-05,22.04,retail
C01406,2025-08-05,19.45,retail
C01874,2025-08-05,23.72,retail
C02434,2025-08-05,18.26,retail
C02623,2025-08-05,16.36,retail
C02659,2025-08-05,28.55,retail
C02681,2025-08-05,49.81,retail
C02884,2025-08-05,34.33,retail
C02921,2025-08-05,42.53,retail
C03169,2025-08-05,55.64,retail
C03465,2025-08-05,57.9,retail
C03469,2025-08-05,42.91,retail
C03619,2025-08-05,16.85,retail
W001,2025-08-05,190.83,wholesale
W007,2025-08-05,147.49,wholesale
C00065,2025-08-06,16.32,retail
C00088,2025-08-06,14.27,retail
C00097,2025-08-06,56.89,retail
C00337,2025-08-06,11.06,retail
C00346,2025-08-06,65.42,retail
C00386,2025-08-06,79.25,retail
C00416,2025-08-06,17.39,retail
C00678,2025-08-06,25.66,retail
C00753,2025-08-06,62.4,retail
C01000,2025-08-06,24.34,retail
C01214,2025-08-06,39.67,retail
C01375,2025-08-06,64.64,retail
C01795,2025-08-06,26.27,retail
C01913,2025-08-06,17.94,retail
C02030,2025-08-06,40.78,retail
C02100,2025-08-06,34.52,retail
C02171,2025-08-06,48.31,retail
C02197,2025-08-06,39.5,retail
C02310,2025-08-06,21.62,retail
C02397,2025-08-06,25.55,retail
C02743,2025-08-06,40.76,retail
C02775,2025-08-06,49.65,retail
C02800,2025-08-06,47.83,retail
C03059,2025-08-06,25.43,retail
C03353,2025-08-06,82.51,retail
C03449,2025-08-06,11.02,retail
C03551,2025-08-06,35.61,retail
C03624,2025-08-06,61.65,retail
C03644,2025-08-06,27.24,retail
C03754,2025-08-06,51.11,retail
C03837,2025-08-06,19.4,retail
C03838,2025-08-06,30.23,retail
C03861,2025-08-06,25.57,retail
C03942,2025-08-06,15.92,retail
C03947,2025-08-06,28.12,retail
W003,2025-08-06,202.84,wholesale
W005,2025-08-06,271.11,wholesale
W008,2025-08-06,288.17,wholesale
W009,2025-08-06,183.6,wholesale
W010,2025-08-06,346.46,wholesale
W013,2025-08-06,131.03,wholesale
W028,2025-08-06,376.2,wholesale
C00019,2025-08-07,46.37,retail
C00022,2025-08-07,28.83,retail
C00146,2025-08-07,69.86,retail
C00154,2025-08-07,53.17,retail
C00449,2025-08-07,42.39,retail
C00505,2025-08-07,36.85,retail
C00703,2025-08-07,87.62,retail
C00745,2025-08-07,70.42,retail
C00780,2025-08-07,26.45,retail
C00952,2025-08-07,97.03,retail
C01112,2025-08-07,20.7,retail
C01394,2025-08-07,36.49,retail
C02004,2025-08-07,23.89,retail
C02172,2025-08-07,39.06,retail
C02250,2025-08-07,37.7,retail
C02463,2025-08-07,19.64,retail
C02529,2025-08-07,37.84,retail
C02609,2025-08-07,53.7,retail
C02696,2025-08-07,77.93,retail
C02739,2025-08-07,42.06,retail
C02740,2025-08-07,22.05,retail
C02786,2025-08-07,42.63,retail
C02984,2025-08-07,40.37,retail
C02992,2025-08-07,75.14,retail
C03023,2025-08-07,23.81,retail
C03119,2025-08-07,32.86,retail
C03332,2025-08-07,67.71,retail
C03361,2025-08-07,22.21,retail
C03584,2025-08-07,14.93,retail
C03637,2025-08-07,17.14,retail
C03642,2025-08-07,48.6,retail
C03908,2025-08-07,62.41,retail
C03953,2025-08-07,23.19,retail
W014,2025-08-07,503.96,wholesale
W017,2025-08-07,465.34,wholesale
W022,2025-08-07,388.73,wholesale
C00217,2025-08-08,27.88,retail
C00293,2025-08-08,40.02,retail
C00478,2025-08-08,38.73,retail
C00703,2025-08-08,34.37,retail
C00935,2025-08-08,15.66,retail
C00959,2025-08-08,70.06,retail
C01026,2025-08-08,96.83,retail
C01148,2025-08-08,33.12,retail
C01326,2025-08-08,12.47,retail
C01342,2025-08-08,66.45,retail
C01520,2025-08-08,11.4,retail
C01562,2025-08-08,14.58,retail
C01642,2025-08-08,53.82,retail
C01688,2025-08-08,104.5,retail
C01808,2025-08-08,17.38,retail
C01899,2025-08-08,95.95,retail
C02061,2025-08-08,29.48,retail
C02129,2025-08-08,13.81,retail
C02230,2025-08-08,14.45,retail
C02263,2025-08-08,54.61,retail
C02456,2025-08-08,33.79,retail
C02490,2025-08-08,35.34,retail
C02633,2025-08-08,68.36,retail
C02663,2025-08-08,37.62,retail
C02935,2025-08-08,28.13,retail
C03185,2025-08-08,25.32,retail
C03224,2025-08-08,47.94,retail
C03363,2025-08-08,113.23,retail
C03397,2025-08-08,19.67,retail
C03517,2025-08-08,50.49,retail
C03580,2025-08-08,14.3,retail
C03599,2025-08-08,18.46,retail
C03762,2025-08-08,49.63,retail
C03864,2025-08-08,55.53,retail
W001,2025-08-08,171.86,wholesale
W018,2025-08-08,217.53,wholesale
C00012,2025-08-09,30.42,retail
C00174,2025-08-09,32.0,retail
C00401,2025-08-09,26.42,retail
C00471,2025-08-09,28.05,retail
C00567,2025-08-09,66.23,retail
C00574,2025-08-09,22.75,retail
C00751,2025-08-09,42.46,retail
C01064,2025-08-09,14.76,retail
C01172,2025-08-09,30.62,retail
C01278,2025-08-09,24.86,retail
C01312,2025-08-09,68.42,retail
C01442,2025-08-09,25.05,retail
C01562,2025-08-09,31.61,retail
C01622,2025-08-09,24.24,retail
C01675,2025-08-09,22.75,retail
C01808,2025-08-09,36.0,retail
C01857,2025-08-09,26.8,retail
C01963,2025-08-09,29.12,retail
C02080,2025-08-09,43.6,retail
C02171,2025-08-09,44.73,retail
C02295,2025-08-09,36.16,retail
C02353,2025-08-09,43.55,retail
C02404,2025-08-09,45.79,retail
C02436,2025-08-09,36.58,retail
C02601,2025-08-09,42.69,retail
C02679,2025-08-09,40.16,retail
C02901,2025-08-09,47.96,retail
C02954,2025-08-09,44.78,retail
C03039,2025-08-09,40.03,retail
C03107,2025-08-09,48.06,retail
C03476,2025-08-09,28.21,retail
C03540,2025-08-09,47.97,retail
C03548,2025-08-09,50.25,retail
C03582,2025-08-09,38.65,retail
C03639,2025-08-09,33.58,retail
C03780,2025-08-09,24.85,retail
C03805,2025-08-09,23.28,retail
C03898,2025-08-09,33.7,retail
C03994,2025-08-09,47.62,retail
W000,2025-08-09,225.38,wholesale
W004,2025-08-09,170.39,wholesale
W004,2025-08-09,184.04,wholesale
W011,2025-08-09,533.44,wholesale
W021,2025-08-09,389.3,wholesale
C00306,2025-08-10,72.79,retail
C00314,2025-08-10,12.61,retail
C00328,2025-08-10,33.39,retail
C00357,2025-08-10,29.67,retail
C00374,2025-08-10,21.51,retail
C00473,2025-08-10,18.84,retail
C00571,2025-08-10,93.3,retail
C00800,2025-08-10,42.24,retail
C00919,2025-08-10,41.77,retail
C01013,2025-08-10,16.01,retail
C01166,2025-08-10,96.56,retail
C01573,2025-08-10,14.13,retail
C01693,2025-08-10,15.99,retail
C01778,2025-08-10,60.23,retail
C01779,2025-08-10,44.72,retail
C01916,2025-08-10,99.58,retail
C02138,2025-08-10,21.4,retail
C02159,2025-08-10,34.6,retail
C02180,2025-08-10,58.28,retail
C02474,2025-08-10,35.85,retail
C03561,2025-08-10,22.23,retail
C03726,2025-08-10,57.96,retail
W018,2025-08-10,135.57,wholesale
W021,2025-08-10,118.03,wholesale
W021,2025-08-10,207.73,wholesale
W028,2025-08-10,133.63,wholesale
C00049,2025-08-11,83.39,retail
C00484,2025-08-11,30.03,retail
C00554,2025-08-11,49.63,retail
C00555,2025-08-11,18.52,retail
C01135,2025-08-11,33.44,retail
C01439,2025-08-11,19.13,retail
C01514,2025-08-11,33.53,retail
C01690,2025-08-11,18.6,retail
C01958,2025-08-11,21.7,retail
C01961,2025-08-11,39.87,retail
C02034,2025-08-11,58.09,retail
C02038,2025-08-11,52.3,retail
C02057,2025-08-11,10.18,retail
C02209,2025-08-11,60.78,retail
C02669,2025-08-11,12.53,retail
C02704,2025-08-11,84.22,retail
C02856,2025-08-11,45.38,retail
C02994,2025-08-11,60.8,retail
C03020,2025-08-11,31.58,retail
C03359,2025-08-11,27.92,retail
C03602,2025-08-11,49.3,retail
C03614,2025-08-11,34.38,retail
C03643,2025-08-11,67.65,retail
C03725,2025-08-11,42.67,retail
C03880,2025-08-11,52.05,retail
W004,2025-08-11,239.05,wholesale
W014,2025-08-11,282.83,wholesale
W018,2025-08-11,493.57,wholesale
W019,2025-08-11,132.65,wholesale
C00003,2025-08-12,24.19,retail
C00148,2025-08-12,25.23,retail
C00179,2025-08-12,49.15,retail
C00555,2025-08-12,49.03,retail
C00611,2025-08-12,19.5,retail
C00611,2025-08-12,19.44,retail
C00620,2025-08-12,21.55,retail
C00784,2025-08-12,41.31,retail
C01215,2025-08-12,56.66,retail
C01412,2025-08-12,76.91,retail
C01745,2025-08-12,38.18,retail
C01820,2025-08-12,29.05,retail
C01828,2025-08-12,10.42,retail
C01859,2025-08-12,20.57,retail
C01870,2025-08-12,41.86,retail
C02202,2025-08-12,35.0,retail
C02255,2025-08-12,27.65,retail
C02538,2025-08-12,39.29,retail
C02857,2025-08-12,26.34,retail
C03046,2025-08-12,96.71,retail
C03104,2025-08-12,87.42,retail
C03299,2025-08-12,22.97,retail
C03300,2025-08-12,20.34,retail
C03636,2025-08-12,28.16,retail
C03742,2025-08-12,43.0,retail
C03826,2025-08-12,37.83,retail
C03921,2025-08-12,25.32,retail
C03925,2025-08-12,26.63,retail
W022,2025-08-12,279.35,wholesale
W027,2025-08-12,234.68,wholesale
C00120,2025-08-13,45.57,retail
C00272,2025-08-13,14.51,retail
C00334,2025-08-13,51.49,retail
C00800,2025-08-13,39.66,retail
C00847,2025-08-13,23.06,retail
C01221,2025-08-13,51.56,retail
C01278,2025-08-13,20.72,retail
C01388,2025-08-13,38.03,retail
C01587,2025-08-13,26.66,retail
C01651,2025-08-13,28.26,retail
C01798,2025-08-13,19.37,retail
C01913,2025-08-13,25.35,retail
C02151,2025-08-13,22.59,retail
C02169,2025-08-13,43.41,retail
C02193,2025-08-13,9.93,retail
C02312,2025-08-13,15.74,retail
C02404,2025-08-13,35.29,retail
C02764,2025-08-13,39.61,retail
C02784,2025-08-13,47.38,retail
C03047,2025-08-13,38.85,retail
C03067,2025-08-13,40.98,retail
C03220,2025-08-13,16.64,retail
C03261,2025-08-13,14.72,retail
C03369,2025-08-13,35.33,retail
C03390,2025-08-13,27.55,retail
C03440,2025-08-13,52.18,retail
C03668,2025-08-13,61.41,retail
C03709,2025-08-13,73.89,retail
C03778,2025-08-13,28.86,retail
C03840,2025-08-13,83.29,retail
C03844,2025-08-13,17.4,retail
C03861,2025-08-13,32.07,retail
C03920,2025-08-13,65.96,retail
W023,2025-08-13,136.12,wholesale
W024,2025-08-13,137.01,wholesale
C00222,2025-08-14,30.41,retail
C00297,2025-08-14,60.09,retail
C00365,2025-08-14,58.69,retail
C00407,2025-08-14,34.51,retail
C00482,2025-08-14,87.39,retail
C00597,2025-08-14,30.29,retail
C00908,2025-08-14,36.74,retail
C01142,2025-08-14,11.75,retail
C01188,2025-08-14,73.47,retail
C01330,2025-08-14,34.01,retail
C01523,2025-08-14,140.55,retail
C01576,2025-08-14,27.82,retail
C01721,2025-08-14,38.22,retail
C01768,2025-08-14,15.78,retail
C02077,2025-08-14,33.6,retail
C02232,2025-08-14,25.52,retail
C02469,2025-08-14,18.9,retail
C02544,2025-08-14,53.93,retail
C02554,2025-08-14,57.88,retail
C02673,2025-08-14,58.86,retail
C03036,2025-08-14,43.19,retail
C03063,2025-08-14,20.25,retail
C03440,2025-08-14,180.26,retail
C03561,2025-08-14,47.5,retail
C03761,2025-08-14,140.1,retail
C03814,2025-08-14,23.16,retail
W009,2025-08-14,171.94,wholesale
W019,2025-08-14,128.16,wholesale
W023,2025-08-14,224.82,wholesale
W023,2025-08-14,233.28,wholesale
W027,2025-08-14,73.34,wholesale
C00000,2025-08-15,21.78,retail
C00041,2025-08-15,63.75,retail
C00267,2025-08-15,19.89,retail
C00333,2025-08-15,107.83,retail
C00488,2025-08-15,28.78,retail
C00573,2025-08-15,58.31,retail
C00964,2025-08-15,42.29,retail
C00995,2025-08-15,36.38,retail
C01187,2025-08-15,37.61,retail
C01354,2025-08-15,46.28,retail
C01819,2025-08-15,114.75,retail
C01875,2025-08-15,16.79,retail
C01984,2025-08-15,39.0,retail
C02009,2025-08-15,25.16,retail
C02138,2025-08-15,53.58,retail
C02369,2025-08-15,35.33,retail
C02455,2025-08-15,27.72,retail
C02461,2025-08-15,57.89,retail
C02968,2025-08-15,42.57,retail
C03075,2025-08-15,48.49,retail
C03170,2025-08-15,35.77,retail
C03288,2025-08-15,83.03,retail
C03340,2025-08-15,24.31,retail
C03502,2025-08-15,17.93,retail
C03664,2025-08-15,34.51,retail
C03767,2025-08-15,41.77,retail
C03883,2025-08-15,25.81,retail
W022,2025-08-15,383.78,wholesale
C00055,2025-08-16,35.51,retail
C00107,2025-08-16,24.81,retail
C00333,2025-08-16,8.36,retail
C00677,2025-08-16,30.62,retail
C00822,2025-08-16,19.02,retail
C00988,2025-08-16,15.08,retail
C00993,2025-08-16,8.89,retail
C00994,2025-08-16,42.05,retail
C01008,2025-08-16,25.69,retail
C01099,2025-08-16,39.16,retail
C01585,2025-08-16,65.16,retail
C01681,2025-08-16,12.26,retail
C01755,2025-08-16,23.27,retail
C01962,2025-08-16,33.84,retail
C01976,2025-08-16,24.75,retail
C01986,2025-08-16,14.28,retail
C02041,2025-08-16,79.47,retail
C02500,2025-08-16,59.16,retail
C02704,2025-08-16,24.15,retail
C02832,2025-08-16,41.4,retail
C02892,2025-08-16,72.93,retail
C03052,2025-08-16,27.39,retail
C03101,2025-08-16,36.85,retail
C03145,2025-08-16,93.64,retail
C03146,2025-08-16,30.35,retail
C03477,2025-08-16,57.84,retail
C03972,2025-08-16,20.47,retail
W002,2025-08-16,127.87,wholesale
W005,2025-08-16,225.45,wholesale
W008,2025-08-16,309.79,wholesale
W011,2025-08-16,157.19,wholesale
W017,2025-08-16,215.88,wholesale
W028,2025-08-16,446.17,wholesale
C00024,2025-08-17,27.83,retail
C00037,2025-08-17,15.28,retail
C00106,2025-08-17,28.39,retail
C00144,2025-08-17,63.14,retail
C00232,2025-08-17,30.75,retail
C00349,2025-08-17,99.77,retail
C00391,2025-08-17,15.31,retail
C00401,2025-08-17,20.43,retail
C00525,2025-08-17,34.75,retail
C00900,2025-08-17,41.36,retail
C01036,2025-08-17,33.22,retail
C01087,2025-08-17,45.74,retail
C01154,2025-08-17,37.97,retail
C01161,2025-08-17,44.12,retail
C01194,2025-08-17,57.48,retail
C01194,2025-08-17,82.84,retail
C01211,2025-08-17,53.78,retail
C01451,2025-08-17,42.85,retail
C01706,2025-08-17,90.01,retail
C01788,2025-08-17,44.46,retail
C01809,2025-08-17,37.29,retail
C01906,2025-08-17,50.51,retail
C01946,2025-08-17,47.43,retail
C02486,2025-08-17,30.1,retail
C02746,2025-08-17,27.14,retail
C02900,2025-08-17,21.17,retail
C02953,2025-08-17,107.86,retail
C03116,2025-08-17,82.88,retail
C03258,2025-08-17,113.15,retail
C03264,2025-08-17,24.55,retail
C03356,2025-08-17,32.44,retail
C03544,2025-08-17,37.03,retail
C03580,2025-08-17,62.31,retail
C03584,2025-08-17,14.9,retail
C03633,2025-08-17,25.33,retail
C03718,2025-08-17,18.25,retail
W020,2025-08-17,152.54,wholesale
C00322,2025-08-18,70.43,retail
C00521,2025-08-18,30.03,retail
C00594,2025-08-18,27.1,retail
C00891,2025-08-18,34.31,retail
C00999,2025-08-18,39.31,retail
C01174,2025-08-18,13.27,retail
C01290,2025-08-18,103.65,retail
C01540,2025-08-18,152.53,retail
C01542,2025-08-18,73.52,retail
C01781,2025-08-18,40.17,retail
C01795,2025-08-18,37.37,retail
C01945,2025-08-18,14.51,retail
C02072,2025-08-18,32.9,retail
C02296,2025-08-18,61.85,retail
C02297,2025-08-18,71.94,retail
C02339,2025-08-18,23.39,retail
C02640,2025-08-18,22.66,retail
C02800,2025-08-18,63.03,retail
C03006,2025-08-18,38.1,retail
C03156,2025-08-18,42.66,retail
C03373,2025-08-18,51.46,retail
C03386,2025-08-18,29.55,retail
C03519,2025-08-18,15.53,retail
C03554,2025-08-18,59.57,retail
C03582,2025-08-18,43.06,retail
C03748,2025-08-18,30.14,retail
C03971,2025-08-18,25.05,retail
C03985,2025-08-18,12.42,retail
W001,2025-08-18,205.65,wholesale
W007,2025-08-18,261.71,wholesale
W011,2025-08-18,134.84,wholesale
W021,2025-08-18,191.62,wholesale
W027,2025-08-18,153.49,wholesale
C00056,2025-08-19,64.89,retail
C00079,2025-08-19,52.46,retail
C00163,2025-08-19,85.92,retail
C00317,2025-08-19,29.87,retail
C00318,2025-08-19,27.74,retail
C00355,2025-08-19,22.82,retail
C00365,2025-08-19,22.6,retail
C00701,2025-08-19,35.93,retail
C01346,2025-08-19,22.31,retail
C01350,2025-08-19,32.67,retail
C01358,2025-08-19,52.68,retail
C01421,2025-08-19,22.64,retail
C01493,2025-08-19,63.54,retail
C01577,2025-08-19,26.28,retail
C01718,2025-08-19,41.3,retail
C01724,2025-08-19,47.21,retail
C01814,2025-08-19,68.44,retail
C01833,2025-08-19,62.37,retail
C01905,2025-08-19,33.28,retail
C01953,2025-08-19,41.54,retail
C02127,2025-08-19,43.71,retail
C02443,2025-08-19,24.4,retail
C02456,2025-08-19,103.13,retail
C02527,2025-08-19,47.51,retail
C02781,2025-08-19,16.79,retail
C02811,2025-08-19,50.69,retail
C02834,2025-08-19,57.44,retail
C03500,2025-08-19,44.23,retail
C03636,2025-08-19,190.66,retail
C03680,2025-08-19,20.52,retail
C03810,2025-08-19,23.43,retail
C03955,2025-08-19,11.38,retail
C03984,2025-08-19,129.45,retail
W002,2025-08-19,200.98,wholesale
W008,2025-08-19,215.22,wholesale
W010,2025-08-19,245.83,wholesale
W014,2025-08-19,213.99,wholesale
W023,2025-08-19,453.69,wholesale
W024,2025-08-19,150.9,wholesale
W024,2025-08-19,255.5,wholesale
C00013,2025-08-20,34.81,retail
C00109,2025-08-20,53.95,retail
C00263,2025-08-20,30.0,retail
C00432,2025-08-20,8.96,retail
C00474,2025-08-20,107.14,retail
C00570,2025-08-20,19.53,retail
C00622,2025-08-20,184.27,retail
C00629,2025-08-20,52.88,retail
C00893,2025-08-20,18.8,retail
C01219,2025-08-20,64.31,retail
C01414,2025-08-20,17.4,retail
C01447,2025-08-20,94.24,retail
C01571,2025-08-20,13.76,retail
C01652,2025-08-20,36.31,retail
C01707,2025-08-20,31.17,retail
C01918,2025-08-20,48.2,retail
C01920,2025-08-20,21.04,retail
C02064,2025-08-20,65.31,retail
C02949,2025-08-20,22.12,retail
C02979,2025-08-20,27.98,retail
C03148,2025-08-20,26.84,retail
C03184,2025-08-20,55.74,retail
C03289,2025-08-20,28.62,retail
C03744,2025-08-20,19.46,retail
C03806,2025-08-20,22.89,retail
W011,2025-08-20,294.21,wholesale
W017,2025-08-20,355.13,wholesale
W020,2025-08-20,233.86,wholesale
W024,2025-08-20,162.36,wholesale
C00181,2025-08-21,118.96,retail
C00304,2025-08-21,20.22,retail
C00329,2025-08-21,48.6,retail
C00357,2025-08-21,9.58,retail
C00402,2025-08-21,25.87,retail
C00570,2025-08-21,14.29,retail
C00858,2025-08-21,102.06,retail
C00896,2025-08-21,79.53,retail
C00996,2025-08-21,24.06,retail
C01214,2025-08-21,30.3,retail
C01256,2025-08-21,63.27,retail
C01428,2025-08-21,52.31,retail
C01456,2025-08-21,48.01,retail
C01552,2025-08-21,13.63,retail
C01640,2025-08-21,20.67,retail
C01681,2025-08-21,20.15,retail
C01798,2025-08-21,68.09,retail
C01853,2025-08-21,48.63,retail
C01870,2025-08-21,22.83,retail
C01994,2025-08-21,20.66,retail
C02057,2025-08-21,44.64,retail
C02078,2025-08-21,61.95,retail
C02246,2025-08-21,78.06,retail
C02281,2025-08-21,81.23,retail
C02484,2025-08-21,20.86,retail
C02570,2025-08-21,25.34,retail
C02581,2025-08-21,79.62,retail
C02755,2025-08-21,42.6,retail
C02958,2025-08-21,8.1,retail
C02997,2025-08-21,16.52,retail
C03050,2025-08-21,43.42,retail
C03209,2025-08-21,43.24,retail
C03309,2025-08-21,14.18,retail
C03602,2025-08-21,17.72,retail
C03772,2025-08-21,24.54,retail
C03810,2025-08-21,37.85,retail
C03833,2025-08-21,9.85,retail
C03885,2025-08-21,9.53,retail
W002,2025-08-21,291.05,wholesale
W005,2025-08-21,302.45,wholesale
W007,2025-08-21,257.0,wholesale
W010,2025-08-21,162.11,wholesale
C00101,2025-08-22,35.58,retail
C00115,2025-08-22,59.18,retail
C00116,2025-08-22,30.15,retail
C01070,2025-08-22,58.88,retail
C01101,2025-08-22,57.69,retail
C01412,2025-08-22,45.01,retail
C01611,2025-08-22,36.92,retail
C01623,2025-08-22,51.87,retail
C01812,2025-08-22,16.77,retail
C01833,2025-08-22,53.65,retail
C01859,2025-08-22,70.77,retail
C02020,2025-08-22,45.06,retail
C02565,2025-08-22,36.16,retail
C02607,2025-08-22,79.01,retail
C02702,2025-08-22,51.33,retail
C02899,2025-08-22,21.0,retail
C03006,2025-08-22,36.88,retail
C03025,2025-08-22,22.66,retail
C03219,2025-08-22,97.42,retail
C03350,2025-08-22,57.64,retail
C03594,2025-08-22,28.17,retail
C03767,2025-08-22,56.07,retail
C03780,2025-08-22,12.94,retail
W003,2025-08-22,213.37,wholesale
W005,2025-08-22,196.41,wholesale
W017,2025-08-22,209.54,wholesale
W019,2025-08-22,150.5,wholesale
W022,2025-08-22,241.22,wholesale
C00085,2025-08-23,32.86,retail
C00245,2025-08-23,61.06,retail
C00391,2025-08-23,38.74,retail
C00451,2025-08-23,20.87,retail
C00548,2025-08-23,18.69,retail
C00654,2025-08-23,43.57,retail
C00832,2025-08-23,20.48,retail
C00842,2025-08-23,46.17,retail
C00858,2025-08-23,13.4,retail
C01457,2025-08-23,48.95,retail
C01499,2025-08-23,11.27,retail
C01640,2025-08-23,52.16,retail
C01800,2025-08-23,45.46,retail
C01841,2025-08-23,27.53,retail
C01909,2025-08-23,37.33,retail
C02251,2025-08-23,84.21,retail
C02274,2025-08-23,133.49,retail
C02296,2025-08-23,50.67,retail
C02340,2025-08-23,56.8,retail
C02425,2025-08-23,51.6,retail
C02463,2025-08-23,19.28,retail
C03043,2025-08-23,32.07,retail
C03156,2025-08-23,17.83,retail
C03192,2025-08-23,41.51,retail
C03305,2025-08-23,81.11,retail
C03506,2025-08-23,29.01,retail
C03548,2025-08-23,100.17,retail
C03644,2025-08-23,36.55,retail
C03654,2025-08-23,26.12,retail
C03714,2025-08-23,28.18,retail
C03735,2025-08-23,31.13,retail
W001,2025-08-23,205.31,wholesale
W007,2025-08-23,236.24,wholesale
W024,2025-08-23,210.28,wholesale
C00061,2025-08-24,23.87,retail
C00064,2025-08-24,52.59,retail
C00306,2025-08-24,17.87,retail
C00600,2025-08-24,30.64,retail
C00618,2025-08-24,8.19,retail
C00714,2025-08-24,20.06,retail
C00850,2025-08-24,17.22,retail
C00977,2025-08-24,17.25,retail
C01036,2025-08-24,48.48,retail
C01138,2025-08-24,18.9,retail
C01263,2025-08-24,44.78,retail
C01270,2025-08-24,38.04,retail
C01316,2025-08-24,25.06,retail
C01690,2025-08-24,36.55,retail
C01943,2025-08-24,17.2,retail
C02000,2025-08-24,16.38,retail
C02096,2025-08-24,62.53,retail
C02420,2025-08-24,26.6,retail
C02425,2025-08-24,48.19,retail
C02626,2025-08-24,26.91,retail
C02764,2025-08-24,29.2,retail
C02857,2025-08-24,52.37,retail
C02891,2025-08-24,17.09,retail
C02961,2025-08-24,50.48,retail
C02972,2025-08-24,74.65,retail
C03171,2025-08-24,19.63,retail
C03336,2025-08-24,62.66,retail
C03615,2025-08-24,53.85,retail
C03615,2025-08-24,85.39,retail
C03766,2025-08-24,9.71,retail
C03843,2025-08-24,69.82,retail
W018,2025-08-24,334.49,wholesale
C00277,2025-08-25,35.57,retail
C00314,2025-08-25,65.33,retail
C00345,2025-08-25,110.35,retail
C00402,2025-08-25,47.24,retail
C01213,2025-08-25,78.68,retail
C01385,2025-08-25,62.46,retail
C01413,2025-08-25,20.02,retail
C01489,2025-08-25,74.18,retail
C01499,2025-08-25,27.58,retail
C01630,2025-08-25,23.47,retail
C01842,2025-08-25,32.82,retail
C01853,2025-08-25,29.91,retail
C02181,2025-08-25,82.21,retail
C02250,2025-08-25,30.82,retail
C02281,2025-08-25,21.61,retail
C02385,2025-08-25,27.19,retail
C02552,2025-08-25,36.21,retail
C02761,2025-08-25,75.59,retail
C02889,2025-08-25,19.89,retail
C02913,2025-08-25,47.74,retail
C03373,2025-08-25,19.91,retail
C03421,2025-08-25,28.24,retail
C03563,2025-08-25,22.23,retail
C03567,2025-08-25,25.09,retail
C03860,2025-08-25,20.66,retail
C03910,2025-08-25,48.56,retail
W000,2025-08-25,269.75,wholesale
W007,2025-08-25,391.44,wholesale
W017,2025-08-25,170.73,wholesale
C00096,2025-08-26,99.15,retail
C00222,2025-08-26,23.97,retail
C00309,2025-08-26,7.58,retail
C00446,2025-08-26,42.08,retail
C00679,2025-08-26,30.98,retail
C00897,2025-08-26,48.86,retail
C01311,2025-08-26,27.04,retail
C01316,2025-08-26,28.01,retail
C01497,2025-08-26,36.85,retail
C01512,2025-08-26,21.6,retail
C01540,2025-08-26,27.19,retail
C01644,2025-08-26,38.05,retail
C01678,2025-08-26,46.24,retail
C01777,2025-08-26,17.31,retail
C01781,2025-08-26,15.88,retail
C02078,2025-08-26,58.61,retail
C02158,2025-08-26,23.28,retail
C02338,2025-08-26,22.6,retail
C02453,2025-08-26,24.15,retail
C02501,2025-08-26,25.8,retail
C02544,2025-08-26,29.76,retail
C02709,2025-08-26,13.28,retail
C02755,2025-08-26,13.14,retail
C02771,2025-08-26,59.51,retail
C03063,2025-08-26,75.5,retail
C03249,2025-08-26,46.69,retail
C03534,2025-08-26,14.0,retail
C03699,2025-08-26,40.9,retail
C03750,2025-08-26,13.23,retail
C03792,2025-08-26,21.4,retail
C03795,2025-08-26,54.5,retail
C03843,2025-08-26,59.76,retail
C03984,2025-08-26,31.96,retail
W002,2025-08-26,252.18,wholesale
W009,2025-08-26,139.45,wholesale
W012,2025-08-26,198.72,wholesale
W012,2025-08-26,263.74,wholesale
W013,2025-08-26,509.77,wholesale
W019,2025-08-26,223.59,wholesale
C00134,2025-08-27,33.96,retail
C00148,2025-08-27,50.17,retail
C00182,2025-08-27,47.0,retail
C00218,2025-08-27,56.75,retail
C00232,2025-08-27,41.15,retail
C00328,2025-08-27,8.91,retail
C00375,2025-08-27,28.27,retail
C00469,2025-08-27,41.78,retail
C00488,2025-08-27,67.9,retail
C00539,2025-08-27,19.78,retail
C00573,2025-08-27,39.9,retail
C00650,2025-08-27,41.72,retail
C00702,2025-08-27,89.35,retail
C00957,2025-08-27,34.36,retail
C01032,2025-08-27,37.98,retail
C01311,2025-08-27,29.94,retail
C01326,2025-08-27,14.7,retail
C01358,2025-08-27,39.29,retail
C01373,2025-08-27,33.37,retail
C01648,2025-08-27,42.8,retail
C01740,2025-08-27,36.22,retail
C01792,2025-08-27,42.18,retail
C01818,2025-08-27,49.63,retail
C01866,2025-08-27,62.14,retail
C02075,2025-08-27,51.25,retail
C02265,2025-08-27,27.43,retail
C02297,2025-08-27,22.94,retail
C02688,2025-08-27,23.22,retail
C02779,2025-08-27,86.64,retail
C02884,2025-08-27,7.02,retail
C03024,2025-08-27,40.77,retail
C03199,2025-08-27,16.8,retail
C03356,2025-08-27,118.86,retail
C03397,2025-08-27,13.87,retail
C03571,2025-08-27,64.38,retail
C03690,2025-08-27,50.6,retail
C03753,2025-08-27,46.82,retail
W003,2025-08-27,151.41,wholesale
W021,2025-08-27,119.17,wholesale
C00066,2025-08-28,25.35,retail
C00117,2025-08-28,21.05,retail
C00274,2025-08-28,18.76,retail
C00460,2025-08-28,16.46,retail
C00484,2025-08-28,47.27,retail
C00523,2025-08-28,25.51,retail
C00524,2025-08-28,18.65,retail
C00658,2025-08-28,35.72,retail
C00813,2025-08-28,28.56,retail
C00903,2025-08-28,118.96,retail
C00905,2025-08-28,74.89,retail
C01152,2025-08-28,24.41,retail
C01219,2025-08-28,43.83,retail
C01228,2025-08-28,31.04,retail
C01457,2025-08-28,29.19,retail
C01522,2025-08-28,13.96,retail
C01769,2025-08-28,24.15,retail
C02117,2025-08-28,45.42,retail
C02409,2025-08-28,32.57,retail
C02529,2025-08-28,52.57,retail
C02538,2025-08-28,64.81,retail
C02562,2025-08-28,42.73,retail
C02923,2025-08-28,16.47,retail
C02943,2025-08-28,27.03,retail
C03284,2025-08-28,20.46,retail
C03477,2025-08-28,55.26,retail
C03645,2025-08-28,77.83,retail
C03678,2025-08-28,81.79,retail
C03833,2025-08-28,49.68,retail
C03906,2025-08-28,58.43,retail
W000,2025-08-28,121.14,wholesale
W009,2025-08-28,287.96,wholesale
W018,2025-08-28,299.62,wholesale
W028,2025-08-28,447.41,wholesale
C00083,2025-09-01,17.33,retail
C00109,2025-09-01,16.66,retail
C00134,2025-09-01,41.26,retail
C00285,2025-09-01,19.25,retail
C00372,2025-09-01,92.37,retail
C00407,2025-09-01,20.79,retail
C00611,2025-09-01,34.61,retail
C00793,2025-09-01,36.9,retail
C00935,2025-09-01,82.79,retail
C01045,2025-09-01,20.79,retail
C01055,2025-09-01,47.18,retail
C01087,2025-09-01,42.31,retail
C01652,2025-09-01,39.29,retail
C01814,2025-09-01,76.41,retail
C01859,2025-09-01,26.57,retail
C01950,2025-09-01,24.39,retail
C02064,2025-09-01,39.88,retail
C02226,2025-09-01,21.29,retail
C02265,2025-09-01,64.93,retail
C02318,2025-09-01,90.82,retail
C02671,2025-09-01,47.64,retail
C02856,2025-09-01,26.97,retail
C03477,2025-09-01,20.5,retail
C03580,2025-09-01,23.44,retail
C03607,2025-09-01,29.34,retail
C03680,2025-09-01,22.14,retail
C03701,2025-09-01,48.06,retail
C03761,2025-09-01,71.3,retail
C03780,2025-09-01,79.48,retail
C03976,2025-09-01,15.95,retail
W014,2025-09-01,126.99,wholesale
W015,2025-09-01,411.92,wholesale
W018,2025-09-01,121.93,wholesale
C00182,2025-09-02,64.23,retail
C00193,2025-09-02,29.45,retail
C00267,2025-09-02,14.96,retail
C00542,2025-09-02,19.21,retail
C00648,2025-09-02,63.23,retail
C00650,2025-09-02,77.65,retail
C00658,2025-09-02,39.0,retail
C00988,2025-09-02,56.71,retail
C01214,2025-09-02,51.37,retail
C01263,2025-09-02,25.49,retail
C01394,2025-09-02,33.66,retail
C01499,2025-09-02,27.78,retail
C01600,2025-09-02,29.09,retail
C01706,2025-09-02,69.78,retail
C02225,2025-09-02,24.49,retail
C02251,2025-09-02,77.02,retail
C02351,2025-09-02,40.08,retail
C02407,2025-09-02,33.87,retail
C02775,2025-09-02,52.78,retail
C02811,2025-09-02,28.68,retail
C02838,2025-09-02,36.96,retail
C02950,2025-09-02,23.74,retail
C03092,2025-09-02,14.76,retail
C03503,2025-09-02,20.2,retail
C03601,2025-09-02,27.27,retail
C03639,2025-09-02,45.96,retail
C03901,2025-09-02,22.69,retail
W006,2025-09-02,223.37,wholesale
W009,2025-09-02,123.69,wholesale
W013,2025-09-02,197.9,wholesale
W018,2025-09-02,258.49,wholesale
C00222,2025-09-03,40.02,retail
C00297,2025-09-03,80.65,retail
C00306,2025-09-03,28.82,retail
C00524,2025-09-03,21.9,retail
C00555,2025-09-03,30.99,retail
C00561,2025-09-03,26.62,retail
C00585,2025-09-03,48.98,retail
C00612,2025-09-03,130.11,retail
C00622,2025-09-03,26.2,retail
C00626,2025-09-03,25.49,retail
C01123,2025-09-03,33.62,retail
C01296,2025-09-03,34.19,retail
C01573,2025-09-03,96.57,retail
C01577,2025-09-03,77.96,retail
C01622,2025-09-03,35.34,retail
C01740,2025-09-03,69.37,retail
C02044,2025-09-03,50.08,retail
C02080,2025-09-03,41.17,retail
C02101,2025-09-03,14.87,retail
C02159,2025-09-03,45.48,retail
C02299,2025-09-03,69.84,retail
C02488,2025-09-03,39.9,retail
C02493,2025-09-03,47.43,retail
C02519,2025-09-03,16.12,retail
C02562,2025-09-03,11.44,retail
C03020,2025-09-03,61.93,retail
C03116,2025-09-03,22.06,retail
C03190,2025-09-03,82.56,retail
C03300,2025-09-03,76.72,retail
C03308,2025-09-03,51.39,retail
C03344,2025-09-03,38.2,retail
C03504,2025-09-03,23.31,retail
C03660,2025-09-03,43.99,retail
C03694,2025-09-03,21.81,retail
C03756,2025-09-03,115.34,retail
C03775,2025-09-03,123.8,retail
C03777,2025-09-03,39.77,retail
C03906,2025-09-03,78.47,retail
W016,2025-09-03,101.29,wholesale
W023,2025-09-03,244.62,wholesale
W024,2025-09-03,278.12,wholesale
C00079,2025-09-04,39.66,retail
C00106,2025-09-04,18.05,retail
C00194,2025-09-04,29.32,retail
C00365,2025-09-04,19.9,retail
C00570,2025-09-04,81.19,retail
C00748,2025-09-04,28.48,retail
C00780,2025-09-04,62.5,retail
C01064,2025-09-04,43.12,retail
C01064,2025-09-04,17.04,retail
C01210,2025-09-04,19.04,retail
C01308,2025-09-04,97.01,retail
C01330,2025-09-04,21.23,retail
C01421,2025-09-04,48.18,retail
C01523,2025-09-04,35.67,retail
C01597,2025-09-04,48.78,retail
C01833,2025-09-04,37.06,retail
C01875,2025-09-04,26.74,retail
C02186,2025-09-04,38.89,retail
C02230,2025-09-04,21.71,retail
C02265,2025-09-04,40.79,retail
C02296,2025-09-04,62.92,retail
C02540,2025-09-04,53.68,retail
C02856,2025-09-04,42.25,retail
C03369,2025-09-04,27.2,retail
C03537,2025-09-04,48.57,retail
C03550,2025-09-04,9.32,retail
C03554,2025-09-04,77.59,retail
C03569,2025-09-04,21.18,retail
C03668,2025-09-04,28.58,retail
C03843,2025-09-04,33.78,retail
C03889,2025-09-04,25.63,retail
W011,2025-09-04,215.1,wholesale
W011,2025-09-04,277.12,wholesale
W019,2025-09-04,288.18,wholesale
C00009,2025-09-05,49.59,retail
C00088,2025-09-05,27.1,retail
C00277,2025-09-05,20.26,retail
C00346,2025-09-05,42.15,retail
C00391,2025-09-05,16.04,retail
C00502,2025-09-05,28.95,retail
C00618,2025-09-05,55.62,retail
C00842,2025-09-05,22.8,retail
C01070,2025-09-05,37.94,retail
C01116,2025-09-05,133.72,retail
C01148,2025-09-05,58.39,retail
C01375,2025-09-05,41.48,retail
C01439,2025-09-05,23.79,retail
C01521,2025-09-05,26.93,retail
C01920,2025-09-05,41.03,retail
C01945,2025-09-05,25.02,retail
C02065,2025-09-05,69.18,retail
C02124,2025-09-05,44.81,retail
C02172,2025-09-05,41.9,retail
C02212,2025-09-05,43.32,retail
C02254,2025-09-05,9.52,retail
C02415,2025-09-05,49.2,retail
C02420,2025-09-05,29.13,retail
C02459,2025-09-05,28.17,retail
C02681,2025-09-05,15.69,retail
C02764,2025-09-05,43.45,retail
C02809,2025-09-05,38.75,retail
C02848,2025-09-05,26.06,retail
C03087,2025-09-05,25.73,retail
C03441,2025-09-05,37.13,retail
C03581,2025-09-05,20.11,retail
C03671,2025-09-05,36.45,retail
C03843,2025-09-05,79.46,retail
C03883,2025-09-05,30.38,retail
W000,2025-09-05,184.65,wholesale
W005,2025-09-05,149.05,wholesale
W026,2025-09-05,200.06,wholesale
W027,2025-09-05,139.48,wholesale
W029,2025-09-05,114.77,wholesale
C00013,2025-09-06,110.08,retail
C00026,2025-09-06,25.89,retail
C00080,2025-09-06,22.3,retail
C00088,2025-09-06,16.24,retail
C00134,2025-09-06,21.37,retail
C00174,2025-09-06,41.82,retail
C00180,2025-09-06,16.41,retail
C00222,2025-09-06,40.46,retail
C00272,2025-09-06,53.49,retail
C00471,2025-09-06,36.98,retail
C00523,2025-09-06,20.93,retail
C00533,2025-09-06,18.19,retail
C00550,2025-09-06,42.34,retail
C00624,2025-09-06,23.33,retail
C00791,2025-09-06,31.93,retail
C00798,2025-09-06,17.47,retail
C00858,2025-09-06,49.94,retail
C00896,2025-09-06,13.91,retail
C01216,2025-09-06,31.58,retail
C01418,2025-09-06,19.25,retail
C01451,2025-09-06,45.89,retail
C01456,2025-09-06,34.49,retail
C01576,2025-09-06,26.14,retail
C01837,2025-09-06,47.36,retail
C01966,2025-09-06,43.89,retail
C02083,2025-09-06,20.95,retail
C02540,2025-09-06,14.83,retail
C02552,2025-09-06,30.87,retail
C02755,2025-09-06,39.27,retail
C02946,2025-09-06,37.71,retail
C03305,2025-09-06,22.66,retail
C03319,2025-09-06,24.6,retail
C03432,2025-09-06,44.55,retail
C03453,2025-09-06,18.11,retail
C03624,2025-09-06,46.03,retail
C03767,2025-09-06,22.76,retail
C03793,2025-09-06,29.23,retail
W002,2025-09-06,280.07,wholesale
W003,2025-09-06,196.65,wholesale
W008,2025-09-06,227.5,wholesale
W016,2025-09-06,168.2,wholesale
C00037,2025-09-07,40.67,retail
C00037,2025-09-07,18.6,retail
C00046,2025-09-07,30.83,retail
C00049,2025-09-07,17.25,retail
C00267,2025-09-07,38.59,retail
C00369,2025-09-07,33.61,retail
C00818,2025-09-07,26.03,retail
C01253,2025-09-07,10.45,retail
C01263,2025-09-07,49.47,retail
C01278,2025-09-07,34.74,retail
C01358,2025-09-07,34.52,retail
C01502,2025-09-07,24.65,retail
C01529,2025-09-07,51.27,retail
C01943,2025-09-07,50.89,retail
C01950,2025-09-07,45.81,retail
C01986,2025-09-07,26.6,retail
C02020,2025-09-07,52.5,retail
C02129,2025-09-07,25.74,retail
C02251,2025-09-07,14.62,retail
C02378,2025-09-07,39.7,retail
C02425,2025-09-07,8.27,retail
C02589,2025-09-07,65.98,retail
C02679,2025-09-07,33.26,retail
C02692,2025-09-07,46.94,retail
C02800,2025-09-07,83.01,retail
C02985,2025-09-07,25.48,retail
C03046,2025-09-07,19.99,retail
C03130,2025-09-07,60.59,retail
C03148,2025-09-07,22.42,retail
C03211,2025-09-07,22.49,retail
C03340,2025-09-07,50.53,retail
C03377,2025-09-07,55.59,retail
C03530,2025-09-07,51.68,retail
C03677,2025-09-07,25.51,retail
C03718,2025-09-07,83.33,retail
W010,2025-09-07,309.54,wholesale
W022,2025-09-07,350.24,wholesale
W027,2025-09-07,184.97,wholesale
W027,2025-09-07,148.88,wholesale
C00212,2025-09-08,48.96,retail
C00245,2025-09-08,35.37,retail
C00355,2025-09-08,19.07,retail
C00436,2025-09-08,33.09,retail
C00460,2025-09-08,29.09,retail
C00486,2025-09-08,41.48,retail
C00536,2025-09-08,63.98,retail
C00687,2025-09-08,26.55,retail
C00832,2025-09-08,20.95,retail
C00847,2025-09-08,22.87,retail
C00908,2025-09-08,40.45,retail
C00970,2025-09-08,64.15,retail
C01200,2025-09-08,33.87,retail
C01353,2025-09-08,93.16,retail
C01354,2025-09-08,66.22,retail
C01587,2025-09-08,17.28,retail
C01651,2025-09-08,52.1,retail
C01666,2025-09-08,12.57,retail
C01706,2025-09-08,65.89,retail
C01857,2025-09-08,25.84,retail
C01977,2025-09-08,45.17,retail
C01994,2025-09-08,52.71,retail
C02139,2025-09-08,21.64,retail
C02291,2025-09-08,71.42,retail
C02307,2025-09-08,48.78,retail
C02317,2025-09-08,27.46,retail
C02609,2025-09-08,30.34,retail
C02659,2025-09-08,21.92,retail
C03186,2025-09-08,62.48,retail
C03594,2025-09-08,22.33,retail
C03967,2025-09-08,31.47,retail
W003,2025-09-08,101.38,wholesale
W006,2025-09-08,459.17,wholesale
W010,2025-09-08,203.11,wholesale
W010,2025-09-08,225.57,wholesale
W020,2025-09-08,215.14,wholesale
C00012,2025-09-09,28.31,retail
C00357,2025-09-09,15.68,retail
C00570,2025-09-09,69.34,retail
C00574,2025-09-09,31.09,retail
C00782,2025-09-09,40.18,retail
C01399,2025-09-09,50.43,retail
C01447,2025-09-09,37.53,retail
C01456,2025-09-09,64.01,retail
C01837,2025-09-09,29.75,retail
C01918,2025-09-09,76.47,retail
C02004,2025-09-09,62.3,retail
C02025,2025-09-09,44.0,retail
C02064,2025-09-09,34.37,retail
C02321,2025-09-09,25.99,retail
C02461,2025-09-09,18.63,retail
C02469,2025-09-09,30.63,retail
C02768,2025-09-09,18.66,retail
C02923,2025-09-09,25.76,retail
C03105,2025-09-09,33.79,retail
C03108,2025-09-09,20.31,retail
C03441,2025-09-09,42.36,retail
C03674,2025-09-09,11.56,retail
C03696,2025-09-09,92.25,retail
C03826,2025-09-09,57.37,retail
W007,2025-09-09,61.15,wholesale
W012,2025-09-09,161.65,wholesale
W019,2025-09-09,128.88,wholesale
W021,2025-09-09,306.17,wholesale
W025,2025-09-09,280.69,wholesale
C00047,2025-09-10,19.08,retail
C00124,2025-09-10,22.26,retail
C00154,2025-09-10,31.81,retail
C00201,2025-09-10,93.74,retail
C00574,2025-09-10,43.83,retail
C00611,2025-09-10,39.72,retail
C00620,2025-09-10,76.18,retail
C00717,2025-09-10,29.77,retail
C00745,2025-09-10,29.63,retail
C00786,2025-09-10,44.78,retail
C00814,2025-09-10,29.05,retail
C01105,2025-09-10,43.15,retail
C01394,2025-09-10,38.4,retail
C01449,2025-09-10,18.26,retail
C01487,2025-09-10,47.19,retail
C01542,2025-09-10,99.81,retail
C01626,2025-09-10,66.43,retail
C01777,2025-09-10,56.2,retail
C01917,2025-09-10,16.75,retail
C01919,2025-09-10,61.25,retail
C02096,2025-09-10,22.6,retail
C02243,2025-09-10,58.44,retail
C02376,2025-09-10,39.63,retail
C02434,2025-09-10,19.15,retail
C02466,2025-09-10,23.26,retail
C02857,2025-09-10,40.91,retail
C03020,2025-09-10,42.23,retail
C03439,2025-09-10,34.23,retail
C03466,2025-09-10,40.73,retail
C03533,2025-09-10,34.11,retail
C03595,2025-09-10,26.52,retail
C03643,2025-09-10,13.0,retail
C03668,2025-09-10,45.75,retail
C03901,2025-09-10,24.4,retail
C03984,2025-09-10,27.46,retail
W004,2025-09-10,212.55,wholesale
W006,2025-09-10,257.33,wholesale
W023,2025-09-10,157.12,wholesale
W024,2025-09-10,421.78,wholesale
W026,2025-09-10,108.23,wholesale
W028,2025-09-10,146.95,wholesale
C00063,2025-09-11,45.16,retail
C00386,2025-09-11,49.11,retail
C00494,2025-09-11,44.86,retail
C00602,2025-09-11,9.71,retail
C00737,2025-09-11,64.87,retail
C01014,2025-09-11,79.3,retail
C01146,2025-09-11,60.72,retail
C01317,2025-09-11,66.82,retail
C01381,2025-09-11,33.82,retail
C01396,2025-09-11,24.42,retail
C01755,2025-09-11,21.11,retail
C01826,2025-09-11,104.88,retail
C01944,2025-09-11,73.54,retail
C02209,2025-09-11,56.72,retail
C02281,2025-09-11,7.47,retail
C02463,2025-09-11,9.04,retail
C02484,2025-09-11,47.18,retail
C02695,2025-09-11,32.35,retail
C02748,2025-09-11,19.86,retail
C02893,2025-09-11,21.69,retail
C02943,2025-09-11,19.76,retail
C02949,2025-09-11,26.23,retail
C02958,2025-09-11,27.86,retail
C03070,2025-09-11,55.81,retail
C03080,2025-09-11,50.57,retail
C03122,2025-09-11,16.22,retail
C03218,2025-09-11,21.54,retail
C03255,2025-09-11,24.93,retail
C03255,2025-09-11,50.54,retail
C03506,2025-09-11,21.24,retail
C03519,2025-09-11,25.7,retail
C03526,2025-09-11,49.33,retail
C03690,2025-09-11,51.09,retail
C03762,2025-09-11,61.44,retail
C03781,2025-09-11,52.65,retail
C03806,2025-09-11,58.19,retail
C03898,2025-09-11,21.89,retail
W002,2025-09-11,225.02,wholesale
W008,2025-09-11,201.58,wholesale
W015,2025-09-11,223.22,wholesale
W016,2025-09-11,266.25,wholesale
W017,2025-09-11,143.5,wholesale
W017,2025-09-11,280.47,wholesale
C00109,2025-09-12,88.51,retail
C00297,2025-09-12,24.1,retail
C00474,2025-09-12,36.7,retail
C00999,2025-09-12,13.79,retail
C01088,2025-09-12,15.64,retail
C01161,2025-09-12,76.57,retail
C01172,2025-09-12,42.88,retail
C01192,2025-09-12,29.11,retail
C01304,2025-09-12,39.28,retail
C01624,2025-09-12,51.02,retail
C01678,2025-09-12,19.35,retail
C01913,2025-09-12,17.99,retail
C02128,2025-09-12,9.57,retail
C02254,2025-09-12,12.68,retail
C02403,2025-09-12,39.62,retail
C02425,2025-09-12,42.87,retail
C02469,2025-09-12,40.3,retail
C02764,2025-09-12,12.95,retail
C02873,2025-09-12,26.53,retail
C02990,2025-09-12,52.43,retail
C02998,2025-09-12,125.16,retail
C03342,2025-09-12,51.64,retail
C03422,2025-09-12,13.27,retail
C03553,2025-09-12,34.82,retail
C03570,2025-09-12,34.78,retail
C03581,2025-09-12,70.77,retail
C03791,2025-09-12,49.11,retail
C03898,2025-09-12,53.06,retail
C03902,2025-09-12,31.41,retail
C03972,2025-09-12,49.16,retail
W000,2025-09-12,163.38,wholesale
W001,2025-09-12,211.38,wholesale
W003,2025-09-12,266.92,wholesale
W008,2025-09-12,246.79,wholesale
W009,2025-09-12,146.78,wholesale
W015,2025-09-12,230.57,wholesale
W021,2025-09-12,218.39,wholesale
W023,2025-09-12,229.83,wholesale
C00098,2025-09-13,19.75,retail
C00143,2025-09-13,42.41,retail
C00144,2025-09-13,46.91,retail
C00209,2025-09-13,35.71,retail
C00262,2025-09-13,64.0,retail
C00342,2025-09-13,20.27,retail
C00500,2025-09-13,33.46,retail
C00800,2025-09-13,26.85,retail
C00952,2025-09-13,33.77,retail
C00965,2025-09-13,9.54,retail
C01026,2025-09-13,46.33,retail
C01514,2025-09-13,22.0,retail
C01520,2025-09-13,19.75,retail
C01580,2025-09-13,25.01,retail
C01630,2025-09-13,44.91,retail
C01818,2025-09-13,53.66,retail
C01874,2025-09-13,39.81,retail
C02138,2025-09-13,49.65,retail
C02234,2025-09-13,118.62,retail
C02282,2025-09-13,11.99,retail
C02601,2025-09-13,44.28,retail
C02623,2025-09-13,37.42,retail
C02633,2025-09-13,59.24,retail
C02659,2025-09-13,57.08,retail
C02761,2025-09-13,61.12,retail
C02984,2025-09-13,50.44,retail
C03267,2025-09-13,79.82,retail
C03284,2025-09-13,21.56,retail
C03387,2025-09-13,40.56,retail
C03414,2025-09-13,20.39,retail
C03594,2025-09-13,54.8,retail
C03670,2025-09-13,23.57,retail
C03714,2025-09-13,36.09,retail
C03735,2025-09-13,55.26,retail
C03981,2025-09-13,20.15,retail
C03987,2025-09-13,15.25,retail
W003,2025-09-13,117.56,wholesale
W004,2025-09-13,157.54,wholesale
W009,2025-09-13,175.85,wholesale
W010,2025-09-13,285.61,wholesale
W028,2025-09-13,336.37,wholesale
C00008,2025-09-14,27.7,retail
C00013,2025-09-14,163.65,retail
C00146,2025-09-14,59.29,retail
C00182,2025-09-14,18.48,retail
C00504,2025-09-14,19.04,retail
C00658,2025-09-14,33.96,retail
C00701,2025-09-14,33.69,retail
C00908,2025-09-14,53.54,retail
C01224,2025-09-14,43.09,retail
C01326,2025-09-14,19.03,retail
C01396,2025-09-14,35.69,retail
C01573,2025-09-14,35.87,retail
C01777,2025-09-14,11.58,retail
C01963,2025-09-14,26.2,retail
C01986,2025-09-14,73.87,retail
C02565,2025-09-14,59.1,retail
C02592,2025-09-14,53.22,retail
C02648,2025-09-14,18.29,retail
C02762,2025-09-14,32.14,retail
C02791,2025-09-14,39.77,retail
C03191,2025-09-14,38.81,retail
C03272,2025-09-14,57.49,retail
C03350,2025-09-14,40.07,retail
C03359,2025-09-14,46.82,retail
C03371,2025-09-14,25.64,retail
C03440,2025-09-14,20.67,retail
C03449,2025-09-14,54.67,retail
C03567,2025-09-14,44.98,retail
C03582,2025-09-14,47.89,retail
C03750,2025-09-14,33.32,retail
C03761,2025-09-14,19.74,retail
C03840,2025-09-14,123.32,retail
C03872,2025-09-14,55.92,retail
C03920,2025-09-14,25.75,retail
W007,2025-09-14,151.51,wholesale
W012,2025-09-14,313.83,wholesale
W019,2025-09-14,246.33,wholesale
W025,2025-09-14,120.78,wholesale
W029,2025-09-14,234.83,wholesale
C00096,2025-09-15,61.17,retail
C00224,2025-09-15,31.79,retail
C00314,2025-09-15,20.14,retail
C00328,2025-09-15,26.71,retail
C00426,2025-09-15,74.09,retail
C00475,2025-09-15,50.79,retail
C00525,2025-09-15,32.7,retail
C00646,2025-09-15,61.17,retail
C00676,2025-09-15,21.32,retail
C00709,2025-09-15,33.38,retail
C00736,2025-09-15,30.03,retail
C00914,2025-09-15,32.52,retail
C01215,2025-09-15,36.68,retail
C01350,2025-09-15,134.52,retail
C01412,2025-09-15,53.66,retail
C01452,2025-09-15,24.01,retail
C01879,2025-09-15,20.96,retail
C01943,2025-09-15,28.98,retail
C01989,2025-09-15,63.75,retail
C02050,2025-09-15,29.39,retail
C02219,2025-09-15,8.14,retail
C02493,2025-09-15,59.45,retail
C02538,2025-09-15,98.69,retail
C02846,2025-09-15,10.88,retail
C03025,2025-09-15,18.09,retail
C03059,2025-09-15,89.27,retail
C03145,2025-09-15,47.48,retail
C03288,2025-09-15,14.89,retail
C03315,2025-09-15,17.09,retail
C03405,2025-09-15,36.32,retail
C03599,2025-09-15,35.3,retail
C03712,2025-09-15,24.03,retail
C03964,2025-09-15,18.56,retail
W001,2025-09-15,477.52,wholesale
W011,2025-09-15,428.29,wholesale
W029,2025-09-15,292.18,wholesale
C00175,2025-09-16,43.69,retail
C00286,2025-09-16,41.69,retail
C00462,2025-09-16,36.88,retail
C00701,2025-09-16,24.65,retail
C00839,2025-09-16,39.29,retail
C00931,2025-09-16,27.54,retail
C00983,2025-09-16,41.24,retail
C01013,2025-09-16,27.76,retail
C01032,2025-09-16,60.04,retail
C01048,2025-09-16,21.39,retail
C01211,2025-09-16,26.97,retail
C01358,2025-09-16,16.42,retail
C01413,2025-09-16,15.83,retail
C01455,2025-09-16,49.27,retail
C01486,2025-09-16,63.27,retail
C01648,2025-09-16,14.48,retail
C01656,2025-09-16,50.57,retail
C01779,2025-09-16,45.33,retail
C01814,2025-09-16,39.36,retail
C01939,2025-09-16,44.78,retail
C02077,2025-09-16,14.87,retail
C02096,2025-09-16,53.54,retail
C02461,2025-09-16,18.48,retail
C02476,2025-09-16,18.3,retail
C02490,2025-09-16,34.05,retail
C02519,2025-09-16,23.45,retail
C02535,2025-09-16,19.33,retail
C02854,2025-09-16,61.98,retail
C02889,2025-09-16,69.39,retail
C03019,2025-09-16,37.17,retail
C03023,2025-09-16,39.97,retail
C03544,2025-09-16,224.14,retail
C03561,2025-09-16,22.93,retail
C03647,2025-09-16,18.19,retail
C03810,2025-09-16,13.74,retail
W005,2025-09-16,151.62,wholesale
W013,2025-09-16,255.8,wholesale
W013,2025-09-16,185.05,wholesale
C00012,2025-09-17,16.34,retail
C00304,2025-09-17,22.35,retail
C00486,2025-09-17,50.22,retail
C00571,2025-09-17,33.5,retail
C00858,2025-09-17,92.81,retail
C00878,2025-09-17,36.49,retail
C00964,2025-09-17,14.69,retail
C01070,2025-09-17,71.4,retail
C01166,2025-09-17,38.71,retail
C01300,2025-09-17,36.78,retail
C01326,2025-09-17,42.4,retail
C01344,2025-09-17,38.62,retail
C01350,2025-09-17,16.73,retail
C01552,2025-09-17,53.84,retail
C01712,2025-09-17,31.31,retail
C01724,2025-09-17,65.08,retail
C01812,2025-09-17,56.14,retail
C01913,2025-09-17,18.72,retail
C02066,2025-09-17,40.91,retail
C02193,2025-09-17,28.63,retail
C02202,2025-09-17,36.39,retail
C02209,2025-09-17,20.36,retail
C02433,2025-09-17,72.34,retail
C02477,2025-09-17,62.57,retail
C02685,2025-09-17,34.87,retail
C02688,2025-09-17,14.81,retail
C02800,2025-09-17,6.45,retail
C03024,2025-09-17,83.19,retail
C03170,2025-09-17,13.76,retail
C03289,2025-09-17,29.51,retail
C03305,2025-09-17,31.66,retail
C03499,2025-09-17,20.74,retail
C03637,2025-09-17,22.56,retail
W002,2025-09-17,125.75,wholesale
W007,2025-09-17,171.91,wholesale
W011,2025-09-17,439.18,wholesale
W013,2025-09-17,243.71,wholesale
W019,2025-09-17,432.14,wholesale
W021,2025-09-17,163.1,wholesale
W021,2025-09-17,181.48,wholesale
W022,2025-09-17,205.6,wholesale
C00024,2025-09-18,28.89,retail
C00076,2025-09-18,42.54,retail
C00217,2025-09-18,40.98,retail
C00263,2025-09-18,33.34,retail
C00357,2025-09-18,75.65,retail
C00401,2025-09-18,36.82,retail
C00636,2025-09-18,76.42,retail
C00919,2025-09-18,30.99,retail
C01034,2025-09-18,7.16,retail
C01074,2025-09-18,43.29,retail
C01142,2025-09-18,63.9,retail
C01301,2025-09-18,46.34,retail
C01338,2025-09-18,61.09,retail
C01542,2025-09-18,27.68,retail
C01607,2025-09-18,14.53,retail
C01709,2025-09-18,15.94,retail
C01718,2025-09-18,37.9,retail
C02058,2025-09-18,41.13,retail
C02061,2025-09-18,23.14,retail
C02181,2025-09-18,49.19,retail
C02260,2025-09-18,19.89,retail
C02274,2025-09-18,27.54,retail
C02492,2025-09-18,31.45,retail
C02675,2025-09-18,22.32,retail
C02718,2025-09-18,16.62,retail
C02779,2025-09-18,18.39,retail
C02881,2025-09-18,14.91,retail
C03181,2025-09-18,61.89,retail
C03373,2025-09-18,14.19,retail
C03397,2025-09-18,155.98,retail
C03411,2025-09-18,60.08,retail
C03690,2025-09-18,13.91,retail
C03700,2025-09-18,25.81,retail
C03974,2025-09-18,20.71,retail
W000,2025-09-18,186.02,wholesale
W001,2025-09-18,214.76,wholesale
W001,2025-09-18,301.07,wholesale
W005,2025-09-18,169.88,wholesale
W008,2025-09-18,119.35,wholesale
W012,2025-09-18,156.13,wholesale
W018,2025-09-18,197.98,wholesale
C00054,2025-09-19,76.96,retail
C00107,2025-09-19,19.08,retail
C00248,2025-09-19,19.93,retail
C00272,2025-09-19,16.02,retail
C00284,2025-09-19,31.38,retail
C00521,2025-09-19,11.81,retail
C00633,2025-09-19,13.07,retail
C00679,2025-09-19,37.19,retail
C00711,2025-09-19,24.54,retail
C00747,2025-09-19,46.43,retail
C00749,2025-09-19,83.05,retail
C00826,2025-09-19,14.01,retail
C00937,2025-09-19,59.48,retail
C01522,2025-09-19,10.4,retail
C01574,2025-09-19,61.15,retail
C02084,2025-09-19,48.58,retail
C02158,2025-09-19,75.27,retail
C02238,2025-09-19,91.31,retail
C02339,2025-09-19,74.42,retail
C02349,2025-09-19,19.28,retail
C02375,2025-09-19,46.86,retail
C02455,2025-09-19,28.88,retail
C02527,2025-09-19,27.35,retail
C02755,2025-09-19,24.12,retail
C02784,2025-09-19,39.31,retail
C02811,2025-09-19,48.9,retail
C02908,2025-09-19,24.28,retail
C02970,2025-09-19,27.34,retail
C03019,2025-09-19,17.74,retail
C03050,2025-09-19,57.85,retail
C03059,2025-09-19,47.25,retail
C03151,2025-09-19,33.31,retail
C03356,2025-09-19,54.49,retail
C03390,2025-09-19,14.45,retail
C03414,2025-09-19,21.69,retail
C03468,2025-09-19,35.76,retail
C03495,2025-09-19,15.31,retail
C03615,2025-09-19,34.05,retail
C03633,2025-09-19,31.93,retail
C03636,2025-09-19,136.41,retail
C03713,2025-09-19,21.57,retail
C03734,2025-09-19,22.68,retail
C03773,2025-09-19,21.12,retail
W001,2025-09-19,78.71,wholesale
W025,2025-09-19,105.68,wholesale
C00232,2025-09-20,45.92,retail
C00277,2025-09-20,23.88,retail
C00317,2025-09-20,92.11,retail
C00458,2025-09-20,47.61,retail
C00558,2025-09-20,32.63,retail
C00594,2025-09-20,31.94,retail
C00729,2025-09-20,30.79,retail
C00765,2025-09-20,57.59,retail
C01026,2025-09-20,20.01,retail
C01190,2025-09-20,20.25,retail
C01196,2025-09-20,18.68,retail
C01278,2025-09-20,25.45,retail
C01428,2025-09-20,39.11,retail
C01447,2025-09-20,55.33,retail
C01675,2025-09-20,16.6,retail
C01718,2025-09-20,17.69,retail
C01772,2025-09-20,27.65,retail
C02041,2025-09-20,48.52,retail
C02139,2025-09-20,9.0,retail
C02151,2025-09-20,73.65,retail
C02158,2025-09-20,84.76,retail
C02310,2025-09-20,16.97,retail
C02704,2025-09-20,51.15,retail
C02979,2025-09-20,20.63,retail
C03046,2025-09-20,12.58,retail
C03249,2025-09-20,26.19,retail
C03275,2025-09-20,69.22,retail
C03375,2025-09-20,28.05,retail
C03377,2025-09-20,50.45,retail
C03390,2025-09-20,30.76,retail
C03435,2025-09-20,25.15,retail
C03564,2025-09-20,20.08,retail
C03991,2025-09-20,15.94,retail
W013,2025-09-20,203.84,wholesale
W021,2025-09-20,301.58,wholesale
W028,2025-09-20,235.02,wholesale
C00055,2025-09-21,38.92,retail
C00107,2025-09-21,61.24,retail
C00114,2025-09-21,45.78,retail
C00148,2025-09-21,20.57,retail
C00219,2025-09-21,42.23,retail
C00345,2025-09-21,69.8,retail
C00471,2025-09-21,13.95,retail
C00482,2025-09-21,20.21,retail
C00485,2025-09-21,29.02,retail
C00550,2025-09-21,23.67,retail
C00640,2025-09-21,26.43,retail
C00650,2025-09-21,23.15,retail
C00743,2025-09-21,22.49,retail
C00862,2025-09-21,53.48,retail
C00994,2025-09-21,14.46,retail
C01154,2025-09-21,20.18,retail
C01347,2025-09-21,36.21,retail
C01952,2025-09-21,45.37,retail
C02100,2025-09-21,9.92,retail
C02183,2025-09-21,25.88,retail
C02249,2025-09-21,46.9,retail
C02409,2025-09-21,36.05,retail
C02420,2025-09-21,70.15,retail
C02761,2025-09-21,16.78,retail
C02827,2025-09-21,45.27,retail
C03035,2025-09-21,30.32,retail
C03054,2025-09-21,29.29,retail
C03287,2025-09-21,43.24,retail
C03361,2025-09-21,24.11,retail
C03502,2025-09-21,44.14,retail
C03619,2025-09-21,54.15,retail
C03826,2025-09-21,18.8,retail
W006,2025-09-21,258.98,wholesale
W007,2025-09-21,149.85,wholesale
W022,2025-09-21,155.98,wholesale
W027,2025-09-21,72.33,wholesale
C00038,2025-09-22,35.03,retail
C00291,2025-09-22,46.64,retail
C00457,2025-09-22,40.0,retail
C00474,2025-09-22,38.74,retail
C00600,2025-09-22,19.99,retail
C00618,2025-09-22,85.16,retail
C00801,2025-09-22,15.69,retail
C00825,2025-09-22,23.14,retail
C00950,2025-09-22,25.48,retail
C00960,2025-09-22,15.75,retail
C01036,2025-09-22,43.39,retail
C01191,2025-09-22,20.16,retail
C01224,2025-09-22,28.4,retail
C01228,2025-09-22,35.66,retail
C01373,2025-09-22,73.68,retail
C01401,2025-09-22,10.71,retail
C01818,2025-09-22,56.24,retail
C01828,2025-09-22,73.26,retail
C01828,2025-09-22,28.09,retail
C01899,2025-09-22,23.47,retail
C02171,2025-09-22,36.35,retail
C02203,2025-09-22,68.71,retail
C02356,2025-09-22,39.18,retail
C02539,2025-09-22,10.62,retail
C02735,2025-09-22,17.94,retail
C02823,2025-09-22,28.06,retail
C03271,2025-09-22,20.35,retail
C03571,2025-09-22,97.01,retail
C03582,2025-09-22,96.22,retail
C03615,2025-09-22,8.99,retail
W000,2025-09-22,358.42,wholesale
W002,2025-09-22,164.75,wholesale
W014,2025-09-22,267.76,wholesale
W017,2025-09-22,238.23,wholesale
W020,2025-09-22,206.45,wholesale
W028,2025-09-22,389.47,wholesale
C00235,2025-09-23,46.87,retail
C00304,2025-09-23,31.87,retail
C00317,2025-09-23,26.19,retail
C00318,2025-09-23,42.01,retail
C00451,2025-09-23,57.59,retail
C00466,2025-09-23,31.33,retail
C00565,2025-09-23,30.17,retail
C00571,2025-09-23,74.38,retail
C00573,2025-09-23,25.08,retail
C00887,2025-09-23,31.65,retail
C00905,2025-09-23,64.07,retail
C00950,2025-09-23,37.5,retail
C01078,2025-09-23,86.0,retail
C01186,2025-09-23,32.98,retail
C01391,2025-09-23,69.42,retail
C01428,2025-09-23,59.58,retail
C01498,2025-09-23,59.54,retail
C01540,2025-09-23,51.07,retail
C01584,2025-09-23,28.89,retail
C01587,2025-09-23,59.84,retail
C01624,2025-09-23,32.4,retail
C01745,2025-09-23,37.45,retail
C01788,2025-09-23,36.49,retail
C01953,2025-09-23,25.18,retail
C02180,2025-09-23,30.58,retail
C02477,2025-09-23,101.49,retail
C02571,2025-09-23,50.7,retail
C02609,2025-09-23,31.25,retail
C02632,2025-09-23,43.22,retail
C02899,2025-09-23,65.66,retail
C03102,2025-09-23,17.17,retail
C03239,2025-09-23,13.2,retail
C03264,2025-09-23,62.5,retail
C03490,2025-09-23,37.51,retail
C03510,2025-09-23,13.02,retail
C03540,2025-09-23,47.19,retail
C03551,2025-09-23,42.57,retail
C03680,2025-09-23,41.9,retail
C03750,2025-09-23,23.23,retail
C03838,2025-09-23,33.35,retail
C03982,2025-09-23,23.94,retail
W004,2025-09-23,196.63,wholesale
C00079,2025-09-24,14.16,retail
C00146,2025-09-24,41.97,retail
C00245,2025-09-24,37.84,retail
C00296,2025-09-24,36.3,retail
C00353,2025-09-24,63.5,retail
C00569,2025-09-24,51.06,retail
C00589,2025-09-24,50.25,retail
C00621,2025-09-24,23.14,retail
C00971,2025-09-24,74.91,retail
C01132,2025-09-24,28.48,retail
C01211,2025-09-24,23.56,retail
C01439,2025-09-24,45.43,retail
C01648,2025-09-24,50.16,retail
C01711,2025-09-24,58.53,retail
C01792,2025-09-24,59.37,retail
C01833,2025-09-24,26.84,retail
C02075,2025-09-24,32.37,retail
C02082,2025-09-24,24.74,retail
C02202,2025-09-24,38.4,retail
C02423,2025-09-24,29.76,retail
C02553,2025-09-24,40.9,retail
C02696,2025-09-24,31.12,retail
C02740,2025-09-24,47.03,retail
C02994,2025-09-24,71.71,retail
C03119,2025-09-24,66.4,retail
C03340,2025-09-24,40.79,retail
C03752,2025-09-24,25.94,retail
C03766,2025-09-24,21.94,retail
W009,2025-09-24,186.78,wholesale
W016,2025-09-24,122.42,wholesale
W020,2025-09-24,384.68,wholesale
W026,2025-09-24,222.21,wholesale
C00188,2025-09-25,35.39,retail
C00539,2025-09-25,84.38,retail
C00714,2025-09-25,37.39,retail
C00753,2025-09-25,15.21,retail
C00822,2025-09-25,41.63,retail
C00891,2025-09-25,40.58,retail
C00900,2025-09-25,46.4,retail
C01118,2025-09-25,17.83,retail
C01214,2025-09-25,81.9,retail
C01441,2025-09-25,28.54,retail
C01494,2025-09-25,27.55,retail
C01693,2025-09-25,25.99,retail
C01853,2025-09-25,34.26,retail
C01906,2025-09-25,59.18,retail
C02004,2025-09-25,35.71,retail
C02069,2025-09-25,64.22,retail
C02098,2025-09-25,19.24,retail
C02180,2025-09-25,45.48,retail
C02250,2025-09-25,30.2,retail
C02643,2025-09-25,53.93,retail
C02827,2025-09-25,81.47,retail
C02873,2025-09-25,17.87,retail
C02915,2025-09-25,89.15,retail
C02968,2025-09-25,65.33,retail
C03067,2025-09-25,17.83,retail
C03225,2025-09-25,22.68,retail
C03523,2025-09-25,59.77,retail
C03605,2025-09-25,66.99,retail
C03629,2025-09-25,44.65,retail
C03714,2025-09-25,36.72,retail
C03767,2025-09-25,21.86,retail
C03833,2025-09-25,17.54,retail
C03846,2025-09-25,26.38,retail
W008,2025-09-25,110.79,wholesale
W019,2025-09-25,264.71,wholesale
W024,2025-09-25,312.12,wholesale
C00038,2025-09-26,21.3,retail
C00049,2025-09-26,36.18,retail
C00106,2025-09-26,25.56,retail
C00416,2025-09-26,79.82,retail
C00448,2025-09-26,41.46,retail
C00473,2025-09-26,37.73,retail
C00573,2025-09-26,36.94,retail
C00592,2025-09-26,30.93,retail
C00752,2025-09-26,34.64,retail
C00753,2025-09-26,78.22,retail
C00845,2025-09-26,22.45,retail
C00899,2025-09-26,24.08,retail
C00905,2025-09-26,44.32,retail
C01441,2025-09-26,47.28,retail
C01535,2025-09-26,28.24,retail
C01775,2025-09-26,44.53,retail
C01906,2025-09-26,55.14,retail
C01920,2025-09-26,76.23,retail
C01968,2025-09-26,110.19,retail
C02030,2025-09-26,25.52,retail
C02030,2025-09-26,97.54,retail
C02169,2025-09-26,57.35,retail
C02238,2025-09-26,30.32,retail
C02250,2025-09-26,59.41,retail
C02364,2025-09-26,25.06,retail
C02385,2025-09-26,43.76,retail
C02397,2025-09-26,76.68,retail
C02424,2025-09-26,45.85,retail
C02538,2025-09-26,59.02,retail
C02743,2025-09-26,19.8,retail
C02906,2025-09-26,40.9,retail
C02954,2025-09-26,60.14,retail
C03118,2025-09-26,39.9,retail
C03173,2025-09-26,18.57,retail
C03204,2025-09-26,40.21,retail
C03469,2025-09-26,42.72,retail
C03619,2025-09-26,31.88,retail
C03660,2025-09-26,78.65,retail
C03778,2025-09-26,21.95,retail
W000,2025-09-26,246.07,wholesale
W010,2025-09-26,100.68,wholesale
W011,2025-09-26,425.47,wholesale
W020,2025-09-26,362.4,wholesale
W029,2025-09-26,242.4,wholesale
C00022,2025-09-27,29.01,retail
C00064,2025-09-27,17.72,retail
C00217,2025-09-27,26.61,retail
C00285,2025-09-27,48.87,retail
C00293,2025-09-27,24.28,retail
C00509,2025-09-27,91.82,retail
C00525,2025-09-27,20.72,retail
C00577,2025-09-27,47.75,retail
C00620,2025-09-27,25.93,retail
C00897,2025-09-27,47.68,retail
C01122,2025-09-27,78.86,retail
C01166,2025-09-27,23.45,retail
C01662,2025-09-27,20.81,retail
C01688,2025-09-27,17.33,retail
C01886,2025-09-27,45.65,retail
C02033,2025-09-27,50.1,retail
C02143,2025-09-27,42.06,retail
C02336,2025-09-27,20.23,retail
C02351,2025-09-27,20.7,retail
C02449,2025-09-27,32.9,retail
C02471,2025-09-27,34.51,retail
C02565,2025-09-27,46.13,retail
C02625,2025-09-27,21.88,retail
C02640,2025-09-27,22.59,retail
C02775,2025-09-27,80.11,retail
C02798,2025-09-27,21.5,retail
C02857,2025-09-27,24.7,retail
C02954,2025-09-27,72.61,retail
C03119,2025-09-27,40.49,retail
C03250,2025-09-27,58.13,retail
C03288,2025-09-27,8.1,retail
C03373,2025-09-27,17.87,retail
C03514,2025-09-27,15.73,retail
C03614,2025-09-27,49.56,retail
C03900,2025-09-27,29.61,retail
W007,2025-09-27,137.46,wholesale
W012,2025-09-27,308.53,wholesale
W014,2025-09-27,194.5,wholesale
W016,2025-09-27,202.72,wholesale
W018,2025-09-27,87.21,wholesale
W024,2025-09-27,323.37,wholesale
W024,2025-09-27,204.1,wholesale
C00068,2025-09-28,34.08,retail
C00087,2025-09-28,35.3,retail
C00126,2025-09-28,33.23,retail
C00189,2025-09-28,34.97,retail
C00334,2025-09-28,17.13,retail
C00337,2025-09-28,87.45,retail
C00407,2025-09-28,8.52,retail
C00465,2025-09-28,37.92,retail
C00523,2025-09-28,33.62,retail
C00668,2025-09-28,33.01,retail
C00678,2025-09-28,22.67,retail
C00847,2025-09-28,83.81,retail
C01184,2025-09-28,47.61,retail
C01465,2025-09-28,25.31,retail
C01493,2025-09-28,35.53,retail
C01518,2025-09-28,56.91,retail
C01577,2025-09-28,33.02,retail
C01611,2025-09-28,51.38,retail
C01720,2025-09-28,34.04,retail
C01788,2025-09-28,52.73,retail
C01868,2025-09-28,89.32,retail
C01945,2025-09-28,44.39,retail
C02012,2025-09-28,39.32,retail
C02192,2025-09-28,47.31,retail
C02295,2025-09-28,18.19,retail
C02355,2025-09-28,73.06,retail
C02457,2025-09-28,35.02,retail
C02500,2025-09-28,8.75,retail
C02535,2025-09-28,25.13,retail
C02704,2025-09-28,30.27,retail
C02746,2025-09-28,9.6,retail
C02786,2025-09-28,31.13,retail
C02914,2025-09-28,31.35,retail
C02923,2025-09-28,33.78,retail
C03120,2025-09-28,22.11,retail
C03209,2025-09-28,29.01,retail
C03358,2025-09-28,34.13,retail
C03537,2025-09-28,34.38,retail
C03543,2025-09-28,13.68,retail
C03592,2025-09-28,12.66,retail
C03807,2025-09-28,48.56,retail
C03988,2025-09-28,48.83,retail
C00026,2025-10-01,13.77,retail
C00109,2025-10-01,45.55,retail
C00149,2025-10-01,17.22,retail
C00267,2025-10-01,49.25,retail
C00317,2025-10-01,23.33,retail
C00466,2025-10-01,48.6,retail
C00736,2025-10-01,65.96,retail
C00904,2025-10-01,8.68,retail
C00965,2025-10-01,21.45,retail
C01190,2025-10-01,39.86,retail
C01326,2025-10-01,15.13,retail
C01330,2025-10-01,14.8,retail
C01582,2025-10-01,15.55,retail
C01675,2025-10-01,26.99,retail
C01678,2025-10-01,33.95,retail
C01838,2025-10-01,19.37,retail
C01958,2025-10-01,15.9,retail
C02085,2025-10-01,29.3,retail
C02101,2025-10-01,51.13,retail
C02230,2025-10-01,14.98,retail
C02403,2025-10-01,5.03,retail
C02425,2025-10-01,17.68,retail
C02823,2025-10-01,58.59,retail
C02932,2025-10-01,29.83,retail
C02943,2025-10-01,53.85,retail
C03019,2025-10-01,31.4,retail
C03136,2025-10-01,26.35,retail
C03145,2025-10-01,38.45,retail
C03305,2025-10-01,24.72,retail
C03358,2025-10-01,25.56,retail
C03377,2025-10-01,28.49,retail
C03439,2025-10-01,49.52,retail
C03510,2025-10-01,27.87,retail
C03529,2025-10-01,26.18,retail
C03538,2025-10-01,116.85,retail
C03674,2025-10-01,36.16,retail
C03742,2025-10-01,28.33,retail
C03810,2025-10-01,58.11,retail
C03972,2025-10-01,42.74,retail
C03991,2025-10-01,31.46,retail
W023,2025-10-01,312.06,wholesale
C00063,2025-10-02,38.52,retail
C00180,2025-10-02,28.6,retail
C00224,2025-10-02,56.78,retail
C00277,2025-10-02,71.35,retail
C00293,2025-10-02,105.89,retail
C00301,2025-10-02,40.37,retail
C00436,2025-10-02,42.13,retail
C00500,2025-10-02,91.25,retail
C00542,2025-10-02,36.81,retail
C00646,2025-10-02,83.54,retail
C00919,2025-10-02,26.54,retail
C01026,2025-10-02,25.59,retail
C01032,2025-10-02,39.31,retail
C01078,2025-10-02,40.43,retail
C01244,2025-10-02,129.62,retail
C01358,2025-10-02,25.92,retail
C01447,2025-10-02,54.64,retail
C01720,2025-10-02,33.04,retail
C01724,2025-10-02,92.39,retail
C01837,2025-10-02,54.48,retail
C02082,2025-10-02,23.61,retail
C02589,2025-10-02,28.96,retail
C02594,2025-10-02,50.8,retail
C02633,2025-10-02,34.56,retail
C02683,2025-10-02,23.47,retail
C02685,2025-10-02,16.28,retail
C02735,2025-10-02,23.93,retail
C02746,2025-10-02,49.22,retail
C02827,2025-10-02,45.4,retail
C02846,2025-10-02,28.87,retail
C02958,2025-10-02,84.43,retail
C02985,2025-10-02,52.91,retail
C03017,2025-10-02,41.93,retail
C03035,2025-10-02,14.85,retail
C03117,2025-10-02,38.31,retail
C03124,2025-10-02,15.82,retail
C03390,2025-10-02,14.28,retail
C03504,2025-10-02,36.79,retail
C03584,2025-10-02,27.11,retail
C03640,2025-10-02,30.06,retail
C03734,2025-10-02,61.15,retail
C03835,2025-10-02,62.44,retail
C03886,2025-10-02,41.07,retail
W007,2025-10-02,78.59,wholesale
W022,2025-10-02,181.15,wholesale
C00064,2025-10-03,26.64,retail
C00539,2025-10-03,126.95,retail
C00618,2025-10-03,24.25,retail
C00753,2025-10-03,12.67,retail
C00987,2025-10-03,48.82,retail
C01399,2025-10-03,64.69,retail
C01399,2025-10-03,37.0,retail
C01597,2025-10-03,25.25,retail
C01601,2025-10-03,24.59,retail
C01704,2025-10-03,29.6,retail
C01857,2025-10-03,17.94,retail
C01886,2025-10-03,59.61,retail
C01943,2025-10-03,19.06,retail
C01997,2025-10-03,43.19,retail
C02041,2025-10-03,40.43,retail
C02044,2025-10-03,14.6,retail
C02536,2025-10-03,28.38,retail
C02755,2025-10-03,31.83,retail
C02838,2025-10-03,30.83,retail
C02873,2025-10-03,41.71,retail
C02953,2025-10-03,48.31,retail
C02953,2025-10-03,42.65,retail
C03466,2025-10-03,72.1,retail
C03559,2025-10-03,43.39,retail
C03643,2025-10-03,16.49,retail
C03742,2025-10-03,18.5,retail
C03747,2025-10-03,29.66,retail
C03826,2025-10-03,47.12,retail
C03829,2025-10-03,43.5,retail
C03992,2025-10-03,27.89,retail
W021,2025-10-03,266.43,wholesale
W023,2025-10-03,178.43,wholesale
W028,2025-10-03,201.83,wholesale
C00051,2025-10-04,48.15,retail
C00076,2025-10-04,40.86,retail
C00408,2025-10-04,50.24,retail
C00549,2025-10-04,48.97,retail
C00658,2025-10-04,25.54,retail
C00679,2025-10-04,61.87,retail
C00866,2025-10-04,21.14,retail
C00920,2025-10-04,77.46,retail
C00952,2025-10-04,18.4,retail
C01047,2025-10-04,22.3,retail
C01194,2025-10-04,46.63,retail
C01242,2025-10-04,33.5,retail
C01396,2025-10-04,44.28,retail
C01550,2025-10-04,47.24,retail
C01553,2025-10-04,17.05,retail
C01564,2025-10-04,39.44,retail
C01812,2025-10-04,19.44,retail
C02061,2025-10-04,26.58,retail
C02250,2025-10-04,33.64,retail
C02339,2025-10-04,45.45,retail
C02349,2025-10-04,35.15,retail
C02539,2025-10-04,35.11,retail
C02649,2025-10-04,18.35,retail
C02656,2025-10-04,21.72,retail
C02704,2025-10-04,30.5,retail
C02755,2025-10-04,42.16,retail
C02958,2025-10-04,51.75,retail
C03029,2025-10-04,26.47,retail
C03039,2025-10-04,41.31,retail
C03067,2025-10-04,93.04,retail
C03151,2025-10-04,25.95,retail
C03209,2025-10-04,36.42,retail
C03287,2025-10-04,24.27,retail
C03396,2025-10-04,78.92,retail
C03435,2025-10-04,7.86,retail
C03449,2025-10-04,29.99,retail
C03489,2025-10-04,36.0,retail
C03531,2025-10-04,45.67,retail
C03619,2025-10-04,70.85,retail
C03660,2025-10-04,73.28,retail
C03897,2025-10-04,39.04,retail
C03920,2025-10-04,35.26,retail
W004,2025-10-04,340.7,wholesale
W008,2025-10-04,195.01,wholesale
W015,2025-10-04,70.98,wholesale
W021,2025-10-04,187.27,wholesale
W027,2025-10-04,326.69,wholesale
C00314,2025-10-05,38.16,retail
C00369,2025-10-05,17.9,retail
C00405,2025-10-05,43.11,retail
C00475,2025-10-05,59.83,retail
C00614,2025-10-05,30.18,retail
C00691,2025-10-05,67.31,retail
C00701,2025-10-05,89.43,retail
C00964,2025-10-05,60.01,retail
C01036,2025-10-05,33.67,retail
C01225,2025-10-05,55.19,retail
C01238,2025-10-05,23.02,retail
C01252,2025-10-05,30.82,retail
C01321,2025-10-05,38.21,retail
C01465,2025-10-05,48.99,retail
C01795,2025-10-05,26.71,retail
C01899,2025-10-05,40.3,retail
C02083,2025-10-05,22.43,retail
C02202,2025-10-05,34.42,retail
C02209,2025-10-05,20.67,retail
C02226,2025-10-05,38.94,retail
C02274,2025-10-05,48.47,retail
C02349,2025-10-05,25.5,retail
C02461,2025-10-05,33.24,retail
C02601,2025-10-05,82.53,retail
C02762,2025-10-05,52.61,retail
C03059,2025-10-05,50.28,retail
C03092,2025-10-05,52.6,retail
C03373,2025-10-05,51.42,retail
C03540,2025-10-05,20.55,retail
C03548,2025-10-05,23.07,retail
C03982,2025-10-05,33.7,retail
W002,2025-10-05,383.51,wholesale
W002,2025-10-05,233.76,wholesale
W004,2025-10-05,189.13,wholesale
W005,2025-10-05,151.07,wholesale
W011,2025-10-05,456.68,wholesale
W011,2025-10-05,335.5,wholesale
W012,2025-10-05,256.6,wholesale
C00173,2025-10-06,52.28,retail
C00217,2025-10-06,35.91,retail
C00262,2025-10-06,32.57,retail
C00391,2025-10-06,42.24,retail
C00414,2025-10-06,53.72,retail
C00460,2025-10-06,17.62,retail
C00577,2025-10-06,54.12,retail
C00871,2025-10-06,67.06,retail
C00928,2025-10-06,38.68,retail
C00996,2025-10-06,32.14,retail
C01075,2025-10-06,36.37,retail
C01207,2025-10-06,19.95,retail
C01270,2025-10-06,57.12,retail
C01285,2025-10-06,16.02,retail
C01315,2025-10-06,23.59,retail
C01352,2025-10-06,34.94,retail
C01391,2025-10-06,46.77,retail
C01462,2025-10-06,27.3,retail
C01597,2025-10-06,27.43,retail
C01918,2025-10-06,16.48,retail
C01987,2025-10-06,19.99,retail
C02139,2025-10-06,27.0,retail
C02196,2025-10-06,46.97,retail
C02307,2025-10-06,20.28,retail
C02385,2025-10-06,30.39,retail
C02614,2025-10-06,33.65,retail
C02851,2025-10-06,28.44,retail
C02881,2025-10-06,40.4,retail
C02909,2025-10-06,20.49,retail
C03092,2025-10-06,47.89,retail
C03128,2025-10-06,27.75,retail
C03148,2025-10-06,59.09,retail
C03340,2025-10-06,20.19,retail
C03824,2025-10-06,69.2,retail
C03872,2025-10-06,32.82,retail
C03967,2025-10-06,63.7,retail
C03976,2025-10-06,29.69,retail
C03984,2025-10-06,27.84,retail
W000,2025-10-06,198.69,wholesale
W003,2025-10-06,163.28,wholesale
W004,2025-10-06,135.06,wholesale
W006,2025-10-06,168.86,wholesale
W010,2025-10-06,205.08,wholesale
W014,2025-10-06,108.7,wholesale
W014,2025-10-06,161.33,wholesale
W021,2025-10-06,167.75,wholesale
W028,2025-10-06,243.1,wholesale
C00108,2025-10-07,84.13,retail
C00272,2025-10-07,42.24,retail
C00448,2025-10-07,50.5,retail
C00485,2025-10-07,16.22,retail
C00611,2025-10-07,25.19,retail
C00613,2025-10-07,28.57,retail
C00711,2025-10-07,23.68,retail
C00752,2025-10-07,50.27,retail
C00766,2025-10-07,65.71,retail
C01169,2025-10-07,24.82,retail
C01271,2025-10-07,32.51,retail
C01347,2025-10-07,19.37,retail
C01447,2025-10-07,34.23,retail
C01487,2025-10-07,35.16,retail
C01528,2025-10-07,24.74,retail
C01529,2025-10-07,48.06,retail
C01577,2025-10-07,72.42,retail
C01578,2025-10-07,50.12,retail
C01725,2025-10-07,79.59,retail
C02052,2025-10-07,13.39,retail
C02072,2025-10-07,75.23,retail
C02139,2025-10-07,57.43,retail
C02169,2025-10-07,41.79,retail
C02376,2025-10-07,24.32,retail
C02477,2025-10-07,62.35,retail
C02632,2025-10-07,130.83,retail
C02784,2025-10-07,42.5,retail
C02877,2025-10-07,46.67,retail
C02906,2025-10-07,21.51,retail
C02921,2025-10-07,38.46,retail
C02969,2025-10-07,28.75,retail
C03168,2025-10-07,39.21,retail
C03220,2025-10-07,42.46,retail
C03360,2025-10-07,48.76,retail
C03490,2025-10-07,70.15,retail
C03510,2025-10-07,35.05,retail
C03984,2025-10-07,79.71,retail
W003,2025-10-07,323.45,wholesale
W014,2025-10-07,270.46,wholesale
W022,2025-10-07,242.61,wholesale
W024,2025-10-07,162.63,wholesale
W026,2025-10-07,137.01,wholesale
W026,2025-10-07,201.55,wholesale
C00013,2025-10-08,18.88,retail
C00079,2025-10-08,17.53,retail
C00160,2025-10-08,37.63,retail
C00186,2025-10-08,29.82,retail
C00448,2025-10-08,32.24,retail
C00548,2025-10-08,84.82,retail
C00592,2025-10-08,17.09,retail
C00935,2025-10-08,33.44,retail
C00950,2025-10-08,14.42,retail
C00983,2025-10-08,27.52,retail
C01088,2025-10-08,27.6,retail
C01097,2025-10-08,192.41,retail
C01186,2025-10-08,12.63,retail
C01263,2025-10-08,26.29,retail
C01349,2025-10-08,22.41,retail
C01407,2025-10-08,11.7,retail
C01468,2025-10-08,121.37,retail
C01498,2025-10-08,45.97,retail
C01520,2025-10-08,81.5,retail
C01552,2025-10-08,44.77,retail
C01939,2025-10-08,19.78,retail
C02075,2025-10-08,28.94,retail
C02101,2025-10-08,35.94,retail
C02226,2025-10-08,26.12,retail
C02260,2025-10-08,23.6,retail
C02288,2025-10-08,26.16,retail
C02423,2025-10-08,59.44,retail
C02490,2025-10-08,40.36,retail
C02505,2025-10-08,33.43,retail
C02538,2025-10-08,74.85,retail
C02552,2025-10-08,22.82,retail
C02621,2025-10-08,59.25,retail
C02626,2025-10-08,34.82,retail
C02645,2025-10-08,22.21,retail
C02687,2025-10-08,40.5,retail
C02886,2025-10-08,102.78,retail
C02945,2025-10-08,24.42,retail
C03019,2025-10-08,36.2,retail
C03171,2025-10-08,37.53,retail
C03219,2025-10-08,56.5,retail
C03299,2025-10-08,40.55,retail
C03350,2025-10-08,50.08,retail
C03548,2025-10-08,64.21,retail
C03615,2025-10-08,17.65,retail
C03718,2025-10-08,44.09,retail
C03750,2025-10-08,54.19,retail
C03767,2025-10-08,39.74,retail
C03793,2025-10-08,25.2,retail
C03862,2025-10-08,53.11,retail
W001,2025-10-08,196.36,wholesale
W008,2025-10-08,192.82,wholesale
W012,2025-10-08,308.73,wholesale
W015,2025-10-08,219.15,wholesale
W019,2025-10-08,189.95,wholesale
W022,2025-10-08,241.61,wholesale
C00024,2025-10-09,34.93,retail
C00245,2025-10-09,64.52,retail
C00353,2025-10-09,68.82,retail
C00550,2025-10-09,30.89,retail
C00714,2025-10-09,28.39,retail
C00842,2025-10-09,30.18,retail
C00949,2025-10-09,34.06,retail
C00984,2025-10-09,26.3,retail
C01317,2025-10-09,37.34,retail
C01412,2025-10-09,20.48,retail
C01486,2025-10-09,28.7,retail
C01491,2025-10-09,35.82,retail
C01518,2025-10-09,28.42,retail
C01520,2025-10-09,59.7,retail
C01522,2025-10-09,58.03,retail
C01578,2025-10-09,46.68,retail
C01654,2025-10-09,10.79,retail
C01779,2025-10-09,51.76,retail
C01812,2025-10-09,41.01,retail
C01865,2025-10-09,102.95,retail
C01879,2025-10-09,33.46,retail
C02025,2025-10-09,21.8,retail
C02065,2025-10-09,23.05,retail
C02077,2025-10-09,20.79,retail
C02152,2025-10-09,45.42,retail
C02193,2025-10-09,23.16,retail
C02479,2025-10-09,8.16,retail
C02600,2025-10-09,41.03,retail
C02623,2025-10-09,55.23,retail
C02962,2025-10-09,18.88,retail
C02999,2025-10-09,28.94,retail
C03046,2025-10-09,30.48,retail
C03087,2025-10-09,27.7,retail
C03165,2025-10-09,40.5,retail
C03181,2025-10-09,17.97,retail
C03249,2025-10-09,28.14,retail
C03309,2025-10-09,39.12,retail
C03344,2025-10-09,13.29,retail
C03519,2025-10-09,20.65,retail
C03533,2025-10-09,19.84,retail
C03574,2025-10-09,22.7,retail
C03633,2025-10-09,17.88,retail
C03752,2025-10-09,24.69,retail
C03852,2025-10-09,43.88,retail
C03898,2025-10-09,35.83,retail
C03902,2025-10-09,50.2,retail
C03908,2025-10-09,30.96,retail
C03974,2025-10-09,35.9,retail
W005,2025-10-09,367.22,wholesale
W007,2025-10-09,165.43,wholesale
W015,2025-10-09,187.12,wholesale
W020,2025-10-09,341.54,wholesale
W021,2025-10-09,391.44,wholesale
C00118,2025-10-10,33.04,retail
C00146,2025-10-10,41.27,retail
C00182,2025-10-10,45.46,retail
C00222,2025-10-10,29.4,retail
C00329,2025-10-10,31.39,retail
C00365,2025-10-10,28.82,retail
C00548,2025-10-10,52.24,retail
C00678,2025-10-10,22.72,retail
C01064,2025-10-10,46.16,retail
C01132,2025-10-10,35.96,retail
C01191,2025-10-10,23.33,retail
C01200,2025-10-10,66.21,retail
C01338,2025-10-10,23.21,retail
C01381,2025-10-10,4.99,retail
C01518,2025-10-10,43.83,retail
C01535,2025-10-10,29.67,retail
C01572,2025-10-10,46.88,retail
C01740,2025-10-10,15.3,retail
C01844,2025-10-10,91.33,retail
C01894,2025-10-10,80.61,retail
C01906,2025-10-10,13.63,retail
C01952,2025-10-10,83.29,retail
C02175,2025-10-10,19.88,retail
C02207,2025-10-10,24.76,retail
C02487,2025-10-10,24.93,retail
C02488,2025-10-10,47.43,retail
C02490,2025-10-10,45.27,retail
C02492,2025-10-10,26.43,retail
C02557,2025-10-10,37.79,retail
C02643,2025-10-10,27.9,retail
C02730,2025-10-10,56.67,retail
C02746,2025-10-10,45.09,retail
C03094,2025-10-10,52.87,retail
C03170,2025-10-10,59.68,retail
C03375,2025-10-10,6.36,retail
C03421,2025-10-10,60.06,retail
C03576,2025-10-10,40.41,retail
C03694,2025-10-10,60.32,retail
C03761,2025-10-10,55.16,retail
W013,2025-10-10,265.27,wholesale
W019,2025-10-10,189.74,wholesale
W024,2025-10-10,88.75,wholesale
C00008,2025-10-11,37.95,retail
C00124,2025-10-11,36.6,retail
C00188,2025-10-11,37.28,retail
C00224,2025-10-11,32.96,retail
C00417,2025-10-11,22.41,retail
C00509,2025-10-11,20.18,retail
C00521,2025-10-11,29.56,retail
C00571,2025-10-11,39.02,retail
C00668,2025-10-11,12.97,retail
C01006,2025-10-11,41.98,retail
C01014,2025-10-11,49.7,retail
C01023,2025-10-11,59.87,retail
C01137,2025-10-11,70.82,retail
C01154,2025-10-11,26.3,retail
C01184,2025-10-11,52.24,retail
C01278,2025-10-11,57.2,retail
C01396,2025-10-11,20.92,retail
C01503,2025-10-11,32.9,retail
C01600,2025-10-11,25.16,retail
C01994,2025-10-11,70.18,retail
C02296,2025-10-11,92.35,retail
C02321,2025-10-11,37.52,retail
C02492,2025-10-11,53.99,retail
C02533,2025-10-11,45.64,retail
C02549,2025-10-11,74.84,retail
C02679,2025-10-11,25.24,retail
C02970,2025-10-11,86.68,retail
C03046,2025-10-11,22.96,retail
C03067,2025-10-11,62.22,retail
C03107,2025-10-11,19.35,retail
C03130,2025-10-11,50.86,retail
C03387,2025-10-11,18.62,retail
C03414,2025-10-11,47.1,retail
C03450,2025-10-11,30.18,retail
C03530,2025-10-11,46.8,retail
C03563,2025-10-11,38.36,retail
C03615,2025-10-11,11.78,retail
C03633,2025-10-11,50.15,retail
C03656,2025-10-11,36.04,retail
C03974,2025-10-11,39.8,retail
W005,2025-10-11,278.13,wholesale
W017,2025-10-11,141.62,wholesale
W020,2025-10-11,258.35,wholesale
W024,2025-10-11,349.71,wholesale
W025,2025-10-11,251.46,wholesale
W028,2025-10-11,204.13,wholesale
C00049,2025-10-12,24.72,retail
C00109,2025-10-12,82.79,retail
C00134,2025-10-12,48.12,retail
C00306,2025-10-12,64.63,retail
C00342,2025-10-12,24.37,retail
C00355,2025-10-12,11.76,retail
C00436,2025-10-12,33.6,retail
C00520,2025-10-12,38.94,retail
C00624,2025-10-12,33.59,retail
C00625,2025-10-12,14.95,retail
C00652,2025-10-12,36.8,retail
C00658,2025-10-12,25.28,retail
C00743,2025-10-12,30.45,retail
C00748,2025-10-12,35.83,retail
C00748,2025-10-12,51.06,retail
C00752,2025-10-12,57.17,retail
C00789,2025-10-12,15.86,retail
C00822,2025-10-12,48.97,retail
C00900,2025-10-12,14.04,retail
C00994,2025-10-12,70.69,retail
C01015,2025-10-12,17.27,retail
C01142,2025-10-12,54.07,retail
C01171,2025-10-12,39.13,retail
C01253,2025-10-12,29.22,retail
C01523,2025-10-12,39.14,retail
C01540,2025-10-12,18.94,retail
C01571,2025-10-12,41.77,retail
C01573,2025-10-12,25.69,retail
C01950,2025-10-12,34.71,retail
C02238,2025-10-12,122.43,retail
C02286,2025-10-12,26.67,retail
C02305,2025-10-12,90.56,retail
C02310,2025-10-12,50.84,retail
C02351,2025-10-12,35.26,retail
C02356,2025-10-12,56.79,retail
C02378,2025-10-12,21.91,retail
C02405,2025-10-12,42.69,retail
C02527,2025-10-12,34.98,retail
C02605,2025-10-12,56.28,retail
C02891,2025-10-12,47.94,retail
C03020,2025-10-12,29.76,retail
C03120,2025-10-12,10.32,retail
C03287,2025-10-12,30.84,retail
C03319,2025-10-12,49.28,retail
C03432,2025-10-12,24.8,retail
C03526,2025-10-12,35.54,retail
C03542,2025-10-12,9.4,retail
C03636,2025-10-12,28.48,retail
C03654,2025-10-12,13.05,retail
C03681,2025-10-12,18.05,retail
C03838,2025-10-12,18.75,retail
C03900,2025-10-12,57.17,retail
W011,2025-10-12,176.59,wholesale
W016,2025-10-12,430.22,wholesale
W022,2025-10-12,153.85,wholesale
C00009,2025-10-13,41.92,retail
C00022,2025-10-13,42.17,retail
C00078,2025-10-13,43.15,retail
C00087,2025-10-13,34.57,retail
C00248,2025-10-13,26.95,retail
C00357,2025-10-13,29.22,retail
C00457,2025-10-13,22.48,retail
C00533,2025-10-13,21.29,retail
C00542,2025-10-13,62.77,retail
C00636,2025-10-13,14.66,retail
C00743,2025-10-13,79.12,retail
C00829,2025-10-13,50.89,retail
C01167,2025-10-13,22.48,retail
C01344,2025-10-13,24.58,retail
C01350,2025-10-13,48.81,retail
C01397,2025-10-13,21.8,retail
C01421,2025-10-13,37.69,retail
C01718,2025-10-13,32.0,retail
C01803,2025-10-13,50.1,retail
C01828,2025-10-13,14.51,retail
C02034,2025-10-13,116.39,retail
C02181,2025-10-13,41.9,retail
C02225,2025-10-13,9.24,retail
C02234,2025-10-13,37.5,retail
C02381,2025-10-13,79.08,retail
C02609,2025-10-13,90.27,retail
C02984,2025-10-13,15.3,retail
C03190,2025-10-13,23.26,retail
C03220,2025-10-13,55.9,retail
C03288,2025-10-13,103.2,retail
C03289,2025-10-13,62.23,retail
C03431,2025-10-13,16.31,retail
C03468,2025-10-13,15.75,retail
C03564,2025-10-13,27.34,retail
C03565,2025-10-13,25.36,retail
C03571,2025-10-13,53.15,retail
C03582,2025-10-13,71.16,retail
C03592,2025-10-13,33.09,retail
C03652,2025-10-13,40.89,retail
C03908,2025-10-13,78.38,retail
C03921,2025-10-13,110.05,retail
C03988,2025-10-13,31.89,retail
W004,2025-10-13,255.46,wholesale
W005,2025-10-13,345.74,wholesale
W020,2025-10-13,224.89,wholesale
W025,2025-10-13,253.15,wholesale
W029,2025-10-13,148.86,wholesale
C00044,2025-10-14,36.46,retail
C00134,2025-10-14,24.43,retail
C00143,2025-10-14,89.01,retail
C00235,2025-10-14,30.22,retail
C00257,2025-10-14,52.79,retail
C00267,2025-10-14,56.12,retail
C00315,2025-10-14,64.35,retail
C00457,2025-10-14,15.06,retail
C00571,2025-10-14,32.38,retail
C00626,2025-10-14,23.07,retail
C00627,2025-10-14,29.94,retail
C00668,2025-10-14,30.24,retail
C00862,2025-10-14,20.2,retail
C00945,2025-10-14,22.17,retail
C00994,2025-10-14,28.0,retail
C01105,2025-10-14,27.98,retail
C01469,2025-10-14,45.61,retail
C01483,2025-10-14,82.42,retail
C01574,2025-10-14,27.33,retail
C01666,2025-10-14,53.85,retail
C01740,2025-10-14,29.88,retail
C02158,2025-10-14,36.61,retail
C02500,2025-10-14,39.75,retail
C02562,2025-10-14,19.51,retail
C02609,2025-10-14,189.49,retail
C02720,2025-10-14,41.52,retail
C02726,2025-10-14,44.13,retail
C02913,2025-10-14,58.66,retail
C02996,2025-10-14,10.88,retail
C03120,2025-10-14,35.44,retail
C03202,2025-10-14,22.76,retail
C03356,2025-10-14,93.72,retail
C03377,2025-10-14,13.88,retail
C03508,2025-10-14,96.37,retail
C03595,2025-10-14,86.49,retail
C03601,2025-10-14,13.09,retail
C03622,2025-10-14,55.78,retail
C03878,2025-10-14,21.46,retail
W027,2025-10-14,255.41,wholesale
C00022,2025-10-15,101.8,retail
C00175,2025-10-15,24.09,retail
C00232,2025-10-15,36.25,retail
C00524,2025-10-15,63.88,retail
C00709,2025-10-15,28.65,retail
C00729,2025-10-15,60.11,retail
C00868,2025-10-15,83.64,retail
C00878,2025-10-15,39.11,retail
C01034,2025-10-15,78.34,retail
C01186,2025-10-15,15.74,retail
C01214,2025-10-15,25.52,retail
C01248,2025-10-15,16.55,retail
C01441,2025-10-15,25.26,retail
C01442,2025-10-15,26.58,retail
C01656,2025-10-15,47.69,retail
C01785,2025-10-15,44.5,retail
C02031,2025-10-15,24.05,retail
C02151,2025-10-15,26.08,retail
C02186,2025-10-15,38.05,retail
C02197,2025-10-15,55.24,retail
C02295,2025-10-15,57.77,retail
C02359,2025-10-15,28.97,retail
C02402,2025-10-15,36.22,retail
C02449,2025-10-15,26.45,retail
C02520,2025-10-15,30.86,retail
C02801,2025-10-15,33.81,retail
C02840,2025-10-15,40.25,retail
C02943,2025-10-15,48.17,retail
C03004,2025-10-15,84.67,retail
C03104,2025-10-15,21.85,retail
C03111,2025-10-15,42.52,retail
C03204,2025-10-15,22.4,retail
C03315,2025-10-15,101.34,retail
C03315,2025-10-15,58.76,retail
C03386,2025-10-15,33.92,retail
C03554,2025-10-15,20.96,retail
C03569,2025-10-15,22.13,retail
C03584,2025-10-15,15.01,retail
C03617,2025-10-15,76.91,retail
C03695,2025-10-15,85.25,retail
C03982,2025-10-15,20.08,retail
W000,2025-10-15,288.81,wholesale
W010,2025-10-15,288.69,wholesale
W016,2025-10-15,234.26,wholesale
W023,2025-10-15,316.95,wholesale
W028,2025-10-15,255.9,wholesale
C00189,2025-10-16,20.33,retail
C00236,2025-10-16,47.21,retail
C00306,2025-10-16,43.51,retail
C00318,2025-10-16,37.73,retail
C00341,2025-10-16,52.91,retail
C00474,2025-10-16,32.63,retail
C00484,2025-10-16,18.03,retail
C00893,2025-10-16,27.85,retail
C00905,2025-10-16,15.41,retail
C01161,2025-10-16,16.82,retail
C01259,2025-10-16,40.41,retail
C01383,2025-10-16,36.05,retail
C01452,2025-10-16,98.48,retail
C01560,2025-10-16,20.23,retail
C01580,2025-10-16,24.81,retail
C02042,2025-10-16,52.5,retail
C02150,2025-10-16,16.06,retail
C02181,2025-10-16,18.1,retail
C02251,2025-10-16,46.96,retail
C02369,2025-10-16,40.23,retail
C02434,2025-10-16,31.66,retail
C02718,2025-10-16,43.83,retail
C02810,2025-10-16,47.53,retail
C02894,2025-10-16,18.17,retail
C03054,2025-10-16,32.17,retail
C03222,2025-10-16,13.22,retail
C03267,2025-10-16,19.3,retail
C03323,2025-10-16,37.92,retail
C03453,2025-10-16,34.15,retail
C03504,2025-10-16,18.19,retail
C03764,2025-10-16,38.07,retail
C03999,2025-10-16,45.88,retail
W004,2025-10-16,195.92,wholesale
W010,2025-10-16,194.68,wholesale
C00181,2025-10-17,12.63,retail
C00293,2025-10-17,22.25,retail
C00345,2025-10-17,36.34,retail
C00509,2025-10-17,47.41,retail
C00554,2025-10-17,105.87,retail
C00624,2025-10-17,28.35,retail
C00701,2025-10-17,37.72,retail
C00895,2025-10-17,27.43,retail
C01032,2025-10-17,25.91,retail
C01070,2025-10-17,20.23,retail
C01215,2025-10-17,72.11,retail
C01344,2025-10-17,42.81,retail
C01510,2025-10-17,17.95,retail
C01617,2025-10-17,63.35,retail
C01673,2025-10-17,10.37,retail
C01779,2025-10-17,27.35,retail
C01966,2025-10-17,25.86,retail
C01976,2025-10-17,26.71,retail
C02050,2025-10-17,53.84,retail
C02188,2025-10-17,66.83,retail
C02466,2025-10-17,18.23,retail
C02538,2025-10-17,21.44,retail
C02539,2025-10-17,28.36,retail
C02562,2025-10-17,24.45,retail
C02742,2025-10-17,73.76,retail
C02825,2025-10-17,34.95,retail
C03084,2025-10-17,46.31,retail
C03300,2025-10-17,28.92,retail
C03667,2025-10-17,26.41,retail
C03677,2025-10-17,29.18,retail
C03778,2025-10-17,39.03,retail
C03931,2025-10-17,49.57,retail
C03964,2025-10-17,66.47,retail
W001,2025-10-17,126.05,wholesale
W003,2025-10-17,233.63,wholesale
W018,2025-10-17,186.73,wholesale
W018,2025-10-17,155.36,wholesale
C00098,2025-10-18,22.7,retail
C00217,2025-10-18,22.97,retail
C00661,2025-10-18,33.15,retail
C00709,2025-10-18,48.1,retail
C00845,2025-10-18,30.72,retail
C00882,2025-10-18,73.44,retail
C01441,2025-10-18,42.42,retail
C01486,2025-10-18,57.41,retail
C01542,2025-10-18,21.44,retail
C01577,2025-10-18,46.38,retail
C01630,2025-10-18,35.99,retail
C01693,2025-10-18,14.31,retail
C01735,2025-10-18,20.78,retail
C01765,2025-10-18,56.87,retail
C01769,2025-10-18,34.19,retail
C01899,2025-10-18,46.92,retail
C02004,2025-10-18,14.88,retail
C02100,2025-10-18,15.39,retail
C02169,2025-10-18,85.33,retail
C02174,2025-10-18,34.24,retail
C02364,2025-10-18,66.97,retail
C02385,2025-10-18,30.67,retail
C02476,2025-10-18,22.81,retail
C02507,2025-10-18,63.43,retail
C02679,2025-10-18,36.0,retail
C02891,2025-10-18,51.65,retail
C02915,2025-10-18,83.97,retail
C03049,2025-10-18,27.68,retail
C03099,2025-10-18,39.35,retail
C03108,2025-10-18,28.11,retail
C03130,2025-10-18,25.88,retail
C03180,2025-10-18,15.88,retail
C03202,2025-10-18,20.21,retail
C03253,2025-10-18,58.91,retail
C03344,2025-10-18,28.67,retail
C03371,2025-10-18,76.83,retail
C03387,2025-10-18,32.07,retail
C03440,2025-10-18,25.9,retail
C03441,2025-10-18,44.64,retail
C03554,2025-10-18,18.17,retail
C03700,2025-10-18,19.57,retail
C03780,2025-10-18,122.76,retail
C03884,2025-10-18,12.91,retail
W002,2025-10-18,118.53,wholesale
W006,2025-10-18,101.26,wholesale
W009,2025-10-18,156.22,wholesale
W013,2025-10-18,237.56,wholesale
W021,2025-10-18,153.17,wholesale
W026,2025-10-18,166.15,wholesale
C00049,2025-10-19,47.26,retail
C00154,2025-10-19,47.26,retail
C00300,2025-10-19,41.41,retail
C00322,2025-10-19,53.54,retail
C00612,2025-10-19,51.07,retail
C00687,2025-10-19,36.64,retail
C00947,2025-10-19,19.65,retail
C01062,2025-10-19,38.51,retail
C01540,2025-10-19,96.8,retail
C01618,2025-10-19,38.7,retail
C01679,2025-10-19,12.18,retail
C01688,2025-10-19,71.57,retail
C01745,2025-10-19,26.78,retail
C01772,2025-10-19,52.37,retail
C02054,2025-10-19,24.0,retail
C02083,2025-10-19,36.76,retail
C02375,2025-10-19,43.67,retail
C02397,2025-10-19,18.92,retail
C02500,2025-10-19,144.24,retail
C02608,2025-10-19,20.07,retail
C02626,2025-10-19,34.39,retail
C02727,2025-10-19,20.23,retail
C02738,2025-10-19,11.95,retail
C02899,2025-10-19,45.03,retail
C02979,2025-10-19,40.79,retail
C03059,2025-10-19,77.0,retail
C03099,2025-10-19,32.92,retail
C03312,2025-10-19,19.86,retail
C03523,2025-10-19,59.78,retail
C03636,2025-10-19,98.34,retail
C03680,2025-10-19,17.22,retail
C03909,2025-10-19,105.73,retail
W002,2025-10-19,180.3,wholesale
W005,2025-10-19,133.51,wholesale
W023,2025-10-19,170.98,wholesale
C00055,2025-10-20,59.88,retail
C00159,2025-10-20,47.69,retail
C00219,2025-10-20,67.35,retail
C00245,2025-10-20,26.67,retail
C00361,2025-10-20,19.12,retail
C00380,2025-10-20,63.3,retail
C00416,2025-10-20,13.0,retail
C00451,2025-10-20,46.89,retail
C00499,2025-10-20,23.82,retail
C00521,2025-10-20,16.19,retail
C00573,2025-10-20,44.6,retail
C00608,2025-10-20,20.33,retail
C00630,2025-10-20,19.59,retail
C00647,2025-10-20,53.71,retail
C00729,2025-10-20,14.31,retail
C00753,2025-10-20,24.61,retail
C00795,2025-10-20,46.12,retail
C00801,2025-10-20,23.74,retail
C00839,2025-10-20,14.39,retail
C00993,2025-10-20,20.56,retail
C01176,2025-10-20,89.89,retail
C01217,2025-10-20,23.32,retail
C01304,2025-10-20,129.72,retail
C01434,2025-10-20,39.46,retail
C01487,2025-10-20,52.31,retail
C01777,2025-10-20,61.56,retail
C01879,2025-10-20,41.02,retail
C01961,2025-10-20,31.96,retail
C01994,2025-10-20,47.89,retail
C02020,2025-10-20,63.56,retail
C02048,2025-10-20,28.14,retail
C02073,2025-10-20,18.59,retail
C02080,2025-10-20,49.89,retail
C02274,2025-10-20,10.6,retail
C02423,2025-10-20,57.75,retail
C02463,2025-10-20,20.5,retail
C02569,2025-10-20,27.06,retail
C02646,2025-10-20,43.51,retail
C02659,2025-10-20,56.82,retail
C02681,2025-10-20,37.8,retail
C02681,2025-10-20,77.78,retail
C02748,2025-10-20,32.93,retail
C02827,2025-10-20,36.17,retail
C02893,2025-10-20,60.71,retail
C03033,2025-10-20,58.3,retail
C03064,2025-10-20,119.71,retail
C03082,2025-10-20,30.49,retail
C03185,2025-10-20,29.18,retail
C03239,2025-10-20,23.02,retail
C03262,2025-10-20,42.74,retail
C03397,2025-10-20,40.89,retail
C03432,2025-10-20,18.74,retail
C03503,2025-10-20,55.67,retail
C03547,2025-10-20,20.34,retail
C03572,2025-10-20,68.72,retail
C03605,2025-10-20,52.13,retail
C03629,2025-10-20,23.02,retail
C03927,2025-10-20,47.69,retail
W008,2025-10-20,205.19,wholesale
W018,2025-10-20,270.93,wholesale
W024,2025-10-20,128.89,wholesale
C00041,2025-10-21,31.15,retail
C00088,2025-10-21,42.86,retail
C00106,2025-10-21,52.01,retail
C00107,2025-10-21,18.07,retail
C00114,2025-10-21,17.75,retail
C00167,2025-10-21,34.2,retail
C00228,2025-10-21,47.5,retail
C00259,2025-10-21,55.44,retail
C00353,2025-10-21,48.66,retail
C00365,2025-10-21,79.43,retail
C00569,2025-10-21,33.62,retail
C00574,2025-10-21,32.91,retail
C00646,2025-10-21,36.29,retail
C00678,2025-10-21,34.09,retail
C00687,2025-10-21,25.08,retail
C00814,2025-10-21,26.57,retail
C00887,2025-10-21,55.9,retail
C00905,2025-10-21,22.54,retail
C00988,2025-10-21,63.86,retail
C01161,2025-10-21,27.74,retail
C01216,2025-10-21,39.7,retail
C01364,2025-10-21,120.58,retail
C01386,2025-10-21,38.07,retail
C01426,2025-10-21,40.86,retail
C01461,2025-10-21,18.77,retail
C01536,2025-10-21,7.96,retail
C01571,2025-10-21,219.58,retail
C01604,2025-10-21,18.67,retail
C01652,2025-10-21,28.03,retail
C01674,2025-10-21,45.81,retail
C01837,2025-10-21,34.12,retail
C01920,2025-10-21,31.95,retail
C01958,2025-10-21,20.33,retail
C02380,2025-10-21,47.9,retail
C02461,2025-10-21,98.31,retail
C02537,2025-10-21,24.8,retail
C02540,2025-10-21,81.76,retail
C02598,2025-10-21,68.25,retail
C02625,2025-10-21,15.95,retail
C02764,2025-10-21,48.5,retail
C02775,2025-10-21,20.36,retail
C02927,2025-10-21,49.57,retail
C03184,2025-10-21,82.68,retail
C03211,2025-10-21,46.16,retail
C03305,2025-10-21,28.23,retail
C03327,2025-10-21,20.42,retail
C03439,2025-10-21,32.48,retail
C03526,2025-10-21,37.42,retail
C03564,2025-10-21,20.56,retail
C03674,2025-10-21,21.78,retail
C03746,2025-10-21,71.14,retail
C00005,2025-10-22,28.62,retail
C00069,2025-10-22,33.88,retail
C00146,2025-10-22,36.43,retail
C00426,2025-10-22,31.78,retail
C00471,2025-10-22,50.89,retail
C00550,2025-10-22,55.32,retail
C00723,2025-10-22,45.11,retail
C00737,2025-10-22,24.11,retail
C00742,2025-10-22,49.87,retail
C00959,2025-10-22,39.96,retail
C00980,2025-10-22,22.11,retail
C01190,2025-10-22,60.55,retail
C01373,2025-10-22,39.73,retail
C01437,2025-10-22,26.7,retail
C02225,2025-10-22,31.0,retail
C02251,2025-10-22,35.08,retail
C02375,2025-10-22,21.48,retail
C02449,2025-10-22,52.08,retail
C02643,2025-10-22,51.42,retail
C02714,2025-10-22,30.29,retail
C02733,2025-10-22,48.2,retail
C02857,2025-10-22,19.25,retail
C02974,2025-10-22,12.29,retail
C02984,2025-10-22,47.51,retail
C03309,2025-10-22,26.06,retail
C03359,2025-10-22,22.15,retail
C03424,2025-10-22,36.73,retail
C03563,2025-10-22,25.22,retail
C03603,2025-10-22,27.79,retail
C03714,2025-10-22,73.01,retail
C03791,2025-10-22,61.17,retail
C03906,2025-10-22,46.65,retail
C03956,2025-10-22,36.86,retail
W006,2025-10-22,205.06,wholesale
W023,2025-10-22,149.33,wholesale
W026,2025-10-22,437.89,wholesale
W029,2025-10-22,651.58,wholesale
C00248,2025-10-23,81.52,retail
C00304,2025-10-23,39.23,retail
C00451,2025-10-23,41.14,retail
C00484,2025-10-23,18.71,retail
C00650,2025-10-23,45.25,retail
C00660,2025-10-23,42.21,retail
C00769,2025-10-23,51.92,retail
C00782,2025-10-23,79.36,retail
C00862,2025-10-23,34.69,retail
C00900,2025-10-23,18.1,retail
C00914,2025-10-23,26.51,retail
C00957,2025-10-23,31.01,retail
C00996,2025-10-23,29.62,retail
C01099,2025-10-23,31.6,retail
C01191,2025-10-23,22.87,retail
C01341,2025-10-23,29.72,retail
C01556,2025-10-23,44.57,retail
C01611,2025-10-23,19.43,retail
C01622,2025-10-23,41.85,retail
C02351,2025-10-23,53.71,retail
C02455,2025-10-23,19.69,retail
C02601,2025-10-23,39.6,retail
C02624,2025-10-23,63.13,retail
C02669,2025-10-23,20.93,retail
C02718,2025-10-23,42.47,retail
C02854,2025-10-23,18.29,retail
C02938,2025-10-23,28.21,retail
C02954,2025-10-23,30.71,retail
C03170,2025-10-23,38.75,retail
C03272,2025-10-23,31.44,retail
C03411,2025-10-23,39.14,retail
C03594,2025-10-23,34.67,retail
C03639,2025-10-23,18.38,retail
C03806,2025-10-23,53.57,retail
C03807,2025-10-23,40.85,retail
C03869,2025-10-23,73.26,retail
W008,2025-10-23,205.63,wholesale
W013,2025-10-23,188.86,wholesale
W015,2025-10-23,316.11,wholesale
W019,2025-10-23,216.38,wholesale
W022,2025-10-23,453.94,wholesale
C00008,2025-10-24,31.9,retail
C00063,2025-10-24,59.11,retail
C00180,2025-10-24,15.92,retail
C00291,2025-10-24,11.57,retail
C00328,2025-10-24,57.81,retail
C00416,2025-10-24,58.26,retail
C00525,2025-10-24,35.63,retail
C00952,2025-10-24,35.2,retail
C01166,2025-10-24,12.34,retail
C01358,2025-10-24,35.83,retail
C01453,2025-10-24,25.04,retail
C01493,2025-10-24,25.83,retail
C01532,2025-10-24,38.06,retail
C01576,2025-10-24,13.28,retail
C01638,2025-10-24,23.09,retail
C01720,2025-10-24,31.54,retail
C01968,2025-10-24,36.67,retail
C02025,2025-10-24,37.68,retail
C02182,2025-10-24,101.86,retail
C02353,2025-10-24,42.5,retail
C02432,2025-10-24,20.54,retail
C02438,2025-10-24,31.96,retail
C02552,2025-10-24,52.91,retail
C02617,2025-10-24,38.81,retail
C02901,2025-10-24,29.59,retail
C03013,2025-10-24,4.06,retail
C03211,2025-10-24,69.87,retail
C03347,2025-10-24,45.96,retail
C03385,2025-10-24,12.53,retail
C03495,2025-10-24,96.92,retail
C03561,2025-10-24,15.98,retail
C03750,2025-10-24,88.41,retail
W003,2025-10-24,195.86,wholesale
W010,2025-10-24,185.48,wholesale
W011,2025-10-24,138.29,wholesale
W017,2025-10-24,99.55,wholesale
W018,2025-10-24,113.71,wholesale
W029,2025-10-24,184.03,wholesale
W029,2025-10-24,218.62,wholesale
C00032,2025-10-25,47.88,retail
C00064,2025-10-25,16.82,retail
C00263,2025-10-25,17.7,retail
C00322,2025-10-25,81.81,retail
C00370,2025-10-25,80.32,retail
C00426,2025-10-25,22.03,retail
C00438,2025-10-25,16.44,retail
C00641,2025-10-25,44.9,retail
C00665,2025-10-25,15.74,retail
C00736,2025-10-25,24.21,retail
C00771,2025-10-25,89.07,retail
C00950,2025-10-25,31.48,retail
C01026,2025-10-25,70.84,retail
C01048,2025-10-25,29.06,retail
C01118,2025-10-25,32.78,retail
C01154,2025-10-25,38.55,retail
C01210,2025-10-25,19.17,retail
C01213,2025-10-25,56.65,retail
C01411,2025-10-25,65.17,retail
C01412,2025-10-25,16.79,retail
C01455,2025-10-25,80.57,retail
C01574,2025-10-25,40.78,retail
C01858,2025-10-25,37.47,retail
C02020,2025-10-25,66.12,retail
C02277,2025-10-25,43.3,retail
C02337,2025-10-25,24.67,retail
C02339,2025-10-25,15.09,retail
C02565,2025-10-25,44.54,retail
C02644,2025-10-25,11.46,retail
C02668,2025-10-25,49.67,retail
C02675,2025-10-25,59.66,retail
C02838,2025-10-25,15.93,retail
C02915,2025-10-25,18.17,retail
C03116,2025-10-25,35.23,retail
C03400,2025-10-25,77.68,retail
C03514,2025-10-25,21.33,retail
W001,2025-10-25,148.32,wholesale
W008,2025-10-25,140.42,wholesale
W012,2025-10-25,339.92,wholesale
W013,2025-10-25,117.1,wholesale
W016,2025-10-25,116.68,wholesale
W016,2025-10-25,290.64,wholesale
W027,2025-10-25,259.89,wholesale
C00226,2025-10-26,43.75,retail
C00458,2025-10-26,17.15,retail
C00525,2025-10-26,32.42,retail
C00580,2025-10-26,21.91,retail
C00983,2025-10-26,97.56,retail
C00988,2025-10-26,11.17,retail
C01036,2025-10-26,50.46,retail
C01117,2025-10-26,20.23,retail
C01200,2025-10-26,34.28,retail
C01277,2025-10-26,96.72,retail
C01314,2025-10-26,59.78,retail
C01919,2025-10-26,44.01,retail
C01953,2025-10-26,29.43,retail
C01982,2025-10-26,22.7,retail
C02307,2025-10-26,27.97,retail
C02319,2025-10-26,11.42,retail
C02380,2025-10-26,25.65,retail
C02418,2025-10-26,29.15,retail
C02477,2025-10-26,39.2,retail
C02549,2025-10-26,81.04,retail
C02798,2025-10-26,26.41,retail
C02906,2025-10-26,60.61,retail
C02923,2025-10-26,67.71,retail
C03085,2025-10-26,51.77,retail
C03152,2025-10-26,24.45,retail
C03184,2025-10-26,13.09,retail
C03209,2025-10-26,12.52,retail
C03250,2025-10-26,45.69,retail
C03336,2025-10-26,26.11,retail
C03469,2025-10-26,24.15,retail
C03616,2025-10-26,70.63,retail
C03753,2025-10-26,19.43,retail
C03778,2025-10-26,26.63,retail
C03805,2025-10-26,29.9,retail
C03843,2025-10-26,22.26,retail
W000,2025-10-26,348.78,wholesale
W009,2025-10-26,243.9,wholesale
W009,2025-10-26,235.31,wholesale
W016,2025-10-26,151.87,wholesale
W024,2025-10-26,296.33,wholesale
W028,2025-10-26,163.94,wholesale
C00037,2025-10-27,35.95,retail
C00126,2025-10-27,61.47,retail
C00355,2025-10-27,56.11,retail
C00539,2025-10-27,22.85,retail
C00897,2025-10-27,51.16,retail
C00957,2025-10-27,18.67,retail
C01064,2025-10-27,65.18,retail
C01103,2025-10-27,12.54,retail
C01172,2025-10-27,44.35,retail
C01418,2025-10-27,29.72,retail
C01738,2025-10-27,38.61,retail
C01922,2025-10-27,42.69,retail
C02044,2025-10-27,16.77,retail
C02061,2025-10-27,41.9,retail
C02439,2025-10-27,39.98,retail
C02454,2025-10-27,93.94,retail
C02488,2025-10-27,33.26,retail
C02775,2025-10-27,33.9,retail
C02848,2025-10-27,56.36,retail
C02921,2025-10-27,21.91,retail
C02949,2025-10-27,35.02,retail
C03023,2025-10-27,87.05,retail
C03069,2025-10-27,47.01,retail
C03289,2025-10-27,12.09,retail
C03353,2025-10-27,36.15,retail
C03443,2025-10-27,60.61,retail
C03444,2025-10-27,35.68,retail
C03506,2025-10-27,48.15,retail
C03599,2025-10-27,51.34,retail
C03602,2025-10-27,32.46,retail
C03657,2025-10-27,50.39,retail
C03675,2025-10-27,31.83,retail
C03925,2025-10-27,11.34,retail
C03983,2025-10-27,61.86,retail
W001,2025-10-27,457.86,wholesale
W007,2025-10-27,335.91,wholesale
W007,2025-10-27,246.67,wholesale
W015,2025-10-27,151.9,wholesale
W017,2025-10-27,185.84,wholesale
W025,2025-10-27,135.35,wholesale
W026,2025-10-27,166.14,wholesale
C00038,2025-10-28,92.93,retail
C00055,2025-10-28,26.04,retail
C00277,2025-10-28,51.45,retail
C00311,2025-10-28,14.5,retail
C00592,2025-10-28,52.02,retail
C00679,2025-10-28,33.73,retail
C00745,2025-10-28,121.43,retail
C00913,2025-10-28,20.59,retail
C01099,2025-10-28,13.75,retail
C01101,2025-10-28,126.02,retail
C01184,2025-10-28,86.75,retail
C01264,2025-10-28,40.63,retail
C01326,2025-10-28,18.94,retail
C01340,2025-10-28,41.38,retail
C01359,2025-10-28,111.07,retail
C01366,2025-10-28,24.96,retail
C01375,2025-10-28,48.58,retail
C01442,2025-10-28,26.82,retail
C01670,2025-10-28,71.15,retail
C01711,2025-10-28,84.7,retail
C01766,2025-10-28,45.54,retail
C02415,2025-10-28,23.02,retail
C02424,2025-10-28,13.25,retail
C02659,2025-10-28,32.58,retail
C02786,2025-10-28,27.79,retail
C03029,2025-10-28,22.42,retail
C03116,2025-10-28,21.92,retail
C03218,2025-10-28,25.05,retail
C03373,2025-10-28,22.76,retail
C03490,2025-10-28,33.75,retail
C03647,2025-10-28,26.17,retail
C03696,2025-10-28,73.39,retail
C03898,2025-10-28,36.97,retail
C03981,2025-10-28,12.02,retail
W001,2025-10-28,222.92,wholesale
W002,2025-10-28,170.66,wholesale
W010,2025-10-28,163.46,wholesale
C00037,2025-11-01,37.98,retail
C00051,2025-11-01,39.11,retail
C00087,2025-11-01,10.3,retail
C00353,2025-11-01,89.74,retail
C00372,2025-11-01,8.05,retail
C00511,2025-11-01,62.05,retail
C00520,2025-11-01,67.02,retail
C00652,2025-11-01,24.07,retail
C00806,2025-11-01,26.34,retail
C00878,2025-11-01,31.67,retail
C00884,2025-11-01,34.98,retail
C00994,2025-11-01,35.58,retail
C01136,2025-11-01,69.11,retail
C01312,2025-11-01,63.39,retail
C01314,2025-11-01,43.01,retail
C01344,2025-11-01,46.18,retail
C01426,2025-11-01,45.95,retail
C01503,2025-11-01,13.2,retail
C01573,2025-11-01,39.94,retail
C01645,2025-11-01,56.68,retail
C01679,2025-11-01,40.34,retail
C01894,2025-11-01,37.26,retail
C02125,2025-11-01,21.28,retail
C02295,2025-11-01,50.16,retail
C02385,2025-11-01,24.07,retail
C02454,2025-11-01,21.69,retail
C02557,2025-11-01,15.81,retail
C02712,2025-11-01,57.39,retail
C02746,2025-11-01,69.51,retail
C02838,2025-11-01,29.74,retail
C02848,2025-11-01,44.38,retail
C02999,2025-11-01,19.32,retail
C03008,2025-11-01,31.22,retail
C03069,2025-11-01,45.66,retail
C03506,2025-11-01,114.57,retail
C03563,2025-11-01,10.39,retail
C03564,2025-11-01,22.23,retail
C03566,2025-11-01,26.22,retail
C03668,2025-11-01,23.27,retail
C03676,2025-11-01,42.22,retail
C03694,2025-11-01,71.82,retail
C03742,2025-11-01,52.85,retail
C03835,2025-11-01,55.17,retail
C03878,2025-11-01,23.49,retail
C03882,2025-11-01,79.22,retail
C03945,2025-11-01,88.67,retail
W011,2025-11-01,169.62,wholesale
W020,2025-11-01,281.48,wholesale
W024,2025-11-01,306.14,wholesale
W024,2025-11-01,168.75,wholesale
W025,2025-11-01,301.65,wholesale
C00013,2025-11-02,45.33,retail
C00304,2025-11-02,48.69,retail
C00438,2025-11-02,37.07,retail
C00467,2025-11-02,119.21,retail
C00499,2025-11-02,29.05,retail
C00533,2025-11-02,39.18,retail
C00748,2025-11-02,28.33,retail
C00862,2025-11-02,59.07,retail
C00896,2025-11-02,26.37,retail
C00994,2025-11-02,35.94,retail
C01082,2025-11-02,32.79,retail
C01103,2025-11-02,15.96,retail
C01171,2025-11-02,31.93,retail
C01214,2025-11-02,41.93,retail
C01253,2025-11-02,23.89,retail
C01292,2025-11-02,52.63,retail
C01383,2025-11-02,43.51,retail
C01822,2025-11-02,12.64,retail
C02057,2025-11-02,24.75,retail
C02169,2025-11-02,39.58,retail
C02564,2025-11-02,36.34,retail
C02746,2025-11-02,29.32,retail
C02801,2025-11-02,34.52,retail
C02932,2025-11-02,18.14,retail
C02969,2025-11-02,32.0,retail
C02984,2025-11-02,67.03,retail
C03270,2025-11-02,41.26,retail
C03280,2025-11-02,70.4,retail
C03432,2025-11-02,10.56,retail
C03435,2025-11-02,43.71,retail
C03509,2025-11-02,24.51,retail
C03668,2025-11-02,15.16,retail
C03680,2025-11-02,70.97,retail
C03806,2025-11-02,31.02,retail
C03836,2025-11-02,24.71,retail
W002,2025-11-02,311.91,wholesale
W010,2025-11-02,202.91,wholesale
C00026,2025-11-03,31.55,retail
C00213,2025-11-03,29.22,retail
C00228,2025-11-03,53.34,retail
C00488,2025-11-03,37.43,retail
C00612,2025-11-03,39.83,retail
C00665,2025-11-03,67.33,retail
C00665,2025-11-03,21.21,retail
C00895,2025-11-03,21.1,retail
C01052,2025-11-03,30.39,retail
C01166,2025-11-03,48.23,retail
C01218,2025-11-03,42.35,retail
C01321,2025-11-03,17.47,retail
C01418,2025-11-03,42.97,retail
C01553,2025-11-03,35.89,retail
C01571,2025-11-03,37.4,retail
C01616,2025-11-03,46.49,retail
C01675,2025-11-03,35.05,retail
C01766,2025-11-03,19.38,retail
C02054,2025-11-03,64.38,retail
C02171,2025-11-03,8.27,retail
C02197,2025-11-03,26.13,retail
C02228,2025-11-03,15.76,retail
C02249,2025-11-03,13.5,retail
C02402,2025-11-03,8.59,retail
C02620,2025-11-03,19.58,retail
C02707,2025-11-03,104.38,retail
C02724,2025-11-03,17.8,retail
C02730,2025-11-03,44.03,retail
C02938,2025-11-03,24.51,retail
C02979,2025-11-03,93.24,retail
C03041,2025-11-03,31.54,retail
C03067,2025-11-03,12.09,retail
C03085,2025-11-03,45.55,retail
C03092,2025-11-03,33.11,retail
C03218,2025-11-03,27.37,retail
C03275,2025-11-03,40.01,retail
C03371,2025-11-03,18.44,retail
C03377,2025-11-03,28.24,retail
C03390,2025-11-03,65.74,retail
C03746,2025-11-03,23.23,retail
C03900,2025-11-03,23.59,retail
C03925,2025-11-03,27.13,retail
C03954,2025-11-03,33.78,retail
C03972,2025-11-03,14.3,retail
C03981,2025-11-03,16.55,retail
W005,2025-11-03,316.52,wholesale
W012,2025-11-03,236.37,wholesale
W013,2025-11-03,191.25,wholesale
W017,2025-11-03,196.58,wholesale
C00000,2025-11-04,42.64,retail
C00096,2025-11-04,19.95,retail
C00232,2025-11-04,19.32,retail
C00345,2025-11-04,101.66,retail
C00395,2025-11-04,32.81,retail
C00475,2025-11-04,35.49,retail
C00576,2025-11-04,66.18,retail
C00636,2025-11-04,39.41,retail
C00695,2025-11-04,57.32,retail
C00822,2025-11-04,12.59,retail
C00987,2025-11-04,48.19,retail
C01011,2025-11-04,14.09,retail
C01018,2025-11-04,23.62,retail
C01214,2025-11-04,25.88,retail
C01245,2025-11-04,58.2,retail
C01288,2025-11-04,51.08,retail
C01315,2025-11-04,52.68,retail
C01330,2025-11-04,43.49,retail
C01374,2025-11-04,39.16,retail
C01421,2025-11-04,58.7,retail
C01424,2025-11-04,31.39,retail
C01634,2025-11-04,64.06,retail
C01708,2025-11-04,30.64,retail
C01894,2025-11-04,44.81,retail
C01994,2025-11-04,32.67,retail
C02174,2025-11-04,49.11,retail
C02242,2025-11-04,44.48,retail
C02260,2025-11-04,28.71,retail
C02400,2025-11-04,57.63,retail
C02407,2025-11-04,63.5,retail
C02431,2025-11-04,30.83,retail
C02571,2025-11-04,30.17,retail
C02580,2025-11-04,18.62,retail
C02633,2025-11-04,23.88,retail
C02801,2025-11-04,47.0,retail
C03107,2025-11-04,23.03,retail
C03199,2025-11-04,87.88,retail
C03218,2025-11-04,21.94,retail
C03340,2025-11-04,20.44,retail
C03361,2025-11-04,12.6,retail
C03386,2025-11-04,39.47,retail
C03468,2025-11-04,16.19,retail
C03543,2025-11-04,12.45,retail
C03622,2025-11-04,14.08,retail
C03680,2025-11-04,37.93,retail
C03911,2025-11-04,77.15,retail
C00009,2025-11-05,49.61,retail
C00054,2025-11-05,29.95,retail
C00121,2025-11-05,69.13,retail
C00226,2025-11-05,10.29,retail
C00293,2025-11-05,43.36,retail
C00357,2025-11-05,50.59,retail
C00466,2025-11-05,30.07,retail
C00687,2025-11-05,21.74,retail
C00723,2025-11-05,15.61,retail
C00742,2025-11-05,130.03,retail
C00914,2025-11-05,63.47,retail
C00947,2025-11-05,66.2,retail
C00957,2025-11-05,63.95,retail
C01349,2025-11-05,73.1,retail
C01366,2025-11-05,34.06,retail
C01396,2025-11-05,57.53,retail
C01396,2025-11-05,57.16,retail
C01483,2025-11-05,46.86,retail
C01564,2025-11-05,59.85,retail
C01966,2025-11-05,22.26,retail
C01982,2025-11-05,36.65,retail
C02034,2025-11-05,20.05,retail
C02193,2025-11-05,16.32,retail
C02238,2025-11-05,17.96,retail
C02449,2025-11-05,40.4,retail
C02522,2025-11-05,58.31,retail
C02552,2025-11-05,46.12,retail
C02704,2025-11-05,29.68,retail
C02762,2025-11-05,34.64,retail
C02823,2025-11-05,43.2,retail
C02853,2025-11-05,34.27,retail
C02958,2025-11-05,26.16,retail
C03069,2025-11-05,57.93,retail
C03128,2025-11-05,26.56,retail
C03151,2025-11-05,59.47,retail
C03231,2025-11-05,20.2,retail
C03248,2025-11-05,28.25,retail
C03289,2025-11-05,25.84,retail
C03305,2025-11-05,21.41,retail
C03316,2025-11-05,34.27,retail
C03468,2025-11-05,55.1,retail
C03504,2025-11-05,45.38,retail
C03519,2025-11-05,28.41,retail
C03582,2025-11-05,10.98,retail
C03594,2025-11-05,14.51,retail
C03619,2025-11-05,21.49,retail
C03647,2025-11-05,27.19,retail
C03806,2025-11-05,46.73,retail
C03925,2025-11-05,23.18,retail
C03934,2025-11-05,29.84,retail
C03964,2025-11-05,71.06,retail
C03972,2025-11-05,32.95,retail
C03981,2025-11-05,22.73,retail
W009,2025-11-05,104.31,wholesale
W010,2025-11-05,247.1,wholesale
W015,2025-11-05,211.29,wholesale
W018,2025-11-05,156.12,wholesale
W019,2025-11-05,188.01,wholesale
W025,2025-11-05,283.67,wholesale
W027,2025-11-05,248.46,wholesale
C00032,2025-11-06,51.14,retail
C00063,2025-11-06,37.0,retail
C00134,2025-11-06,23.72,retail
C00160,2025-11-06,43.9,retail
C00254,2025-11-06,30.57,retail
C00304,2025-11-06,33.99,retail
C00451,2025-11-06,16.26,retail
C00509,2025-11-06,31.42,retail
C00773,2025-11-06,49.94,retail
C01064,2025-11-06,20.57,retail
C01210,2025-11-06,12.45,retail
C01542,2025-11-06,39.89,retail
C01657,2025-11-06,30.76,retail
C01776,2025-11-06,52.36,retail
C02023,2025-11-06,61.95,retail
C02349,2025-11-06,28.42,retail
C02452,2025-11-06,43.18,retail
C02645,2025-11-06,26.39,retail
C02646,2025-11-06,28.17,retail
C02685,2025-11-06,123.66,retail
C02714,2025-11-06,39.54,retail
C02775,2025-11-06,32.89,retail
C02802,2025-11-06,210.21,retail
C03023,2025-11-06,53.01,retail
C03394,2025-11-06,40.38,retail
C03421,2025-11-06,17.52,retail
C03514,2025-11-06,33.16,retail
C03548,2025-11-06,38.79,retail
C03681,2025-11-06,32.05,retail
C03853,2025-11-06,136.59,retail
C03978,2025-11-06,71.94,retail
W008,2025-11-06,97.69,wholesale
W017,2025-11-06,195.44,wholesale
W021,2025-11-06,143.31,wholesale
W026,2025-11-06,340.74,wholesale
W028,2025-11-06,204.15,wholesale
C00059,2025-11-07,16.14,retail
C00095,2025-11-07,49.51,retail
C00209,2025-11-07,49.29,retail
C00328,2025-11-07,20.46,retail
C00408,2025-11-07,47.27,retail
C00621,2025-11-07,19.45,retail
C00705,2025-11-07,32.38,retail
C00708,2025-11-07,31.82,retail
C00729,2025-11-07,41.7,retail
C00814,2025-11-07,31.62,retail
C00847,2025-11-07,32.3,retail
C01032,2025-11-07,23.9,retail
C01053,2025-11-07,37.83,retail
C01426,2025-11-07,44.01,retail
C01630,2025-11-07,46.08,retail
C01666,2025-11-07,19.81,retail
C01782,2025-11-07,16.85,retail
C01913,2025-11-07,42.89,retail
C01936,2025-11-07,41.47,retail
C02040,2025-11-07,56.75,retail
C02041,2025-11-07,19.21,retail
C02085,2025-11-07,47.0,retail
C02659,2025-11-07,57.39,retail
C02848,2025-11-07,34.43,retail
C02934,2025-11-07,71.4,retail
C03027,2025-11-07,16.0,retail
C03087,2025-11-07,34.54,retail
C03092,2025-11-07,26.31,retail
C03294,2025-11-07,42.57,retail
C03353,2025-11-07,50.6,retail
C03359,2025-11-07,185.67,retail
C03773,2025-11-07,18.16,retail
C03835,2025-11-07,28.67,retail
C03983,2025-11-07,23.54,retail
C03990,2025-11-07,31.5,retail
W006,2025-11-07,334.62,wholesale
W007,2025-11-07,272.13,wholesale
W014,2025-11-07,135.06,wholesale
W019,2025-11-07,236.36,wholesale
C00120,2025-11-08,35.67,retail
C00355,2025-11-08,69.28,retail
C00406,2025-11-08,24.81,retail
C00415,2025-11-08,41.93,retail
C00421,2025-11-08,50.74,retail
C00485,2025-11-08,25.0,retail
C00561,2025-11-08,21.25,retail
C00603,2025-11-08,100.53,retail
C00614,2025-11-08,22.42,retail
C00711,2025-11-08,18.6,retail
C00752,2025-11-08,34.64,retail
C00753,2025-11-08,38.99,retail
C00778,2025-11-08,28.5,retail
C00965,2025-11-08,68.77,retail
C01015,2025-11-08,24.63,retail
C01074,2025-11-08,87.49,retail
C01148,2025-11-08,51.43,retail
C01148,2025-11-08,44.46,retail
C01210,2025-11-08,23.51,retail
C01215,2025-11-08,21.7,retail
C01299,2025-11-08,38.53,retail
C01399,2025-11-08,61.78,retail
C01452,2025-11-08,56.07,retail
C01529,2025-11-08,44.03,retail
C01604,2025-11-08,35.8,retail
C01673,2025-11-08,38.09,retail
C01740,2025-11-08,13.51,retail
C01766,2025-11-08,34.28,retail
C01899,2025-11-08,41.96,retail
C01912,2025-11-08,88.76,retail
C01945,2025-11-08,49.14,retail
C01959,2025-11-08,32.9,retail
C01996,2025-11-08,75.96,retail
C02042,2025-11-08,41.56,retail
C02083,2025-11-08,23.53,retail
C02251,2025-11-08,22.3,retail
C02307,2025-11-08,34.29,retail
C02417,2025-11-08,12.66,retail
C02589,2025-11-08,48.29,retail
C02626,2025-11-08,48.47,retail
C02633,2025-11-08,33.41,retail
C02874,2025-11-08,20.22,retail
C02927,2025-11-08,25.05,retail
C03278,2025-11-08,38.19,retail
C03289,2025-11-08,27.86,retail
C03321,2025-11-08,31.37,retail
C03327,2025-11-08,31.56,retail
C03409,2025-11-08,74.06,retail
C03471,2025-11-08,129.23,retail
C03502,2025-11-08,53.34,retail
C03554,2025-11-08,26.46,retail
C03889,2025-11-08,34.53,retail
C03921,2025-11-08,64.14,retail
C03927,2025-11-08,15.91,retail
W001,2025-11-08,259.22,wholesale
W006,2025-11-08,328.07,wholesale
W007,2025-11-08,213.42,wholesale
W008,2025-11-08,307.89,wholesale
W014,2025-11-08,158.27,wholesale
W016,2025-11-08,200.75,wholesale
W020,2025-11-08,583.26,wholesale
W027,2025-11-08,254.91,wholesale
C00144,2025-11-09,14.27,retail
C00187,2025-11-09,88.07,retail
C00267,2025-11-09,29.17,retail
C00301,2025-11-09,56.69,retail
C00337,2025-11-09,26.23,retail
C00380,2025-11-09,29.7,retail
C00539,2025-11-09,24.58,retail
C00614,2025-11-09,56.74,retail
C00618,2025-11-09,61.35,retail
C00689,2025-11-09,37.2,retail
C00691,2025-11-09,35.06,retail
C00757,2025-11-09,38.21,retail
C00840,2025-11-09,21.4,retail
C00937,2025-11-09,117.95,retail
C00952,2025-11-09,69.88,retail
C01036,2025-11-09,33.96,retail
C01036,2025-11-09,42.48,retail
C01317,2025-11-09,83.3,retail
C01401,2025-11-09,11.99,retail
C01474,2025-11-09,88.59,retail
C01654,2025-11-09,71.13,retail
C02169,2025-11-09,42.18,retail
C02305,2025-11-09,54.54,retail
C02351,2025-11-09,37.2,retail
C02397,2025-11-09,14.61,retail
C02479,2025-11-09,24.67,retail
C02601,2025-11-09,22.28,retail
C02607,2025-11-09,17.95,retail
C02764,2025-11-09,14.83,retail
C02825,2025-11-09,18.57,retail
C02854,2025-11-09,83.47,retail
C03081,2025-11-09,162.07,retail
C03250,2025-11-09,14.39,retail
C03360,2025-11-09,55.13,retail
C03375,2025-11-09,43.61,retail
C03424,2025-11-09,14.82,retail
C03519,2025-11-09,22.75,retail
C03647,2025-11-09,63.76,retail
C03653,2025-11-09,144.84,retail
C03781,2025-11-09,46.27,retail
C03903,2025-11-09,40.87,retail
C03913,2025-11-09,39.77,retail
C03931,2025-11-09,39.25,retail
W000,2025-11-09,144.51,wholesale
W022,2025-11-09,257.03,wholesale
C00180,2025-11-10,18.19,retail
C00315,2025-11-10,21.84,retail
C00458,2025-11-10,30.45,retail
C00465,2025-11-10,40.0,retail
C00647,2025-11-10,41.24,retail
C00879,2025-11-10,43.82,retail
C00893,2025-11-10,14.26,retail
C00964,2025-11-10,29.76,retail
C00976,2025-11-10,34.24,retail
C00993,2025-11-10,8.67,retail
C01176,2025-11-10,30.32,retail
C01186,2025-11-10,64.6,retail
C01190,2025-11-10,20.94,retail
C01553,2025-11-10,27.67,retail
C01777,2025-11-10,35.66,retail
C01795,2025-11-10,9.99,retail
C02193,2025-11-10,19.5,retail
C02224,2025-11-10,26.14,retail
C02225,2025-11-10,64.45,retail
C02311,2025-11-10,42.07,retail
C02317,2025-11-10,48.48,retail
C02349,2025-11-10,81.32,retail
C02379,2025-11-10,34.64,retail
C02463,2025-11-10,50.13,retail
C02471,2025-11-10,24.22,retail
C02484,2025-11-10,57.91,retail
C02569,2025-11-10,37.75,retail
C02589,2025-11-10,62.86,retail
C02598,2025-11-10,30.28,retail
C02651,2025-11-10,52.77,retail
C02675,2025-11-10,30.53,retail
C02881,2025-11-10,18.75,retail
C02953,2025-11-10,154.1,retail
C03211,2025-11-10,28.05,retail
C03443,2025-11-10,42.08,retail
C03469,2025-11-10,36.78,retail
C03494,2025-11-10,62.95,retail
C03584,2025-11-10,12.52,retail
C03619,2025-11-10,37.18,retail
C03639,2025-11-10,50.45,retail
C03700,2025-11-10,33.67,retail
C03718,2025-11-10,25.25,retail
C03773,2025-11-10,23.08,retail
C03781,2025-11-10,12.45,retail
C03793,2025-11-10,84.34,retail
C03892,2025-11-10,68.17,retail
C03897,2025-11-10,36.9,retail
C03908,2025-11-10,24.36,retail
W001,2025-11-10,204.51,wholesale
W009,2025-11-10,239.49,wholesale
W014,2025-11-10,356.12,wholesale
C00217,2025-11-11,23.35,retail
C00245,2025-11-11,21.29,retail
C00370,2025-11-11,32.53,retail
C00393,2025-11-11,17.49,retail
C00460,2025-11-11,95.59,retail
C00476,2025-11-11,15.51,retail
C00484,2025-11-11,50.73,retail
C00538,2025-11-11,49.48,retail
C00577,2025-11-11,47.55,retail
C00583,2025-11-11,87.82,retail
C00641,2025-11-11,38.49,retail
C00829,2025-11-11,89.58,retail
C00876,2025-11-11,15.91,retail
C00905,2025-11-11,61.42,retail
C01118,2025-11-11,16.18,retail
C01243,2025-11-11,83.4,retail
C01341,2025-11-11,44.37,retail
C01377,2025-11-11,20.33,retail
C01399,2025-11-11,26.93,retail
C01413,2025-11-11,45.02,retail
C01515,2025-11-11,63.46,retail
C01601,2025-11-11,25.51,retail
C01617,2025-11-11,23.6,retail
C01725,2025-11-11,29.48,retail
C01892,2025-11-11,49.1,retail
C01900,2025-11-11,31.25,retail
C02077,2025-11-11,35.1,retail
C02101,2025-11-11,47.11,retail
C02289,2025-11-11,77.66,retail
C02351,2025-11-11,69.08,retail
C02381,2025-11-11,44.15,retail
C02466,2025-11-11,24.87,retail
C02504,2025-11-11,22.87,retail
C02572,2025-11-11,16.94,retail
C02879,2025-11-11,40.63,retail
C02971,2025-11-11,32.36,retail
C02991,2025-11-11,74.51,retail
C03141,2025-11-11,22.61,retail
C03272,2025-11-11,66.15,retail
C03323,2025-11-11,48.14,retail
C03425,2025-11-11,31.72,retail
C03536,2025-11-11,40.14,retail
C03547,2025-11-11,18.76,retail
C03564,2025-11-11,13.81,retail
C03592,2025-11-11,14.82,retail
C03656,2025-11-11,16.47,retail
C03674,2025-11-11,72.75,retail
C03750,2025-11-11,25.55,retail
C03752,2025-11-11,15.28,retail
C03924,2025-11-11,51.83,retail
C03992,2025-11-11,32.58,retail
W000,2025-11-11,235.93,wholesale
W011,2025-11-11,211.85,wholesale
W022,2025-11-11,180.84,wholesale
W023,2025-11-11,371.06,wholesale
C00041,2025-11-12,24.64,retail
C00062,2025-11-12,34.89,retail
C00248,2025-11-12,25.96,retail
C00412,2025-11-12,13.29,retail
C00484,2025-11-12,40.92,retail
C00503,2025-11-12,18.31,retail
C00539,2025-11-12,59.85,retail
C00781,2025-11-12,33.02,retail
C00845,2025-11-12,18.38,retail
C01131,2025-11-12,60.51,retail
C01217,2025-11-12,20.23,retail
C01301,2025-11-12,60.38,retail
C01462,2025-11-12,21.69,retail
C01622,2025-11-12,20.27,retail
C01710,2025-11-12,15.74,retail
C01988,2025-11-12,32.72,retail
C02020,2025-11-12,17.95,retail
C02042,2025-11-12,48.55,retail
C02334,2025-11-12,42.07,retail
C02385,2025-11-12,22.61,retail
C02434,2025-11-12,27.01,retail
C02527,2025-11-12,57.76,retail
C02569,2025-11-12,31.07,retail
C02714,2025-11-12,27.22,retail
C02818,2025-11-12,23.02,retail
C02846,2025-11-12,17.23,retail
C02980,2025-11-12,10.32,retail
C03116,2025-11-12,14.26,retail
C03148,2025-11-12,25.21,retail
C03185,2025-11-12,21.4,retail
C03375,2025-11-12,21.5,retail
C03393,2025-11-12,20.2,retail
C03470,2025-11-12,27.46,retail
C03898,2025-11-12,41.86,retail
C03941,2025-11-12,64.82,retail
W011,2025-11-12,238.02,wholesale
W017,2025-11-12,212.03,wholesale
W029,2025-11-12,198.46,wholesale
C00098,2025-11-13,17.83,retail
C00168,2025-11-13,39.09,retail
C00178,2025-11-13,47.24,retail
C00314,2025-11-13,6.22,retail
C00329,2025-11-13,35.72,retail
C00391,2025-11-13,28.07,retail
C00419,2025-11-13,15.27,retail
C00574,2025-11-13,26.63,retail
C00737,2025-11-13,14.91,retail
C00878,2025-11-13,27.59,retail
C00967,2025-11-13,71.4,retail
C01034,2025-11-13,16.05,retail
C01130,2025-11-13,6.32,retail
C01213,2025-11-13,100.91,retail
C01326,2025-11-13,36.39,retail
C01441,2025-11-13,12.16,retail
C01540,2025-11-13,82.55,retail
C01703,2025-11-13,27.73,retail
C01851,2025-11-13,124.42,retail
C01970,2025-11-13,28.0,retail
C02048,2025-11-13,59.77,retail
C02423,2025-11-13,14.1,retail
C02488,2025-11-13,16.86,retail
C02539,2025-11-13,37.22,retail
C02635,2025-11-13,32.68,retail
C02733,2025-11-13,40.94,retail
C02752,2025-11-13,29.41,retail
C02808,2025-11-13,42.09,retail
C02819,2025-11-13,21.14,retail
C02824,2025-11-13,45.53,retail
C02840,2025-11-13,16.2,retail
C02928,2025-11-13,37.79,retail
C02994,2025-11-13,66.03,retail
C03104,2025-11-13,61.11,retail
C03265,2025-11-13,22.74,retail
C03267,2025-11-13,15.85,retail
C03377,2025-11-13,10.58,retail
C03414,2025-11-13,21.1,retail
C03466,2025-11-13,21.01,retail
C03477,2025-11-13,21.15,retail
C03540,2025-11-13,18.84,retail
C03580,2025-11-13,84.19,retail
C03712,2025-11-13,56.44,retail
C03713,2025-11-13,42.7,retail
C03747,2025-11-13,37.01,retail
C03761,2025-11-13,11.67,retail
C03999,2025-11-13,34.53,retail
W004,2025-11-13,554.74,wholesale
W005,2025-11-13,172.66,wholesale
W006,2025-11-13,172.33,wholesale
W009,2025-11-13,260.91,wholesale
W014,2025-11-13,319.44,wholesale
W016,2025-11-13,155.29,wholesale
W018,2025-11-13,178.14,wholesale
W029,2025-11-13,111.37,wholesale
C00487,2025-11-14,53.77,retail
C00714,2025-11-14,33.19,retail
C00839,2025-11-14,50.22,retail
C01270,2025-11-14,29.56,retail
C01284,2025-11-14,34.23,retail
C01300,2025-11-14,16.6,retail
C01466,2025-11-14,32.02,retail
C01740,2025-11-14,52.18,retail
C01865,2025-11-14,13.5,retail
C01966,2025-11-14,35.41,retail
C02196,2025-11-14,50.87,retail
C02449,2025-11-14,19.07,retail
C02461,2025-11-14,61.75,retail
C02597,2025-11-14,26.0,retail
C02784,2025-11-14,43.34,retail
C02806,2025-11-14,52.29,retail
C02953,2025-11-14,29.26,retail
C02985,2025-11-14,60.88,retail
C03184,2025-11-14,96.69,retail
C03356,2025-11-14,49.28,retail
C03526,2025-11-14,34.88,retail
C03540,2025-11-14,73.37,retail
C03689,2025-11-14,36.39,retail
C03810,2025-11-14,24.15,retail
C03829,2025-11-14,42.48,retail
C03910,2025-11-14,52.89,retail
W017,2025-11-14,263.21,wholesale
W020,2025-11-14,109.26,wholesale
C00107,2025-11-15,56.06,retail
C00372,2025-11-15,29.53,retail
C00381,2025-11-15,29.35,retail
C00407,2025-11-15,74.68,retail
C00448,2025-11-15,14.91,retail
C00624,2025-11-15,65.82,retail
C00640,2025-11-15,63.15,retail
C00767,2025-11-15,19.84,retail
C00786,2025-11-15,16.71,retail
C00887,2025-11-15,33.75,retail
C01088,2025-11-15,29.14,retail
C01097,2025-11-15,20.12,retail
C01176,2025-11-15,22.87,retail
C01200,2025-11-15,37.83,retail
C01253,2025-11-15,50.92,retail
C01262,2025-11-15,39.74,retail
C01278,2025-11-15,53.09,retail
C01364,2025-11-15,17.22,retail
C01560,2025-11-15,56.97,retail
C01576,2025-11-15,12.13,retail
C01597,2025-11-15,32.87,retail
C01953,2025-11-15,20.12,retail
C02034,2025-11-15,22.82,retail
C02074,2025-11-15,30.65,retail
C02082,2025-11-15,15.23,retail
C02152,2025-11-15,31.98,retail
C02261,2025-11-15,33.89,retail
C02263,2025-11-15,40.32,retail
C02360,2025-11-15,53.69,retail
C02369,2025-11-15,52.48,retail
C02533,2025-11-15,59.73,retail
C02579,2025-11-15,47.52,retail
C02796,2025-11-15,54.14,retail
C02945,2025-11-15,59.76,retail
C03001,2025-11-15,30.58,retail
C03033,2025-11-15,42.24,retail
C03129,2025-11-15,49.96,retail
C03152,2025-11-15,11.13,retail
C03179,2025-11-15,79.75,retail
C03191,2025-11-15,35.38,retail
C03268,2025-11-15,48.04,retail
C03350,2025-11-15,35.26,retail
C03371,2025-11-15,27.67,retail
C03373,2025-11-15,58.57,retail
C03531,2025-11-15,49.39,retail
C03567,2025-11-15,37.45,retail
C03592,2025-11-15,17.31,retail
C03897,2025-11-15,29.21,retail
W001,2025-11-15,277.36,wholesale
W024,2025-11-15,149.1,wholesale
W027,2025-11-15,339.83,wholesale
C00077,2025-11-16,21.04,retail
C00126,2025-11-16,63.21,retail
C00153,2025-11-16,41.78,retail
C00154,2025-11-16,79.64,retail
C00245,2025-11-16,43.55,retail
C00322,2025-11-16,30.6,retail
C00329,2025-11-16,52.98,retail
C00451,2025-11-16,32.39,retail
C00471,2025-11-16,49.92,retail
C00482,2025-11-16,51.3,retail
C00780,2025-11-16,100.58,retail
C00964,2025-11-16,36.39,retail
C00965,2025-11-16,33.68,retail
C01014,2025-11-16,36.28,retail
C01094,2025-11-16,78.28,retail
C01154,2025-11-16,62.74,retail
C01217,2025-11-16,40.22,retail
C01263,2025-11-16,20.2,retail
C01271,2025-11-16,26.7,retail
C01391,2025-11-16,28.44,retail
C01449,2025-11-16,14.85,retail
C01469,2025-11-16,29.84,retail
C01534,2025-11-16,27.85,retail
C01560,2025-11-16,19.88,retail
C01582,2025-11-16,14.35,retail
C01629,2025-11-16,27.34,retail
C01652,2025-11-16,47.19,retail
C01673,2025-11-16,45.91,retail
C01788,2025-11-16,17.57,retail
C01951,2025-11-16,15.12,retail
C02031,2025-11-16,35.23,retail
C02290,2025-11-16,48.91,retail
C02310,2025-11-16,103.75,retail
C02549,2025-11-16,48.81,retail
C02656,2025-11-16,48.95,retail
C02679,2025-11-16,55.76,retail
C02735,2025-11-16,37.97,retail
C02786,2025-11-16,16.5,retail
C02795,2025-11-16,49.86,retail
C02985,2025-11-16,53.27,retail
C03046,2025-11-16,24.04,retail
C03085,2025-11-16,91.25,retail
C03172,2025-11-16,101.96,retail
C03319,2025-11-16,51.03,retail
C03350,2025-11-16,30.14,retail
C03440,2025-11-16,49.97,retail
C03524,2025-11-16,28.56,retail
C03548,2025-11-16,107.18,retail
C03567,2025-11-16,42.12,retail
C03656,2025-11-16,85.09,retail
C03829,2025-11-16,28.44,retail
C03967,2025-11-16,43.51,retail
C03982,2025-11-16,72.33,retail
W002,2025-11-16,176.25,wholesale
W003,2025-11-16,219.8,wholesale
W007,2025-11-16,219.07,wholesale
W012,2025-11-16,377.23,wholesale
W017,2025-11-16,127.69,wholesale
W024,2025-11-16,266.19,wholesale
W028,2025-11-16,187.63,wholesale
W029,2025-11-16,143.54,wholesale
C00426,2025-11-17,13.77,retail
C00525,2025-11-17,22.39,retail
C00571,2025-11-17,62.44,retail
C00897,2025-11-17,19.99,retail
C01026,2025-11-17,45.34,retail
C01028,2025-11-17,85.98,retail
C01197,2025-11-17,19.83,retail
C01315,2025-11-17,61.96,retail
C01350,2025-11-17,52.12,retail
C01920,2025-11-17,38.2,retail
C02009,2025-11-17,33.79,retail
C02095,2025-11-17,87.43,retail
C02175,2025-11-17,20.12,retail
C02180,2025-11-17,22.21,retail
C02296,2025-11-17,46.61,retail
C02425,2025-11-17,32.69,retail
C02526,2025-11-17,45.31,retail
C02552,2025-11-17,18.72,retail
C02613,2025-11-17,51.16,retail
C02755,2025-11-17,70.89,retail
C02793,2025-11-17,48.87,retail
C02800,2025-11-17,42.73,retail
C02921,2025-11-17,14.05,retail
C02970,2025-11-17,31.61,retail
C03202,2025-11-17,44.56,retail
C03432,2025-11-17,49.53,retail
C03611,2025-11-17,50.18,retail
C03629,2025-11-17,69.94,retail
W004,2025-11-17,165.85,wholesale
W006,2025-11-17,216.26,wholesale
W008,2025-11-17,254.75,wholesale
W021,2025-11-17,241.62,wholesale
C00166,2025-11-18,41.16,retail
C00167,2025-11-18,34.23,retail
C00190,2025-11-18,21.86,retail
C00298,2025-11-18,15.92,retail
C00300,2025-11-18,24.02,retail
C00357,2025-11-18,27.43,retail
C00521,2025-11-18,19.22,retail
C00528,2025-11-18,11.16,retail
C00554,2025-11-18,31.27,retail
C00616,2025-11-18,35.55,retail
C00950,2025-11-18,20.22,retail
C01015,2025-11-18,23.56,retail
C01103,2025-11-18,35.49,retail
C01154,2025-11-18,46.23,retail
C01207,2025-11-18,40.18,retail
C01244,2025-11-18,38.61,retail
C01269,2025-11-18,21.03,retail
C01270,2025-11-18,51.9,retail
C01271,2025-11-18,22.66,retail
C01300,2025-11-18,30.73,retail
C01356,2025-11-18,9.83,retail
C01434,2025-11-18,27.54,retail
C01434,2025-11-18,17.36,retail
C01441,2025-11-18,38.64,retail
C01447,2025-11-18,52.59,retail
C01498,2025-11-18,24.2,retail
C01540,2025-11-18,46.17,retail
C01631,2025-11-18,18.23,retail
C01765,2025-11-18,34.89,retail
C01857,2025-11-18,31.4,retail
C02124,2025-11-18,48.62,retail
C02180,2025-11-18,78.02,retail
C02210,2025-11-18,57.98,retail
C02249,2025-11-18,29.84,retail
C02490,2025-11-18,24.63,retail
C02512,2025-11-18,76.6,retail
C02703,2025-11-18,16.27,retail
C02710,2025-11-18,87.12,retail
C02718,2025-11-18,65.33,retail
C02726,2025-11-18,26.45,retail
C02729,2025-11-18,50.06,retail
C02867,2025-11-18,28.25,retail
C03023,2025-11-18,23.24,retail
C03033,2025-11-18,23.09,retail
C03057,2025-11-18,60.95,retail
C03312,2025-11-18,43.8,retail
C03327,2025-11-18,13.41,retail
C03356,2025-11-18,13.35,retail
C03550,2025-11-18,48.12,retail
C03599,2025-11-18,26.02,retail
C03612,2025-11-18,42.25,retail
C03677,2025-11-18,36.71,retail
C03810,2025-11-18,34.26,retail
W002,2025-11-18,193.26,wholesale
W010,2025-11-18,113.17,wholesale
W026,2025-11-18,258.92,wholesale
C00002,2025-11-19,48.06,retail
C00008,2025-11-19,33.8,retail
C00008,2025-11-19,92.05,retail
C00087,2025-11-19,61.3,retail
C00100,2025-11-19,29.51,retail
C00209,2025-11-19,74.65,retail
C00219,2025-11-19,78.59,retail
C00263,2025-11-19,56.07,retail
C00300,2025-11-19,25.18,retail
C00499,2025-11-19,84.57,retail
C00524,2025-11-19,31.67,retail
C00588,2025-11-19,51.1,retail
C00650,2025-11-19,27.17,retail
C00737,2025-11-19,22.97,retail
C00784,2025-11-19,13.24,retail
C00912,2025-11-19,22.35,retail
C00950,2025-11-19,47.73,retail
C01006,2025-11-19,33.88,retail
C01230,2025-11-19,43.81,retail
C01235,2025-11-19,43.5,retail
C01366,2025-11-19,19.07,retail
C01522,2025-11-19,27.96,retail
C01638,2025-11-19,51.36,retail
C01679,2025-11-19,51.18,retail
C01724,2025-11-19,36.9,retail
C01879,2025-11-19,40.58,retail
C02137,2025-11-19,22.96,retail
C02369,2025-11-19,10.73,retail
C02483,2025-11-19,43.68,retail
C02525,2025-11-19,48.78,retail
C02530,2025-11-19,33.25,retail
C02617,2025-11-19,58.68,retail
C02762,2025-11-19,88.04,retail
C02786,2025-11-19,81.41,retail
C02857,2025-11-19,29.69,retail
C02999,2025-11-19,30.41,retail
C03007,2025-11-19,45.88,retail
C03130,2025-11-19,36.05,retail
C03504,2025-11-19,19.43,retail
C03529,2025-11-19,24.02,retail
C03580,2025-11-19,35.86,retail
C03599,2025-11-19,36.87,retail
C03652,2025-11-19,47.74,retail
C03715,2025-11-19,8.11,retail
C03750,2025-11-19,68.27,retail
C03884,2025-11-19,24.06,retail
C03886,2025-11-19,15.32,retail
C03906,2025-11-19,29.52,retail
W012,2025-11-19,156.81,wholesale
W015,2025-11-19,205.61,wholesale
W016,2025-11-19,173.63,wholesale
W019,2025-11-19,175.61,wholesale
C00013,2025-11-20,57.98,retail
C00088,2025-11-20,39.7,retail
C00159,2025-11-20,12.28,retail
C00262,2025-11-20,33.06,retail
C00328,2025-11-20,39.38,retail
C00345,2025-11-20,25.98,retail
C00509,2025-11-20,26.26,retail
C00569,2025-11-20,38.36,retail
C00845,2025-11-20,43.58,retail
C00855,2025-11-20,42.7,retail
C00928,2025-11-20,32.65,retail
C00983,2025-11-20,15.79,retail
C00996,2025-11-20,53.35,retail
C01047,2025-11-20,73.07,retail
C01412,2025-11-20,41.3,retail
C01437,2025-11-20,32.38,retail
C01442,2025-11-20,25.09,retail
C01564,2025-11-20,19.1,retail
C01611,2025-11-20,42.21,retail
C01855,2025-11-20,37.95,retail
C01857,2025-11-20,47.52,retail
C02048,2025-11-20,12.73,retail
C02057,2025-11-20,19.18,retail
C02188,2025-11-20,18.47,retail
C02230,2025-11-20,19.62,retail
C02317,2025-11-20,14.9,retail
C02435,2025-11-20,37.95,retail
C02482,2025-11-20,72.14,retail
C02591,2025-11-20,38.23,retail
C02798,2025-11-20,26.38,retail
C02889,2025-11-20,48.15,retail
C02914,2025-11-20,15.4,retail
C02970,2025-11-20,32.96,retail
C03151,2025-11-20,17.85,retail
C03267,2025-11-20,33.14,retail
C03288,2025-11-20,43.44,retail
C03386,2025-11-20,113.74,retail
C03399,2025-11-20,24.39,retail
C03400,2025-11-20,31.09,retail
C03402,2025-11-20,41.12,retail
C03439,2025-11-20,61.65,retail
C03530,2025-11-20,124.26,retail
C03591,2025-11-20,33.31,retail
C03595,2025-11-20,58.53,retail
C03621,2025-11-20,66.19,retail
C03622,2025-11-20,28.3,retail
C03714,2025-11-20,38.31,retail
C03762,2025-11-20,54.65,retail
C03846,2025-11-20,62.57,retail
C03846,2025-11-20,23.06,retail
C03878,2025-11-20,36.81,retail
C03956,2025-11-20,62.32,retail
C03967,2025-11-20,21.28,retail
W000,2025-11-20,199.28,wholesale
W003,2025-11-20,227.79,wholesale
W004,2025-11-20,238.97,wholesale
W015,2025-11-20,237.78,wholesale
C00106,2025-11-21,51.87,retail
C00637,2025-11-21,43.3,retail
C00709,2025-11-21,89.44,retail
C00780,2025-11-21,26.54,retail
C00889,2025-11-21,41.51,retail
C00897,2025-11-21,69.88,retail
C00928,2025-11-21,83.99,retail
C00954,2025-11-21,8.78,retail
C00984,2025-11-21,16.88,retail
C01167,2025-11-21,31.13,retail
C01317,2025-11-21,20.21,retail
C01437,2025-11-21,30.38,retail
C01455,2025-11-21,31.92,retail
C01493,2025-11-21,25.97,retail
C01542,2025-11-21,23.3,retail
C01582,2025-11-21,57.9,retail
C01661,2025-11-21,16.55,retail
C01684,2025-11-21,31.91,retail
C01927,2025-11-21,48.73,retail
C02124,2025-11-21,49.28,retail
C02152,2025-11-21,48.01,retail
C02168,2025-11-21,61.13,retail
C02319,2025-11-21,47.09,retail
C02464,2025-11-21,27.4,retail
C02557,2025-11-21,42.01,retail
C02914,2025-11-21,60.28,retail
C02954,2025-11-21,46.33,retail
C03029,2025-11-21,31.96,retail
C03046,2025-11-21,66.71,retail
C03212,2025-11-21,90.66,retail
C03403,2025-11-21,72.53,retail
C03550,2025-11-21,35.94,retail
C03565,2025-11-21,48.56,retail
C03660,2025-11-21,36.57,retail
C03696,2025-11-21,55.61,retail
C03742,2025-11-21,55.61,retail
C03761,2025-11-21,15.14,retail
C03764,2025-11-21,71.74,retail
C03780,2025-11-21,74.1,retail
C03872,2025-11-21,189.43,retail
C03886,2025-11-21,39.97,retail
W012,2025-11-21,410.24,wholesale
W026,2025-11-21,271.08,wholesale
C00076,2025-11-22,29.24,retail
C00098,2025-11-22,32.16,retail
C00243,2025-11-22,31.39,retail
C00260,2025-11-22,13.22,retail
C00306,2025-11-22,61.22,retail
C00361,2025-11-22,43.2,retail
C00414,2025-11-22,24.59,retail
C00414,2025-11-22,68.27,retail
C00488,2025-11-22,44.22,retail
C00678,2025-11-22,35.42,retail
C00691,2025-11-22,47.31,retail
C00723,2025-11-22,27.54,retail
C00775,2025-11-22,9.0,retail
C01132,2025-11-22,28.16,retail
C01401,2025-11-22,35.73,retail
C01524,2025-11-22,17.85,retail
C01572,2025-11-22,39.92,retail
C01725,2025-11-22,19.75,retail
C02182,2025-11-22,61.33,retail
C02380,2025-11-22,20.34,retail
C02454,2025-11-22,45.13,retail
C02471,2025-11-22,58.38,retail
C02537,2025-11-22,23.12,retail
C02556,2025-11-22,22.06,retail
C02562,2025-11-22,12.2,retail
C02667,2025-11-22,34.63,retail
C02855,2025-11-22,8.9,retail
C03209,2025-11-22,42.45,retail
C03213,2025-11-22,39.95,retail
C03400,2025-11-22,21.94,retail
C03424,2025-11-22,73.75,retail
C03454,2025-11-22,28.32,retail
C03478,2025-11-22,26.01,retail
C03506,2025-11-22,41.23,retail
C03714,2025-11-22,40.75,retail
C03898,2025-11-22,14.86,retail
C03984,2025-11-22,25.63,retail
W013,2025-11-22,299.26,wholesale
W018,2025-11-22,194.6,wholesale
C00024,2025-11-23,36.61,retail
C00144,2025-11-23,21.63,retail
C00148,2025-11-23,40.86,retail
C00148,2025-11-23,19.46,retail
C00580,2025-11-23,50.32,retail
C00630,2025-11-23,92.1,retail
C00658,2025-11-23,77.22,retail
C00711,2025-11-23,47.88,retail
C00846,2025-11-23,28.0,retail
C01032,2025-11-23,58.24,retail
C01365,2025-11-23,90.68,retail
C01373,2025-11-23,74.46,retail
C01383,2025-11-23,31.13,retail
C01572,2025-11-23,21.94,retail
C01802,2025-11-23,56.23,retail
C01827,2025-11-23,179.53,retail
C01865,2025-11-23,31.61,retail
C02004,2025-11-23,17.99,retail
C02166,2025-11-23,64.0,retail
C02181,2025-11-23,28.44,retail
C02196,2025-11-23,43.53,retail
C02479,2025-11-23,34.51,retail
C02598,2025-11-23,33.1,retail
C02623,2025-11-23,9.79,retail
C02825,2025-11-23,36.32,retail
C02827,2025-11-23,93.01,retail
C02909,2025-11-23,23.53,retail
C02918,2025-11-23,39.35,retail
C02943,2025-11-23,110.37,retail
C03020,2025-11-23,28.26,retail
C03020,2025-11-23,25.97,retail
C03054,2025-11-23,25.07,retail
C03067,2025-11-23,68.02,retail
C03414,2025-11-23,20.07,retail
C03529,2025-11-23,47.92,retail
C03559,2025-11-23,14.41,retail
C03583,2025-11-23,14.69,retail
C03594,2025-11-23,59.79,retail
C03696,2025-11-23,45.52,retail
C03767,2025-11-23,12.78,retail
C03780,2025-11-23,37.3,retail
C03825,2025-11-23,21.98,retail
C03956,2025-11-23,39.1,retail
C03958,2025-11-23,15.58,retail
W005,2025-11-23,311.81,wholesale
W006,2025-11-23,242.43,wholesale
W008,2025-11-23,477.89,wholesale
W013,2025-11-23,364.82,wholesale
W022,2025-11-23,148.28,wholesale
W022,2025-11-23,239.4,wholesale
W027,2025-11-23,201.39,wholesale
W027,2025-11-23,232.77,wholesale
C00212,2025-11-24,30.83,retail
C00466,2025-11-24,27.33,retail
C00535,2025-11-24,23.02,retail
C00624,2025-11-24,39.36,retail
C00682,2025-11-24,39.62,retail
C00755,2025-11-24,25.81,retail
C00801,2025-11-24,22.34,retail
C00811,2025-11-24,16.53,retail
C00919,2025-11-24,42.47,retail
C00935,2025-11-24,27.07,retail
C01172,2025-11-24,23.43,retail
C01184,2025-11-24,17.2,retail
C01263,2025-11-24,59.46,retail
C01275,2025-11-24,34.39,retail
C01532,2025-11-24,79.65,retail
C01615,2025-11-24,54.09,retail
C01745,2025-11-24,10.48,retail
C01794,2025-11-24,60.96,retail
C01903,2025-11-24,39.44,retail
C02158,2025-11-24,51.26,retail
C02600,2025-11-24,26.24,retail
C02952,2025-11-24,21.83,retail
C03087,2025-11-24,31.6,retail
C03157,2025-11-24,97.6,retail
C03260,2025-11-24,18.12,retail
C03441,2025-11-24,26.1,retail
C03510,2025-11-24,19.47,retail
C03533,2025-11-24,34.93,retail
C03690,2025-11-24,24.09,retail
C03738,2025-11-24,29.04,retail
C03843,2025-11-24,55.63,retail
C03976,2025-11-24,12.39,retail
W002,2025-11-24,294.23,wholesale
W003,2025-11-24,239.19,wholesale
W008,2025-11-24,374.43,wholesale
W013,2025-11-24,321.93,wholesale
W023,2025-11-24,208.54,wholesale
W023,2025-11-24,201.34,wholesale
W028,2025-11-24,302.69,wholesale
C00000,2025-11-25,56.44,retail
C00051,2025-11-25,56.05,retail
C00083,2025-11-25,63.02,retail
C00442,2025-11-25,49.21,retail
C00457,2025-11-25,55.87,retail
C00463,2025-11-25,27.54,retail
C00611,2025-11-25,25.2,retail
C00957,2025-11-25,57.11,retail
C01060,2025-11-25,78.85,retail
C01277,2025-11-25,108.96,retail
C01410,2025-11-25,11.87,retail
C01411,2025-11-25,47.47,retail
C01635,2025-11-25,23.78,retail
C01695,2025-11-25,60.48,retail
C01884,2025-11-25,85.4,retail
C01952,2025-11-25,20.96,retail
C01953,2025-11-25,66.03,retail
C02259,2025-11-25,38.47,retail
C02274,2025-11-25,24.94,retail
C02463,2025-11-25,47.72,retail
C02562,2025-11-25,24.12,retail
C02617,2025-11-25,38.94,retail
C02632,2025-11-25,20.27,retail
C02891,2025-11-25,41.39,retail
C02968,2025-11-25,17.65,retail
C02994,2025-11-25,28.87,retail
C03301,2025-11-25,26.42,retail
C03340,2025-11-25,14.36,retail
C03477,2025-11-25,23.27,retail
C03490,2025-11-25,32.85,retail
C03565,2025-11-25,40.78,retail
C03636,2025-11-25,45.14,retail
C03669,2025-11-25,33.17,retail
C03884,2025-11-25,25.91,retail
C03908,2025-11-25,50.73,retail
C03926,2025-11-25,40.86,retail
C03960,2025-11-25,19.1,retail
C03984,2025-11-25,56.57,retail
W009,2025-11-25,254.3,wholesale
W010,2025-11-25,199.81,wholesale
W012,2025-11-25,174.64,wholesale
W014,2025-11-25,114.94,wholesale
W022,2025-11-25,340.39,wholesale
W023,2025-11-25,358.41,wholesale
C00006,2025-11-26,25.11,retail
C00037,2025-11-26,53.4,retail
C00118,2025-11-26,45.03,retail
C00228,2025-11-26,28.69,retail
C00263,2025-11-26,45.97,retail
C00322,2025-11-26,54.92,retail
C00332,2025-11-26,21.57,retail
C00783,2025-11-26,60.02,retail
C00818,2025-11-26,101.17,retail
C00905,2025-11-26,44.6,retail
C01070,2025-11-26,35.06,retail
C01071,2025-11-26,22.96,retail
C01171,2025-11-26,17.67,retail
C01186,2025-11-26,41.88,retail
C01231,2025-11-26,14.13,retail
C01384,2025-11-26,49.46,retail
C01411,2025-11-26,76.25,retail
C01682,2025-11-26,88.94,retail
C01812,2025-11-26,34.92,retail
C01939,2025-11-26,83.48,retail
C02140,2025-11-26,38.61,retail
C02227,2025-11-26,23.03,retail
C02254,2025-11-26,29.64,retail
C02305,2025-11-26,42.38,retail
C02339,2025-11-26,120.82,retail
C02515,2025-11-26,47.4,retail
C02520,2025-11-26,28.45,retail
C02735,2025-11-26,42.97,retail
C02791,2025-11-26,32.15,retail
C02851,2025-11-26,64.89,retail
C02896,2025-11-26,20.72,retail
C03319,2025-11-26,63.15,retail
C03408,2025-11-26,11.67,retail
C03443,2025-11-26,28.07,retail
C03453,2025-11-26,18.78,retail
C03539,2025-11-26,28.09,retail
C03654,2025-11-26,47.9,retail
C03716,2025-11-26,31.24,retail
C03718,2025-11-26,22.64,retail
C03798,2025-11-26,42.66,retail
C03893,2025-11-26,17.32,retail
C03936,2025-11-26,31.87,retail
C03988,2025-11-26,63.87,retail
W009,2025-11-26,318.61,wholesale
C00129,2025-11-27,73.91,retail
C00157,2025-11-27,100.33,retail
C00261,2025-11-27,22.58,retail
C00314,2025-11-27,143.12,retail
C00369,2025-11-27,28.13,retail
C00443,2025-11-27,61.26,retail
C00521,2025-11-27,19.45,retail
C00525,2025-11-27,36.27,retail
C00558,2025-11-27,28.76,retail
C00609,2025-11-27,50.84,retail
C00647,2025-11-27,26.09,retail
C00674,2025-11-27,55.88,retail
C00709,2025-11-27,36.58,retail
C00895,2025-11-27,108.06,retail
C00993,2025-11-27,197.7,retail
C01014,2025-11-27,22.79,retail
C01048,2025-11-27,77.61,retail
C01105,2025-11-27,36.05,retail
C01105,2025-11-27,40.04,retail
C01344,2025-11-27,11.05,retail
C01391,2025-11-27,48.73,retail
C01465,2025-11-27,41.13,retail
C01597,2025-11-27,44.24,retail
C01640,2025-11-27,23.07,retail
C01719,2025-11-27,13.39,retail
C02058,2025-11-27,40.46,retail
C02093,2025-11-27,214.74,retail
C02195,2025-11-27,33.16,retail
C02233,2025-11-27,50.13,retail
C02264,2025-11-27,29.32,retail
C02286,2025-11-27,30.02,retail
C02327,2025-11-27,50.33,retail
C02477,2025-11-27,32.06,retail
C02605,2025-11-27,55.92,retail
C02742,2025-11-27,30.87,retail
C03107,2025-11-27,34.29,retail
C03233,2025-11-27,57.51,retail
C03358,2025-11-27,32.29,retail
C03380,2025-11-27,28.92,retail
C03502,2025-11-27,32.34,retail
C03572,2025-11-27,107.14,retail
C03582,2025-11-27,63.56,retail
C03654,2025-11-27,25.19,retail
C03670,2025-11-27,43.16,retail
C03677,2025-11-27,23.43,retail
C03694,2025-11-27,28.75,retail
C03712,2025-11-27,41.09,retail
C03739,2025-11-27,43.95,retail
C03801,2025-11-27,63.93,retail
C03838,2025-11-27,18.79,retail
C03847,2025-11-27,53.34,retail
W001,2025-11-27,226.38,wholesale
W002,2025-11-27,325.54,wholesale
W005,2025-11-27,122.59,wholesale
W016,2025-11-27,249.14,wholesale
W021,2025-11-27,179.05,wholesale
W028,2025-11-27,181.37,wholesale
C00005,2025-11-28,31.09,retail
C00009,2025-11-28,33.89,retail
C00053,2025-11-28,41.77,retail
C00079,2025-11-28,42.45,retail
C00212,2025-11-28,29.21,retail
C00291,2025-11-28,56.25,retail
C00520,2025-11-28,33.65,retail
C00582,2025-11-28,22.52,retail
C00618,2025-11-28,79.46,retail
C00661,2025-11-28,63.66,retail
C00738,2025-11-28,38.86,retail
C00854,2025-11-28,39.54,retail
C00868,2025-11-28,55.81,retail
C00959,2025-11-28,34.13,retail
C01274,2025-11-28,32.46,retail
C01442,2025-11-28,12.26,retail
C01451,2025-11-28,17.23,retail
C01532,2025-11-28,12.5,retail
C01537,2025-11-28,36.36,retail
C01578,2025-11-28,27.78,retail
C01656,2025-11-28,39.1,retail
C01752,2025-11-28,37.93,retail
C01777,2025-11-28,24.46,retail
C01786,2025-11-28,50.01,retail
C02173,2025-11-28,31.57,retail
C02174,2025-11-28,106.1,retail
C02221,2025-11-28,13.17,retail
C02324,2025-11-28,38.48,retail
C02363,2025-11-28,29.75,retail
C02364,2025-11-28,36.67,retail
C02406,2025-11-28,107.57,retail
C02425,2025-11-28,46.53,retail
C02493,2025-11-28,25.74,retail
C02539,2025-11-28,19.05,retail
C02607,2025-11-28,54.69,retail
C02704,2025-11-28,36.72,retail
C02913,2025-11-28,32.99,retail
C03054,2025-11-28,31.12,retail
C03145,2025-11-28,36.39,retail
C03240,2025-11-28,70.83,retail
C03358,2025-11-28,40.36,retail
C03397,2025-11-28,24.6,retail
C03441,2025-11-28,52.29,retail
C03713,2025-11-28,52.51,retail
C03762,2025-11-28,175.7,retail
C03902,2025-11-28,45.61,retail
W016,2025-11-28,246.76,wholesale
W020,2025-11-28,157.57,wholesale
W024,2025-11-28,184.96,wholesale
W025,2025-11-28,206.22,wholesale
W026,2025-11-28,230.88,wholesale
C00300,2025-12-01,16.75,retail
C00322,2025-12-01,35.31,retail
C00329,2025-12-01,15.16,retail
C00517,2025-12-01,43.33,retail
C00571,2025-12-01,25.52,retail
C00660,2025-12-01,38.71,retail
C00738,2025-12-01,16.22,retail
C00767,2025-12-01,83.29,retail
C00840,2025-12-01,59.8,retail
C00968,2025-12-01,25.79,retail
C01069,2025-12-01,30.99,retail
C01210,2025-12-01,66.59,retail
C01355,2025-12-01,32.74,retail
C01469,2025-12-01,156.8,retail
C01622,2025-12-01,29.27,retail
C01678,2025-12-01,71.07,retail
C01696,2025-12-01,45.03,retail
C01711,2025-12-01,29.15,retail
C01854,2025-12-01,37.65,retail
C01894,2025-12-01,24.09,retail
C01945,2025-12-01,32.01,retail
C02148,2025-12-01,12.47,retail
C02155,2025-12-01,24.34,retail
C02316,2025-12-01,27.11,retail
C02349,2025-12-01,35.41,retail
C02467,2025-12-01,34.28,retail
C02510,2025-12-01,23.55,retail
C02548,2025-12-01,37.73,retail
C02621,2025-12-01,86.38,retail
C02788,2025-12-01,34.33,retail
C02867,2025-12-01,32.08,retail
C03029,2025-12-01,21.7,retail
C03148,2025-12-01,54.69,retail
C03185,2025-12-01,25.92,retail
C03231,2025-12-01,33.36,retail
C03514,2025-12-01,27.81,retail
C03548,2025-12-01,38.35,retail
C03641,2025-12-01,22.49,retail
C03734,2025-12-01,47.89,retail
C03761,2025-12-01,38.15,retail
C03911,2025-12-01,30.32,retail
C03956,2025-12-01,19.43,retail
W001,2025-12-01,149.74,wholesale
W007,2025-12-01,309.72,wholesale
W026,2025-12-01,263.51,wholesale
C00000,2025-12-02,23.94,retail
C00129,2025-12-02,42.58,retail
C00209,2025-12-02,23.23,retail
C00281,2025-12-02,26.29,retail
C00282,2025-12-02,35.04,retail
C00406,2025-12-02,32.62,retail
C00693,2025-12-02,28.81,retail
C00801,2025-12-02,30.23,retail
C00887,2025-12-02,20.19,retail
C01026,2025-12-02,27.58,retail
C01103,2025-12-02,29.31,retail
C01171,2025-12-02,47.38,retail
C01191,2025-12-02,28.12,retail
C01259,2025-12-02,93.96,retail
C01317,2025-12-02,55.74,retail
C01356,2025-12-02,19.17,retail
C01632,2025-12-02,63.98,retail
C01635,2025-12-02,49.81,retail
C01675,2025-12-02,32.67,retail
C01678,2025-12-02,24.88,retail
C01752,2025-12-02,43.65,retail
C01886,2025-12-02,30.26,retail
C02235,2025-12-02,16.9,retail
C02249,2025-12-02,34.59,retail
C02589,2025-12-02,57.2,retail
C02591,2025-12-02,134.47,retail
C02632,2025-12-02,45.08,retail
C02661,2025-12-02,52.14,retail
C02748,2025-12-02,32.07,retail
C02795,2025-12-02,11.39,retail
C02816,2025-12-02,126.03,retail
C02930,2025-12-02,67.16,retail
C02934,2025-12-02,44.42,retail
C03067,2025-12-02,12.84,retail
C03399,2025-12-02,40.15,retail
C03425,2025-12-02,68.48,retail
C03460,2025-12-02,16.56,retail
C03559,2025-12-02,113.32,retail
C03652,2025-12-02,78.96,retail
C03852,2025-12-02,40.1,retail
C03898,2025-12-02,17.21,retail
C03941,2025-12-02,41.8,retail
C03945,2025-12-02,40.92,retail
C03992,2025-12-02,16.74,retail
W005,2025-12-02,303.46,wholesale
W015,2025-12-02,125.55,wholesale
W021,2025-12-02,298.75,wholesale
C00051,2025-12-03,40.82,retail
C00173,2025-12-03,24.15,retail
C00217,2025-12-03,9.61,retail
C00291,2025-12-03,24.2,retail
C00421,2025-12-03,52.68,retail
C00457,2025-12-03,17.08,retail
C00484,2025-12-03,48.55,retail
C00582,2025-12-03,30.78,retail
C00650,2025-12-03,30.5,retail
C00682,2025-12-03,13.95,retail
C00811,2025-12-03,29.1,retail
C00914,2025-12-03,34.8,retail
C00935,2025-12-03,27.63,retail
C00965,2025-12-03,46.08,retail
C01154,2025-12-03,95.75,retail
C01169,2025-12-03,26.44,retail
C01175,2025-12-03,94.95,retail
C01184,2025-12-03,34.09,retail
C01375,2025-12-03,82.61,retail
C01455,2025-12-03,101.35,retail
C01486,2025-12-03,43.76,retail
C01572,2025-12-03,29.02,retail
C01688,2025-12-03,27.87,retail
C01740,2025-12-03,22.79,retail
C01831,2025-12-03,33.52,retail
C01872,2025-12-03,16.88,retail
C01879,2025-12-03,22.4,retail
C01938,2025-12-03,26.18,retail
C02140,2025-12-03,152.67,retail
C02207,2025-12-03,11.93,retail
C02269,2025-12-03,23.43,retail
C02271,2025-12-03,112.02,retail
C02295,2025-12-03,29.46,retail
C02296,2025-12-03,16.03,retail
C02301,2025-12-03,68.27,retail
C02310,2025-12-03,58.66,retail
C02369,2025-12-03,33.68,retail
C02460,2025-12-03,59.32,retail
C02489,2025-12-03,57.12,retail
C02556,2025-12-03,80.64,retail
C02557,2025-12-03,53.19,retail
C02577,2025-12-03,17.38,retail
C02594,2025-12-03,32.83,retail
C02716,2025-12-03,50.02,retail
C02840,2025-12-03,47.96,retail
C02891,2025-12-03,49.07,retail
C03107,2025-12-03,45.85,retail
C03342,2025-12-03,65.1,retail
C03468,2025-12-03,32.29,retail
C03547,2025-12-03,56.33,retail
C03550,2025-12-03,37.19,retail
C03566,2025-12-03,17.82,retail
C03596,2025-12-03,76.47,retail
C03639,2025-12-03,26.12,retail
C03650,2025-12-03,65.72,retail
C03714,2025-12-03,53.75,retail
C03754,2025-12-03,29.21,retail
C03793,2025-12-03,26.62,retail
C03856,2025-12-03,49.09,retail
C03960,2025-12-03,20.29,retail
W023,2025-12-03,506.91,wholesale
W026,2025-12-03,287.92,wholesale
W029,2025-12-03,194.45,wholesale
C00009,2025-12-04,21.48,retail
C00183,2025-12-04,27.94,retail
C00213,2025-12-04,33.17,retail
C00317,2025-12-04,20.16,retail
C00381,2025-12-04,21.33,retail
C00574,2025-12-04,33.34,retail
C00576,2025-12-04,33.32,retail
C00608,2025-12-04,31.49,retail
C00640,2025-12-04,57.58,retail
C00716,2025-12-04,50.85,retail
C00752,2025-12-04,13.92,retail
C00868,2025-12-04,8.63,retail
C00896,2025-12-04,110.49,retail
C00910,2025-12-04,63.58,retail
C01012,2025-12-04,59.29,retail
C01064,2025-12-04,33.94,retail
C01217,2025-12-04,28.48,retail
C01263,2025-12-04,34.31,retail
C01617,2025-12-04,10.9,retail
C01622,2025-12-04,22.3,retail
C01630,2025-12-04,38.02,retail
C01766,2025-12-04,40.99,retail
C01794,2025-12-04,13.8,retail
C02152,2025-12-04,12.84,retail
C02171,2025-12-04,22.33,retail
C02195,2025-12-04,13.21,retail
C02263,2025-12-04,84.79,retail
C02270,2025-12-04,16.11,retail
C02295,2025-12-04,41.28,retail
C02324,2025-12-04,22.21,retail
C02550,2025-12-04,36.93,retail
C02571,2025-12-04,27.85,retail
C02685,2025-12-04,27.77,retail
C02703,2025-12-04,59.75,retail
C02724,2025-12-04,51.09,retail
C02854,2025-12-04,36.92,retail
C02881,2025-12-04,32.21,retail
C02969,2025-12-04,31.13,retail
C02984,2025-12-04,77.26,retail
C03120,2025-12-04,24.59,retail
C03223,2025-12-04,31.44,retail
C03233,2025-12-04,19.21,retail
C03300,2025-12-04,47.1,retail
C03323,2025-12-04,41.76,retail
C03449,2025-12-04,43.45,retail
C03528,2025-12-04,18.41,retail
C03539,2025-12-04,49.95,retail
C03629,2025-12-04,51.91,retail
C03710,2025-12-04,9.49,retail
C03742,2025-12-04,8.79,retail
C03934,2025-12-04,74.52,retail
C03980,2025-12-04,32.92,retail
W006,2025-12-04,326.75,wholesale
W009,2025-12-04,214.66,wholesale
W015,2025-12-04,299.4,wholesale
W025,2025-12-04,137.96,wholesale
W027,2025-12-04,108.85,wholesale
C00160,2025-12-05,24.19,retail
C00293,2025-12-05,63.84,retail
C00467,2025-12-05,66.13,retail
C00573,2025-12-05,39.18,retail
C00822,2025-12-05,40.71,retail
C00855,2025-12-05,15.52,retail
C00928,2025-12-05,54.55,retail
C01052,2025-12-05,23.87,retail
C01132,2025-12-05,33.42,retail
C01137,2025-12-05,86.88,retail
C01207,2025-12-05,24.67,retail
C01238,2025-12-05,11.51,retail
C01255,2025-12-05,49.82,retail
C01317,2025-12-05,73.57,retail
C01341,2025-12-05,62.64,retail
C01418,2025-12-05,26.97,retail
C01493,2025-12-05,69.93,retail
C01576,2025-12-05,33.67,retail
C01952,2025-12-05,19.99,retail
C02041,2025-12-05,42.55,retail
C02153,2025-12-05,30.43,retail
C02193,2025-12-05,32.53,retail
C02209,2025-12-05,28.28,retail
C02225,2025-12-05,101.13,retail
C02274,2025-12-05,73.45,retail
C02286,2025-12-05,56.92,retail
C02307,2025-12-05,20.85,retail
C02376,2025-12-05,60.59,retail
C02380,2025-12-05,24.91,retail
C02402,2025-12-05,37.04,retail
C02483,2025-12-05,60.92,retail
C02808,2025-12-05,71.92,retail
C02849,2025-12-05,34.26,retail
C03035,2025-12-05,51.21,retail
C03112,2025-12-05,41.11,retail
C03305,2025-12-05,18.61,retail
C03323,2025-12-05,25.38,retail
C03421,2025-12-05,7.51,retail
C03543,2025-12-05,56.6,retail
C03636,2025-12-05,28.92,retail
C03674,2025-12-05,70.04,retail
C03780,2025-12-05,147.24,retail
C03900,2025-12-05,65.25,retail
C03920,2025-12-05,9.85,retail
C03953,2025-12-05,29.43,retail
W008,2025-12-05,217.52,wholesale
W008,2025-12-05,334.08,wholesale
W012,2025-12-05,243.24,wholesale
W013,2025-12-05,367.09,wholesale
W024,2025-12-05,183.32,wholesale
W026,2025-12-05,200.99,wholesale
C00073,2025-12-06,43.67,retail
C00260,2025-12-06,18.0,retail
C00361,2025-12-06,30.33,retail
C00650,2025-12-06,70.26,retail
C00678,2025-12-06,74.44,retail
C00695,2025-12-06,55.52,retail
C00760,2025-12-06,15.78,retail
C00786,2025-12-06,41.53,retail
C00988,2025-12-06,30.31,retail
C01007,2025-12-06,12.07,retail
C01033,2025-12-06,41.99,retail
C01190,2025-12-06,35.03,retail
C01267,2025-12-06,11.8,retail
C01271,2025-12-06,30.93,retail
C01271,2025-12-06,20.32,retail
C01301,2025-12-06,51.51,retail
C01315,2025-12-06,23.07,retail
C01391,2025-12-06,38.37,retail
C01396,2025-12-06,61.2,retail
C01424,2025-12-06,41.26,retail
C01699,2025-12-06,54.63,retail
C01813,2025-12-06,22.13,retail
C01865,2025-12-06,34.86,retail
C01982,2025-12-06,42.32,retail
C01987,2025-12-06,20.08,retail
C01999,2025-12-06,18.26,retail
C02040,2025-12-06,17.74,retail
C02047,2025-12-06,46.4,retail
C02093,2025-12-06,19.0,retail
C02115,2025-12-06,46.19,retail
C02494,2025-12-06,32.89,retail
C02522,2025-12-06,26.22,retail
C02669,2025-12-06,13.4,retail
C02824,2025-12-06,40.72,retail
C02828,2025-12-06,39.57,retail
C02889,2025-12-06,27.6,retail
C03004,2025-12-06,34.95,retail
C03172,2025-12-06,28.17,retail
C03230,2025-12-06,67.45,retail
C03353,2025-12-06,30.02,retail
C03504,2025-12-06,50.45,retail
C03560,2025-12-06,9.77,retail
C03599,2025-12-06,20.21,retail
C03694,2025-12-06,29.42,retail
C03712,2025-12-06,56.47,retail
C03714,2025-12-06,25.81,retail
C03762,2025-12-06,18.23,retail
C03822,2025-12-06,13.66,retail
C03906,2025-12-06,19.91,retail
C03967,2025-12-06,20.2,retail
C03991,2025-12-06,17.57,retail
W002,2025-12-06,325.01,wholesale
W008,2025-12-06,261.88,wholesale
C00106,2025-12-07,36.81,retail
C00190,2025-12-07,30.71,retail
C00217,2025-12-07,49.16,retail
C00240,2025-12-07,22.54,retail
C00355,2025-12-07,38.08,retail
C00448,2025-12-07,31.49,retail
C00705,2025-12-07,24.22,retail
C00862,2025-12-07,96.43,retail
C00897,2025-12-07,26.23,retail
C01019,2025-12-07,22.77,retail
C01253,2025-12-07,36.49,retail
C01284,2025-12-07,50.69,retail
C01411,2025-12-07,107.05,retail
C01451,2025-12-07,37.1,retail
C01507,2025-12-07,20.8,retail
C01679,2025-12-07,30.01,retail
C01708,2025-12-07,30.52,retail
C01733,2025-12-07,39.23,retail
C01734,2025-12-07,54.97,retail
C01773,2025-12-07,58.65,retail
C01795,2025-12-07,31.75,retail
C01795,2025-12-07,59.04,retail
C01899,2025-12-07,48.45,retail
C01996,2025-12-07,28.62,retail
C02058,2025-12-07,37.88,retail
C02490,2025-12-07,32.48,retail
C02511,2025-12-07,32.61,retail
C02530,2025-12-07,61.37,retail
C02710,2025-12-07,23.42,retail
C03019,2025-12-07,35.83,retail
C03054,2025-12-07,50.71,retail
C03095,2025-12-07,53.02,retail
C03130,2025-12-07,75.34,retail
C03204,2025-12-07,28.2,retail
C03301,2025-12-07,61.64,retail
C03456,2025-12-07,39.62,retail
C03462,2025-12-07,24.27,retail
C03583,2025-12-07,48.83,retail
C03617,2025-12-07,15.26,retail
C03660,2025-12-07,17.09,retail
C03843,2025-12-07,31.88,retail
C03843,2025-12-07,41.83,retail
W007,2025-12-07,300.23,wholesale
W014,2025-12-07,161.18,wholesale
W014,2025-12-07,197.19,wholesale
W018,2025-12-07,119.79,wholesale
W027,2025-12-07,151.03,wholesale
C00187,2025-12-08,40.09,retail
C00322,2025-12-08,66.87,retail
C00441,2025-12-08,40.66,retail
C00467,2025-12-08,33.02,retail
C00738,2025-12-08,35.96,retail
C00753,2025-12-08,47.92,retail
C00800,2025-12-08,24.03,retail
C00815,2025-12-08,84.94,retail
C00876,2025-12-08,21.64,retail
C00959,2025-12-08,39.94,retail
C01014,2025-12-08,22.8,retail
C01058,2025-12-08,63.81,retail
C01173,2025-12-08,48.81,retail
C01277,2025-12-08,27.63,retail
C01358,2025-12-08,27.35,retail
C01366,2025-12-08,28.08,retail
C01412,2025-12-08,46.69,retail
C01454,2025-12-08,39.83,retail
C01704,2025-12-08,63.1,retail
C01850,2025-12-08,127.6,retail
C01857,2025-12-08,36.57,retail
C02001,2025-12-08,27.68,retail
C02180,2025-12-08,27.73,retail
C02321,2025-12-08,26.44,retail
C02375,2025-12-08,56.56,retail
C02415,2025-12-08,37.55,retail
C02457,2025-12-08,38.97,retail
C02571,2025-12-08,15.45,retail
C02587,2025-12-08,21.91,retail
C02635,2025-12-08,34.64,retail
C02958,2025-12-08,13.25,retail
C03098,2025-12-08,35.83,retail
C03129,2025-12-08,42.51,retail
C03145,2025-12-08,14.7,retail
C03312,2025-12-08,29.67,retail
C03675,2025-12-08,19.03,retail
C03697,2025-12-08,32.53,retail
C03806,2025-12-08,38.2,retail
C03967,2025-12-08,42.79,retail
W003,2025-12-08,149.57,wholesale
W004,2025-12-08,189.95,wholesale
W011,2025-12-08,261.1,wholesale
W014,2025-12-08,207.96,wholesale
W022,2025-12-08,144.76,wholesale
C00353,2025-12-09,77.85,retail
C00942,2025-12-09,40.16,retail
C00993,2025-12-09,59.92,retail
C01105,2025-12-09,28.68,retail
C01203,2025-12-09,27.04,retail
C01397,2025-12-09,67.79,retail
C01447,2025-12-09,24.15,retail
C01448,2025-12-09,16.2,retail
C01928,2025-12-09,48.23,retail
C01966,2025-12-09,73.87,retail
C02009,2025-12-09,31.05,retail
C02052,2025-12-09,25.68,retail
C02296,2025-12-09,35.72,retail
C02315,2025-12-09,20.92,retail
C02431,2025-12-09,28.54,retail
C02575,2025-12-09,52.33,retail
C02802,2025-12-09,19.5,retail
C02851,2025-12-09,30.21,retail
C02864,2025-12-09,99.81,retail
C02923,2025-12-09,13.49,retail
C03057,2025-12-09,51.06,retail
C03171,2025-12-09,15.59,retail
C03250,2025-12-09,103.09,retail
C03356,2025-12-09,14.59,retail
C03402,2025-12-09,42.63,retail
C03537,2025-12-09,57.42,retail
C03618,2025-12-09,39.0,retail
C03907,2025-12-09,33.49,retail
W001,2025-12-09,217.58,wholesale
W002,2025-12-09,248.75,wholesale
W010,2025-12-09,155.19,wholesale
W011,2025-12-09,258.51,wholesale
W012,2025-12-09,296.4,wholesale
W018,2025-12-09,100.29,wholesale
W021,2025-12-09,137.64,wholesale
C00050,2025-12-10,98.02,retail
C00093,2025-12-10,13.22,retail
C00160,2025-12-10,24.51,retail
C00254,2025-12-10,40.84,retail
C00395,2025-12-10,27.31,retail
C00617,2025-12-10,36.47,retail
C00784,2025-12-10,51.26,retail
C00862,2025-12-10,43.69,retail
C00868,2025-12-10,41.87,retail
C00869,2025-12-10,24.78,retail
C00959,2025-12-10,20.79,retail
C01028,2025-12-10,62.65,retail
C01081,2025-12-10,20.88,retail
C01132,2025-12-10,16.82,retail
C01136,2025-12-10,55.24,retail
C01289,2025-12-10,31.71,retail
C01358,2025-12-10,28.19,retail
C01371,2025-12-10,217.05,retail
C01394,2025-12-10,26.56,retail
C01582,2025-12-10,46.44,retail
C01891,2025-12-10,24.66,retail
C01956,2025-12-10,27.36,retail
C01969,2025-12-10,33.49,retail
C02152,2025-12-10,38.41,retail
C02171,2025-12-10,61.66,retail
C02209,2025-12-10,15.52,retail
C02407,2025-12-10,30.98,retail
C02425,2025-12-10,71.15,retail
C02484,2025-12-10,39.66,retail
C02488,2025-12-10,27.62,retail
C02773,2025-12-10,36.11,retail
C02913,2025-12-10,27.64,retail
C03073,2025-12-10,40.88,retail
C03128,2025-12-10,50.27,retail
C03474,2025-12-10,68.99,retail
C03502,2025-12-10,24.31,retail
C03510,2025-12-10,22.49,retail
C03533,2025-12-10,31.03,retail
C03554,2025-12-10,37.06,retail
C03739,2025-12-10,140.96,retail
C03740,2025-12-10,25.76,retail
C03799,2025-12-10,36.78,retail
C03838,2025-12-10,66.53,retail
W010,2025-12-10,279.58,wholesale
W028,2025-12-10,116.56,wholesale
C00120,2025-12-11,38.72,retail
C00381,2025-12-11,15.59,retail
C00426,2025-12-11,12.62,retail
C00503,2025-12-11,39.02,retail
C00525,2025-12-11,38.56,retail
C00554,2025-12-11,17.8,retail
C00678,2025-12-11,109.14,retail
C00834,2025-12-11,26.81,retail
C00909,2025-12-11,68.31,retail
C00925,2025-12-11,19.56,retail
C01071,2025-12-11,74.45,retail
C01148,2025-12-11,18.67,retail
C01217,2025-12-11,22.26,retail
C01230,2025-12-11,10.02,retail
C01273,2025-12-11,36.46,retail
C01399,2025-12-11,23.14,retail
C01401,2025-12-11,15.71,retail
C01451,2025-12-11,55.94,retail
C01469,2025-12-11,19.65,retail
C01486,2025-12-11,43.08,retail
C01604,2025-12-11,15.22,retail
C01724,2025-12-11,22.82,retail
C01865,2025-12-11,21.24,retail
C01892,2025-12-11,41.46,retail
C01913,2025-12-11,79.9,retail
C02054,2025-12-11,32.32,retail
C02360,2025-12-11,44.73,retail
C02455,2025-12-11,31.06,retail
C02724,2025-12-11,13.64,retail
C02775,2025-12-11,34.01,retail
C02786,2025-12-11,33.99,retail
C02921,2025-12-11,39.15,retail
C02969,2025-12-11,35.81,retail
C02970,2025-12-11,23.24,retail
C03046,2025-12-11,106.46,retail
C03097,2025-12-11,14.54,retail
C03382,2025-12-11,56.36,retail
C03419,2025-12-11,10.74,retail
C03529,2025-12-11,23.43,retail
C03547,2025-12-11,20.26,retail
C03564,2025-12-11,47.54,retail
C03689,2025-12-11,18.43,retail
C03754,2025-12-11,54.13,retail
C03761,2025-12-11,43.74,retail
C03829,2025-12-11,40.03,retail
C03910,2025-12-11,24.76,retail
C03945,2025-12-11,16.69,retail
C03957,2025-12-11,17.5,retail
W000,2025-12-11,194.3,wholesale
W002,2025-12-11,254.73,wholesale
W005,2025-12-11,358.57,wholesale
W009,2025-12-11,205.3,wholesale
W016,2025-12-11,161.0,wholesale
W020,2025-12-11,179.51,wholesale
C00032,2025-12-12,48.83,retail
C00041,2025-12-12,39.82,retail
C00095,2025-12-12,25.94,retail
C00314,2025-12-12,61.56,retail
C00353,2025-12-12,54.07,retail
C00452,2025-12-12,74.36,retail
C00460,2025-12-12,43.82,retail
C00582,2025-12-12,25.92,retail
C00775,2025-12-12,16.94,retail
C01028,2025-12-12,24.58,retail
C01092,2025-12-12,58.6,retail
C01101,2025-12-12,44.13,retail
C01344,2025-12-12,72.47,retail
C01344,2025-12-12,95.9,retail
C01351,2025-12-12,31.06,retail
C01384,2025-12-12,21.53,retail
C01404,2025-12-12,51.37,retail
C01574,2025-12-12,46.91,retail
C01617,2025-12-12,38.86,retail
C01750,2025-12-12,47.82,retail
C01787,2025-12-12,31.78,retail
C01994,2025-12-12,19.19,retail
C02063,2025-12-12,35.77,retail
C02104,2025-12-12,39.88,retail
C02139,2025-12-12,25.4,retail
C02175,2025-12-12,44.45,retail
C02230,2025-12-12,38.28,retail
C02264,2025-12-12,31.13,retail
C02541,2025-12-12,37.16,retail
C02549,2025-12-12,43.48,retail
C02605,2025-12-12,30.9,retail
C02646,2025-12-12,52.73,retail
C02682,2025-12-12,42.14,retail
C02714,2025-12-12,41.56,retail
C02730,2025-12-12,21.11,retail
C02855,2025-12-12,73.12,retail
C02918,2025-12-12,38.16,retail
C02949,2025-12-12,39.09,retail
C02994,2025-12-12,41.16,retail
C03057,2025-12-12,58.39,retail
C03157,2025-12-12,26.27,retail
C03280,2025-12-12,22.05,retail
C03295,2025-12-12,24.13,retail
C03316,2025-12-12,39.43,retail
C03321,2025-12-12,83.88,retail
C03424,2025-12-12,26.34,retail
C03582,2025-12-12,17.37,retail
C03612,2025-12-12,72.82,retail
C03746,2025-12-12,51.78,retail
C03746,2025-12-12,33.33,retail
C03806,2025-12-12,7.39,retail
C03903,2025-12-12,16.72,retail
C03941,2025-12-12,48.87,retail
C03988,2025-12-12,16.8,retail
W010,2025-12-12,331.42,wholesale
W015,2025-12-12,139.33,wholesale
W017,2025-12-12,176.85,wholesale
W022,2025-12-12,165.56,wholesale
W024,2025-12-12,249.59,wholesale
C00036,2025-12-13,47.33,retail
C00100,2025-12-13,29.08,retail
C00154,2025-12-13,62.57,retail
C00167,2025-12-13,22.62,retail
C00261,2025-12-13,37.84,retail
C00301,2025-12-13,75.89,retail
C00419,2025-12-13,44.66,retail
C00605,2025-12-13,34.29,retail
C00778,2025-12-13,64.22,retail
C00884,2025-12-13,57.62,retail
C00884,2025-12-13,49.26,retail
C00887,2025-12-13,18.93,retail
C00947,2025-12-13,15.23,retail
C00989,2025-12-13,72.73,retail
C01276,2025-12-13,7.99,retail
C01347,2025-12-13,55.81,retail
C01364,2025-12-13,31.68,retail
C01498,2025-12-13,24.01,retail
C01510,2025-12-13,55.05,retail
C01534,2025-12-13,33.79,retail
C01537,2025-12-13,60.62,retail
C01560,2025-12-13,57.79,retail
C01640,2025-12-13,15.71,retail
C01765,2025-12-13,33.52,retail
C01767,2025-12-13,35.9,retail
C01919,2025-12-13,53.8,retail
C02240,2025-12-13,26.75,retail
C02331,2025-12-13,92.47,retail
C02363,2025-12-13,15.73,retail
C02408,2025-12-13,26.96,retail
C02421,2025-12-13,42.74,retail
C02455,2025-12-13,28.7,retail
C02490,2025-12-13,33.35,retail
C02564,2025-12-13,35.68,retail
C02910,2025-12-13,16.36,retail
C02914,2025-12-13,38.88,retail
C03121,2025-12-13,18.83,retail
C03195,2025-12-13,127.16,retail
C03643,2025-12-13,23.14,retail
C03693,2025-12-13,35.95,retail
C03723,2025-12-13,56.57,retail
C03902,2025-12-13,70.21,retail
C03925,2025-12-13,112.2,retail
C03934,2025-12-13,29.64,retail
C03984,2025-12-13,26.3,retail
W010,2025-12-13,193.4,wholesale
W024,2025-12-13,276.76,wholesale
W029,2025-12-13,182.49,wholesale
C00006,2025-12-14,39.57,retail
C00027,2025-12-14,35.81,retail
C00108,2025-12-14,36.68,retail
C00331,2025-12-14,18.02,retail
C00395,2025-12-14,31.36,retail
C00556,2025-12-14,60.44,retail
C00641,2025-12-14,38.32,retail
C00748,2025-12-14,45.76,retail
C00784,2025-12-14,45.94,retail
C00855,2025-12-14,30.64,retail
C00896,2025-12-14,56.32,retail
C00987,2025-12-14,12.94,retail
C01200,2025-12-14,38.61,retail
C01230,2025-12-14,23.55,retail
C01245,2025-12-14,99.28,retail
C01288,2025-12-14,72.92,retail
C01306,2025-12-14,47.58,retail
C01534,2025-12-14,110.43,retail
C01952,2025-12-14,14.19,retail
C02177,2025-12-14,23.6,retail
C02214,2025-12-14,28.86,retail
C02215,2025-12-14,52.89,retail
C02221,2025-12-14,32.2,retail
C02334,2025-12-14,51.24,retail
C02363,2025-12-14,45.29,retail
C02403,2025-12-14,34.34,retail
C02704,2025-12-14,77.58,retail
C02712,2025-12-14,22.95,retail
C02755,2025-12-14,20.54,retail
C02802,2025-12-14,18.4,retail
C02808,2025-12-14,21.21,retail
C02846,2025-12-14,46.18,retail
C02879,2025-12-14,55.02,retail
C02894,2025-12-14,19.74,retail
C03218,2025-12-14,42.58,retail
C03233,2025-12-14,16.67,retail
C03424,2025-12-14,48.4,retail
C03426,2025-12-14,16.82,retail
C03463,2025-12-14,28.24,retail
C03626,2025-12-14,79.88,retail
C03713,2025-12-14,69.57,retail
C03784,2025-12-14,32.71,retail
C03878,2025-12-14,10.96,retail
C03886,2025-12-14,13.42,retail
W000,2025-12-14,213.59,wholesale
W001,2025-12-14,383.03,wholesale
W002,2025-12-14,138.6,wholesale
W013,2025-12-14,288.78,wholesale
W023,2025-12-14,142.3,wholesale
C00049,2025-12-15,73.69,retail
C00059,2025-12-15,34.98,retail
C00120,2025-12-15,117.17,retail
C00189,2025-12-15,53.83,retail
C00341,2025-12-15,78.79,retail
C00450,2025-12-15,24.43,retail
C00583,2025-12-15,34.51,retail
C00630,2025-12-15,17.15,retail
C00711,2025-12-15,50.51,retail
C00734,2025-12-15,31.44,retail
C00854,2025-12-15,41.57,retail
C00895,2025-12-15,16.89,retail
C01088,2025-12-15,59.95,retail
C01184,2025-12-15,82.43,retail
C01243,2025-12-15,160.27,retail
C01274,2025-12-15,46.13,retail
C01292,2025-12-15,28.32,retail
C01350,2025-12-15,27.99,retail
C01377,2025-12-15,34.07,retail
C01382,2025-12-15,28.77,retail
C01391,2025-12-15,46.58,retail
C01573,2025-12-15,25.01,retail
C01578,2025-12-15,41.55,retail
C01838,2025-12-15,18.55,retail
C01898,2025-12-15,23.49,retail
C01903,2025-12-15,10.64,retail
C01950,2025-12-15,42.63,retail
C02009,2025-12-15,48.74,retail
C02034,2025-12-15,57.56,retail
C02035,2025-12-15,41.62,retail
C02041,2025-12-15,64.25,retail
C02250,2025-12-15,87.7,retail
C02254,2025-12-15,16.56,retail
C02418,2025-12-15,15.59,retail
C02425,2025-12-15,10.67,retail
C02461,2025-12-15,64.29,retail
C02473,2025-12-15,28.69,retail
C02530,2025-12-15,38.44,retail
C02626,2025-12-15,19.72,retail
C02626,2025-12-15,13.91,retail
C02641,2025-12-15,85.13,retail
C02645,2025-12-15,27.08,retail
C02676,2025-12-15,69.95,retail
C02726,2025-12-15,51.26,retail
C02822,2025-12-15,30.87,retail
C02854,2025-12-15,14.61,retail
C02896,2025-12-15,52.33,retail
C02923,2025-12-15,20.19,retail
C02926,2025-12-15,53.85,retail
C02928,2025-12-15,24.99,retail
C03068,2025-12-15,77.14,retail
C03099,2025-12-15,23.82,retail
C03204,2025-12-15,37.03,retail
C03602,2025-12-15,28.62,retail
C03612,2025-12-15,38.55,retail
C03647,2025-12-15,32.44,retail
C03654,2025-12-15,68.99,retail
C03835,2025-12-15,35.85,retail
C03872,2025-12-15,51.47,retail
C03879,2025-12-15,62.64,retail
C03924,2025-12-15,23.07,retail
C03927,2025-12-15,39.31,retail
C03929,2025-12-15,18.75,retail
W006,2025-12-15,349.96,wholesale
W007,2025-12-15,293.05,wholesale
W013,2025-12-15,228.96,wholesale
W017,2025-12-15,318.89,wholesale
W027,2025-12-15,277.56,wholesale
W029,2025-12-15,204.91,wholesale
C00069,2025-12-16,48.25,retail
C00298,2025-12-16,22.07,retail
C00525,2025-12-16,25.99,retail
C00535,2025-12-16,64.96,retail
C00701,2025-12-16,30.84,retail
C00785,2025-12-16,79.08,retail
C00839,2025-12-16,39.85,retail
C00893,2025-12-16,53.05,retail
C01154,2025-12-16,20.41,retail
C01167,2025-12-16,42.11,retail
C01483,2025-12-16,38.69,retail
C01542,2025-12-16,83.07,retail
C01571,2025-12-16,36.8,retail
C01572,2025-12-16,46.77,retail
C01616,2025-12-16,53.32,retail
C01649,2025-12-16,18.92,retail
C01754,2025-12-16,69.01,retail
C01777,2025-12-16,47.32,retail
C01827,2025-12-16,29.2,retail
C01940,2025-12-16,7.95,retail
C02227,2025-12-16,26.74,retail
C02477,2025-12-16,14.17,retail
C02533,2025-12-16,93.4,retail
C02591,2025-12-16,65.52,retail
C02601,2025-12-16,44.93,retail
C02622,2025-12-16,23.88,retail
C02787,2025-12-16,36.74,retail
C02798,2025-12-16,34.91,retail
C02853,2025-12-16,37.35,retail
C02963,2025-12-16,20.36,retail
C03010,2025-12-16,43.59,retail
C03033,2025-12-16,34.13,retail
C03377,2025-12-16,22.84,retail
C03392,2025-12-16,21.48,retail
C03432,2025-12-16,21.78,retail
C03514,2025-12-16,17.72,retail
C03516,2025-12-16,61.07,retail
C03587,2025-12-16,36.16,retail
C03601,2025-12-16,31.95,retail
C03829,2025-12-16,37.17,retail
C03852,2025-12-16,20.73,retail
C03882,2025-12-16,31.16,retail
C03921,2025-12-16,29.1,retail
C03936,2025-12-16,15.99,retail
C03974,2025-12-16,16.98,retail
W021,2025-12-16,183.68,wholesale
W025,2025-12-16,90.4,wholesale
C00002,2025-12-17,27.0,retail
C00369,2025-12-17,28.66,retail
C00412,2025-12-17,23.02,retail
C00460,2025-12-17,32.5,retail
C00583,2025-12-17,43.39,retail
C00637,2025-12-17,44.96,retail
C00647,2025-12-17,35.95,retail
C00882,2025-12-17,40.44,retail
C00922,2025-12-17,43.24,retail
C00954,2025-12-17,30.71,retail
C00994,2025-12-17,18.06,retail
C00996,2025-12-17,47.07,retail
C01262,2025-12-17,24.23,retail
C01449,2025-12-17,46.25,retail
C01540,2025-12-17,29.11,retail
C01710,2025-12-17,25.25,retail
C01722,2025-12-17,19.96,retail
C01845,2025-12-17,67.15,retail
C01996,2025-12-17,108.92,retail
C02020,2025-12-17,46.91,retail
C02290,2025-12-17,57.83,retail
C02310,2025-12-17,33.02,retail
C02441,2025-12-17,30.61,retail
C02493,2025-12-17,24.79,retail
C02685,2025-12-17,96.45,retail
C02714,2025-12-17,20.24,retail
C02824,2025-12-17,21.59,retail
C02901,2025-12-17,22.78,retail
C03029,2025-12-17,26.72,retail
C03136,2025-12-17,14.09,retail
C03181,2025-12-17,51.06,retail
C03184,2025-12-17,23.89,retail
C03280,2025-12-17,35.64,retail
C03402,2025-12-17,58.22,retail
C03453,2025-12-17,15.32,retail
C03495,2025-12-17,66.84,retail
C03540,2025-12-17,32.55,retail
C03543,2025-12-17,28.13,retail
C03584,2025-12-17,36.53,retail
C03713,2025-12-17,18.1,retail
C03762,2025-12-17,32.42,retail
C03789,2025-12-17,69.96,retail
C03972,2025-12-17,39.23,retail
W000,2025-12-17,190.33,wholesale
W001,2025-12-17,174.79,wholesale
W002,2025-12-17,283.85,wholesale
W006,2025-12-17,379.4,wholesale
W007,2025-12-17,377.19,wholesale
W027,2025-12-17,241.56,wholesale
W028,2025-12-17,141.63,wholesale
C00008,2025-12-18,18.14,retail
C00026,2025-12-18,19.99,retail
C00079,2025-12-18,125.11,retail
C00134,2025-12-18,21.62,retail
C00188,2025-12-18,24.91,retail
C00263,2025-12-18,24.91,retail
C00293,2025-12-18,53.93,retail
C00410,2025-12-18,49.72,retail
C00457,2025-12-18,20.51,retail
C00485,2025-12-18,47.71,retail
C00521,2025-12-18,93.87,retail
C00588,2025-12-18,40.93,retail
C00647,2025-12-18,47.79,retail
C00662,2025-12-18,22.61,retail
C00814,2025-12-18,13.02,retail
C00879,2025-12-18,98.1,retail
C00958,2025-12-18,26.53,retail
C00984,2025-12-18,23.63,retail
C01099,2025-12-18,56.36,retail
C01214,2025-12-18,41.48,retail
C01269,2025-12-18,26.55,retail
C01269,2025-12-18,48.97,retail
C01327,2025-12-18,33.14,retail
C01337,2025-12-18,37.84,retail
C01364,2025-12-18,36.4,retail
C01373,2025-12-18,19.92,retail
C01394,2025-12-18,18.02,retail
C01510,2025-12-18,36.36,retail
C01673,2025-12-18,31.34,retail
C01708,2025-12-18,61.0,retail
C01760,2025-12-18,17.37,retail
C01782,2025-12-18,58.39,retail
C01788,2025-12-18,30.06,retail
C01838,2025-12-18,59.78,retail
C02077,2025-12-18,66.68,retail
C02188,2025-12-18,48.57,retail
C02195,2025-12-18,18.88,retail
C02311,2025-12-18,46.89,retail
C02350,2025-12-18,30.42,retail
C02380,2025-12-18,35.27,retail
C02390,2025-12-18,49.53,retail
C02431,2025-12-18,92.2,retail
C02448,2025-12-18,13.51,retail
C02464,2025-12-18,72.94,retail
C02493,2025-12-18,51.09,retail
C02540,2025-12-18,41.83,retail
C02569,2025-12-18,25.8,retail
C02621,2025-12-18,40.72,retail
C02729,2025-12-18,53.8,retail
C02764,2025-12-18,22.18,retail
C02764,2025-12-18,13.66,retail
C02829,2025-12-18,15.32,retail
C02838,2025-12-18,37.92,retail
C03152,2025-12-18,7.43,retail
C03373,2025-12-18,45.79,retail
C03373,2025-12-18,38.78,retail
C03435,2025-12-18,18.54,retail
C03440,2025-12-18,17.85,retail
C03489,2025-12-18,66.5,retail
C03495,2025-12-18,20.21,retail
C03504,2025-12-18,16.95,retail
C03531,2025-12-18,19.67,retail
C03542,2025-12-18,14.47,retail
C03573,2025-12-18,15.74,retail
C03603,2025-12-18,16.29,retail
C03803,2025-12-18,35.84,retail
C03807,2025-12-18,77.75,retail
C03902,2025-12-18,62.32,retail
C03917,2025-12-18,24.38,retail
C03936,2025-12-18,11.54,retail
W007,2025-12-18,471.62,wholesale
W012,2025-12-18,217.71,wholesale
W019,2025-12-18,315.12,wholesale
C00059,2025-12-19,29.9,retail
C00268,2025-12-19,28.74,retail
C00290,2025-12-19,25.85,retail
C00407,2025-12-19,65.41,retail
C00471,2025-12-19,61.12,retail
C00674,2025-12-19,46.84,retail
C00729,2025-12-19,61.49,retail
C00755,2025-12-19,50.93,retail
C00774,2025-12-19,21.05,retail
C00889,2025-12-19,46.47,retail
C00964,2025-12-19,26.4,retail
C01026,2025-12-19,79.18,retail
C01253,2025-12-19,23.88,retail
C01278,2025-12-19,21.8,retail
C01397,2025-12-19,13.04,retail
C01418,2025-12-19,70.47,retail
C01426,2025-12-19,12.19,retail
C01455,2025-12-19,34.57,retail
C01458,2025-12-19,23.51,retail
C01564,2025-12-19,22.71,retail
C01578,2025-12-19,53.75,retail
C01615,2025-12-19,49.12,retail
C01616,2025-12-19,30.64,retail
C01939,2025-12-19,62.85,retail
C02113,2025-12-19,27.05,retail
C02134,2025-12-19,59.3,retail
C02242,2025-12-19,66.49,retail
C02311,2025-12-19,100.02,retail
C02524,2025-12-19,44.63,retail
C02659,2025-12-19,37.39,retail
C02890,2025-12-19,38.43,retail
C02938,2025-12-19,56.78,retail
C02952,2025-12-19,30.44,retail
C03046,2025-12-19,11.66,retail
C03104,2025-12-19,37.34,retail
C03108,2025-12-19,46.15,retail
C03116,2025-12-19,55.47,retail
C03191,2025-12-19,44.67,retail
C03213,2025-12-19,77.86,retail
C03360,2025-12-19,55.89,retail
C03397,2025-12-19,81.71,retail
C03550,2025-12-19,39.13,retail
C03563,2025-12-19,38.34,retail
C03622,2025-12-19,17.99,retail
C03657,2025-12-19,63.49,retail
C03690,2025-12-19,37.09,retail
C03722,2025-12-19,26.71,retail
C03752,2025-12-19,34.44,retail
C03898,2025-12-19,33.39,retail
W016,2025-12-19,545.49,wholesale
W025,2025-12-19,122.01,wholesale
C00196,2025-12-20,58.3,retail
C00301,2025-12-20,25.97,retail
C00304,2025-12-20,21.29,retail
C00407,2025-12-20,36.07,retail
C00471,2025-12-20,43.94,retail
C00487,2025-12-20,47.2,retail
C00539,2025-12-20,22.2,retail
C00603,2025-12-20,39.73,retail
C00622,2025-12-20,81.32,retail
C00691,2025-12-20,100.54,retail
C00806,2025-12-20,80.54,retail
C00883,2025-12-20,10.79,retail
C00987,2025-12-20,27.44,retail
C01299,2025-12-20,25.75,retail
C01493,2025-12-20,38.66,retail
C01498,2025-12-20,22.74,retail
C02083,2025-12-20,62.31,retail
C02168,2025-12-20,70.02,retail
C02174,2025-12-20,70.57,retail
C02261,2025-12-20,24.73,retail
C02286,2025-12-20,29.54,retail
C02375,2025-12-20,27.01,retail
C02397,2025-12-20,31.69,retail
C02397,2025-12-20,31.26,retail
C02417,2025-12-20,18.0,retail
C02457,2025-12-20,36.9,retail
C02654,2025-12-20,51.01,retail
C02679,2025-12-20,40.72,retail
C02775,2025-12-20,31.13,retail
C02921,2025-12-20,26.08,retail
C03188,2025-12-20,19.0,retail
C03212,2025-12-20,8.74,retail
C03267,2025-12-20,39.99,retail
C03319,2025-12-20,34.61,retail
C03359,2025-12-20,28.75,retail
C03394,2025-12-20,13.17,retail
C03478,2025-12-20,39.07,retail
C03529,2025-12-20,26.99,retail
C03667,2025-12-20,22.75,retail
C03667,2025-12-20,16.27,retail
C03670,2025-12-20,16.27,retail
C03727,2025-12-20,27.09,retail
C03742,2025-12-20,28.1,retail
C03750,2025-12-20,28.41,retail
C03810,2025-12-20,73.66,retail
C03850,2025-12-20,30.21,retail
C03931,2025-12-20,83.47,retail
C03953,2025-12-20,20.8,retail
C03974,2025-12-20,32.47,retail
C03983,2025-12-20,27.33,retail
W010,2025-12-20,292.28,wholesale
W012,2025-12-20,243.04,wholesale
W020,2025-12-20,220.85,wholesale
C00024,2025-12-21,31.7,retail
C00028,2025-12-21,17.77,retail
C00079,2025-12-21,40.83,retail
C00146,2025-12-21,51.53,retail
C00220,2025-12-21,24.78,retail
C00463,2025-12-21,18.21,retail
C00482,2025-12-21,22.13,retail
C00684,2025-12-21,30.89,retail
C00701,2025-12-21,46.9,retail
C00724,2025-12-21,22.23,retail
C01060,2025-12-21,11.74,retail
C01171,2025-12-21,60.73,retail
C01262,2025-12-21,16.43,retail
C01375,2025-12-21,22.4,retail
C01452,2025-12-21,29.55,retail
C01550,2025-12-21,37.63,retail
C01799,2025-12-21,150.48,retail
C01894,2025-12-21,24.03,retail
C01941,2025-12-21,60.05,retail
C01994,2025-12-21,28.22,retail
C02116,2025-12-21,109.44,retail
C02268,2025-12-21,16.39,retail
C02351,2025-12-21,22.34,retail
C02376,2025-12-21,22.88,retail
C02597,2025-12-21,21.18,retail
C02620,2025-12-21,41.4,retail
C02633,2025-12-21,16.03,retail
C02643,2025-12-21,51.12,retail
C02669,2025-12-21,38.77,retail
C02712,2025-12-21,37.08,retail
C02729,2025-12-21,37.85,retail
C02796,2025-12-21,35.16,retail
C02801,2025-12-21,21.67,retail
C02806,2025-12-21,11.6,retail
C02952,2025-12-21,29.24,retail
C02994,2025-12-21,15.52,retail
C03170,2025-12-21,18.55,retail
C03300,2025-12-21,24.35,retail
C03403,2025-12-21,32.37,retail
C03440,2025-12-21,38.89,retail
C03454,2025-12-21,34.0,retail
C03509,2025-12-21,26.84,retail
C03531,2025-12-21,44.86,retail
C03546,2025-12-21,104.2,retail
C03554,2025-12-21,20.35,retail
C03567,2025-12-21,12.55,retail
C03776,2025-12-21,14.26,retail
C03903,2025-12-21,39.99,retail
W003,2025-12-21,232.14,wholesale
W006,2025-12-21,155.47,wholesale
W012,2025-12-21,247.53,wholesale
W028,2025-12-21,107.99,wholesale
C00032,2025-12-22,32.2,retail
C00077,2025-12-22,25.83,retail
C00266,2025-12-22,38.33,retail
C00294,2025-12-22,26.42,retail
C00311,2025-12-22,25.75,retail
C00314,2025-12-22,34.66,retail
C00345,2025-12-22,16.37,retail
C00370,2025-12-22,63.47,retail
C00448,2025-12-22,20.83,retail
C00463,2025-12-22,20.1,retail
C00466,2025-12-22,47.54,retail
C00488,2025-12-22,59.01,retail
C00548,2025-12-22,28.92,retail
C00563,2025-12-22,26.36,retail
C00630,2025-12-22,68.26,retail
C00658,2025-12-22,96.68,retail
C00755,2025-12-22,33.14,retail
C00775,2025-12-22,19.0,retail
C00778,2025-12-22,42.12,retail
C00879,2025-12-22,33.12,retail
C00957,2025-12-22,9.52,retail
C00957,2025-12-22,42.62,retail
C01148,2025-12-22,66.64,retail
C01166,2025-12-22,34.95,retail
C01210,2025-12-22,113.36,retail
C01226,2025-12-22,26.12,retail
C01274,2025-12-22,45.04,retail
C01431,2025-12-22,45.8,retail
C01441,2025-12-22,25.02,retail
C01553,2025-12-22,10.66,retail
C01638,2025-12-22,13.72,retail
C01827,2025-12-22,39.94,retail
C01950,2025-12-22,26.82,retail
C01953,2025-12-22,61.04,retail
C02062,2025-12-22,33.72,retail
C02070,2025-12-22,44.02,retail
C02191,2025-12-22,36.66,retail
C02197,2025-12-22,55.11,retail
C02283,2025-12-22,50.4,retail
C02365,2025-12-22,71.7,retail
C02381,2025-12-22,28.85,retail
C02523,2025-12-22,65.0,retail
C02539,2025-12-22,28.05,retail
C02613,2025-12-22,14.85,retail
C02747,2025-12-22,36.51,retail
C02848,2025-12-22,73.75,retail
C02850,2025-12-22,13.37,retail
C03051,2025-12-22,32.05,retail
C03128,2025-12-22,31.45,retail
C03235,2025-12-22,76.44,retail
C03371,2025-12-22,14.85,retail
C03441,2025-12-22,32.89,retail
C03542,2025-12-22,43.32,retail
C03583,2025-12-22,27.78,retail
C03639,2025-12-22,37.12,retail
C03652,2025-12-22,15.53,retail
C03670,2025-12-22,29.02,retail
C03706,2025-12-22,76.22,retail
C03972,2025-12-22,46.72,retail
C03975,2025-12-22,125.19,retail
W005,2025-12-22,376.64,wholesale
W009,2025-12-22,249.17,wholesale
C00071,2025-12-23,38.22,retail
C00219,2025-12-23,38.81,retail
C00270,2025-12-23,51.15,retail
C00300,2025-12-23,34.7,retail
C00370,2025-12-23,22.93,retail
C00391,2025-12-23,35.18,retail
C00391,2025-12-23,37.76,retail
C00406,2025-12-23,33.97,retail
C00419,2025-12-23,41.63,retail
C00560,2025-12-23,39.17,retail
C00665,2025-12-23,34.98,retail
C00682,2025-12-23,34.69,retail
C01088,2025-12-23,93.88,retail
C01141,2025-12-23,65.3,retail
C01192,2025-12-23,61.98,retail
C01215,2025-12-23,11.55,retail
C01220,2025-12-23,58.13,retail
C01223,2025-12-23,17.62,retail
C01238,2025-12-23,46.71,retail
C01452,2025-12-23,26.74,retail
C01568,2025-12-23,142.5,retail
C01704,2025-12-23,34.38,retail
C01886,2025-12-23,33.81,retail
C02017,2025-12-23,30.34,retail
C02023,2025-12-23,39.06,retail
C02085,2025-12-23,19.71,retail
C02169,2025-12-23,28.45,retail
C02210,2025-12-23,25.75,retail
C02249,2025-12-23,23.51,retail
C02369,2025-12-23,9.11,retail
C02435,2025-12-23,12.4,retail
C02478,2025-12-23,19.27,retail
C02562,2025-12-23,20.29,retail
C02579,2025-12-23,32.73,retail
C02597,2025-12-23,40.88,retail
C02703,2025-12-23,48.15,retail
C02979,2025-12-23,25.65,retail
C03265,2025-12-23,29.42,retail
C03270,2025-12-23,50.48,retail
C03289,2025-12-23,40.53,retail
C03319,2025-12-23,122.39,retail
C03342,2025-12-23,46.81,retail
C03355,2025-12-23,9.4,retail
C03400,2025-12-23,33.94,retail
C03411,2025-12-23,29.57,retail
C03513,2025-12-23,58.51,retail
C03591,2025-12-23,19.29,retail
C03835,2025-12-23,48.83,retail
C03872,2025-12-23,33.92,retail
C03906,2025-12-23,55.74,retail
C03910,2025-12-23,30.93,retail
C03913,2025-12-23,26.24,retail
C03927,2025-12-23,40.26,retail
C03954,2025-12-23,29.58,retail
W003,2025-12-23,123.31,wholesale
W005,2025-12-23,237.68,wholesale
W008,2025-12-23,235.48,wholesale
W011,2025-12-23,202.49,wholesale
W019,2025-12-23,185.32,wholesale
W022,2025-12-23,205.81,wholesale
C00095,2025-12-24,56.27,retail
C00098,2025-12-24,27.16,retail
C00152,2025-12-24,27.0,retail
C00191,2025-12-24,20.59,retail
C00254,2025-12-24,57.38,retail
C00357,2025-12-24,88.09,retail
C00465,2025-12-24,35.5,retail
C00584,2025-12-24,14.68,retail
C00609,2025-12-24,38.1,retail
C00651,2025-12-24,21.84,retail
C00705,2025-12-24,55.7,retail
C00708,2025-12-24,31.56,retail
C00711,2025-12-24,20.66,retail
C00752,2025-12-24,22.88,retail
C00753,2025-12-24,22.54,retail
C00769,2025-12-24,36.04,retail
C00783,2025-12-24,24.68,retail
C00897,2025-12-24,22.54,retail
C00965,2025-12-24,16.16,retail
C01047,2025-12-24,25.13,retail
C01231,2025-12-24,17.39,retail
C01341,2025-12-24,59.6,retail
C01374,2025-12-24,37.96,retail
C01466,2025-12-24,25.56,retail
C01523,2025-12-24,22.91,retail
C01570,2025-12-24,48.92,retail
C01574,2025-12-24,19.8,retail
C01592,2025-12-24,30.48,retail
C01666,2025-12-24,88.71,retail
C01851,2025-12-24,22.13,retail
C02103,2025-12-24,26.64,retail
C02138,2025-12-24,37.0,retail
C02162,2025-12-24,54.3,retail
C02166,2025-12-24,16.94,retail
C02196,2025-12-24,63.16,retail
C02207,2025-12-24,28.38,retail
C02360,2025-12-24,39.24,retail
C02378,2025-12-24,27.61,retail
C02382,2025-12-24,61.69,retail
C02507,2025-12-24,13.89,retail
C02540,2025-12-24,34.55,retail
C02645,2025-12-24,19.17,retail
C02782,2025-12-24,14.65,retail
C02848,2025-12-24,18.36,retail
C03157,2025-12-24,80.19,retail
C03411,2025-12-24,9.23,retail
C03421,2025-12-24,16.56,retail
C03449,2025-12-24,28.56,retail
C03454,2025-12-24,60.83,retail
C03466,2025-12-24,23.12,retail
C03521,2025-12-24,26.8,retail
C03591,2025-12-24,12.87,retail
C03621,2025-12-24,11.7,retail
C03681,2025-12-24,27.46,retail
C03696,2025-12-24,24.64,retail
C03702,2025-12-24,40.03,retail
C03717,2025-12-24,136.06,retail
C03897,2025-12-24,43.49,retail
C03909,2025-12-24,32.41,retail
C03928,2025-12-24,26.51,retail
W000,2025-12-24,256.74,wholesale
W003,2025-12-24,235.05,wholesale
W004,2025-12-24,221.11,wholesale
W009,2025-12-24,216.89,wholesale
W015,2025-12-24,173.85,wholesale
W019,2025-12-24,286.7,wholesale
W022,2025-12-24,302.25,wholesale
W024,2025-12-24,174.96,wholesale
W026,2025-12-24,383.08,wholesale
C00055,2025-12-25,59.48,retail
C00153,2025-12-25,14.31,retail
C00261,2025-12-25,27.24,retail
C00265,2025-12-25,24.96,retail
C00818,2025-12-25,20.26,retail
C00839,2025-12-25,52.91,retail
C00842,2025-12-25,27.37,retail
C00876,2025-12-25,90.11,retail
C01037,2025-12-25,48.79,retail
C01224,2025-12-25,25.36,retail
C01283,2025-12-25,24.79,retail
C01396,2025-12-25,16.08,retail
C01491,2025-12-25,42.61,retail
C01713,2025-12-25,28.39,retail
C01788,2025-12-25,16.34,retail
C01958,2025-12-25,37.27,retail
C01958,2025-12-25,23.83,retail
C02058,2025-12-25,57.76,retail
C02120,2025-12-25,30.14,retail
C02337,2025-12-25,48.02,retail
C02579,2025-12-25,34.99,retail
C02605,2025-12-25,46.38,retail
C02646,2025-12-25,25.65,retail
C02656,2025-12-25,29.77,retail
C02679,2025-12-25,19.34,retail
C02785,2025-12-25,40.64,retail
C02962,2025-12-25,14.34,retail
C03770,2025-12-25,28.45,retail
C03793,2025-12-25,31.71,retail
C03810,2025-12-25,17.58,retail
C03963,2025-12-25,24.45,retail
C03964,2025-12-25,46.54,retail
C03978,2025-12-25,77.6,retail
C03990,2025-12-25,10.63,retail
W004,2025-12-25,303.22,wholesale
W018,2025-12-25,195.75,wholesale
C00008,2025-12-26,20.47,retail
C00123,2025-12-26,28.35,retail
C00260,2025-12-26,41.36,retail
C00372,2025-12-26,98.3,retail
C00443,2025-12-26,19.82,retail
C00451,2025-12-26,52.78,retail
C00535,2025-12-26,38.2,retail
C00577,2025-12-26,30.03,retail
C00618,2025-12-26,35.84,retail
C00807,2025-12-26,35.22,retail
C00814,2025-12-26,44.03,retail
C00930,2025-12-26,46.18,retail
C01010,2025-12-26,121.8,retail
C01139,2025-12-26,11.74,retail
C01167,2025-12-26,18.72,retail
C01291,2025-12-26,48.47,retail
C01299,2025-12-26,38.67,retail
C01412,2025-12-26,40.89,retail
C01421,2025-12-26,32.05,retail
C01550,2025-12-26,66.57,retail
C01719,2025-12-26,34.75,retail
C01847,2025-12-26,27.84,retail
C01927,2025-12-26,33.01,retail
C01988,2025-12-26,48.03,retail
C02029,2025-12-26,35.19,retail
C02077,2025-12-26,14.97,retail
C02131,2025-12-26,37.98,retail
C02174,2025-12-26,26.96,retail
C02210,2025-12-26,28.39,retail
C02289,2025-12-26,49.39,retail
C02423,2025-12-26,16.32,retail
C02823,2025-12-26,42.53,retail
C02970,2025-12-26,16.11,retail
C03041,2025-12-26,69.13,retail
C03041,2025-12-26,34.84,retail
C03062,2025-12-26,14.67,retail
C03199,2025-12-26,8.84,retail
C03287,2025-12-26,46.21,retail
C03375,2025-12-26,34.71,retail
C03409,2025-12-26,13.77,retail
C03412,2025-12-26,47.59,retail
C03477,2025-12-26,23.27,retail
C03571,2025-12-26,31.23,retail
C03990,2025-12-26,23.85,retail
W001,2025-12-26,174.79,wholesale
W017,2025-12-26,360.48,wholesale
W020,2025-12-26,201.75,wholesale
C00137,2025-12-27,61.26,retail
C00148,2025-12-27,34.42,retail
C00153,2025-12-27,25.96,retail
C00178,2025-12-27,41.98,retail
C00189,2025-12-27,14.4,retail
C00316,2025-12-27,100.49,retail
C00485,2025-12-27,25.96,retail
C00531,2025-12-27,58.98,retail
C00714,2025-12-27,108.56,retail
C00780,2025-12-27,50.61,retail
C00812,2025-12-27,74.93,retail
C00845,2025-12-27,19.83,retail
C00911,2025-12-27,91.18,retail
C00966,2025-12-27,58.02,retail
C00983,2025-12-27,37.54,retail
C01111,2025-12-27,56.65,retail
C01150,2025-12-27,44.11,retail
C01222,2025-12-27,20.91,retail
C01349,2025-12-27,25.96,retail
C01361,2025-12-27,51.59,retail
C01684,2025-12-27,82.45,retail
C01855,2025-12-27,12.82,retail
C01899,2025-12-27,27.38,retail
C02168,2025-12-27,14.61,retail
C02197,2025-12-27,25.72,retail
C02324,2025-12-27,82.0,retail
C02415,2025-12-27,67.4,retail
C02480,2025-12-27,66.91,retail
C02522,2025-12-27,38.93,retail
C02532,2025-12-27,52.07,retail
C02537,2025-12-27,18.53,retail
C02805,2025-12-27,22.89,retail
C02846,2025-12-27,43.63,retail
C03136,2025-12-27,24.29,retail
C03316,2025-12-27,30.61,retail
C03357,2025-12-27,60.55,retail
C03519,2025-12-27,39.47,retail
C03657,2025-12-27,29.98,retail
C03674,2025-12-27,27.31,retail
C03715,2025-12-27,39.94,retail
C03920,2025-12-27,50.9,retail
W005,2025-12-27,118.22,wholesale
W006,2025-12-27,251.68,wholesale
W016,2025-12-27,283.67,wholesale
C00100,2025-12-28,25.54,retail
C00148,2025-12-28,70.64,retail
C00245,2025-12-28,18.52,retail
C00262,2025-12-28,26.59,retail
C00317,2025-12-28,43.19,retail
C00321,2025-12-28,44.85,retail
C00451,2025-12-28,37.34,retail
C00551,2025-12-28,72.91,retail
C00612,2025-12-28,37.58,retail
C00613,2025-12-28,26.86,retail
C00882,2025-12-28,47.22,retail
C00895,2025-12-28,61.3,retail
C01070,2025-12-28,37.79,retail
C01338,2025-12-28,26.9,retail
C01424,2025-12-28,39.77,retail
C01437,2025-12-28,50.19,retail
C01465,2025-12-28,36.21,retail
C01703,2025-12-28,27.36,retail
C01766,2025-12-28,21.31,retail
C01774,2025-12-28,52.77,retail
C01812,2025-12-28,68.78,retail
C01884,2025-12-28,45.59,retail
C01927,2025-12-28,13.75,retail
C02178,2025-12-28,59.96,retail
C02264,2025-12-28,11.24,retail
C02334,2025-12-28,9.9,retail
C02371,2025-12-28,68.24,retail
C02378,2025-12-28,60.23,retail
C02465,2025-12-28,67.78,retail
C02479,2025-12-28,30.48,retail
C02533,2025-12-28,35.13,retail
C02538,2025-12-28,20.38,retail
C02707,2025-12-28,18.52,retail
C02784,2025-12-28,36.1,retail
C02786,2025-12-28,45.59,retail
C03282,2025-12-28,26.61,retail
C03348,2025-12-28,36.12,retail
C03525,2025-12-28,16.53,retail
C03603,2025-12-28,51.93,retail
C03716,2025-12-28,36.64,retail
C03886,2025-12-28,26.08,retail
C03895,2025-12-28,53.85,retail
C03924,2025-12-28,78.14,retail
W000,2025-12-28,178.66,wholesale
W009,2025-12-28,435.64,wholesale
W023,2025-12-28,182.97,wholesale
C00188,2026-01-01,20.48,retail
C00254,2026-01-01,21.05,retail
C00345,2026-01-01,40.61,retail
C00451,2026-01-01,7.08,retail
C00551,2026-01-01,54.36,retail
C00584,2026-01-01,27.83,retail
C00729,2026-01-01,51.77,retail
C00919,2026-01-01,15.88,retail
C00959,2026-01-01,28.82,retail
C01014,2026-01-01,33.97,retail
C01276,2026-01-01,32.65,retail
C01317,2026-01-01,20.16,retail
C01424,2026-01-01,55.45,retail
C01448,2026-01-01,99.43,retail
C01469,2026-01-01,12.61,retail
C01608,2026-01-01,29.27,retail
C01621,2026-01-01,39.92,retail
C01953,2026-01-01,27.99,retail
C02040,2026-01-01,60.3,retail
C02210,2026-01-01,36.69,retail
C02237,2026-01-01,16.03,retail
C02261,2026-01-01,21.19,retail
C02289,2026-01-01,30.53,retail
C02477,2026-01-01,23.33,retail
C02517,2026-01-01,25.38,retail
C02541,2026-01-01,22.05,retail
C02666,2026-01-01,4.86,retail
C02726,2026-01-01,21.43,retail
C02786,2026-01-01,26.04,retail
C03010,2026-01-01,34.47,retail
C03138,2026-01-01,41.77,retail
C03342,2026-01-01,59.49,retail
C03354,2026-01-01,45.36,retail
C03361,2026-01-01,41.23,retail
C03421,2026-01-01,40.42,retail
C03474,2026-01-01,27.55,retail
C03496,2026-01-01,54.7,retail
C03520,2026-01-01,7.71,retail
C03640,2026-01-01,19.2,retail
C03697,2026-01-01,44.14,retail
C03752,2026-01-01,84.31,retail
C03852,2026-01-01,74.24,retail
C03965,2026-01-01,36.71,retail
W005,2026-01-01,288.7,wholesale
W023,2026-01-01,411.38,wholesale
C00026,2026-01-02,43.02,retail
C00129,2026-01-02,30.0,retail
C00221,2026-01-02,24.73,retail
C00267,2026-01-02,15.55,retail
C00269,2026-01-02,42.36,retail
C00291,2026-01-02,26.87,retail
C00314,2026-01-02,53.97,retail
C00360,2026-01-02,33.72,retail
C00484,2026-01-02,46.29,retail
C00548,2026-01-02,37.43,retail
C00556,2026-01-02,13.03,retail
C00582,2026-01-02,61.27,retail
C00678,2026-01-02,26.69,retail
C00729,2026-01-02,68.88,retail
C00893,2026-01-02,28.12,retail
C00966,2026-01-02,36.44,retail
C01010,2026-01-02,22.51,retail
C01042,2026-01-02,29.47,retail
C01113,2026-01-02,39.69,retail
C01114,2026-01-02,56.27,retail
C01184,2026-01-02,19.26,retail
C01356,2026-01-02,38.56,retail
C01440,2026-01-02,13.83,retail
C01455,2026-01-02,35.54,retail
C01553,2026-01-02,98.84,retail
C01635,2026-01-02,19.34,retail
C01927,2026-01-02,13.05,retail
C01971,2026-01-02,15.24,retail
C02375,2026-01-02,59.32,retail
C02448,2026-01-02,27.04,retail
C02462,2026-01-02,56.91,retail
C02632,2026-01-02,32.83,retail
C02675,2026-01-02,4.28,retail
C02943,2026-01-02,46.25,retail
C02957,2026-01-02,23.37,retail
C03129,2026-01-02,33.12,retail
C03202,2026-01-02,17.52,retail
C03270,2026-01-02,48.0,retail
C03277,2026-01-02,51.13,retail
C03310,2026-01-02,100.96,retail
C03359,2026-01-02,49.53,retail
C03403,2026-01-02,63.59,retail
C03573,2026-01-02,28.45,retail
C03640,2026-01-02,56.82,retail
C03750,2026-01-02,17.56,retail
C03771,2026-01-02,33.7,retail
C03940,2026-01-02,35.71,retail
C00009,2026-01-03,35.4,retail
C00013,2026-01-03,35.83,retail
C00137,2026-01-03,30.46,retail
C00210,2026-01-03,52.86,retail
C00306,2026-01-03,25.52,retail
C00577,2026-01-03,24.91,retail
C00783,2026-01-03,98.02,retail
C00818,2026-01-03,85.03,retail
C00925,2026-01-03,34.64,retail
C01001,2026-01-03,27.34,retail
C01175,2026-01-03,20.74,retail
C01186,2026-01-03,49.15,retail
C01191,2026-01-03,17.52,retail
C01251,2026-01-03,22.22,retail
C01271,2026-01-03,68.33,retail
C01389,2026-01-03,39.43,retail
C01430,2026-01-03,38.08,retail
C01602,2026-01-03,38.07,retail
C01632,2026-01-03,16.37,retail
C01831,2026-01-03,33.0,retail
C01839,2026-01-03,30.94,retail
C02002,2026-01-03,34.24,retail
C02058,2026-01-03,24.32,retail
C02092,2026-01-03,67.96,retail
C02314,2026-01-03,23.24,retail
C02315,2026-01-03,58.87,retail
C02381,2026-01-03,28.93,retail
C02416,2026-01-03,22.43,retail
C02488,2026-01-03,70.97,retail
C02607,2026-01-03,75.5,retail
C02638,2026-01-03,62.11,retail
C03046,2026-01-03,86.72,retail
C03057,2026-01-03,12.28,retail
C03148,2026-01-03,37.72,retail
C03172,2026-01-03,26.82,retail
C03198,2026-01-03,80.27,retail
C03207,2026-01-03,14.7,retail
C03235,2026-01-03,16.96,retail
C03265,2026-01-03,33.17,retail
C03305,2026-01-03,44.69,retail
C03350,2026-01-03,34.68,retail
C03594,2026-01-03,15.31,retail
C03601,2026-01-03,16.91,retail
C03789,2026-01-03,34.87,retail
C03886,2026-01-03,28.17,retail
C03912,2026-01-03,44.92,retail
C03978,2026-01-03,29.5,retail
W000,2026-01-03,349.82,wholesale
W005,2026-01-03,211.84,wholesale
W005,2026-01-03,188.06,wholesale
W010,2026-01-03,391.06,wholesale
W010,2026-01-03,213.27,wholesale
W020,2026-01-03,132.01,wholesale
C00051,2026-01-04,4.68,retail
C00091,2026-01-04,34.97,retail
C00096,2026-01-04,16.67,retail
C00096,2026-01-04,16.14,retail
C00118,2026-01-04,53.6,retail
C00254,2026-01-04,42.58,retail
C00293,2026-01-04,64.86,retail
C00300,2026-01-04,23.59,retail
C00376,2026-01-04,19.53,retail
C00391,2026-01-04,138.28,retail
C00609,2026-01-04,45.66,retail
C00644,2026-01-04,65.82,retail
C00748,2026-01-04,51.46,retail
C00869,2026-01-04,18.99,retail
C00905,2026-01-04,24.98,retail
C00986,2026-01-04,58.01,retail
C00994,2026-01-04,29.76,retail
C00996,2026-01-04,42.74,retail
C01099,2026-01-04,24.67,retail
C01148,2026-01-04,20.13,retail
C01172,2026-01-04,42.54,retail
C01217,2026-01-04,30.35,retail
C01289,2026-01-04,44.35,retail
C01315,2026-01-04,35.89,retail
C01408,2026-01-04,61.11,retail
C01555,2026-01-04,32.28,retail
C01649,2026-01-04,82.55,retail
C01686,2026-01-04,66.71,retail
C01717,2026-01-04,40.8,retail
C01719,2026-01-04,44.07,retail
C01733,2026-01-04,73.84,retail
C01886,2026-01-04,23.0,retail
C01940,2026-01-04,15.12,retail
C01958,2026-01-04,13.91,retail
C01959,2026-01-04,21.35,retail
C02004,2026-01-04,35.28,retail
C02043,2026-01-04,19.87,retail
C02134,2026-01-04,9.22,retail
C02167,2026-01-04,90.84,retail
C02527,2026-01-04,60.38,retail
C02661,2026-01-04,21.32,retail
C02679,2026-01-04,39.4,retail
C02763,2026-01-04,17.17,retail
C02827,2026-01-04,40.73,retail
C02958,2026-01-04,71.09,retail
C03136,2026-01-04,38.79,retail
C03144,2026-01-04,14.41,retail
C03246,2026-01-04,59.1,retail
C03301,2026-01-04,51.57,retail
C03357,2026-01-04,13.49,retail
C03362,2026-01-04,53.1,retail
C03596,2026-01-04,47.25,retail
C03627,2026-01-04,35.08,retail
C03636,2026-01-04,66.08,retail
C03639,2026-01-04,25.59,retail
C03651,2026-01-04,87.71,retail
C03734,2026-01-04,39.91,retail
C03848,2026-01-04,30.9,retail
C03913,2026-01-04,51.79,retail
C03941,2026-01-04,12.74,retail
C03988,2026-01-04,18.6,retail
W003,2026-01-04,343.42,wholesale
W008,2026-01-04,141.94,wholesale
W010,2026-01-04,287.09,wholesale
W010,2026-01-04,181.39,wholesale
W013,2026-01-04,88.96,wholesale
W013,2026-01-04,354.5,wholesale
W013,2026-01-04,184.73,wholesale
W014,2026-01-04,201.24,wholesale
W021,2026-01-04,286.8,wholesale
W024,2026-01-04,291.66,wholesale
C00071,2026-01-05,40.11,retail
C00169,2026-01-05,129.62,retail
C00183,2026-01-05,71.34,retail
C00293,2026-01-05,38.87,retail
C00460,2026-01-05,19.33,retail
C00472,2026-01-05,26.31,retail
C00482,2026-01-05,31.62,retail
C00617,2026-01-05,103.59,retail
C01092,2026-01-05,64.11,retail
C01111,2026-01-05,36.81,retail
C01161,2026-01-05,54.45,retail
C01224,2026-01-05,23.15,retail
C01326,2026-01-05,113.11,retail
C01357,2026-01-05,45.94,retail
C01451,2026-01-05,54.09,retail
C01504,2026-01-05,46.4,retail
C01573,2026-01-05,84.34,retail
C01579,2026-01-05,83.59,retail
C01758,2026-01-05,35.56,retail
C01766,2026-01-05,25.04,retail
C01834,2026-01-05,32.18,retail
C01877,2026-01-05,33.52,retail
C01899,2026-01-05,30.32,retail
C01907,2026-01-05,25.82,retail
C01938,2026-01-05,34.79,retail
C02177,2026-01-05,37.48,retail
C02267,2026-01-05,8.61,retail
C02283,2026-01-05,21.2,retail
C02408,2026-01-05,18.01,retail
C02441,2026-01-05,21.95,retail
C02489,2026-01-05,30.83,retail
C02573,2026-01-05,28.81,retail
C02576,2026-01-05,34.46,retail
C02722,2026-01-05,15.89,retail
C02806,2026-01-05,30.83,retail
C02808,2026-01-05,27.55,retail
C02840,2026-01-05,94.99,retail
C02901,2026-01-05,23.76,retail
C03181,2026-01-05,6.05,retail
C03218,2026-01-05,22.47,retail
C03365,2026-01-05,16.96,retail
C03426,2026-01-05,37.25,retail
C03453,2026-01-05,24.06,retail
C03528,2026-01-05,34.69,retail
C03577,2026-01-05,19.25,retail
C03596,2026-01-05,35.77,retail
C03630,2026-01-05,91.31,retail
C03670,2026-01-05,21.82,retail
C03758,2026-01-05,21.93,retail
W002,2026-01-05,266.39,wholesale
W022,2026-01-05,248.2,wholesale
W025,2026-01-05,218.36,wholesale
C00036,2026-01-06,34.55,retail
C00195,2026-01-06,32.73,retail
C00227,2026-01-06,8.28,retail
C00532,2026-01-06,30.73,retail
C00539,2026-01-06,153.87,retail
C00574,2026-01-06,27.74,retail
C00662,2026-01-06,25.37,retail
C00687,2026-01-06,22.85,retail
C00817,2026-01-06,29.27,retail
C00884,2026-01-06,30.94,retail
C00887,2026-01-06,34.08,retail
C00895,2026-01-06,39.7,retail
C00916,2026-01-06,71.25,retail
C00970,2026-01-06,33.07,retail
C00983,2026-01-06,66.84,retail
C01105,2026-01-06,40.37,retail
C01175,2026-01-06,48.93,retail
C01185,2026-01-06,35.59,retail
C01224,2026-01-06,64.09,retail
C01452,2026-01-06,16.63,retail
C01465,2026-01-06,60.57,retail
C01703,2026-01-06,65.88,retail
C01999,2026-01-06,39.03,retail
C02070,2026-01-06,26.37,retail
C02207,2026-01-06,67.63,retail
C02235,2026-01-06,53.13,retail
C02319,2026-01-06,66.87,retail
C02477,2026-01-06,18.83,retail
C02605,2026-01-06,34.75,retail
C02622,2026-01-06,24.8,retail
C02749,2026-01-06,20.03,retail
C02798,2026-01-06,41.38,retail
C02850,2026-01-06,140.94,retail
C02872,2026-01-06,54.98,retail
C03033,2026-01-06,45.84,retail
C03099,2026-01-06,34.59,retail
C03260,2026-01-06,27.11,retail
C03356,2026-01-06,41.29,retail
C03560,2026-01-06,30.17,retail
C03589,2026-01-06,25.08,retail
C03595,2026-01-06,18.24,retail
C03632,2026-01-06,26.52,retail
C03745,2026-01-06,68.64,retail
C03992,2026-01-06,37.31,retail
W014,2026-01-06,203.67,wholesale
W027,2026-01-06,332.62,wholesale
C00106,2026-01-07,38.85,retail
C00132,2026-01-07,34.11,retail
C00148,2026-01-07,20.64,retail
C00248,2026-01-07,52.49,retail
C00317,2026-01-07,22.72,retail
C00322,2026-01-07,44.7,retail
C00364,2026-01-07,27.95,retail
C00373,2026-01-07,17.08,retail
C00410,2026-01-07,16.3,retail
C00448,2026-01-07,44.86,retail
C00466,2026-01-07,16.0,retail
C00485,2026-01-07,66.53,retail
C00535,2026-01-07,143.41,retail
C00584,2026-01-07,28.33,retail
C00820,2026-01-07,80.82,retail
C00893,2026-01-07,23.61,retail
C00942,2026-01-07,45.69,retail
C01118,2026-01-07,30.32,retail
C01261,2026-01-07,52.2,retail
C01263,2026-01-07,49.84,retail
C01289,2026-01-07,66.59,retail
C01347,2026-01-07,40.69,retail
C01454,2026-01-07,74.3,retail
C01455,2026-01-07,70.16,retail
C01710,2026-01-07,37.46,retail
C01732,2026-01-07,88.9,retail
C01746,2026-01-07,38.69,retail
C01787,2026-01-07,55.95,retail
C01920,2026-01-07,10.53,retail
C01941,2026-01-07,20.89,retail
C01958,2026-01-07,39.54,retail
C02001,2026-01-07,24.94,retail
C02193,2026-01-07,15.87,retail
C02207,2026-01-07,32.97,retail
C02235,2026-01-07,59.04,retail
C02350,2026-01-07,33.85,retail
C02351,2026-01-07,30.28,retail
C02565,2026-01-07,35.47,retail
C02605,2026-01-07,64.02,retail
C02636,2026-01-07,15.16,retail
C02693,2026-01-07,24.52,retail
C02848,2026-01-07,61.76,retail
C02930,2026-01-07,65.77,retail
C03097,2026-01-07,33.91,retail
C03130,2026-01-07,12.29,retail
C03381,2026-01-07,23.71,retail
C03386,2026-01-07,34.9,retail
C03578,2026-01-07,23.84,retail
C03582,2026-01-07,23.27,retail
C03582,2026-01-07,32.21,retail
C03643,2026-01-07,48.33,retail
C03681,2026-01-07,45.38,retail
C03690,2026-01-07,50.49,retail
C03850,2026-01-07,35.97,retail
C03909,2026-01-07,57.5,retail
C03973,2026-01-07,80.24,retail
W002,2026-01-07,205.68,wholesale
W004,2026-01-07,387.71,wholesale
W013,2026-01-07,232.55,wholesale
W028,2026-01-07,115.43,wholesale
C00017,2026-01-08,60.33,retail
C00033,2026-01-08,31.76,retail
C00077,2026-01-08,48.49,retail
C00338,2026-01-08,22.82,retail
C00363,2026-01-08,32.72,retail
C00369,2026-01-08,16.13,retail
C00385,2026-01-08,105.64,retail
C00403,2026-01-08,50.38,retail
C00556,2026-01-08,52.18,retail
C00569,2026-01-08,29.76,retail
C00617,2026-01-08,45.63,retail
C00896,2026-01-08,30.47,retail
C01015,2026-01-08,39.18,retail
C01081,2026-01-08,23.97,retail
C01169,2026-01-08,38.17,retail
C01200,2026-01-08,53.26,retail
C01255,2026-01-08,61.79,retail
C01306,2026-01-08,31.45,retail
C01337,2026-01-08,28.35,retail
C01451,2026-01-08,38.4,retail
C01482,2026-01-08,33.86,retail
C01491,2026-01-08,24.94,retail
C01523,2026-01-08,58.65,retail
C01553,2026-01-08,30.82,retail
C01560,2026-01-08,45.11,retail
C01898,2026-01-08,84.03,retail
C01945,2026-01-08,31.65,retail
C01952,2026-01-08,67.84,retail
C02054,2026-01-08,73.11,retail
C02139,2026-01-08,49.98,retail
C02195,2026-01-08,34.91,retail
C02230,2026-01-08,18.64,retail
C02240,2026-01-08,59.15,retail
C02286,2026-01-08,19.27,retail
C02307,2026-01-08,52.48,retail
C02341,2026-01-08,36.52,retail
C02468,2026-01-08,64.22,retail
C02492,2026-01-08,42.02,retail
C02621,2026-01-08,28.12,retail
C02631,2026-01-08,70.18,retail
C02642,2026-01-08,79.52,retail
C02645,2026-01-08,35.42,retail
C02704,2026-01-08,20.74,retail
C02880,2026-01-08,17.59,retail
C02934,2026-01-08,42.45,retail
C03029,2026-01-08,35.71,retail
C03128,2026-01-08,59.47,retail
C03285,2026-01-08,33.29,retail
C03394,2026-01-08,18.49,retail
C03399,2026-01-08,26.69,retail
C03538,2026-01-08,37.33,retail
C03567,2026-01-08,14.17,retail
C03587,2026-01-08,61.31,retail
C03784,2026-01-08,75.4,retail
C03902,2026-01-08,47.84,retail
C03906,2026-01-08,15.17,retail
C03911,2026-01-08,79.98,retail
C03953,2026-01-08,26.35,retail
W002,2026-01-08,234.19,wholesale
W021,2026-01-08,183.74,wholesale
C00008,2026-01-09,55.21,retail
C00027,2026-01-09,31.89,retail
C00245,2026-01-09,23.04,retail
C00248,2026-01-09,23.02,retail
C00270,2026-01-09,22.96,retail
C00355,2026-01-09,36.94,retail
C00398,2026-01-09,22.58,retail
C00447,2026-01-09,48.4,retail
C00448,2026-01-09,36.29,retail
C00465,2026-01-09,28.84,retail
C00535,2026-01-09,28.12,retail
C00778,2026-01-09,20.26,retail
C00808,2026-01-09,20.44,retail
C00860,2026-01-09,31.98,retail
C00922,2026-01-09,31.13,retail
C01109,2026-01-09,34.41,retail
C01315,2026-01-09,35.24,retail
C01422,2026-01-09,89.83,retail
C01685,2026-01-09,27.79,retail
C01733,2026-01-09,97.93,retail
C01932,2026-01-09,25.44,retail
C01964,2026-01-09,19.65,retail
C01981,2026-01-09,27.55,retail
C02001,2026-01-09,41.16,retail
C02047,2026-01-09,46.06,retail
C02062,2026-01-09,35.45,retail
C02257,2026-01-09,44.67,retail
C02274,2026-01-09,75.55,retail
C02620,2026-01-09,32.39,retail
C02707,2026-01-09,17.34,retail
C02800,2026-01-09,31.23,retail
C03096,2026-01-09,51.98,retail
C03104,2026-01-09,32.21,retail
C03164,2026-01-09,23.2,retail
C03233,2026-01-09,47.08,retail
C03353,2026-01-09,50.45,retail
C03357,2026-01-09,17.7,retail
C03502,2026-01-09,20.61,retail
C03548,2026-01-09,37.58,retail
C03622,2026-01-09,25.24,retail
C03731,2026-01-09,50.96,retail
C03789,2026-01-09,56.42,retail
C03917,2026-01-09,58.39,retail
C03920,2026-01-09,97.12,retail
W007,2026-01-09,363.86,wholesale
W019,2026-01-09,114.72,wholesale
W020,2026-01-09,204.76,wholesale
W027,2026-01-09,206.3,wholesale
W029,2026-01-09,200.69,wholesale
C00043,2026-01-10,40.58,retail
C00203,2026-01-10,14.07,retail
C00256,2026-01-10,41.32,retail
C00568,2026-01-10,90.33,retail
C00570,2026-01-10,31.34,retail
C00613,2026-01-10,30.06,retail
C00637,2026-01-10,44.74,retail
C00750,2026-01-10,36.48,retail
C00848,2026-01-10,45.42,retail
C00868,2026-01-10,38.21,retail
C00879,2026-01-10,9.48,retail
C00887,2026-01-10,88.04,retail
C00921,2026-01-10,43.55,retail
C00978,2026-01-10,37.23,retail
C00984,2026-01-10,39.88,retail
C01016,2026-01-10,58.35,retail
C01141,2026-01-10,31.14,retail
C01214,2026-01-10,24.06,retail
C01257,2026-01-10,55.84,retail
C01349,2026-01-10,34.54,retail
C01399,2026-01-10,33.78,retail
C01534,2026-01-10,17.72,retail
C01539,2026-01-10,45.04,retail
C01582,2026-01-10,40.6,retail
C01671,2026-01-10,27.06,retail
C01688,2026-01-10,33.02,retail
C01711,2026-01-10,41.62,retail
C01762,2026-01-10,26.77,retail
C01827,2026-01-10,59.47,retail
C02166,2026-01-10,25.23,retail
C02371,2026-01-10,55.56,retail
C02489,2026-01-10,36.45,retail
C02639,2026-01-10,74.86,retail
C02782,2026-01-10,39.93,retail
C02788,2026-01-10,75.95,retail
C02851,2026-01-10,67.15,retail
C02913,2026-01-10,28.88,retail
C02938,2026-01-10,28.43,retail
C02953,2026-01-10,26.47,retail
C03148,2026-01-10,29.01,retail
C03175,2026-01-10,48.63,retail
C03265,2026-01-10,62.2,retail
C03489,2026-01-10,130.39,retail
C03503,2026-01-10,115.42,retail
C03692,2026-01-10,50.11,retail
C03714,2026-01-10,21.2,retail
C03762,2026-01-10,29.74,retail
C03882,2026-01-10,22.53,retail
W002,2026-01-10,164.93,wholesale
C00192,2026-01-11,30.65,retail
C00262,2026-01-11,43.91,retail
C00370,2026-01-11,27.0,retail
C00379,2026-01-11,37.52,retail
C00429,2026-01-11,26.28,retail
C00701,2026-01-11,18.88,retail
C00773,2026-01-11,25.14,retail
C00774,2026-01-11,39.81,retail
C00842,2026-01-11,13.39,retail
C00982,2026-01-11,34.38,retail
C01071,2026-01-11,42.57,retail
C01086,2026-01-11,33.36,retail
C01132,2026-01-11,14.74,retail
C01375,2026-01-11,171.43,retail
C01384,2026-01-11,34.55,retail
C01394,2026-01-11,121.46,retail
C01454,2026-01-11,36.58,retail
C01495,2026-01-11,54.6,retail
C01696,2026-01-11,73.08,retail
C01850,2026-01-11,26.12,retail
C01913,2026-01-11,44.96,retail
C01966,2026-01-11,13.86,retail
C02335,2026-01-11,57.24,retail
C02460,2026-01-11,46.9,retail
C02539,2026-01-11,49.54,retail
C02619,2026-01-11,24.65,retail
C02622,2026-01-11,41.04,retail
C02634,2026-01-11,94.0,retail
C02700,2026-01-11,17.9,retail
C02780,2026-01-11,41.71,retail
C02919,2026-01-11,21.26,retail
C03002,2026-01-11,15.16,retail
C03155,2026-01-11,50.14,retail
C03240,2026-01-11,11.94,retail
C03267,2026-01-11,78.78,retail
C03301,2026-01-11,18.73,retail
C03355,2026-01-11,20.27,retail
C03746,2026-01-11,24.75,retail
C03784,2026-01-11,49.94,retail
C03843,2026-01-11,50.43,retail
C03900,2026-01-11,31.31,retail
C03900,2026-01-11,36.98,retail
C03957,2026-01-11,89.28,retail
W001,2026-01-11,191.28,wholesale
W012,2026-01-11,315.12,wholesale
W013,2026-01-11,297.13,wholesale
W023,2026-01-11,267.23,wholesale
C00073,2026-01-12,49.99,retail
C00094,2026-01-12,14.46,retail
C00331,2026-01-12,48.99,retail
C00391,2026-01-12,22.78,retail
C00450,2026-01-12,16.04,retail
C00521,2026-01-12,5.78,retail
C00531,2026-01-12,20.51,retail
C00573,2026-01-12,32.69,retail
C00573,2026-01-12,56.94,retail
C00665,2026-01-12,38.97,retail
C00838,2026-01-12,41.58,retail
C00876,2026-01-12,21.85,retail
C00914,2026-01-12,10.57,retail
C00954,2026-01-12,39.33,retail
C01083,2026-01-12,35.38,retail
C01111,2026-01-12,73.73,retail
C01137,2026-01-12,14.86,retail
C01184,2026-01-12,21.72,retail
C01203,2026-01-12,102.64,retail
C01292,2026-01-12,16.04,retail
C01338,2026-01-12,49.49,retail
C01345,2026-01-12,20.15,retail
C01358,2026-01-12,23.59,retail
C01437,2026-01-12,37.83,retail
C01574,2026-01-12,40.37,retail
C01969,2026-01-12,23.52,retail
C01999,2026-01-12,17.49,retail
C02083,2026-01-12,36.47,retail
C02104,2026-01-12,19.83,retail
C02166,2026-01-12,19.43,retail
C02362,2026-01-12,25.11,retail
C02415,2026-01-12,14.87,retail
C02418,2026-01-12,34.01,retail
C02450,2026-01-12,129.74,retail
C02455,2026-01-12,37.2,retail
C02470,2026-01-12,47.66,retail
C02509,2026-01-12,36.26,retail
C02588,2026-01-12,44.01,retail
C02589,2026-01-12,57.8,retail
C02741,2026-01-12,106.19,retail
C02806,2026-01-12,40.77,retail
C02820,2026-01-12,47.43,retail
C02849,2026-01-12,45.87,retail
C02864,2026-01-12,27.14,retail
C02891,2026-01-12,29.51,retail
C02895,2026-01-12,34.31,retail
C02995,2026-01-12,187.2,retail
C03163,2026-01-12,15.25,retail
C03316,2026-01-12,47.11,retail
C03375,2026-01-12,32.99,retail
C03393,2026-01-12,79.57,retail
C03408,2026-01-12,50.36,retail
C03418,2026-01-12,53.8,retail
C03421,2026-01-12,25.29,retail
C03425,2026-01-12,35.32,retail
C03463,2026-01-12,19.07,retail
C03700,2026-01-12,20.97,retail
C03878,2026-01-12,101.28,retail
C03960,2026-01-12,39.5,retail
C03970,2026-01-12,67.92,retail
W000,2026-01-12,113.27,wholesale
W006,2026-01-12,234.14,wholesale
W006,2026-01-12,120.61,wholesale
W008,2026-01-12,299.0,wholesale
W008,2026-01-12,185.89,wholesale
W026,2026-01-12,198.42,wholesale
C00053,2026-01-13,56.19,retail
C00063,2026-01-13,18.12,retail
C00123,2026-01-13,20.06,retail
C00124,2026-01-13,59.67,retail
C00126,2026-01-13,31.27,retail
C00164,2026-01-13,43.92,retail
C00381,2026-01-13,14.4,retail
C00571,2026-01-13,13.52,retail
C00618,2026-01-13,49.0,retail
C00625,2026-01-13,112.48,retail
C00641,2026-01-13,33.38,retail
C00650,2026-01-13,47.64,retail
C01106,2026-01-13,10.59,retail
C01310,2026-01-13,21.41,retail
C01319,2026-01-13,28.19,retail
C01327,2026-01-13,45.33,retail
C01348,2026-01-13,38.44,retail
C01653,2026-01-13,17.38,retail
C01752,2026-01-13,21.95,retail
C01773,2026-01-13,31.95,retail
C01886,2026-01-13,14.7,retail
C01982,2026-01-13,29.46,retail
C02176,2026-01-13,49.85,retail
C02259,2026-01-13,26.45,retail
C02286,2026-01-13,28.02,retail
C02325,2026-01-13,20.15,retail
C02375,2026-01-13,13.56,retail
C02384,2026-01-13,35.01,retail
C02400,2026-01-13,33.96,retail
C02435,2026-01-13,38.51,retail
C02669,2026-01-13,25.07,retail
C02710,2026-01-13,32.09,retail
C03068,2026-01-13,11.29,retail
C03092,2026-01-13,17.28,retail
C03100,2026-01-13,12.08,retail
C03213,2026-01-13,12.17,retail
C03218,2026-01-13,39.93,retail
C03223,2026-01-13,40.05,retail
C03382,2026-01-13,12.18,retail
C03397,2026-01-13,57.06,retail
C03400,2026-01-13,44.92,retail
C03521,2026-01-13,17.74,retail
C03566,2026-01-13,52.3,retail
C03710,2026-01-13,55.51,retail
C03794,2026-01-13,33.97,retail
C03926,2026-01-13,35.17,retail
C03933,2026-01-13,63.33,retail
W012,2026-01-13,239.78,wholesale
C00051,2026-01-14,6.95,retail
C00063,2026-01-14,30.26,retail
C00120,2026-01-14,36.74,retail
C00206,2026-01-14,47.56,retail
C00214,2026-01-14,56.06,retail
C00372,2026-01-14,27.64,retail
C00574,2026-01-14,44.58,retail
C00658,2026-01-14,39.3,retail
C00833,2026-01-14,28.15,retail
C00952,2026-01-14,27.63,retail
C01019,2026-01-14,49.73,retail
C01149,2026-01-14,64.59,retail
C01167,2026-01-14,26.46,retail
C01446,2026-01-14,15.49,retail
C01486,2026-01-14,46.36,retail
C01638,2026-01-14,46.76,retail
C01675,2026-01-14,20.05,retail
C01765,2026-01-14,39.94,retail
C01812,2026-01-14,35.68,retail
C02093,2026-01-14,31.98,retail
C02115,2026-01-14,25.74,retail
C02124,2026-01-14,30.53,retail
C02174,2026-01-14,54.07,retail
C02210,2026-01-14,93.52,retail
C02480,2026-01-14,19.47,retail
C02719,2026-01-14,27.47,retail
C02760,2026-01-14,31.57,retail
C02968,2026-01-14,22.8,retail
C03176,2026-01-14,48.61,retail
C03397,2026-01-14,107.99,retail
C03424,2026-01-14,38.03,retail
C03543,2026-01-14,55.43,retail
C03554,2026-01-14,19.54,retail
C03722,2026-01-14,26.0,retail
C03732,2026-01-14,36.69,retail
C03793,2026-01-14,66.07,retail
C03867,2026-01-14,36.7,retail
C03926,2026-01-14,48.16,retail
W009,2026-01-14,123.7,wholesale
W017,2026-01-14,216.97,wholesale
W017,2026-01-14,151.93,wholesale
W022,2026-01-14,208.54,wholesale
C00014,2026-01-15,29.06,retail
C00024,2026-01-15,50.2,retail
C00050,2026-01-15,30.64,retail
C00095,2026-01-15,25.98,retail
C00148,2026-01-15,44.59,retail
C00152,2026-01-15,30.59,retail
C00521,2026-01-15,20.73,retail
C00605,2026-01-15,52.6,retail
C00621,2026-01-15,32.08,retail
C00695,2026-01-15,38.18,retail
C00762,2026-01-15,79.55,retail
C00784,2026-01-15,25.83,retail
C00815,2026-01-15,69.89,retail
C00959,2026-01-15,44.54,retail
C00964,2026-01-15,39.02,retail
C01396,2026-01-15,36.08,retail
C01399,2026-01-15,56.84,retail
C01568,2026-01-15,15.68,retail
C01617,2026-01-15,37.19,retail
C01649,2026-01-15,16.09,retail
C01688,2026-01-15,42.59,retail
C01696,2026-01-15,33.99,retail
C01713,2026-01-15,21.37,retail
C01716,2026-01-15,44.61,retail
C01889,2026-01-15,46.25,retail
C01955,2026-01-15,32.45,retail
C02240,2026-01-15,35.76,retail
C02365,2026-01-15,18.91,retail
C02397,2026-01-15,72.73,retail
C02417,2026-01-15,49.13,retail
C02523,2026-01-15,20.76,retail
C02569,2026-01-15,14.92,retail
C02710,2026-01-15,69.66,retail
C02782,2026-01-15,37.94,retail
C02862,2026-01-15,50.81,retail
C02890,2026-01-15,56.16,retail
C02894,2026-01-15,29.24,retail
C02913,2026-01-15,37.03,retail
C02968,2026-01-15,38.9,retail
C02984,2026-01-15,28.39,retail
C03137,2026-01-15,19.86,retail
C03206,2026-01-15,29.24,retail
C03280,2026-01-15,17.77,retail
C03340,2026-01-15,45.79,retail
C03379,2026-01-15,52.41,retail
C03436,2026-01-15,10.8,retail
C03533,2026-01-15,44.36,retail
C03547,2026-01-15,41.85,retail
C03602,2026-01-15,39.81,retail
C03636,2026-01-15,46.85,retail
C03661,2026-01-15,23.35,retail
C03776,2026-01-15,21.46,retail
C03967,2026-01-15,21.64,retail
W001,2026-01-15,151.28,wholesale
W004,2026-01-15,227.32,wholesale
W004,2026-01-15,115.4,wholesale
W006,2026-01-15,276.18,wholesale
W018,2026-01-15,287.77,wholesale
C00059,2026-01-16,24.27,retail
C00099,2026-01-16,64.07,retail
C00262,2026-01-16,51.88,retail
C00317,2026-01-16,43.63,retail
C00361,2026-01-16,41.95,retail
C00443,2026-01-16,31.78,retail
C00662,2026-01-16,62.2,retail
C00701,2026-01-16,84.12,retail
C00785,2026-01-16,25.92,retail
C00805,2026-01-16,43.34,retail
C00876,2026-01-16,28.68,retail
C00942,2026-01-16,21.88,retail
C01173,2026-01-16,17.58,retail
C01207,2026-01-16,30.99,retail
C01244,2026-01-16,86.92,retail
C01280,2026-01-16,21.27,retail
C01382,2026-01-16,40.78,retail
C01396,2026-01-16,42.34,retail
C01431,2026-01-16,34.23,retail
C01708,2026-01-16,54.12,retail
C01769,2026-01-16,26.86,retail
C01884,2026-01-16,10.08,retail
C01920,2026-01-16,15.99,retail
C01925,2026-01-16,20.04,retail
C02087,2026-01-16,111.09,retail
C02103,2026-01-16,25.35,retail
C02198,2026-01-16,63.44,retail
C02310,2026-01-16,27.91,retail
C02549,2026-01-16,29.6,retail
C02585,2026-01-16,57.68,retail
C02601,2026-01-16,65.91,retail
C02711,2026-01-16,35.83,retail
C02867,2026-01-16,19.03,retail
C03044,2026-01-16,74.29,retail
C03136,2026-01-16,12.42,retail
C03157,2026-01-16,35.91,retail
C03212,2026-01-16,49.51,retail
C03392,2026-01-16,30.74,retail
C03402,2026-01-16,22.3,retail
C03420,2026-01-16,33.62,retail
C03468,2026-01-16,78.54,retail
C03599,2026-01-16,38.71,retail
C03638,2026-01-16,45.61,retail
C03641,2026-01-16,33.86,retail
C03754,2026-01-16,10.99,retail
C03759,2026-01-16,24.9,retail
C03798,2026-01-16,55.07,retail
C03895,2026-01-16,57.58,retail
C03931,2026-01-16,105.25,retail
C03934,2026-01-16,46.23,retail
W001,2026-01-16,181.18,wholesale
W003,2026-01-16,299.78,wholesale
W011,2026-01-16,706.17,wholesale
W011,2026-01-16,176.91,wholesale
W015,2026-01-16,116.6,wholesale
W017,2026-01-16,330.64,wholesale
W022,2026-01-16,128.47,wholesale
W023,2026-01-16,230.79,wholesale
W024,2026-01-16,357.34,wholesale
C00038,2026-01-17,49.38,retail
C00161,2026-01-17,24.0,retail
C00173,2026-01-17,95.05,retail
C00603,2026-01-17,25.22,retail
C00640,2026-01-17,21.73,retail
C00708,2026-01-17,173.82,retail
C00752,2026-01-17,21.12,retail
C00801,2026-01-17,36.36,retail
C01064,2026-01-17,13.85,retail
C01069,2026-01-17,50.11,retail
C01077,2026-01-17,22.75,retail
C01153,2026-01-17,81.73,retail
C01199,2026-01-17,18.84,retail
C01200,2026-01-17,34.99,retail
C01239,2026-01-17,17.53,retail
C01333,2026-01-17,22.73,retail
C01411,2026-01-17,23.44,retail
C01643,2026-01-17,34.26,retail
C01655,2026-01-17,54.91,retail
C01724,2026-01-17,31.81,retail
C01754,2026-01-17,27.77,retail
C01777,2026-01-17,82.35,retail
C01847,2026-01-17,61.31,retail
C01898,2026-01-17,46.08,retail
C01903,2026-01-17,32.81,retail
C02004,2026-01-17,21.64,retail
C02047,2026-01-17,12.23,retail
C02121,2026-01-17,32.05,retail
C02247,2026-01-17,46.88,retail
C02366,2026-01-17,106.11,retail
C02421,2026-01-17,22.5,retail
C02537,2026-01-17,26.35,retail
C02748,2026-01-17,45.94,retail
C02840,2026-01-17,31.22,retail
C02922,2026-01-17,29.02,retail
C02952,2026-01-17,16.11,retail
C02994,2026-01-17,35.32,retail
C03020,2026-01-17,12.44,retail
C03112,2026-01-17,42.05,retail
C03174,2026-01-17,20.45,retail
C03325,2026-01-17,20.26,retail
C03340,2026-01-17,73.19,retail
C03401,2026-01-17,23.32,retail
C03533,2026-01-17,20.81,retail
C03537,2026-01-17,68.89,retail
C03584,2026-01-17,105.78,retail
C03602,2026-01-17,24.65,retail
C03643,2026-01-17,49.29,retail
C03686,2026-01-17,25.86,retail
C03765,2026-01-17,23.57,retail
W004,2026-01-17,322.48,wholesale
W006,2026-01-17,133.12,wholesale
W016,2026-01-17,163.32,wholesale
W018,2026-01-17,261.41,wholesale
W026,2026-01-17,218.65,wholesale
W028,2026-01-17,155.65,wholesale
C00038,2026-01-18,49.42,retail
C00335,2026-01-18,60.29,retail
C00410,2026-01-18,31.1,retail
C00503,2026-01-18,10.65,retail
C00517,2026-01-18,45.09,retail
C00664,2026-01-18,20.23,retail
C00715,2026-01-18,124.17,retail
C00815,2026-01-18,40.43,retail
C00827,2026-01-18,22.03,retail
C00879,2026-01-18,43.62,retail
C01101,2026-01-18,27.53,retail
C01144,2026-01-18,34.0,retail
C01401,2026-01-18,25.82,retail
C01498,2026-01-18,30.2,retail
C01532,2026-01-18,28.77,retail
C01788,2026-01-18,22.01,retail
C01857,2026-01-18,27.59,retail
C02104,2026-01-18,15.39,retail
C02138,2026-01-18,25.46,retail
C02169,2026-01-18,36.37,retail
C02249,2026-01-18,48.75,retail
C02337,2026-01-18,45.94,retail
C02390,2026-01-18,64.02,retail
C02479,2026-01-18,59.03,retail
C02484,2026-01-18,52.77,retail
C02522,2026-01-18,43.6,retail
C02661,2026-01-18,14.69,retail
C02707,2026-01-18,5.12,retail
C02800,2026-01-18,68.79,retail
C02866,2026-01-18,16.74,retail
C02910,2026-01-18,44.27,retail
C03054,2026-01-18,23.59,retail
C03157,2026-01-18,47.58,retail
C03212,2026-01-18,50.57,retail
C03240,2026-01-18,16.1,retail
C03320,2026-01-18,37.34,retail
C03441,2026-01-18,31.26,retail
C03468,2026-01-18,41.04,retail
C03612,2026-01-18,30.1,retail
C03657,2026-01-18,28.07,retail
C03681,2026-01-18,18.89,retail
C03746,2026-01-18,17.5,retail
C03886,2026-01-18,24.77,retail
C03905,2026-01-18,42.05,retail
C03906,2026-01-18,25.75,retail
C03964,2026-01-18,20.57,retail
W002,2026-01-18,435.44,wholesale
W004,2026-01-18,297.38,wholesale
W009,2026-01-18,237.86,wholesale
W009,2026-01-18,443.61,wholesale
W024,2026-01-18,229.64,wholesale
W025,2026-01-18,438.66,wholesale
W026,2026-01-18,164.53,wholesale
W028,2026-01-18,172.37,wholesale
C00187,2026-01-19,21.02,retail
C00212,2026-01-19,38.0,retail
C00220,2026-01-19,88.72,retail
C00223,2026-01-19,50.8,retail
C00326,2026-01-19,15.39,retail
C00345,2026-01-19,142.66,retail
C00452,2026-01-19,20.6,retail
C00561,2026-01-19,45.17,retail
C00612,2026-01-19,107.52,retail
C00801,2026-01-19,26.19,retail
C00806,2026-01-19,20.84,retail
C00822,2026-01-19,65.43,retail
C00930,2026-01-19,27.31,retail
C00950,2026-01-19,56.21,retail
C01180,2026-01-19,28.75,retail
C01186,2026-01-19,93.48,retail
C01277,2026-01-19,17.8,retail
C01330,2026-01-19,19.78,retail
C01367,2026-01-19,32.52,retail
C01532,2026-01-19,29.03,retail
C01617,2026-01-19,37.46,retail
C01827,2026-01-19,72.0,retail
C01982,2026-01-19,42.68,retail
C02296,2026-01-19,8.79,retail
C02298,2026-01-19,20.53,retail
C02730,2026-01-19,9.58,retail
C02875,2026-01-19,55.78,retail
C02890,2026-01-19,15.83,retail
C02894,2026-01-19,22.68,retail
C03009,2026-01-19,55.12,retail
C03116,2026-01-19,46.56,retail
C03139,2026-01-19,21.38,retail
C03315,2026-01-19,46.87,retail
C03473,2026-01-19,39.39,retail
C03519,2026-01-19,28.8,retail
C03529,2026-01-19,76.89,retail
C03583,2026-01-19,28.68,retail
C03650,2026-01-19,51.59,retail
C03706,2026-01-19,15.82,retail
C03729,2026-01-19,26.55,retail
C03780,2026-01-19,43.77,retail
C03793,2026-01-19,63.4,retail
C03875,2026-01-19,45.45,retail
W015,2026-01-19,359.19,wholesale
W023,2026-01-19,239.08,wholesale
W025,2026-01-19,282.27,wholesale
W027,2026-01-19,220.23,wholesale
C00124,2026-01-20,53.77,retail
C00180,2026-01-20,27.66,retail
C00220,2026-01-20,39.28,retail
C00341,2026-01-20,52.84,retail
C00421,2026-01-20,26.77,retail
C00588,2026-01-20,29.09,retail
C00637,2026-01-20,58.63,retail
C00669,2026-01-20,27.77,retail
C00852,2026-01-20,35.21,retail
C00882,2026-01-20,11.62,retail
C01074,2026-01-20,46.67,retail
C01176,2026-01-20,33.85,retail
C01306,2026-01-20,15.04,retail
C01358,2026-01-20,22.82,retail
C01429,2026-01-20,32.69,retail
C01568,2026-01-20,93.06,retail
C01638,2026-01-20,55.87,retail
C01639,2026-01-20,26.54,retail
C01679,2026-01-20,53.08,retail
C01704,2026-01-20,13.46,retail
C01724,2026-01-20,52.04,retail
C01767,2026-01-20,48.13,retail
C01887,2026-01-20,6.32,retail
C01940,2026-01-20,35.56,retail
C02058,2026-01-20,30.67,retail
C02148,2026-01-20,11.8,retail
C02227,2026-01-20,18.35,retail
C02403,2026-01-20,30.54,retail
C02483,2026-01-20,94.99,retail
C02645,2026-01-20,45.53,retail
C02698,2026-01-20,24.44,retail
C02859,2026-01-20,39.35,retail
C02954,2026-01-20,54.8,retail
C02985,2026-01-20,43.68,retail
C03053,2026-01-20,30.05,retail
C03116,2026-01-20,24.12,retail
C03170,2026-01-20,52.55,retail
C03195,2026-01-20,42.89,retail
C03470,2026-01-20,29.55,retail
C03495,2026-01-20,28.46,retail
C03657,2026-01-20,18.76,retail
C03717,2026-01-20,30.99,retail
C03850,2026-01-20,58.8,retail
C03954,2026-01-20,19.74,retail
C03957,2026-01-20,10.53,retail
C03963,2026-01-20,45.64,retail
C03981,2026-01-20,23.09,retail
W016,2026-01-20,218.99,wholesale
W017,2026-01-20,251.9,wholesale
W018,2026-01-20,93.94,wholesale
W019,2026-01-20,151.76,wholesale
W020,2026-01-20,252.77,wholesale
C00006,2026-01-21,30.52,retail
C00015,2026-01-21,26.18,retail
C00032,2026-01-21,38.11,retail
C00039,2026-01-21,17.5,retail
C00098,2026-01-21,88.97,retail
C00154,2026-01-21,33.75,retail
C00322,2026-01-21,44.19,retail
C00613,2026-01-21,30.59,retail
C00854,2026-01-21,35.4,retail
C00957,2026-01-21,40.27,retail
C00970,2026-01-21,44.7,retail
C00989,2026-01-21,65.11,retail
C00989,2026-01-21,60.44,retail
C01262,2026-01-21,27.3,retail
C01656,2026-01-21,28.56,retail
C01797,2026-01-21,30.7,retail
C01892,2026-01-21,8.28,retail
C01912,2026-01-21,33.22,retail
C02067,2026-01-21,23.49,retail
C02124,2026-01-21,78.06,retail
C02171,2026-01-21,38.35,retail
C02316,2026-01-21,130.95,retail
C02329,2026-01-21,43.65,retail
C02380,2026-01-21,37.56,retail
C02423,2026-01-21,107.75,retail
C02448,2026-01-21,23.03,retail
C02457,2026-01-21,31.1,retail
C02533,2026-01-21,10.59,retail
C02600,2026-01-21,83.33,retail
C02612,2026-01-21,35.11,retail
C02646,2026-01-21,18.68,retail
C02767,2026-01-21,25.55,retail
C02799,2026-01-21,41.33,retail
C02889,2026-01-21,45.86,retail
C02993,2026-01-21,31.73,retail
C03129,2026-01-21,33.93,retail
C03187,2026-01-21,23.77,retail
C03509,2026-01-21,53.77,retail
C03514,2026-01-21,33.72,retail
C03770,2026-01-21,43.8,retail
C03806,2026-01-21,55.17,retail
C03806,2026-01-21,31.92,retail
C03807,2026-01-21,117.15,retail
C03878,2026-01-21,44.1,retail
C03897,2026-01-21,10.35,retail
C03969,2026-01-21,29.32,retail
W000,2026-01-21,322.79,wholesale
W003,2026-01-21,266.38,wholesale
W011,2026-01-21,137.02,wholesale
C00010,2026-01-22,10.69,retail
C00370,2026-01-22,35.78,retail
C00452,2026-01-22,70.27,retail
C00484,2026-01-22,27.78,retail
C00503,2026-01-22,44.87,retail
C00588,2026-01-22,41.26,retail
C00604,2026-01-22,26.89,retail
C01098,2026-01-22,34.98,retail
C01118,2026-01-22,29.35,retail
C01210,2026-01-22,38.74,retail
C01214,2026-01-22,90.7,retail
C01291,2026-01-22,69.54,retail
C01366,2026-01-22,118.44,retail
C01383,2026-01-22,32.18,retail
C01431,2026-01-22,30.03,retail
C01592,2026-01-22,25.5,retail
C01673,2026-01-22,13.18,retail
C01684,2026-01-22,24.22,retail
C01684,2026-01-22,67.73,retail
C01899,2026-01-22,65.17,retail
C01950,2026-01-22,47.77,retail
C02023,2026-01-22,19.98,retail
C02023,2026-01-22,21.23,retail
C02120,2026-01-22,82.19,retail
C02182,2026-01-22,26.07,retail
C02334,2026-01-22,33.84,retail
C02378,2026-01-22,42.3,retail
C02421,2026-01-22,15.16,retail
C02460,2026-01-22,36.41,retail
C02690,2026-01-22,20.12,retail
C02764,2026-01-22,15.7,retail
C02824,2026-01-22,38.03,retail
C02916,2026-01-22,48.76,retail
C02951,2026-01-22,63.97,retail
C03073,2026-01-22,11.12,retail
C03195,2026-01-22,40.87,retail
C03199,2026-01-22,38.39,retail
C03371,2026-01-22,29.33,retail
C03560,2026-01-22,55.05,retail
C03605,2026-01-22,43.08,retail
C03626,2026-01-22,57.47,retail
C03730,2026-01-22,42.25,retail
C03843,2026-01-22,43.96,retail
C03927,2026-01-22,36.04,retail
C03931,2026-01-22,78.73,retail
C03949,2026-01-22,79.33,retail
C03962,2026-01-22,34.31,retail
W007,2026-01-22,159.06,wholesale
W014,2026-01-22,194.86,wholesale
W018,2026-01-22,284.15,wholesale
C00055,2026-01-23,21.7,retail
C00160,2026-01-23,36.35,retail
C00173,2026-01-23,72.29,retail
C00263,2026-01-23,25.78,retail
C00268,2026-01-23,66.6,retail
C00282,2026-01-23,25.87,retail
C00292,2026-01-23,29.34,retail
C00337,2026-01-23,29.53,retail
C00497,2026-01-23,38.43,retail
C00674,2026-01-23,52.67,retail
C00930,2026-01-23,48.5,retail
C00952,2026-01-23,33.49,retail
C00966,2026-01-23,45.58,retail
C00983,2026-01-23,23.96,retail
C00988,2026-01-23,25.12,retail
C01010,2026-01-23,68.98,retail
C01028,2026-01-23,27.37,retail
C01132,2026-01-23,48.31,retail
C01159,2026-01-23,31.23,retail
C01169,2026-01-23,27.27,retail
C01222,2026-01-23,44.61,retail
C01267,2026-01-23,60.59,retail
C01392,2026-01-23,15.22,retail
C01412,2026-01-23,49.99,retail
C01426,2026-01-23,34.87,retail
C01570,2026-01-23,85.49,retail
C01576,2026-01-23,31.32,retail
C01678,2026-01-23,83.14,retail
C01754,2026-01-23,26.16,retail
C01766,2026-01-23,15.0,retail
C01786,2026-01-23,44.71,retail
C01795,2026-01-23,70.55,retail
C02103,2026-01-23,58.47,retail
C02311,2026-01-23,80.54,retail
C02387,2026-01-23,50.58,retail
C02493,2026-01-23,37.13,retail
C02540,2026-01-23,61.61,retail
C02712,2026-01-23,42.09,retail
C02773,2026-01-23,35.14,retail
C02810,2026-01-23,33.41,retail
C03057,2026-01-23,58.71,retail
C03062,2026-01-23,44.79,retail
C03062,2026-01-23,31.85,retail
C03184,2026-01-23,53.02,retail
C03191,2026-01-23,59.36,retail
C03199,2026-01-23,67.74,retail
C03250,2026-01-23,118.95,retail
C03276,2026-01-23,17.18,retail
C03469,2026-01-23,30.31,retail
C03497,2026-01-23,34.8,retail
C03563,2026-01-23,25.72,retail
C03594,2026-01-23,53.93,retail
C03647,2026-01-23,43.12,retail
C03910,2026-01-23,9.05,retail
C03928,2026-01-23,55.91,retail
C03984,2026-01-23,24.53,retail
C03991,2026-01-23,27.82,retail
W003,2026-01-23,180.3,wholesale
W005,2026-01-23,241.01,wholesale
W012,2026-01-23,352.18,wholesale
W022,2026-01-23,149.11,wholesale
W027,2026-01-23,273.95,wholesale
C00144,2026-01-24,53.68,retail
C00304,2026-01-24,17.87,retail
C00321,2026-01-24,133.79,retail
C00381,2026-01-24,51.36,retail
C00389,2026-01-24,33.96,retail
C00435,2026-01-24,15.73,retail
C00618,2026-01-24,34.56,retail
C00683,2026-01-24,57.75,retail
C00795,2026-01-24,50.23,retail
C00996,2026-01-24,47.62,retail
C01019,2026-01-24,28.23,retail
C01074,2026-01-24,23.67,retail
C01167,2026-01-24,15.58,retail
C01401,2026-01-24,36.42,retail
C01510,2026-01-24,45.33,retail
C01722,2026-01-24,23.49,retail
C01953,2026-01-24,47.54,retail
C01987,2026-01-24,63.98,retail
C02009,2026-01-24,63.55,retail
C02016,2026-01-24,29.5,retail
C02161,2026-01-24,54.81,retail
C02184,2026-01-24,30.88,retail
C02215,2026-01-24,14.66,retail
C02263,2026-01-24,36.46,retail
C02403,2026-01-24,40.0,retail
C02411,2026-01-24,35.54,retail
C02417,2026-01-24,24.72,retail
C02467,2026-01-24,39.72,retail
C02488,2026-01-24,67.96,retail
C02490,2026-01-24,29.69,retail
C02539,2026-01-24,34.23,retail
C02543,2026-01-24,34.91,retail
C02557,2026-01-24,34.78,retail
C02597,2026-01-24,36.01,retail
C02667,2026-01-24,21.96,retail
C02692,2026-01-24,59.45,retail
C02704,2026-01-24,36.56,retail
C02720,2026-01-24,29.36,retail
C02720,2026-01-24,20.29,retail
C02729,2026-01-24,15.68,retail
C02977,2026-01-24,29.89,retail
C03089,2026-01-24,29.55,retail
C03183,2026-01-24,18.28,retail
C03286,2026-01-24,14.5,retail
C03411,2026-01-24,53.95,retail
C03509,2026-01-24,20.73,retail
C03547,2026-01-24,27.5,retail
C03562,2026-01-24,34.38,retail
C03600,2026-01-24,131.12,retail
C03854,2026-01-24,16.05,retail
C03916,2026-01-24,94.42,retail
C03920,2026-01-24,21.87,retail
C03984,2026-01-24,18.86,retail
W001,2026-01-24,417.73,wholesale
W011,2026-01-24,190.84,wholesale
W015,2026-01-24,248.5,wholesale
W019,2026-01-24,275.95,wholesale
W020,2026-01-24,314.85,wholesale
C00095,2026-01-25,17.51,retail
C00369,2026-01-25,92.08,retail
C00570,2026-01-25,18.18,retail
C00755,2026-01-25,54.92,retail
C00868,2026-01-25,60.31,retail
C00889,2026-01-25,50.99,retail
C00907,2026-01-25,55.32,retail
C00919,2026-01-25,29.11,retail
C01012,2026-01-25,28.59,retail
C01012,2026-01-25,84.68,retail
C01255,2026-01-25,29.45,retail
C01263,2026-01-25,34.68,retail
C01338,2026-01-25,40.19,retail
C01377,2026-01-25,59.62,retail
C01404,2026-01-25,25.18,retail
C01534,2026-01-25,32.61,retail
C01538,2026-01-25,29.53,retail
C01572,2026-01-25,50.37,retail
C01593,2026-01-25,36.57,retail
C01622,2026-01-25,50.16,retail
C01656,2026-01-25,68.61,retail
C01679,2026-01-25,56.12,retail
C01730,2026-01-25,54.76,retail
C01869,2026-01-25,42.03,retail
C01897,2026-01-25,15.96,retail
C02201,2026-01-25,87.52,retail
C02249,2026-01-25,64.02,retail
C02283,2026-01-25,21.63,retail
C02360,2026-01-25,25.99,retail
C02457,2026-01-25,35.27,retail
C02589,2026-01-25,83.86,retail
C02591,2026-01-25,28.53,retail
C02746,2026-01-25,50.44,retail
C02784,2026-01-25,43.46,retail
C02937,2026-01-25,58.36,retail
C02938,2026-01-25,67.84,retail
C03019,2026-01-25,32.5,retail
C03152,2026-01-25,41.24,retail
C03154,2026-01-25,32.13,retail
C03166,2026-01-25,24.52,retail
C03170,2026-01-25,29.07,retail
C03315,2026-01-25,35.73,retail
C03435,2026-01-25,17.35,retail
C03440,2026-01-25,32.99,retail
C03528,2026-01-25,60.54,retail
C03532,2026-01-25,41.31,retail
C03662,2026-01-25,15.22,retail
C03702,2026-01-25,32.3,retail
C03712,2026-01-25,85.34,retail
C03887,2026-01-25,42.26,retail
C03967,2026-01-25,34.49,retail
W006,2026-01-25,289.0,wholesale
W011,2026-01-25,271.96,wholesale
W016,2026-01-25,191.41,wholesale
W017,2026-01-25,249.64,wholesale
W021,2026-01-25,305.09,wholesale
W029,2026-01-25,209.82,wholesale
C00146,2026-01-26,40.76,retail
C00270,2026-01-26,30.1,retail
C00404,2026-01-26,27.99,retail
C00407,2026-01-26,31.94,retail
C00695,2026-01-26,26.04,retail
C00746,2026-01-26,14.14,retail
C00755,2026-01-26,11.03,retail
C00767,2026-01-26,25.34,retail
C00883,2026-01-26,32.34,retail
C00947,2026-01-26,87.66,retail
C00947,2026-01-26,30.51,retail
C01063,2026-01-26,23.55,retail
C01073,2026-01-26,18.41,retail
C01101,2026-01-26,28.65,retail
C01141,2026-01-26,65.03,retail
C01436,2026-01-26,57.3,retail
C01437,2026-01-26,17.86,retail
C01465,2026-01-26,36.94,retail
C01542,2026-01-26,40.47,retail
C01589,2026-01-26,34.97,retail
C01675,2026-01-26,27.77,retail
C01740,2026-01-26,22.99,retail
C01742,2026-01-26,27.39,retail
C01769,2026-01-26,17.88,retail
C01770,2026-01-26,33.17,retail
C01787,2026-01-26,19.41,retail
C01855,2026-01-26,34.22,retail
C02073,2026-01-26,27.07,retail
C02111,2026-01-26,27.37,retail
C02175,2026-01-26,39.61,retail
C02221,2026-01-26,19.25,retail
C02225,2026-01-26,80.63,retail
C02309,2026-01-26,16.85,retail
C02351,2026-01-26,40.66,retail
C02402,2026-01-26,43.03,retail
C02530,2026-01-26,32.69,retail
C02621,2026-01-26,90.42,retail
C02921,2026-01-26,38.72,retail
C02963,2026-01-26,44.9,retail
C03282,2026-01-26,16.73,retail
C03306,2026-01-26,19.17,retail
C03371,2026-01-26,105.23,retail
C03382,2026-01-26,7.44,retail
C03408,2026-01-26,40.55,retail
C03451,2026-01-26,22.97,retail
C03502,2026-01-26,26.31,retail
C03529,2026-01-26,32.35,retail
C03647,2026-01-26,29.79,retail
C03654,2026-01-26,69.39,retail
C03710,2026-01-26,21.44,retail
C03724,2026-01-26,49.45,retail
C03800,2026-01-26,40.6,retail
C03992,2026-01-26,104.73,retail
W005,2026-01-26,232.81,wholesale
W007,2026-01-26,469.41,wholesale
W016,2026-01-26,483.47,wholesale
W029,2026-01-26,378.73,wholesale
C00070,2026-01-27,25.03,retail
C00122,2026-01-27,29.52,retail
C00253,2026-01-27,53.62,retail
C00348,2026-01-27,51.95,retail
C00451,2026-01-27,20.34,retail
C00466,2026-01-27,49.18,retail
C00625,2026-01-27,28.44,retail
C00773,2026-01-27,26.97,retail
C00905,2026-01-27,40.85,retail
C00950,2026-01-27,45.02,retail
C01094,2026-01-27,71.42,retail
C01120,2026-01-27,12.05,retail
C01171,2026-01-27,16.59,retail
C01247,2026-01-27,103.43,retail
C01335,2026-01-27,91.48,retail
C01546,2026-01-27,55.2,retail
C01592,2026-01-27,31.7,retail
C01789,2026-01-27,62.29,retail
C01807,2026-01-27,26.89,retail
C01904,2026-01-27,41.21,retail
C02225,2026-01-27,39.53,retail
C02242,2026-01-27,93.01,retail
C02445,2026-01-27,21.7,retail
C02464,2026-01-27,46.49,retail
C02480,2026-01-27,56.22,retail
C02549,2026-01-27,108.87,retail
C02578,2026-01-27,22.78,retail
C02659,2026-01-27,39.53,retail
C02930,2026-01-27,57.88,retail
C02989,2026-01-27,21.68,retail
C03034,2026-01-27,34.46,retail
C03099,2026-01-27,42.71,retail
C03104,2026-01-27,17.52,retail
C03135,2026-01-27,16.71,retail
C03153,2026-01-27,61.98,retail
C03343,2026-01-27,19.97,retail
C03353,2026-01-27,20.26,retail
C03535,2026-01-27,44.43,retail
C03538,2026-01-27,58.87,retail
C03564,2026-01-27,38.26,retail
C03610,2026-01-27,23.11,retail
C03694,2026-01-27,18.51,retail
C03917,2026-01-27,29.0,retail
C03934,2026-01-27,24.12,retail
W003,2026-01-27,508.42,wholesale
W016,2026-01-27,327.05,wholesale
W024,2026-01-27,157.69,wholesale
W028,2026-01-27,432.34,wholesale
C00028,2026-01-28,27.57,retail
C00073,2026-01-28,30.95,retail
C00077,2026-01-28,31.49,retail
C00250,2026-01-28,42.95,retail
C00266,2026-01-28,47.91,retail
C00300,2026-01-28,14.42,retail
C00306,2026-01-28,37.97,retail
C00426,2026-01-28,59.03,retail
C00470,2026-01-28,30.75,retail
C00611,2026-01-28,9.14,retail
C00658,2026-01-28,34.74,retail
C00685,2026-01-28,93.64,retail
C00711,2026-01-28,38.08,retail
C00778,2026-01-28,26.03,retail
C00783,2026-01-28,49.43,retail
C00839,2026-01-28,26.02,retail
C01068,2026-01-28,28.21,retail
C01070,2026-01-28,23.87,retail
C01136,2026-01-28,24.27,retail
C01176,2026-01-28,16.08,retail
C01284,2026-01-28,25.74,retail
C01526,2026-01-28,30.35,retail
C01537,2026-01-28,60.76,retail
C01582,2026-01-28,34.85,retail
C02188,2026-01-28,135.34,retail
C02190,2026-01-28,27.87,retail
C02250,2026-01-28,9.02,retail
C02360,2026-01-28,51.84,retail
C02363,2026-01-28,38.16,retail
C02390,2026-01-28,44.11,retail
C02435,2026-01-28,21.91,retail
C02548,2026-01-28,48.48,retail
C02647,2026-01-28,77.6,retail
C03085,2026-01-28,23.35,retail
C03088,2026-01-28,44.12,retail
C03121,2026-01-28,22.57,retail
C03280,2026-01-28,24.62,retail
C03313,2026-01-28,35.59,retail
C03466,2026-01-28,30.58,retail
C03546,2026-01-28,72.21,retail
C03566,2026-01-28,35.2,retail
C03650,2026-01-28,41.67,retail
C03694,2026-01-28,6.5,retail
C03706,2026-01-28,67.38,retail
C03879,2026-01-28,49.3,retail
C03913,2026-01-28,33.6,retail
C03924,2026-01-28,52.52,retail
C03954,2026-01-28,11.38,retail
W001,2026-01-28,246.28,wholesale
W023,2026-01-28,178.74,wholesale
W024,2026-01-28,147.39,wholesale
W027,2026-01-28,95.04,wholesale
W029,2026-01-28,231.44,wholesale
C00084,2026-02-01,105.09,retail
C00182,2026-02-01,59.23,retail
C00184,2026-02-01,33.67,retail
C00348,2026-02-01,108.96,retail
C00353,2026-02-01,37.37,retail
C00370,2026-02-01,33.78,retail
C00437,2026-02-01,30.85,retail
C00957,2026-02-01,32.36,retail
C00957,2026-02-01,30.35,retail
C00975,2026-02-01,16.03,retail
C00978,2026-02-01,86.35,retail
C01020,2026-02-01,39.77,retail
C01028,2026-02-01,21.02,retail
C01125,2026-02-01,36.96,retail
C01148,2026-02-01,21.16,retail
C01149,2026-02-01,11.28,retail
C01239,2026-02-01,24.08,retail
C01517,2026-02-01,38.12,retail
C01519,2026-02-01,38.9,retail
C01553,2026-02-01,78.12,retail
C01678,2026-02-01,29.94,retail
C01685,2026-02-01,10.91,retail
C01710,2026-02-01,32.24,retail
C01719,2026-02-01,52.27,retail
C01777,2026-02-01,43.44,retail
C01795,2026-02-01,18.46,retail
C01860,2026-02-01,47.03,retail
C01966,2026-02-01,13.55,retail
C01969,2026-02-01,29.18,retail
C01999,2026-02-01,24.71,retail
C02121,2026-02-01,23.62,retail
C02134,2026-02-01,20.37,retail
C02171,2026-02-01,21.89,retail
C02182,2026-02-01,32.78,retail
C02239,2026-02-01,45.96,retail
C02242,2026-02-01,31.24,retail
C02418,2026-02-01,20.98,retail
C02437,2026-02-01,31.81,retail
C02484,2026-02-01,16.94,retail
C02527,2026-02-01,16.25,retail
C02698,2026-02-01,78.57,retail
C02763,2026-02-01,15.08,retail
C02867,2026-02-01,41.38,retail
C02894,2026-02-01,48.41,retail
C02967,2026-02-01,43.31,retail
C03018,2026-02-01,33.05,retail
C03116,2026-02-01,47.74,retail
C03235,2026-02-01,54.28,retail
C03250,2026-02-01,58.24,retail
C03277,2026-02-01,52.11,retail
C03305,2026-02-01,24.62,retail
C03314,2026-02-01,82.55,retail
C03403,2026-02-01,18.88,retail
C03425,2026-02-01,100.54,retail
C03485,2026-02-01,55.56,retail
C03512,2026-02-01,35.06,retail
C03528,2026-02-01,37.62,retail
C03554,2026-02-01,69.64,retail
C03612,2026-02-01,32.53,retail
C03708,2026-02-01,17.61,retail
C03731,2026-02-01,18.37,retail
C03894,2026-02-01,28.08,retail
C03899,2026-02-01,120.9,retail
C03926,2026-02-01,98.43,retail
C03941,2026-02-01,67.96,retail
W002,2026-02-01,150.9,wholesale
W012,2026-02-01,155.54,wholesale
W026,2026-02-01,199.03,wholesale
C00245,2026-02-02,27.21,retail
C00269,2026-02-02,36.83,retail
C00270,2026-02-02,42.31,retail
C00390,2026-02-02,31.42,retail
C00410,2026-02-02,30.23,retail
C00427,2026-02-02,39.52,retail
C00570,2026-02-02,22.05,retail
C00613,2026-02-02,28.23,retail
C00746,2026-02-02,48.35,retail
C00768,2026-02-02,28.35,retail
C00845,2026-02-02,21.05,retail
C00950,2026-02-02,36.71,retail
C01042,2026-02-02,19.28,retail
C01052,2026-02-02,56.49,retail
C01137,2026-02-02,73.1,retail
C01330,2026-02-02,42.72,retail
C01341,2026-02-02,51.53,retail
C01404,2026-02-02,23.88,retail
C01441,2026-02-02,28.29,retail
C01498,2026-02-02,10.37,retail
C01608,2026-02-02,55.45,retail
C01611,2026-02-02,35.56,retail
C01730,2026-02-02,62.79,retail
C01813,2026-02-02,31.14,retail
C01832,2026-02-02,25.49,retail
C01861,2026-02-02,235.59,retail
C02092,2026-02-02,32.76,retail
C02190,2026-02-02,27.9,retail
C02237,2026-02-02,81.75,retail
C02369,2026-02-02,47.59,retail
C02411,2026-02-02,28.84,retail
C02470,2026-02-02,48.15,retail
C02631,2026-02-02,44.46,retail
C02685,2026-02-02,44.2,retail
C02722,2026-02-02,35.64,retail
C02854,2026-02-02,70.09,retail
C02921,2026-02-02,19.68,retail
C03077,2026-02-02,42.64,retail
C03096,2026-02-02,44.58,retail
C03136,2026-02-02,57.16,retail
C03315,2026-02-02,20.1,retail
C03342,2026-02-02,50.73,retail
C03362,2026-02-02,52.45,retail
C03601,2026-02-02,88.31,retail
C03632,2026-02-02,28.36,retail
C03789,2026-02-02,17.06,retail
C03911,2026-02-02,44.92,retail
W000,2026-02-02,141.18,wholesale
W001,2026-02-02,322.84,wholesale
W011,2026-02-02,225.87,wholesale
W015,2026-02-02,179.81,wholesale
W025,2026-02-02,368.97,wholesale
C00059,2026-02-03,45.7,retail
C00070,2026-02-03,67.12,retail
C00151,2026-02-03,43.39,retail
C00188,2026-02-03,97.82,retail
C00209,2026-02-03,26.62,retail
C00248,2026-02-03,42.6,retail
C00326,2026-02-03,68.28,retail
C00370,2026-02-03,25.87,retail
C00671,2026-02-03,15.36,retail
C00675,2026-02-03,6.78,retail
C00695,2026-02-03,93.4,retail
C00785,2026-02-03,16.94,retail
C00925,2026-02-03,11.13,retail
C00932,2026-02-03,61.54,retail
C00943,2026-02-03,23.79,retail
C01026,2026-02-03,67.88,retail
C01046,2026-02-03,13.34,retail
C01081,2026-02-03,27.82,retail
C01360,2026-02-03,29.61,retail
C01412,2026-02-03,39.75,retail
C01537,2026-02-03,135.19,retail
C01621,2026-02-03,9.32,retail
C02002,2026-02-03,69.89,retail
C02052,2026-02-03,17.89,retail
C02109,2026-02-03,61.95,retail
C02124,2026-02-03,17.03,retail
C02182,2026-02-03,49.0,retail
C02193,2026-02-03,53.15,retail
C02233,2026-02-03,8.78,retail
C02236,2026-02-03,15.76,retail
C02397,2026-02-03,18.67,retail
C02726,2026-02-03,37.58,retail
C02814,2026-02-03,27.95,retail
C02979,2026-02-03,63.17,retail
C02987,2026-02-03,105.81,retail
C03176,2026-02-03,26.46,retail
C03257,2026-02-03,16.32,retail
C03276,2026-02-03,29.38,retail
C03386,2026-02-03,45.97,retail
C03401,2026-02-03,99.34,retail
C03563,2026-02-03,30.12,retail
C03605,2026-02-03,44.83,retail
C03641,2026-02-03,23.01,retail
C03651,2026-02-03,68.8,retail
C03702,2026-02-03,39.35,retail
C03909,2026-02-03,35.49,retail
W002,2026-02-03,132.04,wholesale
W005,2026-02-03,263.32,wholesale
W007,2026-02-03,136.6,wholesale
W012,2026-02-03,147.81,wholesale
W025,2026-02-03,269.0,wholesale
C00017,2026-02-04,23.13,retail
C00290,2026-02-04,31.43,retail
C00298,2026-02-04,66.46,retail
C00341,2026-02-04,24.18,retail
C00460,2026-02-04,89.01,retail
C00531,2026-02-04,56.61,retail
C00539,2026-02-04,48.12,retail
C00887,2026-02-04,43.99,retail
C00923,2026-02-04,62.74,retail
C00970,2026-02-04,33.53,retail
C01066,2026-02-04,33.86,retail
C01100,2026-02-04,81.77,retail
C01186,2026-02-04,22.56,retail
C01220,2026-02-04,84.56,retail
C01305,2026-02-04,33.45,retail
C01322,2026-02-04,21.54,retail
C01451,2026-02-04,56.69,retail
C01484,2026-02-04,46.33,retail
C01567,2026-02-04,31.46,retail
C01705,2026-02-04,65.54,retail
C01850,2026-02-04,41.05,retail
C01855,2026-02-04,63.18,retail
C01892,2026-02-04,36.36,retail
C01987,2026-02-04,15.5,retail
C02004,2026-02-04,26.61,retail
C02047,2026-02-04,40.3,retail
C02086,2026-02-04,120.51,retail
C02195,2026-02-04,57.25,retail
C02250,2026-02-04,52.97,retail
C02383,2026-02-04,43.36,retail
C02403,2026-02-04,18.8,retail
C02427,2026-02-04,14.41,retail
C02537,2026-02-04,66.84,retail
C02589,2026-02-04,28.36,retail
C02595,2026-02-04,87.82,retail
C02605,2026-02-04,30.89,retail
C02639,2026-02-04,22.37,retail
C02840,2026-02-04,99.91,retail
C02888,2026-02-04,46.29,retail
C02919,2026-02-04,24.33,retail
C02928,2026-02-04,21.85,retail
C02934,2026-02-04,41.53,retail
C03020,2026-02-04,39.02,retail
C03108,2026-02-04,23.46,retail
C03148,2026-02-04,32.9,retail
C03162,2026-02-04,32.95,retail
C03265,2026-02-04,36.18,retail
C03440,2026-02-04,35.36,retail
C03631,2026-02-04,27.14,retail
C03672,2026-02-04,30.03,retail
C03732,2026-02-04,45.68,retail
C03746,2026-02-04,27.67,retail
C03750,2026-02-04,51.18,retail
C03776,2026-02-04,9.28,retail
C03845,2026-02-04,66.17,retail
C03911,2026-02-04,51.06,retail
W007,2026-02-04,88.77,wholesale
W017,2026-02-04,152.98,wholesale
C00126,2026-02-05,12.61,retail
C00212,2026-02-05,26.06,retail
C00276,2026-02-05,29.96,retail
C00302,2026-02-05,19.11,retail
C00341,2026-02-05,56.92,retail
C00429,2026-02-05,27.78,retail
C00451,2026-02-05,39.19,retail
C00482,2026-02-05,37.79,retail
C00612,2026-02-05,50.29,retail
C00641,2026-02-05,36.46,retail
C00655,2026-02-05,68.97,retail
C00817,2026-02-05,33.71,retail
C00822,2026-02-05,28.9,retail
C00876,2026-02-05,90.18,retail
C00952,2026-02-05,29.59,retail
C00986,2026-02-05,31.39,retail
C01056,2026-02-05,89.81,retail
C01299,2026-02-05,22.83,retail
C01366,2026-02-05,25.48,retail
C01392,2026-02-05,62.82,retail
C01526,2026-02-05,55.52,retail
C01571,2026-02-05,36.27,retail
C01678,2026-02-05,55.88,retail
C01869,2026-02-05,24.89,retail
C01927,2026-02-05,21.11,retail
C01953,2026-02-05,30.78,retail
C02001,2026-02-05,36.99,retail
C02062,2026-02-05,26.88,retail
C02062,2026-02-05,61.19,retail
C02120,2026-02-05,107.32,retail
C02134,2026-02-05,32.99,retail
C02242,2026-02-05,25.22,retail
C02259,2026-02-05,26.42,retail
C02269,2026-02-05,18.55,retail
C02378,2026-02-05,41.62,retail
C02507,2026-02-05,83.14,retail
C02659,2026-02-05,28.17,retail
C02675,2026-02-05,62.59,retail
C02859,2026-02-05,14.06,retail
C02919,2026-02-05,35.46,retail
C02943,2026-02-05,118.25,retail
C03125,2026-02-05,46.92,retail
C03130,2026-02-05,46.27,retail
C03155,2026-02-05,40.3,retail
C03172,2026-02-05,35.43,retail
C03260,2026-02-05,43.68,retail
C03345,2026-02-05,41.95,retail
C03359,2026-02-05,32.35,retail
C03364,2026-02-05,47.97,retail
C03365,2026-02-05,46.65,retail
C03420,2026-02-05,68.31,retail
C03707,2026-02-05,15.65,retail
C03713,2026-02-05,34.5,retail
C03793,2026-02-05,12.49,retail
C03832,2026-02-05,56.13,retail
C03882,2026-02-05,37.58,retail
C03900,2026-02-05,77.8,retail
C03934,2026-02-05,37.04,retail
W013,2026-02-05,364.11,wholesale
W018,2026-02-05,75.79,wholesale
W021,2026-02-05,165.94,wholesale
W022,2026-02-05,152.71,wholesale
W023,2026-02-05,634.04,wholesale
W023,2026-02-05,302.28,wholesale
C00027,2026-02-06,38.61,retail
C00385,2026-02-06,47.67,retail
C00445,2026-02-06,31.84,retail
C00482,2026-02-06,43.42,retail
C00517,2026-02-06,34.19,retail
C00521,2026-02-06,24.2,retail
C00551,2026-02-06,68.5,retail
C00568,2026-02-06,34.95,retail
C00621,2026-02-06,40.43,retail
C00732,2026-02-06,20.32,retail
C00927,2026-02-06,31.74,retail
C01099,2026-02-06,23.23,retail
C01101,2026-02-06,36.6,retail
C01148,2026-02-06,23.12,retail
C01170,2026-02-06,28.91,retail
C01184,2026-02-06,22.11,retail
C01245,2026-02-06,59.72,retail
C01246,2026-02-06,45.91,retail
C01373,2026-02-06,32.46,retail
C01446,2026-02-06,28.4,retail
C01449,2026-02-06,40.45,retail
C01724,2026-02-06,72.62,retail
C01773,2026-02-06,49.12,retail
C01911,2026-02-06,19.49,retail
C02009,2026-02-06,15.87,retail
C02043,2026-02-06,46.36,retail
C02227,2026-02-06,54.33,retail
C02270,2026-02-06,78.82,retail
C02335,2026-02-06,11.15,retail
C02413,2026-02-06,16.66,retail
C02441,2026-02-06,30.08,retail
C02464,2026-02-06,16.95,retail
C02546,2026-02-06,32.59,retail
C02562,2026-02-06,76.92,retail
C02597,2026-02-06,58.84,retail
C02632,2026-02-06,32.49,retail
C02645,2026-02-06,50.71,retail
C02647,2026-02-06,31.89,retail
C02767,2026-02-06,23.37,retail
C02858,2026-02-06,24.81,retail
C03194,2026-02-06,17.04,retail
C03352,2026-02-06,93.1,retail
C03355,2026-02-06,53.62,retail
C03506,2026-02-06,62.78,retail
C03514,2026-02-06,30.17,retail
C03571,2026-02-06,54.56,retail
C03626,2026-02-06,68.72,retail
C03721,2026-02-06,104.89,retail
C03912,2026-02-06,80.97,retail
C03963,2026-02-06,33.59,retail
W003,2026-02-06,184.1,wholesale
W009,2026-02-06,183.13,wholesale
W016,2026-02-06,215.25,wholesale
W027,2026-02-06,157.65,wholesale
C00094,2026-02-07,14.32,retail
C00203,2026-02-07,49.64,retail
C00263,2026-02-07,41.08,retail
C00521,2026-02-07,67.43,retail
C00531,2026-02-07,85.0,retail
C00568,2026-02-07,22.64,retail
C00569,2026-02-07,14.63,retail
C00569,2026-02-07,13.74,retail
C00599,2026-02-07,15.54,retail
C00621,2026-02-07,16.1,retail
C00683,2026-02-07,79.46,retail
C00805,2026-02-07,77.92,retail
C00879,2026-02-07,25.16,retail
C00892,2026-02-07,32.08,retail
C01007,2026-02-07,59.84,retail
C01014,2026-02-07,32.66,retail
C01069,2026-02-07,23.0,retail
C01222,2026-02-07,58.68,retail
C01249,2026-02-07,38.25,retail
C01382,2026-02-07,45.84,retail
C01392,2026-02-07,19.32,retail
C01401,2026-02-07,43.35,retail
C01591,2026-02-07,37.2,retail
C01812,2026-02-07,59.91,retail
C01945,2026-02-07,32.62,retail
C01993,2026-02-07,39.35,retail
C01999,2026-02-07,72.73,retail
C02302,2026-02-07,26.42,retail
C02309,2026-02-07,70.05,retail
C02462,2026-02-07,63.26,retail
C02524,2026-02-07,21.91,retail
C02626,2026-02-07,66.12,retail
C02737,2026-02-07,27.11,retail
C02745,2026-02-07,23.66,retail
C02871,2026-02-07,35.87,retail
C03057,2026-02-07,59.12,retail
C03136,2026-02-07,35.8,retail
C03206,2026-02-07,42.01,retail
C03213,2026-02-07,33.81,retail
C03285,2026-02-07,25.75,retail
C03287,2026-02-07,44.34,retail
C03472,2026-02-07,49.72,retail
C03595,2026-02-07,55.78,retail
C03612,2026-02-07,52.91,retail
C03717,2026-02-07,28.33,retail
C03902,2026-02-07,64.4,retail
C03991,2026-02-07,18.83,retail
W005,2026-02-07,164.68,wholesale
W006,2026-02-07,226.14,wholesale
W019,2026-02-07,214.97,wholesale
W026,2026-02-07,164.4,wholesale
C00060,2026-02-08,44.6,retail
C00126,2026-02-08,30.94,retail
C00210,2026-02-08,33.59,retail
C00220,2026-02-08,41.35,retail
C00301,2026-02-08,30.27,retail
C00685,2026-02-08,70.7,retail
C00773,2026-02-08,20.44,retail
C00784,2026-02-08,29.7,retail
C00801,2026-02-08,85.71,retail
C00827,2026-02-08,32.6,retail
C00842,2026-02-08,37.94,retail
C00876,2026-02-08,18.47,retail
C01042,2026-02-08,42.15,retail
C01052,2026-02-08,56.61,retail
C01109,2026-02-08,17.01,retail
C01172,2026-02-08,39.09,retail
C01214,2026-02-08,77.69,retail
C01429,2026-02-08,35.69,retail
C01452,2026-02-08,14.17,retail
C01513,2026-02-08,46.19,retail
C01570,2026-02-08,44.1,retail
C01598,2026-02-08,27.29,retail
C01619,2026-02-08,21.64,retail
C01733,2026-02-08,92.86,retail
C01786,2026-02-08,16.73,retail
C01981,2026-02-08,35.45,retail
C02093,2026-02-08,74.96,retail
C02103,2026-02-08,48.93,retail
C02193,2026-02-08,25.21,retail
C02295,2026-02-08,20.45,retail
C02306,2026-02-08,46.23,retail
C02351,2026-02-08,39.57,retail
C02402,2026-02-08,32.99,retail
C02477,2026-02-08,12.06,retail
C02481,2026-02-08,32.27,retail
C02540,2026-02-08,48.8,retail
C02601,2026-02-08,26.91,retail
C02643,2026-02-08,30.35,retail
C02678,2026-02-08,33.14,retail
C02969,2026-02-08,21.89,retail
C03073,2026-02-08,54.04,retail
C03153,2026-02-08,15.0,retail
C03282,2026-02-08,109.39,retail
C03307,2026-02-08,25.31,retail
C03360,2026-02-08,30.87,retail
C03376,2026-02-08,26.28,retail
C03421,2026-02-08,36.93,retail
C03451,2026-02-08,67.73,retail
C03496,2026-02-08,17.56,retail
C03546,2026-02-08,56.9,retail
C03563,2026-02-08,76.83,retail
C03599,2026-02-08,19.74,retail
C03705,2026-02-08,27.87,retail
C03813,2026-02-08,50.48,retail
C03897,2026-02-08,21.62,retail
C03948,2026-02-08,54.34,retail
W004,2026-02-08,170.84,wholesale
W008,2026-02-08,295.68,wholesale
W015,2026-02-08,161.33,wholesale
W021,2026-02-08,203.95,wholesale
C00038,2026-02-09,36.45,retail
C00102,2026-02-09,58.15,retail
C00146,2026-02-09,33.17,retail
C00361,2026-02-09,36.33,retail
C00466,2026-02-09,37.24,retail
C00535,2026-02-09,37.39,retail
C00774,2026-02-09,22.69,retail
C00882,2026-02-09,19.17,retail
C00889,2026-02-09,44.04,retail
C01053,2026-02-09,18.05,retail
C01099,2026-02-09,63.43,retail
C01201,2026-02-09,19.72,retail
C01205,2026-02-09,21.54,retail
C01274,2026-02-09,21.5,retail
C01395,2026-02-09,49.59,retail
C01430,2026-02-09,66.66,retail
C01437,2026-02-09,31.78,retail
C01440,2026-02-09,21.73,retail
C01532,2026-02-09,25.66,retail
C01573,2026-02-09,27.72,retail
C01679,2026-02-09,129.74,retail
C01717,2026-02-09,52.18,retail
C01931,2026-02-09,27.25,retail
C01982,2026-02-09,26.11,retail
C02001,2026-02-09,103.24,retail
C02176,2026-02-09,39.72,retail
C02180,2026-02-09,18.17,retail
C02191,2026-02-09,19.14,retail
C02316,2026-02-09,13.93,retail
C02363,2026-02-09,22.62,retail
C02470,2026-02-09,44.2,retail
C02479,2026-02-09,24.01,retail
C02493,2026-02-09,28.66,retail
C02523,2026-02-09,53.33,retail
C02539,2026-02-09,55.05,retail
C02604,2026-02-09,56.85,retail
C02685,2026-02-09,12.82,retail
C02711,2026-02-09,40.54,retail
C02717,2026-02-09,26.03,retail
C02725,2026-02-09,35.85,retail
C02729,2026-02-09,34.21,retail
C02748,2026-02-09,93.49,retail
C02754,2026-02-09,43.84,retail
C02803,2026-02-09,16.39,retail
C02916,2026-02-09,83.94,retail
C02934,2026-02-09,41.52,retail
C02984,2026-02-09,38.22,retail
C03088,2026-02-09,45.1,retail
C03353,2026-02-09,55.48,retail
C03470,2026-02-09,48.98,retail
C03507,2026-02-09,42.08,retail
C03670,2026-02-09,60.32,retail
C03714,2026-02-09,37.61,retail
C03724,2026-02-09,42.8,retail
C03734,2026-02-09,53.1,retail
C03758,2026-02-09,21.6,retail
C03816,2026-02-09,49.46,retail
C03910,2026-02-09,38.5,retail
C03913,2026-02-09,61.5,retail
C03962,2026-02-09,22.55,retail
W008,2026-02-09,250.49,wholesale
C00231,2026-02-10,22.84,retail
C00345,2026-02-10,39.72,retail
C00348,2026-02-10,15.21,retail
C00412,2026-02-10,39.0,retail
C00413,2026-02-10,21.67,retail
C00584,2026-02-10,25.93,retail
C00701,2026-02-10,25.97,retail
C00735,2026-02-10,11.56,retail
C00790,2026-02-10,29.5,retail
C00815,2026-02-10,17.39,retail
C00843,2026-02-10,31.05,retail
C00936,2026-02-10,31.35,retail
C00989,2026-02-10,11.42,retail
C01274,2026-02-10,65.54,retail
C01426,2026-02-10,29.17,retail
C01483,2026-02-10,17.85,retail
C01500,2026-02-10,38.05,retail
C01542,2026-02-10,22.54,retail
C01545,2026-02-10,59.24,retail
C01940,2026-02-10,30.14,retail
C02052,2026-02-10,65.98,retail
C02105,2026-02-10,46.63,retail
C02175,2026-02-10,26.61,retail
C02230,2026-02-10,212.7,retail
C02283,2026-02-10,22.93,retail
C02298,2026-02-10,30.85,retail
C02376,2026-02-10,20.73,retail
C02564,2026-02-10,54.0,retail
C02659,2026-02-10,41.91,retail
C02773,2026-02-10,124.73,retail
C02806,2026-02-10,39.45,retail
C03019,2026-02-10,13.15,retail
C03065,2026-02-10,28.14,retail
C03135,2026-02-10,28.23,retail
C03153,2026-02-10,27.84,retail
C03176,2026-02-10,115.54,retail
C03377,2026-02-10,66.76,retail
C03550,2026-02-10,47.96,retail
C03595,2026-02-10,52.45,retail
C03867,2026-02-10,30.14,retail
W013,2026-02-10,255.27,wholesale
W013,2026-02-10,245.4,wholesale
W013,2026-02-10,346.73,wholesale
C00000,2026-02-11,42.56,retail
C00014,2026-02-11,28.96,retail
C00129,2026-02-11,65.18,retail
C00465,2026-02-11,48.8,retail
C00657,2026-02-11,62.85,retail
C00664,2026-02-11,44.03,retail
C00665,2026-02-11,38.01,retail
C00674,2026-02-11,11.07,retail
C00715,2026-02-11,21.24,retail
C00818,2026-02-11,42.2,retail
C00883,2026-02-11,47.79,retail
C00922,2026-02-11,40.87,retail
C00984,2026-02-11,48.56,retail
C01153,2026-02-11,104.55,retail
C01434,2026-02-11,28.43,retail
C01436,2026-02-11,17.19,retail
C01475,2026-02-11,24.78,retail
C01493,2026-02-11,16.41,retail
C01537,2026-02-11,36.11,retail
C01593,2026-02-11,47.58,retail
C01622,2026-02-11,76.07,retail
C01649,2026-02-11,59.93,retail
C01689,2026-02-11,54.88,retail
C01703,2026-02-11,44.64,retail
C01973,2026-02-11,34.47,retail
C02121,2026-02-11,68.79,retail
C02177,2026-02-11,52.78,retail
C02259,2026-02-11,19.46,retail
C02267,2026-02-11,29.11,retail
C02270,2026-02-11,37.35,retail
C02286,2026-02-11,88.05,retail
C02378,2026-02-11,24.3,retail
C02461,2026-02-11,32.92,retail
C02489,2026-02-11,18.1,retail
C02543,2026-02-11,30.13,retail
C02585,2026-02-11,71.36,retail
C02643,2026-02-11,35.31,retail
C02710,2026-02-11,56.59,retail
C02824,2026-02-11,60.31,retail
C02891,2026-02-11,23.52,retail
C02957,2026-02-11,68.46,retail
C03029,2026-02-11,9.49,retail
C03152,2026-02-11,81.08,retail
C03388,2026-02-11,104.58,retail
C03475,2026-02-11,29.0,retail
C03502,2026-02-11,23.54,retail
C03503,2026-02-11,33.98,retail
C03519,2026-02-11,100.27,retail
C03543,2026-02-11,39.93,retail
C03769,2026-02-11,61.27,retail
C03984,2026-02-11,28.76,retail
W003,2026-02-11,197.58,wholesale
W016,2026-02-11,77.96,wholesale
W020,2026-02-11,182.3,wholesale
W020,2026-02-11,123.73,wholesale
W026,2026-02-11,184.71,wholesale
C00206,2026-02-12,19.57,retail
C00220,2026-02-12,52.42,retail
C00268,2026-02-12,18.99,retail
C00338,2026-02-12,19.17,retail
C00353,2026-02-12,40.29,retail
C00403,2026-02-12,19.9,retail
C00412,2026-02-12,38.87,retail
C00691,2026-02-12,47.04,retail
C00695,2026-02-12,43.34,retail
C00707,2026-02-12,29.98,retail
C00868,2026-02-12,32.18,retail
C00884,2026-02-12,74.16,retail
C01103,2026-02-12,45.35,retail
C01172,2026-02-12,135.4,retail
C01181,2026-02-12,85.29,retail
C01200,2026-02-12,64.08,retail
C01222,2026-02-12,35.85,retail
C01247,2026-02-12,62.31,retail
C01362,2026-02-12,34.46,retail
C01377,2026-02-12,20.43,retail
C01422,2026-02-12,13.37,retail
C01510,2026-02-12,47.06,retail
C01560,2026-02-12,77.1,retail
C01686,2026-02-12,24.18,retail
C01711,2026-02-12,58.45,retail
C01795,2026-02-12,47.64,retail
C01827,2026-02-12,57.86,retail
C01886,2026-02-12,37.09,retail
C01928,2026-02-12,33.9,retail
C02147,2026-02-12,32.14,retail
C02201,2026-02-12,49.38,retail
C02387,2026-02-12,108.95,retail
C02416,2026-02-12,68.69,retail
C02448,2026-02-12,46.24,retail
C02527,2026-02-12,22.13,retail
C02541,2026-02-12,31.26,retail
C02562,2026-02-12,50.75,retail
C02693,2026-02-12,27.33,retail
C02910,2026-02-12,21.0,retail
C02963,2026-02-12,24.25,retail
C02982,2026-02-12,60.32,retail
C03131,2026-02-12,31.36,retail
C03164,2026-02-12,63.83,retail
C03188,2026-02-12,44.25,retail
C03250,2026-02-12,55.46,retail
C03318,2026-02-12,18.01,retail
C03353,2026-02-12,19.68,retail
C03502,2026-02-12,117.16,retail
C03594,2026-02-12,8.53,retail
C03774,2026-02-12,11.31,retail
C03798,2026-02-12,20.58,retail
C03799,2026-02-12,14.16,retail
C03905,2026-02-12,9.74,retail
C03925,2026-02-12,18.18,retail
C03929,2026-02-12,21.97,retail
C03932,2026-02-12,68.67,retail
C03933,2026-02-12,66.91,retail
W001,2026-02-12,284.17,wholesale
W007,2026-02-12,246.05,wholesale
W020,2026-02-12,240.62,wholesale
W022,2026-02-12,350.8,wholesale
W027,2026-02-12,165.01,wholesale
C00124,2026-02-13,35.08,retail
C00144,2026-02-13,13.41,retail
C00197,2026-02-13,43.49,retail
C00212,2026-02-13,29.44,retail
C00261,2026-02-13,84.59,retail
C00421,2026-02-13,28.66,retail
C00465,2026-02-13,44.82,retail
C00658,2026-02-13,50.78,retail
C00662,2026-02-13,46.57,retail
C00767,2026-02-13,15.59,retail
C00907,2026-02-13,46.04,retail
C01007,2026-02-13,66.26,retail
C01207,2026-02-13,62.62,retail
C01293,2026-02-13,65.38,retail
C01294,2026-02-13,45.99,retail
C01317,2026-02-13,24.53,retail
C01430,2026-02-13,31.01,retail
C01797,2026-02-13,18.96,retail
C01827,2026-02-13,23.77,retail
C01904,2026-02-13,58.81,retail
C01912,2026-02-13,28.16,retail
C01920,2026-02-13,20.95,retail
C01966,2026-02-13,75.99,retail
C02009,2026-02-13,37.88,retail
C02067,2026-02-13,18.44,retail
C02263,2026-02-13,26.62,retail
C02274,2026-02-13,14.6,retail
C02317,2026-02-13,41.13,retail
C02345,2026-02-13,44.31,retail
C02597,2026-02-13,51.05,retail
C02657,2026-02-13,34.9,retail
C02679,2026-02-13,24.13,retail
C02820,2026-02-13,31.53,retail
C02820,2026-02-13,64.51,retail
C02872,2026-02-13,59.15,retail
C02937,2026-02-13,34.23,retail
C02960,2026-02-13,43.29,retail
C03002,2026-02-13,43.01,retail
C03139,2026-02-13,33.14,retail
C03212,2026-02-13,118.51,retail
C03285,2026-02-13,12.03,retail
C03392,2026-02-13,38.19,retail
C03453,2026-02-13,56.86,retail
C03466,2026-02-13,82.48,retail
C03652,2026-02-13,57.84,retail
C03675,2026-02-13,19.23,retail
C03742,2026-02-13,18.63,retail
C03742,2026-02-13,32.38,retail
C03762,2026-02-13,40.35,retail
C03842,2026-02-13,37.63,retail
C03843,2026-02-13,18.33,retail
C03908,2026-02-13,42.6,retail
C03923,2026-02-13,18.62,retail
C03992,2026-02-13,6.27,retail
W000,2026-02-13,144.18,wholesale
W007,2026-02-13,337.55,wholesale
W009,2026-02-13,113.08,wholesale
W014,2026-02-13,126.43,wholesale
W027,2026-02-13,164.89,wholesale
C00000,2026-02-14,43.68,retail
C00025,2026-02-14,23.84,retail
C00182,2026-02-14,42.02,retail
C00261,2026-02-14,20.76,retail
C00292,2026-02-14,45.63,retail
C00451,2026-02-14,56.55,retail
C00498,2026-02-14,60.32,retail
C00557,2026-02-14,34.59,retail
C00577,2026-02-14,25.98,retail
C00611,2026-02-14,53.76,retail
C00619,2026-02-14,30.62,retail
C00697,2026-02-14,44.3,retail
C00708,2026-02-14,54.02,retail
C00746,2026-02-14,46.51,retail
C00785,2026-02-14,19.95,retail
C01113,2026-02-14,47.94,retail
C01136,2026-02-14,28.94,retail
C01348,2026-02-14,65.41,retail
C01349,2026-02-14,31.83,retail
C01383,2026-02-14,44.94,retail
C01412,2026-02-14,12.71,retail
C01431,2026-02-14,21.04,retail
C01504,2026-02-14,32.22,retail
C01640,2026-02-14,30.66,retail
C01824,2026-02-14,119.16,retail
C01887,2026-02-14,115.6,retail
C01899,2026-02-14,36.97,retail
C01974,2026-02-14,32.61,retail
C01985,2026-02-14,80.26,retail
C02152,2026-02-14,13.19,retail
C02169,2026-02-14,39.16,retail
C02290,2026-02-14,25.09,retail
C02307,2026-02-14,26.01,retail
C02310,2026-02-14,26.9,retail
C02375,2026-02-14,68.68,retail
C02421,2026-02-14,25.21,retail
C02601,2026-02-14,47.27,retail
C02621,2026-02-14,13.45,retail
C02770,2026-02-14,44.08,retail
C02798,2026-02-14,39.89,retail
C02947,2026-02-14,32.42,retail
C03074,2026-02-14,28.04,retail
C03110,2026-02-14,47.29,retail
C03158,2026-02-14,49.21,retail
C03163,2026-02-14,34.89,retail
C03298,2026-02-14,65.14,retail
C03365,2026-02-14,42.67,retail
C03541,2026-02-14,23.26,retail
C03641,2026-02-14,32.55,retail
C03691,2026-02-14,30.28,retail
C03713,2026-02-14,139.16,retail
C03759,2026-02-14,75.06,retail
C03830,2026-02-14,36.9,retail
C03921,2026-02-14,52.85,retail
C03969,2026-02-14,63.57,retail
W010,2026-02-14,216.88,wholesale
W015,2026-02-14,170.27,wholesale
W018,2026-02-14,318.89,wholesale
W024,2026-02-14,127.43,wholesale
C00031,2026-02-15,141.48,retail
C00127,2026-02-15,27.53,retail
C00148,2026-02-15,28.76,retail
C00150,2026-02-15,37.72,retail
C00291,2026-02-15,42.97,retail
C00313,2026-02-15,42.97,retail
C00360,2026-02-15,8.8,retail
C00488,2026-02-15,48.91,retail
C00535,2026-02-15,34.01,retail
C00573,2026-02-15,54.88,retail
C00578,2026-02-15,18.65,retail
C00780,2026-02-15,19.8,retail
C01012,2026-02-15,38.59,retail
C01128,2026-02-15,37.68,retail
C01167,2026-02-15,13.59,retail
C01168,2026-02-15,27.84,retail
C01262,2026-02-15,36.1,retail
C01337,2026-02-15,44.77,retail
C01341,2026-02-15,15.56,retail
C01367,2026-02-15,23.03,retail
C01378,2026-02-15,10.92,retail
C01451,2026-02-15,69.75,retail
C01465,2026-02-15,30.77,retail
C01643,2026-02-15,80.57,retail
C01673,2026-02-15,30.35,retail
C01685,2026-02-15,40.02,retail
C01717,2026-02-15,6.43,retail
C01770,2026-02-15,68.96,retail
C01801,2026-02-15,43.44,retail
C01849,2026-02-15,17.95,retail
C01855,2026-02-15,26.21,retail
C01912,2026-02-15,66.11,retail
C01925,2026-02-15,83.34,retail
C02124,2026-02-15,55.18,retail
C02176,2026-02-15,19.48,retail
C02421,2026-02-15,57.02,retail
C02435,2026-02-15,18.61,retail
C02462,2026-02-15,97.03,retail
C02533,2026-02-15,108.63,retail
C03149,2026-02-15,53.36,retail
C03218,2026-02-15,13.76,retail
C03301,2026-02-15,31.45,retail
C03375,2026-02-15,17.25,retail
C03722,2026-02-15,40.7,retail
C03877,2026-02-15,20.44,retail
C03879,2026-02-15,77.91,retail
C03934,2026-02-15,43.77,retail
C03949,2026-02-15,55.81,retail
C03969,2026-02-15,9.91,retail
W010,2026-02-15,332.04,wholesale
W012,2026-02-15,166.84,wholesale
W014,2026-02-15,215.64,wholesale
W023,2026-02-15,524.16,wholesale
W024,2026-02-15,146.23,wholesale
C00013,2026-02-16,78.2,retail
C00024,2026-02-16,29.38,retail
C00124,2026-02-16,35.03,retail
C00157,2026-02-16,32.81,retail
C00170,2026-02-16,17.74,retail
C00250,2026-02-16,46.81,retail
C00300,2026-02-16,31.19,retail
C00314,2026-02-16,38.76,retail
C00329,2026-02-16,32.11,retail
C00383,2026-02-16,37.27,retail
C00721,2026-02-16,31.12,retail
C00802,2026-02-16,14.46,retail
C00869,2026-02-16,71.42,retail
C00883,2026-02-16,49.3,retail
C01064,2026-02-16,37.99,retail
C01077,2026-02-16,72.69,retail
C01092,2026-02-16,35.15,retail
C01097,2026-02-16,30.21,retail
C01109,2026-02-16,33.28,retail
C01199,2026-02-16,27.87,retail
C01271,2026-02-16,84.23,retail
C01338,2026-02-16,111.03,retail
C01426,2026-02-16,28.72,retail
C01583,2026-02-16,29.06,retail
C01630,2026-02-16,13.74,retail
C01732,2026-02-16,93.15,retail
C01786,2026-02-16,46.85,retail
C02083,2026-02-16,31.41,retail
C02138,2026-02-16,24.28,retail
C02140,2026-02-16,18.6,retail
C02188,2026-02-16,68.85,retail
C02403,2026-02-16,22.58,retail
C02483,2026-02-16,26.39,retail
C02530,2026-02-16,34.7,retail
C02589,2026-02-16,40.99,retail
C02712,2026-02-16,27.27,retail
C02741,2026-02-16,72.89,retail
C02894,2026-02-16,19.65,retail
C02951,2026-02-16,18.09,retail
C03054,2026-02-16,37.78,retail
C03092,2026-02-16,46.95,retail
C03097,2026-02-16,69.28,retail
C03420,2026-02-16,18.08,retail
C03686,2026-02-16,102.08,retail
C03828,2026-02-16,107.46,retail
C03963,2026-02-16,71.18,retail
C03970,2026-02-16,48.04,retail
C03979,2026-02-16,31.42,retail
W003,2026-02-16,438.67,wholesale
W017,2026-02-16,338.07,wholesale
W025,2026-02-16,131.11,wholesale
W029,2026-02-16,251.26,wholesale
C00032,2026-02-17,31.63,retail
C00165,2026-02-17,19.89,retail
C00173,2026-02-17,48.19,retail
C00192,2026-02-17,49.39,retail
C00421,2026-02-17,24.9,retail
C00461,2026-02-17,18.77,retail
C00484,2026-02-17,17.05,retail
C00497,2026-02-17,31.88,retail
C00650,2026-02-17,52.84,retail
C00658,2026-02-17,19.01,retail
C00665,2026-02-17,48.58,retail
C00860,2026-02-17,33.88,retail
C00862,2026-02-17,64.0,retail
C01071,2026-02-17,76.42,retail
C01297,2026-02-17,16.26,retail
C01345,2026-02-17,35.89,retail
C01396,2026-02-17,25.9,retail
C01441,2026-02-17,19.75,retail
C01708,2026-02-17,54.76,retail
C01731,2026-02-17,40.43,retail
C01766,2026-02-17,21.34,retail
C01767,2026-02-17,36.23,retail
C01817,2026-02-17,23.2,retail
C01857,2026-02-17,44.02,retail
C01964,2026-02-17,68.22,retail
C01969,2026-02-17,17.91,retail
C02138,2026-02-17,23.17,retail
C02179,2026-02-17,43.18,retail
C02198,2026-02-17,28.17,retail
C02261,2026-02-17,13.93,retail
C02319,2026-02-17,31.35,retail
C02329,2026-02-17,33.5,retail
C02365,2026-02-17,33.11,retail
C02387,2026-02-17,32.31,retail
C02468,2026-02-17,52.53,retail
C02522,2026-02-17,16.49,retail
C02588,2026-02-17,21.66,retail
C02620,2026-02-17,76.0,retail
C02632,2026-02-17,15.76,retail
C02831,2026-02-17,68.21,retail
C03263,2026-02-17,59.42,retail
C03386,2026-02-17,19.58,retail
C03482,2026-02-17,93.73,retail
C03555,2026-02-17,28.31,retail
C03673,2026-02-17,18.77,retail
C03690,2026-02-17,45.48,retail
C03702,2026-02-17,18.41,retail
C03714,2026-02-17,23.94,retail
C03730,2026-02-17,74.86,retail
C03750,2026-02-17,49.16,retail
W000,2026-02-17,237.22,wholesale
W003,2026-02-17,170.34,wholesale
W005,2026-02-17,178.88,wholesale
W006,2026-02-17,467.69,wholesale
W011,2026-02-17,157.93,wholesale
W024,2026-02-17,238.5,wholesale
C00106,2026-02-18,61.16,retail
C00137,2026-02-18,40.53,retail
C00250,2026-02-18,59.88,retail
C00260,2026-02-18,24.84,retail
C00266,2026-02-18,24.05,retail
C00266,2026-02-18,25.22,retail
C00301,2026-02-18,20.24,retail
C00543,2026-02-18,34.26,retail
C00573,2026-02-18,13.36,retail
C00581,2026-02-18,18.14,retail
C00584,2026-02-18,41.1,retail
C00653,2026-02-18,17.09,retail
C00752,2026-02-18,32.43,retail
C00815,2026-02-18,47.98,retail
C00854,2026-02-18,92.86,retail
C00983,2026-02-18,92.62,retail
C01069,2026-02-18,73.4,retail
C01092,2026-02-18,22.66,retail
C01132,2026-02-18,28.52,retail
C01162,2026-02-18,91.9,retail
C01203,2026-02-18,14.45,retail
C01245,2026-02-18,100.38,retail
C01259,2026-02-18,17.71,retail
C01259,2026-02-18,49.41,retail
C01338,2026-02-18,29.32,retail
C01347,2026-02-18,35.08,retail
C01361,2026-02-18,88.63,retail
C01408,2026-02-18,41.92,retail
C01602,2026-02-18,111.28,retail
C01602,2026-02-18,10.25,retail
C01605,2026-02-18,21.34,retail
C01697,2026-02-18,25.29,retail
C01769,2026-02-18,20.98,retail
C01807,2026-02-18,25.89,retail
C01891,2026-02-18,40.37,retail
C01898,2026-02-18,28.8,retail
C02018,2026-02-18,19.03,retail
C02020,2026-02-18,156.06,retail
C02023,2026-02-18,68.25,retail
C02120,2026-02-18,26.98,retail
C02153,2026-02-18,39.98,retail
C02289,2026-02-18,87.92,retail
C02325,2026-02-18,22.68,retail
C02445,2026-02-18,80.55,retail
C02448,2026-02-18,22.9,retail
C02455,2026-02-18,31.67,retail
C02568,2026-02-18,23.85,retail
C02578,2026-02-18,54.27,retail
C02626,2026-02-18,16.41,retail
C02714,2026-02-18,43.43,retail
C02726,2026-02-18,90.24,retail
C03044,2026-02-18,12.57,retail
C03073,2026-02-18,54.8,retail
C03181,2026-02-18,27.61,retail
C03280,2026-02-18,57.28,retail
C03306,2026-02-18,65.56,retail
C03442,2026-02-18,54.41,retail
C03583,2026-02-18,88.36,retail
C03917,2026-02-18,33.49,retail
C03941,2026-02-18,48.45,retail
W004,2026-02-18,276.64,wholesale
W006,2026-02-18,63.54,wholesale
W009,2026-02-18,71.15,wholesale
W016,2026-02-18,341.0,wholesale
W019,2026-02-18,204.91,wholesale
W023,2026-02-18,225.28,wholesale
W027,2026-02-18,700.88,wholesale
C00063,2026-02-19,21.68,retail
C00144,2026-02-19,29.33,retail
C00183,2026-02-19,16.49,retail
C00190,2026-02-19,45.62,retail
C00282,2026-02-19,45.05,retail
C00292,2026-02-19,20.28,retail
C00293,2026-02-19,18.13,retail
C00395,2026-02-19,51.45,retail
C00470,2026-02-19,28.16,retail
C00479,2026-02-19,55.74,retail
C00527,2026-02-19,28.21,retail
C00562,2026-02-19,23.72,retail
C00617,2026-02-19,15.99,retail
C00635,2026-02-19,32.57,retail
C00711,2026-02-19,73.08,retail
C00750,2026-02-19,47.7,retail
C00774,2026-02-19,25.18,retail
C00801,2026-02-19,36.74,retail
C00848,2026-02-19,18.09,retail
C01076,2026-02-19,61.56,retail
C01277,2026-02-19,40.1,retail
C01284,2026-02-19,15.06,retail
C01323,2026-02-19,15.69,retail
C01333,2026-02-19,21.58,retail
C01495,2026-02-19,65.88,retail
C01523,2026-02-19,13.72,retail
C01544,2026-02-19,25.82,retail
C01569,2026-02-19,27.57,retail
C01589,2026-02-19,24.33,retail
C01611,2026-02-19,23.34,retail
C01613,2026-02-19,42.06,retail
C01799,2026-02-19,108.02,retail
C01941,2026-02-19,33.82,retail
C02068,2026-02-19,18.87,retail
C02184,2026-02-19,42.16,retail
C02298,2026-02-19,34.24,retail
C02360,2026-02-19,58.37,retail
C02397,2026-02-19,21.4,retail
C02442,2026-02-19,42.12,retail
C02557,2026-02-19,36.85,retail
C02639,2026-02-19,42.03,retail
C02693,2026-02-19,53.62,retail
C02783,2026-02-19,45.89,retail
C02865,2026-02-19,9.59,retail
C02872,2026-02-19,28.82,retail
C02954,2026-02-19,22.31,retail
C03004,2026-02-19,20.42,retail
C03139,2026-02-19,22.57,retail
C03157,2026-02-19,21.84,retail
C03160,2026-02-19,27.13,retail
C03221,2026-02-19,55.04,retail
C03244,2026-02-19,20.78,retail
C03248,2026-02-19,21.64,retail
C03320,2026-02-19,56.6,retail
C03323,2026-02-19,9.02,retail
C03330,2026-02-19,24.05,retail
C03401,2026-02-19,43.53,retail
C03497,2026-02-19,17.25,retail
C03503,2026-02-19,42.77,retail
C03661,2026-02-19,15.35,retail
C03765,2026-02-19,26.8,retail
C03780,2026-02-19,154.47,retail
C03852,2026-02-19,30.25,retail
C03953,2026-02-19,55.19,retail
W012,2026-02-19,98.21,wholesale
W014,2026-02-19,103.86,wholesale
W018,2026-02-19,217.91,wholesale
W028,2026-02-19,520.02,wholesale
C00026,2026-02-20,33.19,retail
C00051,2026-02-20,23.53,retail
C00152,2026-02-20,21.78,retail
C00180,2026-02-20,29.42,retail
C00207,2026-02-20,17.73,retail
C00227,2026-02-20,26.3,retail
C00262,2026-02-20,47.16,retail
C00385,2026-02-20,40.47,retail
C00429,2026-02-20,36.6,retail
C00441,2026-02-20,40.48,retail
C00583,2026-02-20,40.49,retail
C00624,2026-02-20,54.71,retail
C00683,2026-02-20,29.76,retail
C00748,2026-02-20,20.81,retail
C00778,2026-02-20,12.45,retail
C00795,2026-02-20,56.87,retail
C00807,2026-02-20,28.78,retail
C00833,2026-02-20,22.9,retail
C00862,2026-02-20,19.77,retail
C00869,2026-02-20,34.08,retail
C00982,2026-02-20,22.07,retail
C01058,2026-02-20,39.78,retail
C01120,2026-02-20,49.58,retail
C01220,2026-02-20,72.53,retail
C01267,2026-02-20,72.05,retail
C01329,2026-02-20,45.02,retail
C01373,2026-02-20,64.86,retail
C01422,2026-02-20,43.79,retail
C01554,2026-02-20,54.84,retail
C01643,2026-02-20,18.66,retail
C01754,2026-02-20,50.48,retail
C01765,2026-02-20,15.22,retail
C01777,2026-02-20,62.96,retail
C01884,2026-02-20,55.12,retail
C01952,2026-02-20,27.35,retail
C02047,2026-02-20,25.11,retail
C02056,2026-02-20,39.42,retail
C02218,2026-02-20,44.7,retail
C02272,2026-02-20,79.51,retail
C02460,2026-02-20,19.99,retail
C02679,2026-02-20,51.79,retail
C02690,2026-02-20,77.46,retail
C02692,2026-02-20,14.06,retail
C02692,2026-02-20,38.1,retail
C02749,2026-02-20,49.7,retail
C02782,2026-02-20,26.25,retail
C03046,2026-02-20,40.84,retail
C03107,2026-02-20,26.16,retail
C03223,2026-02-20,34.47,retail
C03509,2026-02-20,36.34,retail
C03538,2026-02-20,33.4,retail
C03660,2026-02-20,11.4,retail
C03741,2026-02-20,30.23,retail
C03790,2026-02-20,47.07,retail
C03905,2026-02-20,40.61,retail
C03940,2026-02-20,22.84,retail
W020,2026-02-20,178.38,wholesale
C00028,2026-02-21,27.58,retail
C00053,2026-02-21,32.77,retail
C00248,2026-02-21,41.32,retail
C00366,2026-02-21,27.37,retail
C00530,2026-02-21,40.25,retail
C00613,2026-02-21,74.74,retail
C00640,2026-02-21,16.35,retail
C00698,2026-02-21,22.28,retail
C00734,2026-02-21,37.51,retail
C00796,2026-02-21,18.73,retail
C00863,2026-02-21,55.82,retail
C00906,2026-02-21,44.91,retail
C01224,2026-02-21,31.55,retail
C01299,2026-02-21,42.38,retail
C01348,2026-02-21,136.62,retail
C01411,2026-02-21,28.86,retail
C01495,2026-02-21,21.3,retail
C01857,2026-02-21,26.72,retail
C01887,2026-02-21,58.25,retail
C01892,2026-02-21,34.74,retail
C01978,2026-02-21,39.53,retail
C02021,2026-02-21,23.47,retail
C02073,2026-02-21,19.09,retail
C02160,2026-02-21,85.3,retail
C02289,2026-02-21,27.45,retail
C02315,2026-02-21,60.35,retail
C02563,2026-02-21,15.83,retail
C02605,2026-02-21,25.98,retail
C02629,2026-02-21,9.81,retail
C02655,2026-02-21,38.05,retail
C02715,2026-02-21,32.23,retail
C02808,2026-02-21,33.96,retail
C02861,2026-02-21,20.7,retail
C02866,2026-02-21,35.76,retail
C02891,2026-02-21,9.24,retail
C03218,2026-02-21,55.95,retail
C03287,2026-02-21,43.2,retail
C03310,2026-02-21,32.27,retail
C03382,2026-02-21,16.76,retail
C03435,2026-02-21,52.07,retail
C03451,2026-02-21,33.27,retail
C03469,2026-02-21,25.85,retail
C03496,2026-02-21,46.87,retail
C03543,2026-02-21,39.7,retail
C03562,2026-02-21,30.95,retail
C03594,2026-02-21,40.38,retail
C03662,2026-02-21,37.38,retail
C03675,2026-02-21,38.79,retail
C03719,2026-02-21,36.66,retail
C03731,2026-02-21,28.11,retail
C03739,2026-02-21,67.75,retail
C03762,2026-02-21,17.94,retail
C03988,2026-02-21,93.48,retail
W009,2026-02-21,252.06,wholesale
W015,2026-02-21,116.52,wholesale
W017,2026-02-21,132.37,wholesale
W019,2026-02-21,122.55,wholesale
W021,2026-02-21,184.57,wholesale
C00094,2026-02-22,59.96,retail
C00268,2026-02-22,21.75,retail
C00269,2026-02-22,33.84,retail
C00320,2026-02-22,45.32,retail
C01103,2026-02-22,76.6,retail
C01191,2026-02-22,30.8,retail
C01210,2026-02-22,117.51,retail
C01210,2026-02-22,26.34,retail
C01230,2026-02-22,48.17,retail
C01314,2026-02-22,36.33,retail
C01511,2026-02-22,30.0,retail
C01571,2026-02-22,17.23,retail
C01620,2026-02-22,21.19,retail
C01799,2026-02-22,44.82,retail
C01839,2026-02-22,40.11,retail
C01926,2026-02-22,21.43,retail
C01940,2026-02-22,14.74,retail
C02016,2026-02-22,157.38,retail
C02020,2026-02-22,51.14,retail
C02022,2026-02-22,21.87,retail
C02040,2026-02-22,32.05,retail
C02163,2026-02-22,30.37,retail
C02190,2026-02-22,24.51,retail
C02310,2026-02-22,36.61,retail
C02341,2026-02-22,67.08,retail
C02477,2026-02-22,41.24,retail
C02607,2026-02-22,90.37,retail
C02645,2026-02-22,7.7,retail
C02708,2026-02-22,33.57,retail
C02788,2026-02-22,54.03,retail
C02808,2026-02-22,20.47,retail
C02854,2026-02-22,35.0,retail
C02868,2026-02-22,29.88,retail
C02937,2026-02-22,18.93,retail
C02976,2026-02-22,44.78,retail
C02978,2026-02-22,66.73,retail
C03044,2026-02-22,25.82,retail
C03128,2026-02-22,20.7,retail
C03161,2026-02-22,17.9,retail
C03177,2026-02-22,55.48,retail
C03333,2026-02-22,35.15,retail
C03426,2026-02-22,45.84,retail
C03440,2026-02-22,58.95,retail
C03583,2026-02-22,35.59,retail
C03640,2026-02-22,32.0,retail
C03730,2026-02-22,32.51,retail
C03807,2026-02-22,24.88,retail
C03839,2026-02-22,32.98,retail
C03873,2026-02-22,41.58,retail
C03913,2026-02-22,12.55,retail
C03957,2026-02-22,45.39,retail
W001,2026-02-22,225.63,wholesale
W004,2026-02-22,375.79,wholesale
W005,2026-02-22,177.38,wholesale
W007,2026-02-22,212.18,wholesale
W008,2026-02-22,228.92,wholesale
W024,2026-02-22,146.34,wholesale
W028,2026-02-22,217.14,wholesale
C00021,2026-02-23,33.51,retail
C00033,2026-02-23,69.3,retail
C00051,2026-02-23,45.27,retail
C00079,2026-02-23,32.86,retail
C00093,2026-02-23,32.9,retail
C00095,2026-02-23,13.39,retail
C00188,2026-02-23,24.1,retail
C00293,2026-02-23,33.31,retail
C00376,2026-02-23,58.43,retail
C00625,2026-02-23,88.47,retail
C00778,2026-02-23,28.31,retail
C00959,2026-02-23,28.57,retail
C01014,2026-02-23,43.19,retail
C01017,2026-02-23,19.07,retail
C01347,2026-02-23,45.62,retail
C01404,2026-02-23,52.27,retail
C01486,2026-02-23,25.33,retail
C01509,2026-02-23,53.42,retail
C01573,2026-02-23,48.64,retail
C01590,2026-02-23,18.2,retail
C01632,2026-02-23,26.94,retail
C01704,2026-02-23,12.69,retail
C01891,2026-02-23,28.33,retail
C02261,2026-02-23,49.88,retail
C02286,2026-02-23,49.07,retail
C02450,2026-02-23,39.48,retail
C02489,2026-02-23,36.31,retail
C02499,2026-02-23,79.57,retail
C02523,2026-02-23,21.43,retail
C02591,2026-02-23,25.37,retail
C02612,2026-02-23,41.55,retail
C02620,2026-02-23,12.67,retail
C02646,2026-02-23,45.88,retail
C02730,2026-02-23,68.09,retail
C02786,2026-02-23,42.32,retail
C02830,2026-02-23,52.81,retail
C02885,2026-02-23,26.66,retail
C02898,2026-02-23,95.33,retail
C02911,2026-02-23,14.77,retail
C02989,2026-02-23,16.21,retail
C03097,2026-02-23,29.34,retail
C03107,2026-02-23,17.32,retail
C03148,2026-02-23,27.16,retail
C03193,2026-02-23,22.62,retail
C03212,2026-02-23,20.58,retail
C03226,2026-02-23,20.08,retail
C03273,2026-02-23,48.04,retail
C03289,2026-02-23,30.8,retail
C03350,2026-02-23,10.91,retail
C03468,2026-02-23,20.84,retail
C03506,2026-02-23,20.05,retail
C03584,2026-02-23,55.7,retail
C03681,2026-02-23,38.74,retail
C03746,2026-02-23,56.48,retail
C03799,2026-02-23,16.93,retail
W000,2026-02-23,309.32,wholesale
W010,2026-02-23,73.62,wholesale
W011,2026-02-23,128.61,wholesale
W012,2026-02-23,189.99,wholesale
W016,2026-02-23,277.09,wholesale
W022,2026-02-23,115.94,wholesale
W026,2026-02-23,209.81,wholesale
C00013,2026-02-24,37.86,retail
C00018,2026-02-24,46.45,retail
C00024,2026-02-24,29.74,retail
C00079,2026-02-24,28.01,retail
C00120,2026-02-24,41.61,retail
C00160,2026-02-24,16.06,retail
C00189,2026-02-24,24.33,retail
C00262,2026-02-24,25.57,retail
C00290,2026-02-24,23.22,retail
C00337,2026-02-24,31.11,retail
C00357,2026-02-24,32.48,retail
C00410,2026-02-24,12.43,retail
C00418,2026-02-24,59.04,retail
C00497,2026-02-24,93.41,retail
C00617,2026-02-24,42.15,retail
C00687,2026-02-24,54.73,retail
C00699,2026-02-24,34.03,retail
C00752,2026-02-24,69.21,retail
C00845,2026-02-24,27.21,retail
C00890,2026-02-24,60.81,retail
C01010,2026-02-24,31.3,retail
C01173,2026-02-24,37.76,retail
C01193,2026-02-24,23.72,retail
C01442,2026-02-24,67.7,retail
C01477,2026-02-24,40.1,retail
C01506,2026-02-24,82.83,retail
C01534,2026-02-24,14.4,retail
C01570,2026-02-24,13.97,retail
C01596,2026-02-24,73.93,retail
C01847,2026-02-24,15.25,retail
C01847,2026-02-24,20.63,retail
C01952,2026-02-24,44.1,retail
C02058,2026-02-24,34.47,retail
C02196,2026-02-24,43.21,retail
C02273,2026-02-24,31.61,retail
C02280,2026-02-24,13.76,retail
C02319,2026-02-24,22.86,retail
C02351,2026-02-24,98.59,retail
C02390,2026-02-24,40.58,retail
C02415,2026-02-24,28.78,retail
C02555,2026-02-24,34.62,retail
C02564,2026-02-24,16.81,retail
C02675,2026-02-24,62.04,retail
C02714,2026-02-24,80.11,retail
C02760,2026-02-24,38.56,retail
C02788,2026-02-24,42.05,retail
C02903,2026-02-24,28.98,retail
C02938,2026-02-24,33.17,retail
C02953,2026-02-24,74.81,retail
C03191,2026-02-24,16.51,retail
C03357,2026-02-24,30.53,retail
C03453,2026-02-24,187.06,retail
C03478,2026-02-24,23.62,retail
C03548,2026-02-24,20.93,retail
C03622,2026-02-24,28.16,retail
C03694,2026-02-24,33.51,retail
C03752,2026-02-24,73.78,retail
C03924,2026-02-24,75.89,retail
C03967,2026-02-24,30.27,retail
C03974,2026-02-24,31.26,retail
W003,2026-02-24,189.06,wholesale
W017,2026-02-24,146.66,wholesale
W017,2026-02-24,315.72,wholesale
W023,2026-02-24,364.13,wholesale
W027,2026-02-24,319.91,wholesale
W029,2026-02-24,189.2,wholesale
C00041,2026-02-25,18.37,retail
C00108,2026-02-25,21.56,retail
C00169,2026-02-25,17.89,retail
C00443,2026-02-25,33.69,retail
C00467,2026-02-25,25.22,retail
C00609,2026-02-25,45.85,retail
C00649,2026-02-25,25.58,retail
C00673,2026-02-25,16.14,retail
C00809,2026-02-25,48.27,retail
C00854,2026-02-25,53.02,retail
C00985,2026-02-25,26.53,retail
C01044,2026-02-25,41.53,retail
C01115,2026-02-25,20.07,retail
C01149,2026-02-25,30.86,retail
C01153,2026-02-25,27.02,retail
C01217,2026-02-25,76.62,retail
C01345,2026-02-25,29.09,retail
C01384,2026-02-25,71.38,retail
C01416,2026-02-25,11.98,retail
C01446,2026-02-25,28.24,retail
C01550,2026-02-25,67.23,retail
C01673,2026-02-25,58.74,retail
C01765,2026-02-25,37.95,retail
C01766,2026-02-25,53.07,retail
C01846,2026-02-25,31.05,retail
C01886,2026-02-25,51.69,retail
C01913,2026-02-25,88.62,retail
C01938,2026-02-25,15.52,retail
C02198,2026-02-25,61.62,retail
C02222,2026-02-25,74.58,retail
C02225,2026-02-25,73.49,retail
C02249,2026-02-25,49.23,retail
C02307,2026-02-25,29.4,retail
C02418,2026-02-25,65.21,retail
C02773,2026-02-25,46.59,retail
C02880,2026-02-25,37.89,retail
C02901,2026-02-25,89.86,retail
C02910,2026-02-25,109.78,retail
C02928,2026-02-25,25.91,retail
C02943,2026-02-25,21.32,retail
C02985,2026-02-25,37.71,retail
C03331,2026-02-25,13.19,retail
C03418,2026-02-25,39.49,retail
C03509,2026-02-25,45.56,retail
C03550,2026-02-25,35.03,retail
C03573,2026-02-25,49.87,retail
C03588,2026-02-25,33.09,retail
C03771,2026-02-25,38.5,retail
C03908,2026-02-25,31.21,retail
W019,2026-02-25,212.9,wholesale
W024,2026-02-25,142.69,wholesale
C00041,2026-02-26,41.47,retail
C00108,2026-02-26,23.02,retail
C00137,2026-02-26,20.27,retail
C00146,2026-02-26,25.81,retail
C00234,2026-02-26,23.33,retail
C00351,2026-02-26,18.7,retail
C00394,2026-02-26,50.13,retail
C00650,2026-02-26,34.02,retail
C00737,2026-02-26,18.22,retail
C00753,2026-02-26,28.77,retail
C00816,2026-02-26,46.52,retail
C00893,2026-02-26,22.75,retail
C00950,2026-02-26,148.19,retail
C00984,2026-02-26,31.96,retail
C01012,2026-02-26,20.16,retail
C01058,2026-02-26,16.62,retail
C01136,2026-02-26,17.65,retail
C01150,2026-02-26,29.63,retail
C01269,2026-02-26,36.61,retail
C01367,2026-02-26,40.08,retail
C01418,2026-02-26,33.61,retail
C01427,2026-02-26,18.9,retail
C01523,2026-02-26,53.92,retail
C01665,2026-02-26,46.72,retail
C01945,2026-02-26,23.45,retail
C02247,2026-02-26,28.99,retail
C02301,2026-02-26,57.76,retail
C02342,2026-02-26,15.94,retail
C02366,2026-02-26,20.33,retail
C02381,2026-02-26,32.34,retail
C02460,2026-02-26,46.87,retail
C02493,2026-02-26,53.91,retail
C02530,2026-02-26,44.27,retail
C02585,2026-02-26,11.61,retail
C02799,2026-02-26,45.79,retail
C02867,2026-02-26,12.39,retail
C02897,2026-02-26,23.05,retail
C02984,2026-02-26,30.37,retail
C03020,2026-02-26,36.25,retail
C03032,2026-02-26,27.15,retail
C03184,2026-02-26,11.4,retail
C03206,2026-02-26,7.05,retail
C03518,2026-02-26,20.81,retail
C03535,2026-02-26,42.39,retail
C03603,2026-02-26,49.01,retail
C03715,2026-02-26,18.29,retail
C03752,2026-02-26,48.29,retail
C03771,2026-02-26,29.85,retail
C03789,2026-02-26,26.86,retail
C03961,2026-02-26,28.38,retail
W001,2026-02-26,384.87,wholesale
W006,2026-02-26,107.14,wholesale
W009,2026-02-26,165.98,wholesale
C00010,2026-02-27,117.46,retail
C00028,2026-02-27,54.43,retail
C00241,2026-02-27,64.42,retail
C00298,2026-02-27,13.2,retail
C00369,2026-02-27,30.11,retail
C00395,2026-02-27,25.41,retail
C00514,2026-02-27,14.67,retail
C00548,2026-02-27,40.41,retail
C00561,2026-02-27,76.65,retail
C00625,2026-02-27,22.95,retail
C00637,2026-02-27,16.68,retail
C00641,2026-02-27,13.81,retail
C00907,2026-02-27,17.8,retail
C00959,2026-02-27,18.24,retail
C01132,2026-02-27,25.44,retail
C01167,2026-02-27,32.27,retail
C01179,2026-02-27,28.8,retail
C01180,2026-02-27,34.98,retail
C01320,2026-02-27,137.79,retail
C01418,2026-02-27,27.82,retail
C01498,2026-02-27,34.57,retail
C01534,2026-02-27,15.82,retail
C01549,2026-02-27,29.06,retail
C01568,2026-02-27,56.24,retail
C01675,2026-02-27,48.89,retail
C01812,2026-02-27,35.37,retail
C01904,2026-02-27,71.78,retail
C01947,2026-02-27,58.9,retail
C02423,2026-02-27,36.53,retail
C02540,2026-02-27,52.45,retail
C02545,2026-02-27,72.67,retail
C02764,2026-02-27,53.68,retail
C02988,2026-02-27,25.23,retail
C03306,2026-02-27,48.74,retail
C03468,2026-02-27,50.38,retail
C03495,2026-02-27,40.25,retail
C03497,2026-02-27,32.04,retail
C03573,2026-02-27,15.88,retail
C03636,2026-02-27,24.7,retail
C03817,2026-02-27,44.61,retail
C03852,2026-02-27,66.17,retail
C03886,2026-02-27,58.19,retail
C03974,2026-02-27,72.0,retail
W002,2026-02-27,74.12,wholesale
W004,2026-02-27,274.31,wholesale
W004,2026-02-27,106.54,wholesale
W016,2026-02-27,151.28,wholesale
W020,2026-02-27,259.09,wholesale
W028,2026-02-27,209.41,wholesale
C00015,2026-02-28,19.93,retail
C00282,2026-02-28,25.29,retail
C00450,2026-02-28,16.84,retail
C00688,2026-02-28,30.82,retail
C00780,2026-02-28,34.39,retail
C00905,2026-02-28,61.06,retail
C01063,2026-02-28,28.55,retail
C01063,2026-02-28,32.0,retail
C01064,2026-02-28,48.22,retail
C01074,2026-02-28,35.56,retail
C01173,2026-02-28,82.42,retail
C01207,2026-02-28,26.95,retail
C01333,2026-02-28,58.45,retail
C01510,2026-02-28,32.21,retail
C01761,2026-02-28,133.99,retail
C02037,2026-02-28,37.77,retail
C02267,2026-02-28,42.26,retail
C02308,2026-02-28,45.7,retail
C02343,2026-02-28,18.16,retail
C02363,2026-02-28,49.75,retail
C02539,2026-02-28,27.54,retail
C02559,2026-02-28,24.64,retail
C02674,2026-02-28,26.37,retail
C02690,2026-02-28,37.5,retail
C02712,2026-02-28,46.01,retail
C02720,2026-02-28,21.47,retail
C02844,2026-02-28,21.8,retail
C02850,2026-02-28,32.41,retail
C02869,2026-02-28,24.35,retail
C02870,2026-02-28,39.01,retail
C02890,2026-02-28,28.94,retail
C03029,2026-02-28,25.16,retail
C03066,2026-02-28,22.34,retail
C03072,2026-02-28,24.66,retail
C03128,2026-02-28,27.36,retail
C03130,2026-02-28,70.04,retail
C03270,2026-02-28,16.35,retail
C03389,2026-02-28,34.83,retail
C03408,2026-02-28,59.14,retail
C03478,2026-02-28,66.6,retail
C03514,2026-02-28,39.27,retail
C03521,2026-02-28,14.04,retail
C03688,2026-02-28,39.21,retail
C03768,2026-02-28,18.18,retail
C03811,2026-02-28,59.05,retail
C03886,2026-02-28,45.27,retail
W005,2026-02-28,315.78,wholesale
W014,2026-02-28,156.0,wholesale
W029,2026-02-28,136.51,wholesale
C00016,2026-03-01,9.87,retail
C00070,2026-03-01,53.93,retail
C00217,2026-03-01,30.66,retail
C00248,2026-03-01,15.93,retail
C00314,2026-03-01,65.44,retail
C00357,2026-03-01,27.13,retail
C00373,2026-03-01,37.74,retail
C00517,2026-03-01,27.06,retail
C00572,2026-03-01,123.62,retail
C00588,2026-03-01,40.53,retail
C00641,2026-03-01,18.55,retail
C00674,2026-03-01,11.38,retail
C00680,2026-03-01,26.66,retail
C00690,2026-03-01,116.23,retail
C00697,2026-03-01,19.44,retail
C00719,2026-03-01,24.89,retail
C00833,2026-03-01,23.35,retail
C00860,2026-03-01,21.78,retail
C01137,2026-03-01,37.42,retail
C01184,2026-03-01,31.64,retail
C01191,2026-03-01,33.93,retail
C01262,2026-03-01,13.26,retail
C01271,2026-03-01,40.24,retail
C01384,2026-03-01,21.26,retail
C01405,2026-03-01,80.77,retail
C01549,2026-03-01,43.88,retail
C01551,2026-03-01,98.72,retail
C01638,2026-03-01,31.36,retail
C01744,2026-03-01,26.44,retail
C01832,2026-03-01,36.56,retail
C01959,2026-03-01,25.79,retail
C01978,2026-03-01,41.14,retail
C02054,2026-03-01,54.18,retail
C02160,2026-03-01,35.63,retail
C02236,2026-03-01,79.98,retail
C02247,2026-03-01,13.22,retail
C02479,2026-03-01,38.61,retail
C02588,2026-03-01,22.39,retail
C02605,2026-03-01,56.78,retail
C02631,2026-03-01,37.48,retail
C02715,2026-03-01,31.17,retail
C02849,2026-03-01,38.23,retail
C02889,2026-03-01,28.83,retail
C03061,2026-03-01,40.15,retail
C03097,2026-03-01,27.4,retail
C03154,2026-03-01,18.19,retail
C03178,2026-03-01,42.78,retail
C03181,2026-03-01,27.82,retail
C03202,2026-03-01,31.87,retail
C03317,2026-03-01,24.93,retail
C03411,2026-03-01,23.43,retail
C03832,2026-03-01,73.33,retail
C03897,2026-03-01,44.86,retail
C03933,2026-03-01,40.16,retail
W003,2026-03-01,580.99,wholesale
W007,2026-03-01,77.73,wholesale
W021,2026-03-01,166.54,wholesale
C00119,2026-03-02,23.51,retail
C00126,2026-03-02,57.38,retail
C00129,2026-03-02,10.27,retail
C00203,2026-03-02,37.45,retail
C00293,2026-03-02,34.25,retail
C00302,2026-03-02,20.7,retail
C00360,2026-03-02,87.89,retail
C00413,2026-03-02,18.87,retail
C00443,2026-03-02,25.55,retail
C00517,2026-03-02,36.63,retail
C00561,2026-03-02,40.68,retail
C00635,2026-03-02,53.87,retail
C00662,2026-03-02,72.43,retail
C00665,2026-03-02,29.64,retail
C00761,2026-03-02,13.63,retail
C00845,2026-03-02,37.11,retail
C00975,2026-03-02,70.9,retail
C00985,2026-03-02,114.26,retail
C01014,2026-03-02,71.11,retail
C01260,2026-03-02,62.05,retail
C01314,2026-03-02,29.75,retail
C01324,2026-03-02,25.0,retail
C01429,2026-03-02,27.82,retail
C01434,2026-03-02,33.57,retail
C01534,2026-03-02,49.41,retail
C01545,2026-03-02,36.35,retail
C01566,2026-03-02,34.61,retail
C01596,2026-03-02,42.92,retail
C01614,2026-03-02,26.86,retail
C01649,2026-03-02,92.84,retail
C01743,2026-03-02,52.85,retail
C01908,2026-03-02,25.41,retail
C01940,2026-03-02,14.76,retail
C02174,2026-03-02,69.49,retail
C02225,2026-03-02,32.54,retail
C02351,2026-03-02,27.31,retail
C02527,2026-03-02,48.47,retail
C02540,2026-03-02,37.61,retail
C02593,2026-03-02,30.47,retail
C02835,2026-03-02,36.78,retail
C02994,2026-03-02,43.73,retail
C03072,2026-03-02,58.54,retail
C03279,2026-03-02,8.21,retail
C03345,2026-03-02,91.43,retail
C03355,2026-03-02,40.11,retail
C03375,2026-03-02,44.97,retail
C03708,2026-03-02,26.29,retail
C03736,2026-03-02,33.37,retail
C03858,2026-03-02,58.16,retail
C03865,2026-03-02,21.53,retail
C03984,2026-03-02,19.21,retail
C03991,2026-03-02,42.09,retail
W004,2026-03-02,625.43,wholesale
W007,2026-03-02,132.21,wholesale
W024,2026-03-02,276.79,wholesale
C00059,2026-03-03,64.82,retail
C00096,2026-03-03,20.75,retail
C00170,2026-03-03,35.07,retail
C00197,2026-03-03,22.91,retail
C00206,2026-03-03,36.37,retail
C00217,2026-03-03,50.12,retail
C00337,2026-03-03,13.96,retail
C00354,2026-03-03,25.81,retail
C00409,2026-03-03,32.86,retail
C00465,2026-03-03,51.5,retail
C00618,2026-03-03,97.6,retail
C00621,2026-03-03,92.4,retail
C00859,2026-03-03,58.84,retail
C01021,2026-03-03,10.62,retail
C01028,2026-03-03,19.44,retail
C01111,2026-03-03,38.88,retail
C01175,2026-03-03,19.0,retail
C01193,2026-03-03,62.3,retail
C01195,2026-03-03,49.0,retail
C01419,2026-03-03,20.56,retail
C01537,2026-03-03,53.95,retail
C01795,2026-03-03,23.81,retail
C01807,2026-03-03,33.9,retail
C01869,2026-03-03,53.71,retail
C01947,2026-03-03,46.97,retail
C01981,2026-03-03,34.48,retail
C02105,2026-03-03,35.41,retail
C02132,2026-03-03,102.31,retail
C02222,2026-03-03,19.8,retail
C02236,2026-03-03,27.37,retail
C02279,2026-03-03,19.61,retail
C02481,2026-03-03,19.95,retail
C02618,2026-03-03,70.28,retail
C02715,2026-03-03,19.27,retail
C02726,2026-03-03,45.88,retail
C02748,2026-03-03,48.14,retail
C02764,2026-03-03,18.33,retail
C02780,2026-03-03,22.82,retail
C02803,2026-03-03,20.75,retail
C02848,2026-03-03,29.28,retail
C02901,2026-03-03,31.69,retail
C02928,2026-03-03,33.66,retail
C02973,2026-03-03,29.67,retail
C02994,2026-03-03,24.71,retail
C03055,2026-03-03,38.52,retail
C03135,2026-03-03,39.91,retail
C03143,2026-03-03,12.67,retail
C03221,2026-03-03,15.63,retail
C03287,2026-03-03,38.67,retail
C03416,2026-03-03,85.91,retail
C03479,2026-03-03,52.63,retail
C03506,2026-03-03,28.1,retail
C03509,2026-03-03,58.93,retail
C03563,2026-03-03,20.07,retail
C03582,2026-03-03,28.14,retail
C03589,2026-03-03,18.19,retail
C03750,2026-03-03,146.11,retail
C03750,2026-03-03,20.75,retail
C03782,2026-03-03,55.29,retail
C03867,2026-03-03,41.57,retail
C03882,2026-03-03,50.8,retail
C03906,2026-03-03,35.86,retail
W000,2026-03-03,168.53,wholesale
W008,2026-03-03,200.5,wholesale
W016,2026-03-03,366.92,wholesale
W023,2026-03-03,230.64,wholesale
C00133,2026-03-04,9.1,retail
C00162,2026-03-04,56.17,retail
C00173,2026-03-04,62.11,retail
C00219,2026-03-04,34.05,retail
C00410,2026-03-04,63.42,retail
C00443,2026-03-04,34.68,retail
C00444,2026-03-04,23.23,retail
C00488,2026-03-04,33.6,retail
C00561,2026-03-04,24.69,retail
C00768,2026-03-04,38.96,retail
C00863,2026-03-04,43.35,retail
C00882,2026-03-04,35.3,retail
C00978,2026-03-04,36.99,retail
C00992,2026-03-04,52.88,retail
C01028,2026-03-04,45.53,retail
C01033,2026-03-04,25.79,retail
C01265,2026-03-04,49.09,retail
C01357,2026-03-04,26.44,retail
C01373,2026-03-04,20.88,retail
C01392,2026-03-04,51.67,retail
C01418,2026-03-04,18.25,retail
C01523,2026-03-04,28.97,retail
C01677,2026-03-04,51.55,retail
C01777,2026-03-04,16.52,retail
C01915,2026-03-04,25.65,retail
C01987,2026-03-04,16.34,retail
C01993,2026-03-04,21.26,retail
C02135,2026-03-04,28.28,retail
C02142,2026-03-04,19.14,retail
C02196,2026-03-04,25.72,retail
C02360,2026-03-04,34.29,retail
C02387,2026-03-04,27.13,retail
C02390,2026-03-04,35.58,retail
C02400,2026-03-04,9.06,retail
C02521,2026-03-04,24.15,retail
C02589,2026-03-04,26.59,retail
C02661,2026-03-04,15.35,retail
C02669,2026-03-04,30.45,retail
C02938,2026-03-04,21.92,retail
C02951,2026-03-04,155.04,retail
C02982,2026-03-04,25.91,retail
C03077,2026-03-04,52.47,retail
C03079,2026-03-04,51.2,retail
C03265,2026-03-04,96.96,retail
C03273,2026-03-04,58.08,retail
C03277,2026-03-04,13.64,retail
C03361,2026-03-04,62.09,retail
C03418,2026-03-04,25.24,retail
C03514,2026-03-04,27.06,retail
C03643,2026-03-04,145.43,retail
C03674,2026-03-04,34.1,retail
C03732,2026-03-04,22.55,retail
C03739,2026-03-04,30.59,retail
C03856,2026-03-04,36.7,retail
W001,2026-03-04,161.56,wholesale
W001,2026-03-04,91.49,wholesale
W009,2026-03-04,295.61,wholesale
W014,2026-03-04,181.85,wholesale
W021,2026-03-04,232.2,wholesale
W022,2026-03-04,231.19,wholesale
W024,2026-03-04,218.63,wholesale
C00077,2026-03-05,25.3,retail
C00184,2026-03-05,47.12,retail
C00189,2026-03-05,100.36,retail
C00245,2026-03-05,25.08,retail
C00269,2026-03-05,38.59,retail
C00437,2026-03-05,27.1,retail
C00584,2026-03-05,32.37,retail
C01031,2026-03-05,42.52,retail
C01177,2026-03-05,16.9,retail
C01293,2026-03-05,24.55,retail
C01330,2026-03-05,22.32,retail
C01360,2026-03-05,39.23,retail
C01401,2026-03-05,23.47,retail
C01430,2026-03-05,36.34,retail
C01431,2026-03-05,22.39,retail
C01590,2026-03-05,17.28,retail
C01591,2026-03-05,36.78,retail
C01632,2026-03-05,19.84,retail
C01665,2026-03-05,26.16,retail
C01767,2026-03-05,16.69,retail
C01898,2026-03-05,28.04,retail
C01899,2026-03-05,30.32,retail
C01945,2026-03-05,41.47,retail
C01956,2026-03-05,46.74,retail
C01958,2026-03-05,25.14,retail
C02036,2026-03-05,56.63,retail
C02262,2026-03-05,53.5,retail
C02348,2026-03-05,24.66,retail
C02445,2026-03-05,23.1,retail
C02472,2026-03-05,23.81,retail
C02477,2026-03-05,52.56,retail
C02599,2026-03-05,27.21,retail
C02621,2026-03-05,7.27,retail
C02921,2026-03-05,25.84,retail
C02993,2026-03-05,31.71,retail
C03020,2026-03-05,26.09,retail
C03104,2026-03-05,105.75,retail
C03144,2026-03-05,34.84,retail
C03188,2026-03-05,48.34,retail
C03191,2026-03-05,20.31,retail
C03199,2026-03-05,29.98,retail
C03244,2026-03-05,19.56,retail
C03276,2026-03-05,36.57,retail
C03282,2026-03-05,28.4,retail
C03289,2026-03-05,48.1,retail
C03301,2026-03-05,49.06,retail
C03320,2026-03-05,38.06,retail
C03382,2026-03-05,51.67,retail
C03648,2026-03-05,13.61,retail
C03742,2026-03-05,29.58,retail
C03789,2026-03-05,18.33,retail
C03834,2026-03-05,10.73,retail
C03912,2026-03-05,73.88,retail
C03963,2026-03-05,23.02,retail
W011,2026-03-05,222.44,wholesale
W012,2026-03-05,324.07,wholesale
W014,2026-03-05,215.46,wholesale
W018,2026-03-05,213.9,wholesale
W029,2026-03-05,199.92,wholesale
W029,2026-03-05,216.51,wholesale
C00032,2026-03-06,21.59,retail
C00079,2026-03-06,36.59,retail
C00187,2026-03-06,7.87,retail
C00197,2026-03-06,61.99,retail
C00268,2026-03-06,69.43,retail
C00269,2026-03-06,28.92,retail
C00525,2026-03-06,114.84,retail
C00598,2026-03-06,20.95,retail
C00658,2026-03-06,47.49,retail
C00780,2026-03-06,36.48,retail
C00970,2026-03-06,16.17,retail
C00996,2026-03-06,12.58,retail
C01017,2026-03-06,34.51,retail
C01148,2026-03-06,26.7,retail
C01207,2026-03-06,56.92,retail
C01247,2026-03-06,45.83,retail
C01396,2026-03-06,7.59,retail
C01430,2026-03-06,61.02,retail
C01455,2026-03-06,60.96,retail
C01470,2026-03-06,28.51,retail
C01568,2026-03-06,20.01,retail
C01679,2026-03-06,42.25,retail
C01724,2026-03-06,56.03,retail
C01766,2026-03-06,51.68,retail
C02023,2026-03-06,32.65,retail
C02045,2026-03-06,158.39,retail
C02116,2026-03-06,45.49,retail
C02175,2026-03-06,41.15,retail
C02270,2026-03-06,31.58,retail
C02378,2026-03-06,56.65,retail
C02395,2026-03-06,17.12,retail
C02559,2026-03-06,27.43,retail
C02646,2026-03-06,25.25,retail
C02865,2026-03-06,89.1,retail
C02905,2026-03-06,60.69,retail
C02924,2026-03-06,22.7,retail
C03044,2026-03-06,21.56,retail
C03130,2026-03-06,42.02,retail
C03386,2026-03-06,41.56,retail
C03487,2026-03-06,28.05,retail
C03538,2026-03-06,77.46,retail
C03601,2026-03-06,22.46,retail
C03651,2026-03-06,27.49,retail
C03672,2026-03-06,78.98,retail
C03675,2026-03-06,82.79,retail
C03704,2026-03-06,82.04,retail
C03811,2026-03-06,35.63,retail
C03925,2026-03-06,92.59,retail
C03934,2026-03-06,17.86,retail
W003,2026-03-06,295.71,wholesale
W015,2026-03-06,209.73,wholesale
W018,2026-03-06,261.43,wholesale
W023,2026-03-06,398.28,wholesale
W025,2026-03-06,413.72,wholesale
W027,2026-03-06,408.58,wholesale
C00057,2026-03-07,31.24,retail
C00151,2026-03-07,51.35,retail
C00152,2026-03-07,65.89,retail
C00205,2026-03-07,76.42,retail
C00270,2026-03-07,33.36,retail
C00377,2026-03-07,21.98,retail
C00465,2026-03-07,20.16,retail
C00683,2026-03-07,45.62,retail
C00696,2026-03-07,19.76,retail
C00697,2026-03-07,38.44,retail
C00732,2026-03-07,24.54,retail
C00842,2026-03-07,33.47,retail
C00964,2026-03-07,40.3,retail
C01064,2026-03-07,49.82,retail
C01109,2026-03-07,49.67,retail
C01232,2026-03-07,64.69,retail
C01397,2026-03-07,82.97,retail
C01553,2026-03-07,21.32,retail
C01756,2026-03-07,36.9,retail
C01855,2026-03-07,26.32,retail
C01920,2026-03-07,25.51,retail
C01929,2026-03-07,22.59,retail
C02002,2026-03-07,44.8,retail
C02259,2026-03-07,72.48,retail
C02273,2026-03-07,55.92,retail
C02397,2026-03-07,57.26,retail
C02411,2026-03-07,50.0,retail
C02421,2026-03-07,43.56,retail
C02545,2026-03-07,12.25,retail
C02604,2026-03-07,43.18,retail
C02629,2026-03-07,29.96,retail
C02639,2026-03-07,30.62,retail
C02686,2026-03-07,29.23,retail
C02763,2026-03-07,26.53,retail
C02817,2026-03-07,29.51,retail
C02891,2026-03-07,32.67,retail
C03011,2026-03-07,37.18,retail
C03019,2026-03-07,19.92,retail
C03054,2026-03-07,17.2,retail
C03133,2026-03-07,39.28,retail
C03139,2026-03-07,39.89,retail
C03276,2026-03-07,27.51,retail
C03364,2026-03-07,52.06,retail
C03397,2026-03-07,21.7,retail
C03397,2026-03-07,22.6,retail
C03408,2026-03-07,47.8,retail
C03448,2026-03-07,17.09,retail
C03550,2026-03-07,59.29,retail
C03585,2026-03-07,43.33,retail
C03626,2026-03-07,78.49,retail
C03697,2026-03-07,52.99,retail
C03768,2026-03-07,17.79,retail
C03839,2026-03-07,47.57,retail
C03961,2026-03-07,53.41,retail
W012,2026-03-07,197.44,wholesale
W025,2026-03-07,252.9,wholesale
C00027,2026-03-08,38.64,retail
C00030,2026-03-08,45.11,retail
C00147,2026-03-08,12.54,retail
C00152,2026-03-08,60.99,retail
C00160,2026-03-08,27.8,retail
C00170,2026-03-08,31.7,retail
C00171,2026-03-08,76.17,retail
C00182,2026-03-08,21.5,retail
C00282,2026-03-08,63.02,retail
C00345,2026-03-08,14.28,retail
C00427,2026-03-08,21.58,retail
C00481,2026-03-08,63.87,retail
C00669,2026-03-08,21.22,retail
C00762,2026-03-08,28.96,retail
C00797,2026-03-08,43.96,retail
C00818,2026-03-08,72.39,retail
C00887,2026-03-08,24.7,retail
C00938,2026-03-08,22.44,retail
C00942,2026-03-08,202.38,retail
C01132,2026-03-08,56.56,retail
C01199,2026-03-08,34.39,retail
C01323,2026-03-08,27.24,retail
C01424,2026-03-08,31.21,retail
C01541,2026-03-08,38.97,retail
C01582,2026-03-08,41.08,retail
C01625,2026-03-08,54.91,retail
C01773,2026-03-08,40.04,retail
C01829,2026-03-08,30.27,retail
C01979,2026-03-08,31.52,retail
C01983,2026-03-08,27.49,retail
C01993,2026-03-08,22.4,retail
C02180,2026-03-08,15.31,retail
C02193,2026-03-08,79.03,retail
C02388,2026-03-08,18.76,retail
C02427,2026-03-08,20.83,retail
C02569,2026-03-08,38.93,retail
C02607,2026-03-08,32.87,retail
C02646,2026-03-08,31.64,retail
C02704,2026-03-08,63.08,retail
C02749,2026-03-08,22.0,retail
C02757,2026-03-08,25.54,retail
C02760,2026-03-08,22.83,retail
C02763,2026-03-08,36.84,retail
C02782,2026-03-08,36.37,retail
C02830,2026-03-08,54.06,retail
C02866,2026-03-08,41.2,retail
C02891,2026-03-08,20.37,retail
C02942,2026-03-08,22.93,retail
C03004,2026-03-08,73.06,retail
C03046,2026-03-08,56.16,retail
C03090,2026-03-08,57.39,retail
C03097,2026-03-08,63.08,retail
C03107,2026-03-08,20.87,retail
C03218,2026-03-08,33.03,retail
C03248,2026-03-08,18.26,retail
C03277,2026-03-08,69.37,retail
C03313,2026-03-08,36.75,retail
C03315,2026-03-08,13.11,retail
C03330,2026-03-08,34.76,retail
C03398,2026-03-08,29.91,retail
C03435,2026-03-08,21.07,retail
C03469,2026-03-08,70.22,retail
C03485,2026-03-08,42.97,retail
C03509,2026-03-08,54.46,retail
C03595,2026-03-08,97.0,retail
C03724,2026-03-08,8.96,retail
C03758,2026-03-08,63.33,retail
C03873,2026-03-08,80.92,retail
C03911,2026-03-08,29.51,retail
W022,2026-03-08,228.72,wholesale
W025,2026-03-08,225.27,wholesale
C00148,2026-03-09,27.95,retail
C00169,2026-03-09,69.2,retail
C00254,2026-03-09,20.46,retail
C00301,2026-03-09,25.8,retail
C00376,2026-03-09,17.96,retail
C00604,2026-03-09,36.8,retail
C00655,2026-03-09,30.76,retail
C00784,2026-03-09,18.63,retail
C00810,2026-03-09,50.49,retail
C00824,2026-03-09,62.27,retail
C00877,2026-03-09,11.24,retail
C00881,2026-03-09,23.47,retail
C00905,2026-03-09,29.25,retail
C00943,2026-03-09,21.98,retail
C01010,2026-03-09,41.15,retail
C01056,2026-03-09,37.09,retail
C01113,2026-03-09,41.72,retail
C01326,2026-03-09,50.6,retail
C01329,2026-03-09,45.41,retail
C01435,2026-03-09,52.98,retail
C01449,2026-03-09,39.42,retail
C01451,2026-03-09,40.8,retail
C01797,2026-03-09,12.78,retail
C01971,2026-03-09,15.39,retail
C02001,2026-03-09,80.55,retail
C02148,2026-03-09,15.42,retail
C02284,2026-03-09,83.26,retail
C02315,2026-03-09,24.95,retail
C02363,2026-03-09,46.82,retail
C02407,2026-03-09,42.76,retail
C02421,2026-03-09,20.54,retail
C02467,2026-03-09,35.33,retail
C02509,2026-03-09,51.91,retail
C02674,2026-03-09,21.61,retail
C02723,2026-03-09,28.48,retail
C02754,2026-03-09,30.27,retail
C02778,2026-03-09,41.03,retail
C02783,2026-03-09,40.47,retail
C02784,2026-03-09,94.8,retail
C03135,2026-03-09,85.25,retail
C03152,2026-03-09,63.37,retail
C03160,2026-03-09,27.77,retail
C03161,2026-03-09,23.56,retail
C03353,2026-03-09,26.12,retail
C03462,2026-03-09,29.72,retail
C03612,2026-03-09,83.15,retail
C03631,2026-03-09,65.97,retail
C03733,2026-03-09,49.4,retail
C03806,2026-03-09,94.13,retail
C03813,2026-03-09,33.27,retail
C03828,2026-03-09,16.16,retail
C03877,2026-03-09,42.3,retail
W003,2026-03-09,129.34,wholesale
W005,2026-03-09,178.85,wholesale
W015,2026-03-09,369.76,wholesale
W015,2026-03-09,266.66,wholesale
W016,2026-03-09,279.43,wholesale
W019,2026-03-09,169.53,wholesale
W022,2026-03-09,277.01,wholesale
C00024,2026-03-10,28.95,retail
C00032,2026-03-10,41.5,retail
C00051,2026-03-10,119.53,retail
C00077,2026-03-10,26.56,retail
C00108,2026-03-10,39.84,retail
C00177,2026-03-10,22.71,retail
C00263,2026-03-10,20.21,retail
C00301,2026-03-10,42.26,retail
C00313,2026-03-10,28.25,retail
C00403,2026-03-10,23.17,retail
C00884,2026-03-10,62.61,retail
C00924,2026-03-10,56.75,retail
C00983,2026-03-10,35.69,retail
C01067,2026-03-10,9.98,retail
C01125,2026-03-10,27.84,retail
C01249,2026-03-10,45.91,retail
C01332,2026-03-10,36.48,retail
C01358,2026-03-10,11.28,retail
C01362,2026-03-10,14.87,retail
C01440,2026-03-10,46.1,retail
C01500,2026-03-10,26.95,retail
C01519,2026-03-10,13.3,retail
C01611,2026-03-10,37.55,retail
C01717,2026-03-10,18.42,retail
C01788,2026-03-10,23.06,retail
C01827,2026-03-10,20.99,retail
C01840,2026-03-10,49.42,retail
C01855,2026-03-10,64.02,retail
C01972,2026-03-10,22.04,retail
C01978,2026-03-10,36.89,retail
C02092,2026-03-10,47.35,retail
C02240,2026-03-10,85.48,retail
C02462,2026-03-10,59.25,retail
C02470,2026-03-10,46.83,retail
C02492,2026-03-10,93.93,retail
C02493,2026-03-10,27.8,retail
C02638,2026-03-10,69.55,retail
C02643,2026-03-10,18.54,retail
C02655,2026-03-10,61.62,retail
C02672,2026-03-10,16.4,retail
C02858,2026-03-10,22.9,retail
C02878,2026-03-10,42.54,retail
C02889,2026-03-10,50.6,retail
C02919,2026-03-10,52.75,retail
C02953,2026-03-10,19.47,retail
C02959,2026-03-10,86.07,retail
C02978,2026-03-10,44.03,retail
C02989,2026-03-10,25.05,retail
C03002,2026-03-10,6.53,retail
C03116,2026-03-10,25.54,retail
C03339,2026-03-10,38.41,retail
C03360,2026-03-10,27.27,retail
C03478,2026-03-10,80.66,retail
C03587,2026-03-10,14.93,retail
C03823,2026-03-10,33.53,retail
C03900,2026-03-10,49.87,retail
C03911,2026-03-10,36.97,retail
C03972,2026-03-10,60.01,retail
W003,2026-03-10,158.52,wholesale
C00000,2026-03-11,26.27,retail
C00018,2026-03-11,35.87,retail
C00154,2026-03-11,22.6,retail
C00210,2026-03-11,57.98,retail
C00250,2026-03-11,41.01,retail
C00270,2026-03-11,64.81,retail
C00290,2026-03-11,54.72,retail
C00300,2026-03-11,19.76,retail
C00353,2026-03-11,59.35,retail
C00369,2026-03-11,22.79,retail
C00412,2026-03-11,31.77,retail
C00441,2026-03-11,9.37,retail
C00445,2026-03-11,24.05,retail
C00471,2026-03-11,37.28,retail
C00488,2026-03-11,44.31,retail
C00559,2026-03-11,30.3,retail
C00569,2026-03-11,52.45,retail
C00707,2026-03-11,31.24,retail
C00767,2026-03-11,70.1,retail
C00939,2026-03-11,15.64,retail
C01063,2026-03-11,30.83,retail
C01259,2026-03-11,74.2,retail
C01269,2026-03-11,89.42,retail
C01348,2026-03-11,46.94,retail
C01465,2026-03-11,39.61,retail
C01473,2026-03-11,67.84,retail
C01561,2026-03-11,36.1,retail
C01622,2026-03-11,32.7,retail
C01719,2026-03-11,37.69,retail
C01732,2026-03-11,39.74,retail
C01927,2026-03-11,71.78,retail
C01985,2026-03-11,52.02,retail
C02047,2026-03-11,33.34,retail
C02169,2026-03-11,14.84,retail
C02325,2026-03-11,28.34,retail
C02335,2026-03-11,15.99,retail
C02337,2026-03-11,59.17,retail
C02462,2026-03-11,34.85,retail
C02868,2026-03-11,59.63,retail
C02910,2026-03-11,24.82,retail
C03029,2026-03-11,19.24,retail
C03057,2026-03-11,19.57,retail
C03098,2026-03-11,47.07,retail
C03170,2026-03-11,50.74,retail
C03246,2026-03-11,36.27,retail
C03316,2026-03-11,26.65,retail
C03470,2026-03-11,69.35,retail
C03522,2026-03-11,36.01,retail
C03566,2026-03-11,19.32,retail
C03632,2026-03-11,23.56,retail
C03636,2026-03-11,23.31,retail
C03746,2026-03-11,34.23,retail
C03915,2026-03-11,50.27,retail
C03968,2026-03-11,23.39,retail
W004,2026-03-11,77.44,wholesale
W006,2026-03-11,321.5,wholesale
W008,2026-03-11,296.84,wholesale
W014,2026-03-11,171.91,wholesale
W014,2026-03-11,90.97,wholesale
W016,2026-03-11,421.41,wholesale
W016,2026-03-11,206.59,wholesale
C00007,2026-03-12,77.85,retail
C00027,2026-03-12,21.22,retail
C00157,2026-03-12,67.22,retail
C00258,2026-03-12,35.67,retail
C00271,2026-03-12,27.23,retail
C00357,2026-03-12,49.18,retail
C00527,2026-03-12,17.54,retail
C00625,2026-03-12,16.07,retail
C00649,2026-03-12,21.31,retail
C00664,2026-03-12,72.87,retail
C00687,2026-03-12,25.74,retail
C00750,2026-03-12,30.16,retail
C00755,2026-03-12,31.81,retail
C00803,2026-03-12,35.13,retail
C00869,2026-03-12,52.18,retail
C01042,2026-03-12,32.67,retail
C01245,2026-03-12,18.0,retail
C01251,2026-03-12,22.41,retail
C01261,2026-03-12,23.37,retail
C01294,2026-03-12,47.61,retail
C01314,2026-03-12,20.17,retail
C01345,2026-03-12,59.94,retail
C01364,2026-03-12,40.09,retail
C01383,2026-03-12,110.03,retail
C01446,2026-03-12,40.43,retail
C01455,2026-03-12,43.13,retail
C01509,2026-03-12,21.38,retail
C01589,2026-03-12,44.62,retail
C01596,2026-03-12,10.64,retail
C01679,2026-03-12,56.23,retail
C01773,2026-03-12,19.53,retail
C01788,2026-03-12,34.84,retail
C02006,2026-03-12,28.21,retail
C02068,2026-03-12,15.51,retail
C02319,2026-03-12,57.49,retail
C02363,2026-03-12,17.86,retail
C02400,2026-03-12,14.9,retail
C02541,2026-03-12,31.25,retail
C02585,2026-03-12,58.91,retail
C02675,2026-03-12,52.43,retail
C02711,2026-03-12,25.56,retail
C02820,2026-03-12,74.53,retail
C02864,2026-03-12,18.09,retail
C02928,2026-03-12,17.49,retail
C02965,2026-03-12,32.26,retail
C03019,2026-03-12,34.33,retail
C03065,2026-03-12,27.6,retail
C03188,2026-03-12,19.83,retail
C03226,2026-03-12,21.14,retail
C03265,2026-03-12,36.15,retail
C03428,2026-03-12,55.08,retail
C03599,2026-03-12,30.52,retail
C03660,2026-03-12,30.14,retail
C03666,2026-03-12,34.03,retail
C03842,2026-03-12,99.69,retail
C03905,2026-03-12,87.45,retail
C03961,2026-03-12,27.49,retail
C03974,2026-03-12,67.05,retail
W000,2026-03-12,326.52,wholesale
W007,2026-03-12,368.92,wholesale
W020,2026-03-12,233.26,wholesale
W021,2026-03-12,234.88,wholesale
W028,2026-03-12,281.86,wholesale
C00045,2026-03-13,40.58,retail
C00063,2026-03-13,28.5,retail
C00190,2026-03-13,58.27,retail
C00198,2026-03-13,51.65,retail
C00410,2026-03-13,36.36,retail
C00426,2026-03-13,28.65,retail
C00460,2026-03-13,63.96,retail
C00535,2026-03-13,20.55,retail
C00583,2026-03-13,16.5,retail
C00688,2026-03-13,90.18,retail
C00794,2026-03-13,54.12,retail
C00893,2026-03-13,35.41,retail
C00942,2026-03-13,46.36,retail
C00978,2026-03-13,45.09,retail
C00986,2026-03-13,26.26,retail
C01096,2026-03-13,41.39,retail
C01165,2026-03-13,60.74,retail
C01198,2026-03-13,16.43,retail
C01239,2026-03-13,21.44,retail
C01323,2026-03-13,47.74,retail
C01424,2026-03-13,69.59,retail
C01436,2026-03-13,13.42,retail
C01526,2026-03-13,70.73,retail
C01715,2026-03-13,31.41,retail
C01825,2026-03-13,43.08,retail
C01925,2026-03-13,26.48,retail
C01942,2026-03-13,53.77,retail
C02015,2026-03-13,39.77,retail
C02103,2026-03-13,36.52,retail
C02261,2026-03-13,12.59,retail
C02273,2026-03-13,32.01,retail
C02325,2026-03-13,39.42,retail
C02397,2026-03-13,37.65,retail
C02418,2026-03-13,30.54,retail
C02540,2026-03-13,38.9,retail
C02564,2026-03-13,27.0,retail
C02569,2026-03-13,55.93,retail
C02597,2026-03-13,29.66,retail
C02601,2026-03-13,30.11,retail
C02831,2026-03-13,14.31,retail
C02869,2026-03-13,28.13,retail
C02960,2026-03-13,114.55,retail
C03012,2026-03-13,75.79,retail
C03014,2026-03-13,22.8,retail
C03260,2026-03-13,61.33,retail
C03372,2026-03-13,33.64,retail
C03386,2026-03-13,47.38,retail
C03424,2026-03-13,93.73,retail
C03447,2026-03-13,84.58,retail
C03458,2026-03-13,25.32,retail
C03541,2026-03-13,30.26,retail
C03573,2026-03-13,25.77,retail
W002,2026-03-13,264.4,wholesale
W005,2026-03-13,161.39,wholesale
W009,2026-03-13,372.96,wholesale
W010,2026-03-13,368.89,wholesale
C00071,2026-03-14,20.47,retail
C00081,2026-03-14,24.72,retail
C00157,2026-03-14,31.74,retail
C00190,2026-03-14,12.27,retail
C00244,2026-03-14,40.16,retail
C00261,2026-03-14,24.74,retail
C00267,2026-03-14,48.3,retail
C00302,2026-03-14,17.74,retail
C00361,2026-03-14,38.84,retail
C00413,2026-03-14,63.37,retail
C00496,2026-03-14,19.72,retail
C00514,2026-03-14,25.74,retail
C00568,2026-03-14,62.88,retail
C00570,2026-03-14,46.15,retail
C00699,2026-03-14,40.97,retail
C00734,2026-03-14,23.58,retail
C00753,2026-03-14,26.03,retail
C00818,2026-03-14,84.77,retail
C00862,2026-03-14,60.76,retail
C00962,2026-03-14,44.1,retail
C01071,2026-03-14,46.7,retail
C01186,2026-03-14,28.57,retail
C01210,2026-03-14,53.74,retail
C01267,2026-03-14,33.54,retail
C01268,2026-03-14,10.15,retail
C01347,2026-03-14,38.18,retail
C01364,2026-03-14,56.89,retail
C01583,2026-03-14,29.5,retail
C01589,2026-03-14,14.22,retail
C01667,2026-03-14,41.13,retail
C01731,2026-03-14,34.13,retail
C01767,2026-03-14,43.86,retail
C01807,2026-03-14,9.03,retail
C01843,2026-03-14,5.43,retail
C01850,2026-03-14,24.85,retail
C01857,2026-03-14,24.58,retail
C01925,2026-03-14,33.34,retail
C02164,2026-03-14,21.41,retail
C02208,2026-03-14,37.41,retail
C02442,2026-03-14,50.58,retail
C02589,2026-03-14,27.12,retail
C02605,2026-03-14,72.68,retail
C02620,2026-03-14,18.25,retail
C02784,2026-03-14,29.07,retail
C03166,2026-03-14,49.87,retail
C03229,2026-03-14,56.99,retail
C03286,2026-03-14,31.13,retail
C03358,2026-03-14,16.46,retail
C03365,2026-03-14,25.04,retail
C03401,2026-03-14,60.6,retail
C03420,2026-03-14,62.62,retail
C03475,2026-03-14,31.22,retail
C03488,2026-03-14,17.69,retail
C03739,2026-03-14,67.31,retail
C03839,2026-03-14,55.87,retail
C03967,2026-03-14,29.62,retail
W005,2026-03-14,174.24,wholesale
W013,2026-03-14,297.9,wholesale
W013,2026-03-14,175.04,wholesale
W017,2026-03-14,339.76,wholesale
W020,2026-03-14,125.2,wholesale
C00009,2026-03-15,72.64,retail
C00120,2026-03-15,41.49,retail
C00184,2026-03-15,58.36,retail
C00212,2026-03-15,23.28,retail
C00540,2026-03-15,70.05,retail
C00618,2026-03-15,40.64,retail
C00640,2026-03-15,22.36,retail
C00650,2026-03-15,29.78,retail
C00658,2026-03-15,24.18,retail
C00733,2026-03-15,25.03,retail
C00739,2026-03-15,37.7,retail
C00756,2026-03-15,30.76,retail
C00773,2026-03-15,57.03,retail
C00883,2026-03-15,21.49,retail
C01044,2026-03-15,31.33,retail
C01059,2026-03-15,25.37,retail
C01128,2026-03-15,40.46,retail
C01251,2026-03-15,41.56,retail
C01274,2026-03-15,19.23,retail
C01532,2026-03-15,44.58,retail
C01603,2026-03-15,18.79,retail
C01608,2026-03-15,23.24,retail
C01608,2026-03-15,13.98,retail
C01696,2026-03-15,44.3,retail
C01714,2026-03-15,21.17,retail
C01786,2026-03-15,59.24,retail
C01786,2026-03-15,59.91,retail
C01896,2026-03-15,44.9,retail
C01904,2026-03-15,30.35,retail
C01992,2026-03-15,57.36,retail
C02114,2026-03-15,61.24,retail
C02310,2026-03-15,15.26,retail
C02377,2026-03-15,29.96,retail
C02387,2026-03-15,49.55,retail
C02401,2026-03-15,85.07,retail
C02493,2026-03-15,28.84,retail
C02561,2026-03-15,38.76,retail
C02564,2026-03-15,19.23,retail
C02633,2026-03-15,20.42,retail
C02669,2026-03-15,35.89,retail
C02754,2026-03-15,30.33,retail
C02773,2026-03-15,45.16,retail
C02822,2026-03-15,39.02,retail
C02872,2026-03-15,47.06,retail
C02913,2026-03-15,75.0,retail
C02967,2026-03-15,58.28,retail
C03099,2026-03-15,38.58,retail
C03150,2026-03-15,50.26,retail
C03212,2026-03-15,32.59,retail
C03248,2026-03-15,27.17,retail
C03328,2026-03-15,41.26,retail
C03503,2026-03-15,16.69,retail
C03765,2026-03-15,23.5,retail
C03828,2026-03-15,32.33,retail
C03871,2026-03-15,32.23,retail
C03970,2026-03-15,33.42,retail
C03972,2026-03-15,34.21,retail
C03977,2026-03-15,32.43,retail
W000,2026-03-15,423.68,wholesale
W006,2026-03-15,200.12,wholesale
W012,2026-03-15,371.34,wholesale
W015,2026-03-15,190.68,wholesale
C00021,2026-03-16,36.62,retail
C00146,2026-03-16,31.25,retail
C00209,2026-03-16,26.82,retail
C00312,2026-03-16,40.75,retail
C00338,2026-03-16,28.23,retail
C00574,2026-03-16,21.28,retail
C00599,2026-03-16,32.01,retail
C00665,2026-03-16,29.34,retail
C00671,2026-03-16,37.93,retail
C00774,2026-03-16,35.53,retail
C00988,2026-03-16,58.17,retail
C01010,2026-03-16,27.87,retail
C01065,2026-03-16,54.07,retail
C01246,2026-03-16,25.16,retail
C01299,2026-03-16,79.99,retail
C01322,2026-03-16,35.83,retail
C01401,2026-03-16,51.82,retail
C01440,2026-03-16,26.88,retail
C01526,2026-03-16,43.48,retail
C01537,2026-03-16,35.3,retail
C01638,2026-03-16,33.57,retail
C01647,2026-03-16,21.65,retail
C01673,2026-03-16,78.85,retail
C01801,2026-03-16,26.31,retail
C01971,2026-03-16,29.58,retail
C01999,2026-03-16,37.52,retail
C02005,2026-03-16,16.87,retail
C02138,2026-03-16,33.71,retail
C02184,2026-03-16,12.31,retail
C02190,2026-03-16,37.63,retail
C02257,2026-03-16,20.8,retail
C02335,2026-03-16,38.89,retail
C02530,2026-03-16,21.85,retail
C02560,2026-03-16,18.72,retail
C02798,2026-03-16,25.61,retail
C02854,2026-03-16,24.63,retail
C02871,2026-03-16,45.11,retail
C02894,2026-03-16,22.31,retail
C03037,2026-03-16,36.38,retail
C03045,2026-03-16,43.18,retail
C03148,2026-03-16,68.37,retail
C03163,2026-03-16,34.66,retail
C03250,2026-03-16,46.39,retail
C03361,2026-03-16,26.18,retail
C03362,2026-03-16,27.24,retail
C03528,2026-03-16,47.0,retail
C03594,2026-03-16,20.94,retail
C03602,2026-03-16,60.41,retail
C03646,2026-03-16,39.81,retail
C03672,2026-03-16,31.19,retail
C03702,2026-03-16,61.62,retail
C03717,2026-03-16,131.08,retail
C03720,2026-03-16,53.36,retail
C03751,2026-03-16,49.25,retail
C03768,2026-03-16,7.24,retail
C03769,2026-03-16,24.22,retail
C03771,2026-03-16,56.72,retail
C03798,2026-03-16,12.18,retail
C03852,2026-03-16,59.88,retail
C03906,2026-03-16,42.56,retail
C03908,2026-03-16,19.48,retail
C03934,2026-03-16,28.27,retail
W002,2026-03-16,214.48,wholesale
W006,2026-03-16,334.89,wholesale
W027,2026-03-16,185.7,wholesale
C00183,2026-03-17,30.89,retail
C00233,2026-03-17,36.36,retail
C00276,2026-03-17,19.56,retail
C00380,2026-03-17,27.23,retail
C00531,2026-03-17,16.76,retail
C00828,2026-03-17,33.03,retail
C00839,2026-03-17,27.34,retail
C00868,2026-03-17,24.06,retail
C00905,2026-03-17,20.57,retail
C00906,2026-03-17,47.46,retail
C00914,2026-03-17,16.32,retail
C00950,2026-03-17,36.13,retail
C01020,2026-03-17,13.32,retail
C01101,2026-03-17,29.59,retail
C01113,2026-03-17,35.56,retail
C01261,2026-03-17,28.57,retail
C01345,2026-03-17,50.55,retail
C01390,2026-03-17,54.57,retail
C01392,2026-03-17,33.34,retail
C01400,2026-03-17,81.34,retail
C01437,2026-03-17,59.38,retail
C01560,2026-03-17,25.9,retail
C01959,2026-03-17,51.35,retail
C02004,2026-03-17,17.32,retail
C02139,2026-03-17,12.14,retail
C02274,2026-03-17,28.13,retail
C02307,2026-03-17,28.88,retail
C02407,2026-03-17,21.62,retail
C02416,2026-03-17,49.17,retail
C02481,2026-03-17,28.2,retail
C02633,2026-03-17,38.2,retail
C02685,2026-03-17,27.51,retail
C02692,2026-03-17,48.77,retail
C02827,2026-03-17,106.13,retail
C02858,2026-03-17,40.58,retail
C02898,2026-03-17,10.41,retail
C02938,2026-03-17,69.42,retail
C03018,2026-03-17,11.81,retail
C03077,2026-03-17,30.2,retail
C03092,2026-03-17,13.64,retail
C03144,2026-03-17,31.63,retail
C03235,2026-03-17,51.55,retail
C03285,2026-03-17,51.44,retail
C03355,2026-03-17,48.41,retail
C03538,2026-03-17,33.43,retail
C03830,2026-03-17,48.49,retail
C03988,2026-03-17,12.37,retail
W026,2026-03-17,169.83,wholesale
W028,2026-03-17,86.13,wholesale
W028,2026-03-17,345.21,wholesale
C00052,2026-03-18,63.92,retail
C00098,2026-03-18,77.81,retail
C00144,2026-03-18,32.8,retail
C00180,2026-03-18,45.32,retail
C00223,2026-03-18,29.18,retail
C00262,2026-03-18,56.13,retail
C00320,2026-03-18,77.12,retail
C00376,2026-03-18,28.28,retail
C00575,2026-03-18,34.96,retail
C00581,2026-03-18,31.72,retail
C00734,2026-03-18,19.73,retail
C00959,2026-03-18,21.23,retail
C00986,2026-03-18,66.08,retail
C01105,2026-03-18,24.93,retail
C01189,2026-03-18,23.99,retail
C01237,2026-03-18,29.72,retail
C01259,2026-03-18,8.82,retail
C01277,2026-03-18,47.05,retail
C01303,2026-03-18,16.6,retail
C01483,2026-03-18,11.54,retail
C01523,2026-03-18,15.11,retail
C01545,2026-03-18,63.39,retail
C01570,2026-03-18,12.95,retail
C01602,2026-03-18,12.09,retail
C01649,2026-03-18,44.53,retail
C01761,2026-03-18,37.68,retail
C01817,2026-03-18,78.63,retail
C01887,2026-03-18,96.43,retail
C01913,2026-03-18,94.48,retail
C02009,2026-03-18,62.16,retail
C02024,2026-03-18,16.43,retail
C02052,2026-03-18,41.76,retail
C02108,2026-03-18,38.53,retail
C02177,2026-03-18,46.78,retail
C02229,2026-03-18,70.01,retail
C02231,2026-03-18,17.86,retail
C02254,2026-03-18,9.79,retail
C02286,2026-03-18,65.1,retail
C02295,2026-03-18,47.33,retail
C02313,2026-03-18,21.68,retail
C02351,2026-03-18,82.35,retail
C02360,2026-03-18,31.98,retail
C02603,2026-03-18,37.11,retail
C02690,2026-03-18,10.78,retail
C02710,2026-03-18,57.5,retail
C03269,2026-03-18,129.94,retail
C03306,2026-03-18,44.95,retail
C03316,2026-03-18,52.9,retail
C03424,2026-03-18,52.92,retail
C03506,2026-03-18,43.87,retail
C03543,2026-03-18,20.7,retail
C03594,2026-03-18,81.18,retail
C03746,2026-03-18,52.63,retail
C03780,2026-03-18,11.52,retail
C03950,2026-03-18,90.67,retail
C03967,2026-03-18,30.1,retail
C03996,2026-03-18,41.55,retail
W001,2026-03-18,163.46,wholesale
W002,2026-03-18,208.64,wholesale
W003,2026-03-18,170.23,wholesale
W008,2026-03-18,218.31,wholesale
W019,2026-03-18,375.77,wholesale
W022,2026-03-18,277.28,wholesale
W027,2026-03-18,274.84,wholesale
C00041,2026-03-19,35.41,retail
C00145,2026-03-19,49.5,retail
C00151,2026-03-19,32.71,retail
C00180,2026-03-19,41.52,retail
C00241,2026-03-19,56.11,retail
C00351,2026-03-19,57.2,retail
C00403,2026-03-19,65.62,retail
C00460,2026-03-19,38.09,retail
C00521,2026-03-19,37.8,retail
C00586,2026-03-19,24.07,retail
C00854,2026-03-19,12.18,retail
C00862,2026-03-19,36.51,retail
C00870,2026-03-19,55.09,retail
C00982,2026-03-19,128.95,retail
C01077,2026-03-19,79.23,retail
C01170,2026-03-19,17.18,retail
C01205,2026-03-19,51.73,retail
C01214,2026-03-19,43.5,retail
C01284,2026-03-19,32.92,retail
C01432,2026-03-19,27.27,retail
C01592,2026-03-19,21.09,retail
C01593,2026-03-19,16.59,retail
C01630,2026-03-19,40.72,retail
C01913,2026-03-19,15.85,retail
C02188,2026-03-19,34.49,retail
C02213,2026-03-19,36.61,retail
C02218,2026-03-19,23.03,retail
C02331,2026-03-19,21.1,retail
C02410,2026-03-19,44.88,retail
C02427,2026-03-19,61.76,retail
C02539,2026-03-19,49.13,retail
C02606,2026-03-19,14.01,retail
C02612,2026-03-19,21.03,retail
C02621,2026-03-19,24.25,retail
C02710,2026-03-19,33.07,retail
C02808,2026-03-19,20.33,retail
C02880,2026-03-19,43.17,retail
C02890,2026-03-19,24.99,retail
C03004,2026-03-19,35.95,retail
C03152,2026-03-19,85.17,retail
C03252,2026-03-19,18.33,retail
C03254,2026-03-19,29.53,retail
C03545,2026-03-19,35.06,retail
C03587,2026-03-19,71.22,retail
C03591,2026-03-19,25.19,retail
C03599,2026-03-19,50.3,retail
C03686,2026-03-19,16.07,retail
C03711,2026-03-19,31.32,retail
C03876,2026-03-19,59.39,retail
C03949,2026-03-19,49.64,retail
C03974,2026-03-19,37.47,retail
W002,2026-03-19,148.95,wholesale
W012,2026-03-19,159.05,wholesale
W013,2026-03-19,164.66,wholesale
W019,2026-03-19,129.56,wholesale
C00013,2026-03-20,40.97,retail
C00106,2026-03-20,30.07,retail
C00127,2026-03-20,26.34,retail
C00230,2026-03-20,23.26,retail
C00250,2026-03-20,22.21,retail
C00326,2026-03-20,61.99,retail
C00384,2026-03-20,38.8,retail
C00521,2026-03-20,15.91,retail
C00711,2026-03-20,30.36,retail
C00944,2026-03-20,53.56,retail
C00950,2026-03-20,13.47,retail
C00963,2026-03-20,91.13,retail
C01071,2026-03-20,22.51,retail
C01148,2026-03-20,48.07,retail
C01249,2026-03-20,23.95,retail
C01305,2026-03-20,57.3,retail
C01412,2026-03-20,36.45,retail
C01484,2026-03-20,11.26,retail
C01554,2026-03-20,27.39,retail
C01609,2026-03-20,63.95,retail
C01613,2026-03-20,49.22,retail
C01703,2026-03-20,60.57,retail
C01722,2026-03-20,13.77,retail
C01857,2026-03-20,22.57,retail
C01877,2026-03-20,56.92,retail
C01956,2026-03-20,29.58,retail
C02105,2026-03-20,21.1,retail
C02153,2026-03-20,30.87,retail
C02270,2026-03-20,18.2,retail
C02290,2026-03-20,49.56,retail
C02343,2026-03-20,52.17,retail
C02370,2026-03-20,57.32,retail
C02408,2026-03-20,22.33,retail
C02539,2026-03-20,14.99,retail
C02548,2026-03-20,7.43,retail
C02705,2026-03-20,23.65,retail
C02712,2026-03-20,37.39,retail
C02910,2026-03-20,43.17,retail
C03184,2026-03-20,17.82,retail
C03206,2026-03-20,172.62,retail
C03213,2026-03-20,70.11,retail
C03226,2026-03-20,11.45,retail
C03251,2026-03-20,93.85,retail
C03292,2026-03-20,47.4,retail
C03315,2026-03-20,58.23,retail
C03468,2026-03-20,13.53,retail
C03588,2026-03-20,29.77,retail
C03589,2026-03-20,46.12,retail
C03635,2026-03-20,31.48,retail
C03686,2026-03-20,14.29,retail
C03710,2026-03-20,32.44,retail
C03734,2026-03-20,36.26,retail
C03771,2026-03-20,23.3,retail
C03867,2026-03-20,23.46,retail
C03910,2026-03-20,26.49,retail
C03910,2026-03-20,42.55,retail
W004,2026-03-20,86.14,wholesale
W006,2026-03-20,609.33,wholesale
W011,2026-03-20,314.4,wholesale
W015,2026-03-20,216.36,wholesale
C00009,2026-03-21,60.43,retail
C00017,2026-03-21,55.39,retail
C00053,2026-03-21,37.21,retail
C00096,2026-03-21,36.24,retail
C00102,2026-03-21,53.15,retail
C00127,2026-03-21,143.29,retail
C00188,2026-03-21,26.43,retail
C00192,2026-03-21,86.18,retail
C00231,2026-03-21,24.9,retail
C00256,2026-03-21,9.11,retail
C00289,2026-03-21,27.38,retail
C00313,2026-03-21,25.99,retail
C00394,2026-03-21,32.2,retail
C00430,2026-03-21,78.99,retail
C00467,2026-03-21,14.41,retail
C00706,2026-03-21,39.76,retail
C00707,2026-03-21,67.44,retail
C00711,2026-03-21,19.96,retail
C00886,2026-03-21,79.37,retail
C01222,2026-03-21,56.79,retail
C01295,2026-03-21,22.19,retail
C01307,2026-03-21,30.67,retail
C01367,2026-03-21,23.96,retail
C01553,2026-03-21,89.82,retail
C01583,2026-03-21,20.84,retail
C01765,2026-03-21,20.46,retail
C01831,2026-03-21,39.44,retail
C02222,2026-03-21,13.04,retail
C02298,2026-03-21,41.58,retail
C02342,2026-03-21,40.2,retail
C02375,2026-03-21,17.44,retail
C02408,2026-03-21,28.96,retail
C02568,2026-03-21,42.96,retail
C02591,2026-03-21,36.39,retail
C02789,2026-03-21,89.63,retail
C02806,2026-03-21,52.67,retail
C02954,2026-03-21,34.62,retail
C02963,2026-03-21,45.19,retail
C02975,2026-03-21,31.44,retail
C02981,2026-03-21,46.09,retail
C02982,2026-03-21,36.95,retail
C03092,2026-03-21,21.99,retail
C03108,2026-03-21,23.82,retail
C03314,2026-03-21,72.93,retail
C03377,2026-03-21,27.72,retail
C03501,2026-03-21,36.76,retail
C03673,2026-03-21,43.17,retail
C03690,2026-03-21,33.94,retail
C03758,2026-03-21,38.65,retail
C03992,2026-03-21,36.67,retail
W009,2026-03-21,420.36,wholesale
W018,2026-03-21,346.43,wholesale
W024,2026-03-21,309.26,wholesale
W026,2026-03-21,189.6,wholesale
C00188,2026-03-22,14.85,retail
C00203,2026-03-22,26.98,retail
C00241,2026-03-22,26.77,retail
C00254,2026-03-22,12.57,retail
C00323,2026-03-22,35.84,retail
C00418,2026-03-22,44.21,retail
C00429,2026-03-22,21.16,retail
C00441,2026-03-22,23.01,retail
C00514,2026-03-22,13.03,retail
C00570,2026-03-22,43.2,retail
C00605,2026-03-22,60.16,retail
C00608,2026-03-22,15.27,retail
C00691,2026-03-22,39.89,retail
C00767,2026-03-22,42.52,retail
C00787,2026-03-22,28.18,retail
C00806,2026-03-22,31.92,retail
C00940,2026-03-22,26.78,retail
C00941,2026-03-22,29.44,retail
C01103,2026-03-22,33.5,retail
C01193,2026-03-22,26.15,retail
C01271,2026-03-22,35.83,retail
C01408,2026-03-22,35.75,retail
C01416,2026-03-22,48.05,retail
C01511,2026-03-22,27.11,retail
C01581,2026-03-22,29.31,retail
C01660,2026-03-22,74.96,retail
C01731,2026-03-22,15.0,retail
C01832,2026-03-22,28.15,retail
C01898,2026-03-22,31.17,retail
C01904,2026-03-22,15.61,retail
C01981,2026-03-22,51.48,retail
C02002,2026-03-22,84.35,retail
C02118,2026-03-22,22.04,retail
C02263,2026-03-22,65.83,retail
C02283,2026-03-22,89.36,retail
C02373,2026-03-22,34.6,retail
C02403,2026-03-22,15.33,retail
C02403,2026-03-22,142.56,retail
C02483,2026-03-22,45.19,retail
C02567,2026-03-22,69.53,retail
C02848,2026-03-22,44.16,retail
C02897,2026-03-22,53.11,retail
C02921,2026-03-22,13.7,retail
C02978,2026-03-22,60.29,retail
C02979,2026-03-22,40.5,retail
C02987,2026-03-22,42.97,retail
C03042,2026-03-22,33.23,retail
C03098,2026-03-22,94.09,retail
C03106,2026-03-22,82.77,retail
C03108,2026-03-22,82.83,retail
C03154,2026-03-22,25.21,retail
C03184,2026-03-22,26.37,retail
C03280,2026-03-22,50.93,retail
C03368,2026-03-22,43.58,retail
C03404,2026-03-22,40.57,retail
C03418,2026-03-22,35.94,retail
C03451,2026-03-22,34.08,retail
C03603,2026-03-22,9.42,retail
C03673,2026-03-22,20.7,retail
C03713,2026-03-22,57.23,retail
C03949,2026-03-22,14.9,retail
C03975,2026-03-22,19.29,retail
W000,2026-03-22,217.06,wholesale
W005,2026-03-22,170.57,wholesale
W023,2026-03-22,168.95,wholesale
W026,2026-03-22,117.79,wholesale
C00132,2026-03-23,41.6,retail
C00210,2026-03-23,52.6,retail
C00237,2026-03-23,89.61,retail
C00262,2026-03-23,25.26,retail
C00267,2026-03-23,46.04,retail
C00317,2026-03-23,28.29,retail
C00479,2026-03-23,78.88,retail
C00527,2026-03-23,27.38,retail
C00678,2026-03-23,51.8,retail
C00746,2026-03-23,46.82,retail
C00966,2026-03-23,22.19,retail
C00994,2026-03-23,50.4,retail
C01039,2026-03-23,53.66,retail
C01044,2026-03-23,17.23,retail
C01060,2026-03-23,55.69,retail
C01094,2026-03-23,39.88,retail
C01207,2026-03-23,20.87,retail
C01239,2026-03-23,31.72,retail
C01408,2026-03-23,33.53,retail
C01411,2026-03-23,20.61,retail
C01486,2026-03-23,28.64,retail
C01640,2026-03-23,34.41,retail
C01673,2026-03-23,67.04,retail
C01696,2026-03-23,25.88,retail
C01799,2026-03-23,35.13,retail
C02011,2026-03-23,67.11,retail
C02014,2026-03-23,102.03,retail
C02028,2026-03-23,44.72,retail
C02140,2026-03-23,36.39,retail
C02152,2026-03-23,105.63,retail
C02242,2026-03-23,155.02,retail
C02287,2026-03-23,34.93,retail
C02316,2026-03-23,16.76,retail
C02393,2026-03-23,15.69,retail
C02468,2026-03-23,25.73,retail
C02639,2026-03-23,18.99,retail
C02643,2026-03-23,30.56,retail
C02677,2026-03-23,26.56,retail
C02984,2026-03-23,36.7,retail
C03072,2026-03-23,30.37,retail
C03125,2026-03-23,34.96,retail
C03305,2026-03-23,70.13,retail
C03324,2026-03-23,36.15,retail
C03430,2026-03-23,53.52,retail
C03495,2026-03-23,12.64,retail
C03573,2026-03-23,24.23,retail
C03583,2026-03-23,48.04,retail
C03831,2026-03-23,13.98,retail
C03917,2026-03-23,62.34,retail
W010,2026-03-23,203.77,wholesale
W029,2026-03-23,138.17,wholesale
C00008,2026-03-24,34.04,retail
C00026,2026-03-24,19.73,retail
C00038,2026-03-24,90.1,retail
C00124,2026-03-24,36.63,retail
C00142,2026-03-24,39.5,retail
C00146,2026-03-24,21.25,retail
C00298,2026-03-24,16.81,retail
C00345,2026-03-24,30.37,retail
C00453,2026-03-24,74.32,retail
C00548,2026-03-24,49.86,retail
C00569,2026-03-24,43.39,retail
C00778,2026-03-24,64.28,retail
C00778,2026-03-24,36.65,retail
C00844,2026-03-24,55.63,retail
C00851,2026-03-24,25.18,retail
C00854,2026-03-24,15.63,retail
C01063,2026-03-24,59.19,retail
C01085,2026-03-24,37.79,retail
C01132,2026-03-24,29.76,retail
C01153,2026-03-24,29.78,retail
C01173,2026-03-24,66.77,retail
C01185,2026-03-24,66.66,retail
C01338,2026-03-24,42.51,retail
C01349,2026-03-24,57.22,retail
C01358,2026-03-24,12.41,retail
C01370,2026-03-24,43.42,retail
C01396,2026-03-24,26.39,retail
C01555,2026-03-24,44.18,retail
C01613,2026-03-24,95.0,retail
C01630,2026-03-24,27.07,retail
C01848,2026-03-24,62.69,retail
C01863,2026-03-24,30.8,retail
C02086,2026-03-24,92.06,retail
C02140,2026-03-24,37.64,retail
C02218,2026-03-24,36.13,retail
C02230,2026-03-24,36.36,retail
C02334,2026-03-24,49.68,retail
C02337,2026-03-24,24.47,retail
C02524,2026-03-24,97.32,retail
C02660,2026-03-24,36.29,retail
C02790,2026-03-24,59.26,retail
C02850,2026-03-24,38.44,retail
C02919,2026-03-24,36.97,retail
C03091,2026-03-24,45.37,retail
C03176,2026-03-24,42.88,retail
C03270,2026-03-24,54.89,retail
C03306,2026-03-24,70.03,retail
C03359,2026-03-24,29.9,retail
C03382,2026-03-24,40.5,retail
C03392,2026-03-24,22.39,retail
C03401,2026-03-24,44.19,retail
C03462,2026-03-24,100.33,retail
C03502,2026-03-24,48.52,retail
C03562,2026-03-24,27.86,retail
C03654,2026-03-24,76.03,retail
C03724,2026-03-24,35.02,retail
C03743,2026-03-24,13.77,retail
C03852,2026-03-24,47.88,retail
C03922,2026-03-24,27.16,retail
W014,2026-03-24,319.92,wholesale
C00173,2026-03-25,33.49,retail
C00245,2026-03-25,28.41,retail
C00621,2026-03-25,71.08,retail
C00640,2026-03-25,27.48,retail
C00750,2026-03-25,22.57,retail
C00853,2026-03-25,28.59,retail
C00868,2026-03-25,17.59,retail
C00882,2026-03-25,21.25,retail
C00890,2026-03-25,31.48,retail
C00930,2026-03-25,42.97,retail
C01094,2026-03-25,28.99,retail
C01153,2026-03-25,46.46,retail
C01182,2026-03-25,16.61,retail
C01294,2026-03-25,21.02,retail
C01333,2026-03-25,12.69,retail
C01404,2026-03-25,23.77,retail
C01498,2026-03-25,38.69,retail
C01550,2026-03-25,15.18,retail
C01550,2026-03-25,41.98,retail
C01655,2026-03-25,72.03,retail
C01671,2026-03-25,18.7,retail
C01687,2026-03-25,13.16,retail
C01717,2026-03-25,25.38,retail
C01724,2026-03-25,46.41,retail
C01763,2026-03-25,19.38,retail
C01777,2026-03-25,40.49,retail
C01834,2026-03-25,74.67,retail
C01941,2026-03-25,26.26,retail
C01987,2026-03-25,63.13,retail
C02136,2026-03-25,69.82,retail
C02174,2026-03-25,50.57,retail
C02184,2026-03-25,18.37,retail
C02286,2026-03-25,43.09,retail
C02289,2026-03-25,22.88,retail
C02317,2026-03-25,41.74,retail
C02334,2026-03-25,14.6,retail
C02342,2026-03-25,39.09,retail
C02485,2026-03-25,34.03,retail
C02509,2026-03-25,41.04,retail
C02523,2026-03-25,41.94,retail
C02607,2026-03-25,56.15,retail
C02726,2026-03-25,22.94,retail
C02728,2026-03-25,44.93,retail
C02729,2026-03-25,13.66,retail
C02867,2026-03-25,48.43,retail
C02869,2026-03-25,24.94,retail
C02937,2026-03-25,99.69,retail
C03056,2026-03-25,34.2,retail
C03138,2026-03-25,155.92,retail
C03191,2026-03-25,52.18,retail
C03218,2026-03-25,18.7,retail
C03260,2026-03-25,32.93,retail
C03331,2026-03-25,23.67,retail
C03342,2026-03-25,23.64,retail
C03359,2026-03-25,49.38,retail
C03362,2026-03-25,19.66,retail
C03375,2026-03-25,20.92,retail
C03403,2026-03-25,16.66,retail
C03491,2026-03-25,52.45,retail
C03601,2026-03-25,30.88,retail
C03813,2026-03-25,19.24,retail
C03851,2026-03-25,35.1,retail
C03957,2026-03-25,46.47,retail
W004,2026-03-25,196.06,wholesale
W007,2026-03-25,174.46,wholesale
W010,2026-03-25,517.29,wholesale
W012,2026-03-25,99.31,wholesale
W020,2026-03-25,279.14,wholesale
W028,2026-03-25,351.96,wholesale
C00004,2026-03-26,45.35,retail
C00082,2026-03-26,104.44,retail
C00120,2026-03-26,55.45,retail
C00234,2026-03-26,54.71,retail
C00343,2026-03-26,42.75,retail
C00371,2026-03-26,40.46,retail
C00577,2026-03-26,74.06,retail
C00624,2026-03-26,53.67,retail
C00746,2026-03-26,73.52,retail
C00768,2026-03-26,28.75,retail
C00784,2026-03-26,64.34,retail
C00952,2026-03-26,48.26,retail
C00970,2026-03-26,13.76,retail
C01080,2026-03-26,19.65,retail
C01233,2026-03-26,38.9,retail
C01397,2026-03-26,26.25,retail
C01437,2026-03-26,28.0,retail
C01511,2026-03-26,10.3,retail
C01646,2026-03-26,29.73,retail
C01659,2026-03-26,108.91,retail
C01761,2026-03-26,50.85,retail
C01790,2026-03-26,42.96,retail
C01927,2026-03-26,71.25,retail
C01928,2026-03-26,82.67,retail
C01940,2026-03-26,31.67,retail
C02093,2026-03-26,34.43,retail
C02195,2026-03-26,103.43,retail
C02233,2026-03-26,53.58,retail
C02523,2026-03-26,40.85,retail
C02530,2026-03-26,24.38,retail
C02555,2026-03-26,62.84,retail
C02556,2026-03-26,38.51,retail
C02630,2026-03-26,26.75,retail
C02645,2026-03-26,57.6,retail
C02712,2026-03-26,28.73,retail
C02730,2026-03-26,46.36,retail
C02737,2026-03-26,26.87,retail
C02746,2026-03-26,33.59,retail
C02773,2026-03-26,14.45,retail
C02777,2026-03-26,92.28,retail
C02806,2026-03-26,25.7,retail
C02864,2026-03-26,44.12,retail
C03054,2026-03-26,90.54,retail
C03160,2026-03-26,26.18,retail
C03171,2026-03-26,55.44,retail
C03231,2026-03-26,34.91,retail
C03270,2026-03-26,41.57,retail
C03307,2026-03-26,23.55,retail
C03312,2026-03-26,19.15,retail
C03320,2026-03-26,17.93,retail
C03333,2026-03-26,34.72,retail
C03420,2026-03-26,40.9,retail
C03793,2026-03-26,26.62,retail
C03845,2026-03-26,36.47,retail
C03929,2026-03-26,37.04,retail
C03940,2026-03-26,27.25,retail
C03966,2026-03-26,25.3,retail
W007,2026-03-26,230.42,wholesale
W011,2026-03-26,301.25,wholesale
W019,2026-03-26,129.42,wholesale
W019,2026-03-26,315.31,wholesale
W026,2026-03-26,165.45,wholesale
W027,2026-03-26,212.31,wholesale
C00071,2026-03-27,11.06,retail
C00126,2026-03-27,49.26,retail
C00335,2026-03-27,90.76,retail
C00429,2026-03-27,25.53,retail
C00461,2026-03-27,34.82,retail
C00615,2026-03-27,11.54,retail
C00673,2026-03-27,17.59,retail
C00699,2026-03-27,152.38,retail
C00780,2026-03-27,35.39,retail
C00860,2026-03-27,90.3,retail
C00873,2026-03-27,49.13,retail
C00922,2026-03-27,63.93,retail
C01105,2026-03-27,62.94,retail
C01170,2026-03-27,24.03,retail
C01186,2026-03-27,80.53,retail
C01199,2026-03-27,37.24,retail
C01287,2026-03-27,15.69,retail
C01330,2026-03-27,31.77,retail
C01378,2026-03-27,34.79,retail
C01472,2026-03-27,44.0,retail
C01513,2026-03-27,26.78,retail
C01544,2026-03-27,55.54,retail
C01573,2026-03-27,34.08,retail
C01598,2026-03-27,51.5,retail
C01632,2026-03-27,59.6,retail
C01666,2026-03-27,33.28,retail
C01700,2026-03-27,21.0,retail
C01747,2026-03-27,43.96,retail
C01924,2026-03-27,32.4,retail
C01926,2026-03-27,46.27,retail
C01967,2026-03-27,36.74,retail
C02073,2026-03-27,81.48,retail
C02083,2026-03-27,103.45,retail
C02154,2026-03-27,23.18,retail
C02233,2026-03-27,17.92,retail
C02259,2026-03-27,59.19,retail
C02269,2026-03-27,10.82,retail
C02283,2026-03-27,32.09,retail
C02418,2026-03-27,21.17,retail
C02423,2026-03-27,76.72,retail
C02441,2026-03-27,49.15,retail
C02527,2026-03-27,29.0,retail
C02546,2026-03-27,29.5,retail
C02555,2026-03-27,12.24,retail
C02670,2026-03-27,62.07,retail
C02741,2026-03-27,15.46,retail
C02786,2026-03-27,35.47,retail
C02799,2026-03-27,22.37,retail
C02913,2026-03-27,53.16,retail
C02923,2026-03-27,52.73,retail
C02957,2026-03-27,24.94,retail
C03113,2026-03-27,22.69,retail
C03136,2026-03-27,32.15,retail
C03138,2026-03-27,37.82,retail
C03139,2026-03-27,35.88,retail
C03157,2026-03-27,18.87,retail
C03158,2026-03-27,29.94,retail
C03213,2026-03-27,16.87,retail
C03273,2026-03-27,25.45,retail
C03376,2026-03-27,125.29,retail
C03415,2026-03-27,43.96,retail
C03497,2026-03-27,43.38,retail
C03503,2026-03-27,29.2,retail
C03519,2026-03-27,31.14,retail
C03566,2026-03-27,33.11,retail
C03631,2026-03-27,55.75,retail
C03652,2026-03-27,14.76,retail
C03732,2026-03-27,64.94,retail
C03752,2026-03-27,29.84,retail
C03762,2026-03-27,15.38,retail
C03807,2026-03-27,26.01,retail
C03874,2026-03-27,17.06,retail
C03969,2026-03-27,16.65,retail
W017,2026-03-27,199.15,wholesale
C00018,2026-03-28,26.86,retail
C00067,2026-03-28,41.67,retail
C00231,2026-03-28,74.48,retail
C00260,2026-03-28,34.01,retail
C00266,2026-03-28,27.14,retail
C00341,2026-03-28,32.95,retail
C00380,2026-03-28,19.14,retail
C00477,2026-03-28,57.96,retail
C00568,2026-03-28,30.5,retail
C00656,2026-03-28,28.64,retail
C00685,2026-03-28,20.84,retail
C00732,2026-03-28,23.51,retail
C00755,2026-03-28,24.87,retail
C00776,2026-03-28,57.21,retail
C00805,2026-03-28,35.8,retail
C00806,2026-03-28,8.79,retail
C00816,2026-03-28,15.84,retail
C00842,2026-03-28,80.39,retail
C00879,2026-03-28,26.58,retail
C00884,2026-03-28,48.98,retail
C00989,2026-03-28,30.01,retail
C01014,2026-03-28,52.36,retail
C01060,2026-03-28,39.04,retail
C01066,2026-03-28,57.35,retail
C01145,2026-03-28,31.15,retail
C01162,2026-03-28,46.62,retail
C01200,2026-03-28,69.23,retail
C01298,2026-03-28,28.79,retail
C01337,2026-03-28,32.21,retail
C01398,2026-03-28,15.41,retail
C01464,2026-03-28,37.1,retail
C01542,2026-03-28,32.39,retail
C01733,2026-03-28,34.44,retail
C01887,2026-03-28,12.23,retail
C01954,2026-03-28,21.51,retail
C01958,2026-03-28,35.78,retail
C02121,2026-03-28,30.04,retail
C02175,2026-03-28,15.87,retail
C02310,2026-03-28,35.96,retail
C02315,2026-03-28,30.91,retail
C02390,2026-03-28,95.95,retail
C02704,2026-03-28,48.85,retail
C02706,2026-03-28,26.32,retail
C02749,2026-03-28,37.22,retail
C02766,2026-03-28,17.65,retail
C02786,2026-03-28,43.96,retail
C02810,2026-03-28,21.49,retail
C02855,2026-03-28,16.07,retail
C02859,2026-03-28,86.48,retail
C03148,2026-03-28,45.08,retail
C03162,2026-03-28,23.74,retail
C03236,2026-03-28,47.46,retail
C03263,2026-03-28,17.64,retail
C03360,2026-03-28,10.14,retail
C03366,2026-03-28,55.85,retail
C03469,2026-03-28,148.65,retail
C03543,2026-03-28,39.72,retail
C03597,2026-03-28,28.13,retail
C03610,2026-03-28,49.86,retail
C03622,2026-03-28,68.59,retail
C03700,2026-03-28,28.78,retail
C03717,2026-03-28,42.63,retail
C03938,2026-03-28,17.2,retail
W017,2026-03-28,107.74,wholesale
W023,2026-03-28,407.44,wholesale
W025,2026-03-28,326.39,wholesale
C00063,2026-04-01,32.65,retail
C00152,2026-04-01,52.58,retail
C00169,2026-04-01,14.86,retail
C00307,2026-04-01,36.81,retail
C00344,2026-04-01,36.26,retail
C00465,2026-04-01,30.94,retail
C00471,2026-04-01,36.37,retail
C00501,2026-04-01,16.56,retail
C00508,2026-04-01,50.84,retail
C00739,2026-04-01,24.89,retail
C00973,2026-04-01,82.51,retail
C00986,2026-04-01,24.12,retail
C01026,2026-04-01,18.59,retail
C01053,2026-04-01,56.07,retail
C01162,2026-04-01,33.72,retail
C01193,2026-04-01,23.02,retail
C01403,2026-04-01,26.17,retail
C01416,2026-04-01,42.89,retail
C01498,2026-04-01,49.77,retail
C01611,2026-04-01,24.82,retail
C01683,2026-04-01,39.4,retail
C01696,2026-04-01,28.34,retail
C01913,2026-04-01,16.49,retail
C02014,2026-04-01,54.45,retail
C02023,2026-04-01,14.13,retail
C02023,2026-04-01,24.8,retail
C02054,2026-04-01,38.48,retail
C02056,2026-04-01,15.69,retail
C02094,2026-04-01,25.14,retail
C02105,2026-04-01,28.42,retail
C02116,2026-04-01,30.05,retail
C02133,2026-04-01,11.89,retail
C02205,2026-04-01,34.43,retail
C02375,2026-04-01,77.51,retail
C02394,2026-04-01,24.48,retail
C02445,2026-04-01,44.47,retail
C02481,2026-04-01,32.05,retail
C02672,2026-04-01,57.43,retail
C02685,2026-04-01,26.56,retail
C02746,2026-04-01,60.71,retail
C02850,2026-04-01,68.04,retail
C02852,2026-04-01,47.04,retail
C02858,2026-04-01,56.39,retail
C02894,2026-04-01,11.76,retail
C02924,2026-04-01,45.55,retail
C02928,2026-04-01,63.0,retail
C02942,2026-04-01,26.33,retail
C03045,2026-04-01,25.68,retail
C03056,2026-04-01,7.47,retail
C03114,2026-04-01,9.87,retail
C03136,2026-04-01,20.12,retail
C03191,2026-04-01,32.74,retail
C03245,2026-04-01,33.49,retail
C03248,2026-04-01,28.93,retail
C03307,2026-04-01,25.84,retail
C03312,2026-04-01,49.38,retail
C03386,2026-04-01,33.62,retail
C03401,2026-04-01,22.16,retail
C03407,2026-04-01,21.74,retail
C03566,2026-04-01,30.61,retail
C03603,2026-04-01,50.06,retail
C03632,2026-04-01,21.17,retail
C03660,2026-04-01,38.71,retail
C03679,2026-04-01,15.28,retail
W003,2026-04-01,122.85,wholesale
W011,2026-04-01,162.45,wholesale
W012,2026-04-01,120.4,wholesale
W015,2026-04-01,120.62,wholesale
W019,2026-04-01,296.33,wholesale
W020,2026-04-01,189.39,wholesale
W021,2026-04-01,219.25,wholesale
C00008,2026-04-02,17.24,retail
C00021,2026-04-02,28.59,retail
C00139,2026-04-02,60.21,retail
C00152,2026-04-02,43.18,retail
C00170,2026-04-02,40.45,retail
C00172,2026-04-02,34.89,retail
C00202,2026-04-02,75.03,retail
C00323,2026-04-02,85.07,retail
C00326,2026-04-02,51.03,retail
C00363,2026-04-02,24.45,retail
C00477,2026-04-02,34.88,retail
C00488,2026-04-02,43.98,retail
C00541,2026-04-02,58.89,retail
C00619,2026-04-02,21.44,retail
C00625,2026-04-02,26.32,retail
C00665,2026-04-02,86.16,retail
C00669,2026-04-02,131.84,retail
C00778,2026-04-02,85.16,retail
C00799,2026-04-02,28.15,retail
C00818,2026-04-02,28.35,retail
C00860,2026-04-02,22.58,retail
C01090,2026-04-02,40.57,retail
C01093,2026-04-02,49.4,retail
C01105,2026-04-02,27.9,retail
C01314,2026-04-02,17.1,retail
C01320,2026-04-02,33.69,retail
C01446,2026-04-02,54.18,retail
C01459,2026-04-02,86.47,retail
C01570,2026-04-02,25.98,retail
C01596,2026-04-02,22.67,retail
C01942,2026-04-02,60.45,retail
C02086,2026-04-02,29.63,retail
C02280,2026-04-02,26.43,retail
C02354,2026-04-02,32.71,retail
C02362,2026-04-02,50.21,retail
C02368,2026-04-02,58.08,retail
C02418,2026-04-02,37.52,retail
C02418,2026-04-02,9.8,retail
C02562,2026-04-02,33.76,retail
C02661,2026-04-02,27.53,retail
C02720,2026-04-02,46.04,retail
C02789,2026-04-02,23.17,retail
C02955,2026-04-02,22.03,retail
C02984,2026-04-02,28.06,retail
C03044,2026-04-02,25.35,retail
C03098,2026-04-02,13.48,retail
C03140,2026-04-02,54.47,retail
C03244,2026-04-02,26.43,retail
C03304,2026-04-02,9.58,retail
C03323,2026-04-02,63.06,retail
C03335,2026-04-02,42.35,retail
C03337,2026-04-02,20.8,retail
C03411,2026-04-02,65.82,retail
C03479,2026-04-02,33.67,retail
C03548,2026-04-02,22.82,retail
C03597,2026-04-02,15.47,retail
C03598,2026-04-02,43.19,retail
C03602,2026-04-02,21.82,retail
C03757,2026-04-02,41.66,retail
C03820,2026-04-02,17.95,retail
C03918,2026-04-02,21.26,retail
W008,2026-04-02,156.55,wholesale
W010,2026-04-02,293.11,wholesale
W012,2026-04-02,150.52,wholesale
W021,2026-04-02,272.15,wholesale
W024,2026-04-02,170.44,wholesale
C00052,2026-04-03,44.92,retail
C00245,2026-04-03,31.55,retail
C00359,2026-04-03,53.65,retail
C00444,2026-04-03,106.84,retail
C00481,2026-04-03,37.27,retail
C00525,2026-04-03,42.36,retail
C00604,2026-04-03,28.36,retail
C00609,2026-04-03,95.8,retail
C00674,2026-04-03,47.69,retail
C00718,2026-04-03,28.48,retail
C00885,2026-04-03,46.83,retail
C00887,2026-04-03,44.28,retail
C00952,2026-04-03,14.94,retail
C00978,2026-04-03,40.77,retail
C01024,2026-04-03,84.07,retail
C01066,2026-04-03,27.15,retail
C01125,2026-04-03,21.69,retail
C01153,2026-04-03,20.75,retail
C01205,2026-04-03,40.37,retail
C01210,2026-04-03,13.33,retail
C01279,2026-04-03,43.45,retail
C01471,2026-04-03,70.85,retail
C01478,2026-04-03,18.9,retail
C01801,2026-04-03,17.43,retail
C01813,2026-04-03,121.1,retail
C01857,2026-04-03,108.34,retail
C01981,2026-04-03,65.19,retail
C02004,2026-04-03,24.13,retail
C02417,2026-04-03,31.36,retail
C02421,2026-04-03,36.93,retail
C02516,2026-04-03,35.36,retail
C02557,2026-04-03,21.24,retail
C02564,2026-04-03,134.87,retail
C02602,2026-04-03,59.8,retail
C02855,2026-04-03,42.56,retail
C02865,2026-04-03,15.36,retail
C02875,2026-04-03,18.16,retail
C02916,2026-04-03,24.48,retail
C02919,2026-04-03,33.59,retail
C02921,2026-04-03,24.89,retail
C03131,2026-04-03,26.7,retail
C03212,2026-04-03,56.82,retail
C03392,2026-04-03,21.69,retail
C03410,2026-04-03,27.47,retail
C03430,2026-04-03,18.53,retail
C03448,2026-04-03,65.89,retail
C03498,2026-04-03,28.47,retail
C03541,2026-04-03,12.0,retail
C03550,2026-04-03,32.74,retail
C03636,2026-04-03,52.59,retail
C03842,2026-04-03,44.95,retail
C03876,2026-04-03,49.33,retail
W001,2026-04-03,273.04,wholesale
W008,2026-04-03,308.59,wholesale
W027,2026-04-03,301.46,wholesale
C00140,2026-04-04,18.1,retail
C00148,2026-04-04,24.27,retail
C00242,2026-04-04,43.71,retail
C00254,2026-04-04,68.96,retail
C00314,2026-04-04,73.99,retail
C00324,2026-04-04,37.55,retail
C00387,2026-04-04,43.63,retail
C00492,2026-04-04,14.05,retail
C00662,2026-04-04,39.41,retail
C00673,2026-04-04,15.66,retail
C00691,2026-04-04,23.26,retail
C00695,2026-04-04,21.23,retail
C00808,2026-04-04,19.35,retail
C00883,2026-04-04,52.53,retail
C00938,2026-04-04,67.26,retail
C01010,2026-04-04,39.62,retail
C01053,2026-04-04,14.32,retail
C01074,2026-04-04,33.22,retail
C01077,2026-04-04,113.69,retail
C01097,2026-04-04,21.83,retail
C01232,2026-04-04,18.69,retail
C01336,2026-04-04,42.02,retail
C01392,2026-04-04,61.58,retail
C01655,2026-04-04,18.6,retail
C01983,2026-04-04,27.19,retail
C02059,2026-04-04,32.89,retail
C02073,2026-04-04,69.0,retail
C02249,2026-04-04,75.23,retail
C02351,2026-04-04,47.42,retail
C02534,2026-04-04,56.9,retail
C02589,2026-04-04,23.43,retail
C02722,2026-04-04,63.08,retail
C02953,2026-04-04,172.98,retail
C02978,2026-04-04,90.94,retail
C03002,2026-04-04,18.67,retail
C03091,2026-04-04,57.64,retail
C03163,2026-04-04,24.0,retail
C03358,2026-04-04,24.91,retail
C03430,2026-04-04,46.25,retail
C03588,2026-04-04,21.57,retail
C03594,2026-04-04,44.28,retail
C03606,2026-04-04,57.21,retail
C03612,2026-04-04,38.18,retail
C03674,2026-04-04,24.75,retail
C03690,2026-04-04,24.08,retail
C03727,2026-04-04,45.59,retail
C03796,2026-04-04,35.44,retail
C03957,2026-04-04,24.57,retail
C03966,2026-04-04,72.03,retail
W010,2026-04-04,276.64,wholesale
C00120,2026-04-05,154.04,retail
C00129,2026-04-05,60.33,retail
C00158,2026-04-05,22.63,retail
C00231,2026-04-05,232.69,retail
C00260,2026-04-05,38.23,retail
C00267,2026-04-05,21.23,retail
C00384,2026-04-05,36.35,retail
C00484,2026-04-05,7.26,retail
C00497,2026-04-05,17.62,retail
C00531,2026-04-05,80.24,retail
C00758,2026-04-05,61.55,retail
C00762,2026-04-05,10.2,retail
C00924,2026-04-05,47.08,retail
C00982,2026-04-05,18.92,retail
C01007,2026-04-05,44.65,retail
C01052,2026-04-05,17.66,retail
C01128,2026-04-05,50.85,retail
C01170,2026-04-05,68.61,retail
C01383,2026-04-05,19.51,retail
C01425,2026-04-05,29.14,retail
C01495,2026-04-05,23.91,retail
C01542,2026-04-05,63.25,retail
C01568,2026-04-05,33.46,retail
C01581,2026-04-05,32.08,retail
C01666,2026-04-05,41.41,retail
C01708,2026-04-05,24.71,retail
C01723,2026-04-05,11.73,retail
C01825,2026-04-05,54.66,retail
C01843,2026-04-05,35.76,retail
C01877,2026-04-05,29.76,retail
C01920,2026-04-05,58.19,retail
C02028,2026-04-05,46.08,retail
C02060,2026-04-05,87.55,retail
C02089,2026-04-05,23.22,retail
C02273,2026-04-05,30.38,retail
C02442,2026-04-05,39.74,retail
C02527,2026-04-05,28.69,retail
C02548,2026-04-05,36.5,retail
C02560,2026-04-05,28.32,retail
C02607,2026-04-05,46.61,retail
C02777,2026-04-05,73.58,retail
C02803,2026-04-05,29.88,retail
C02827,2026-04-05,23.5,retail
C02848,2026-04-05,37.31,retail
C02901,2026-04-05,14.22,retail
C03019,2026-04-05,26.26,retail
C03045,2026-04-05,24.53,retail
C03071,2026-04-05,110.49,retail
C03113,2026-04-05,25.2,retail
C03148,2026-04-05,69.07,retail
C03163,2026-04-05,35.55,retail
C03223,2026-04-05,44.09,retail
C03331,2026-04-05,22.16,retail
C03360,2026-04-05,68.75,retail
C03367,2026-04-05,28.59,retail
C03636,2026-04-05,24.37,retail
C03713,2026-04-05,30.74,retail
C03717,2026-04-05,16.38,retail
C03808,2026-04-05,43.94,retail
C03839,2026-04-05,39.07,retail
W012,2026-04-05,289.61,wholesale
W022,2026-04-05,206.38,wholesale
C00053,2026-04-06,23.31,retail
C00148,2026-04-06,76.69,retail
C00154,2026-04-06,25.4,retail
C00230,2026-04-06,42.36,retail
C00264,2026-04-06,103.51,retail
C00353,2026-04-06,36.34,retail
C00409,2026-04-06,19.71,retail
C00412,2026-04-06,52.67,retail
C00443,2026-04-06,22.26,retail
C00833,2026-04-06,18.05,retail
C00901,2026-04-06,31.42,retail
C00929,2026-04-06,26.45,retail
C01232,2026-04-06,85.4,retail
C01345,2026-04-06,10.38,retail
C01582,2026-04-06,73.44,retail
C01593,2026-04-06,39.76,retail
C01714,2026-04-06,62.9,retail
C01717,2026-04-06,64.8,retail
C01731,2026-04-06,78.96,retail
C01740,2026-04-06,31.5,retail
C01743,2026-04-06,60.94,retail
C01904,2026-04-06,80.04,retail
C02004,2026-04-06,17.55,retail
C02006,2026-04-06,50.37,retail
C02052,2026-04-06,22.55,retail
C02201,2026-04-06,72.47,retail
C02229,2026-04-06,22.48,retail
C02233,2026-04-06,24.28,retail
C02325,2026-04-06,26.77,retail
C02337,2026-04-06,33.92,retail
C02378,2026-04-06,42.68,retail
C02391,2026-04-06,20.32,retail
C02426,2026-04-06,38.01,retail
C02588,2026-04-06,71.86,retail
C02601,2026-04-06,59.0,retail
C02726,2026-04-06,27.36,retail
C02774,2026-04-06,41.24,retail
C02799,2026-04-06,21.21,retail
C02806,2026-04-06,19.24,retail
C02848,2026-04-06,6.98,retail
C02954,2026-04-06,20.96,retail
C03221,2026-04-06,19.2,retail
C03281,2026-04-06,8.17,retail
C03282,2026-04-06,35.63,retail
C03287,2026-04-06,35.69,retail
C03333,2026-04-06,29.46,retail
C03342,2026-04-06,48.16,retail
C03362,2026-04-06,24.3,retail
C03445,2026-04-06,24.36,retail
C03459,2026-04-06,40.1,retail
C03502,2026-04-06,63.65,retail
C03591,2026-04-06,22.7,retail
C03608,2026-04-06,67.76,retail
C03665,2026-04-06,29.33,retail
C03702,2026-04-06,30.86,retail
C03929,2026-04-06,53.24,retail
C03935,2026-04-06,32.07,retail
C03993,2026-04-06,50.34,retail
C03997,2026-04-06,36.5,retail
W003,2026-04-06,272.56,wholesale
W009,2026-04-06,301.76,wholesale
W011,2026-04-06,169.05,wholesale
W015,2026-04-06,203.73,wholesale
W016,2026-04-06,176.55,wholesale
W018,2026-04-06,235.21,wholesale
W018,2026-04-06,166.0,wholesale
W019,2026-04-06,172.76,wholesale
C00103,2026-04-07,21.5,retail
C00106,2026-04-07,44.66,retail
C00125,2026-04-07,45.64,retail
C00217,2026-04-07,14.48,retail
C00252,2026-04-07,20.0,retail
C00273,2026-04-07,63.53,retail
C00480,2026-04-07,73.46,retail
C00510,2026-04-07,44.64,retail
C00685,2026-04-07,20.2,retail
C00697,2026-04-07,31.57,retail
C00835,2026-04-07,16.03,retail
C00915,2026-04-07,15.83,retail
C00957,2026-04-07,15.71,retail
C00972,2026-04-07,25.19,retail
C01056,2026-04-07,13.46,retail
C01094,2026-04-07,30.84,retail
C01212,2026-04-07,30.5,retail
C01247,2026-04-07,26.29,retail
C01358,2026-04-07,54.81,retail
C01378,2026-04-07,25.94,retail
C01450,2026-04-07,12.21,retail
C01544,2026-04-07,15.14,retail
C01557,2026-04-07,46.41,retail
C01561,2026-04-07,153.59,retail
C01625,2026-04-07,39.55,retail
C01722,2026-04-07,17.63,retail
C01813,2026-04-07,70.46,retail
C01835,2026-04-07,70.39,retail
C01848,2026-04-07,33.91,retail
C01899,2026-04-07,43.39,retail
C01979,2026-04-07,100.94,retail
C02005,2026-04-07,18.71,retail
C02054,2026-04-07,81.25,retail
C02180,2026-04-07,12.7,retail
C02244,2026-04-07,58.37,retail
C02253,2026-04-07,56.54,retail
C02307,2026-04-07,60.1,retail
C02378,2026-04-07,31.16,retail
C02397,2026-04-07,19.68,retail
C02461,2026-04-07,36.38,retail
C02585,2026-04-07,34.31,retail
C02615,2026-04-07,37.54,retail
C02628,2026-04-07,31.98,retail
C02652,2026-04-07,38.4,retail
C02665,2026-04-07,44.54,retail
C02710,2026-04-07,35.5,retail
C02754,2026-04-07,22.21,retail
C02776,2026-04-07,32.96,retail
C02820,2026-04-07,25.95,retail
C02937,2026-04-07,25.43,retail
C03232,2026-04-07,37.53,retail
C03237,2026-04-07,31.05,retail
C03300,2026-04-07,27.76,retail
C03333,2026-04-07,28.9,retail
C03481,2026-04-07,5.13,retail
C03509,2026-04-07,42.1,retail
C03566,2026-04-07,33.74,retail
C03670,2026-04-07,118.02,retail
C03739,2026-04-07,17.04,retail
C03751,2026-04-07,81.21,retail
C03828,2026-04-07,20.47,retail
C03867,2026-04-07,11.11,retail
C03910,2026-04-07,59.39,retail
C03959,2026-04-07,27.4,retail
W000,2026-04-07,247.82,wholesale
W007,2026-04-07,179.53,wholesale
W015,2026-04-07,214.27,wholesale
W017,2026-04-07,294.41,wholesale
W021,2026-04-07,268.41,wholesale
W025,2026-04-07,173.26,wholesale
W025,2026-04-07,132.62,wholesale
C00130,2026-04-08,62.01,retail
C00171,2026-04-08,33.39,retail
C00205,2026-04-08,51.7,retail
C00397,2026-04-08,28.38,retail
C00409,2026-04-08,37.76,retail
C00444,2026-04-08,26.06,retail
C00521,2026-04-08,20.99,retail
C00572,2026-04-08,23.49,retail
C00618,2026-04-08,91.63,retail
C00655,2026-04-08,24.08,retail
C00796,2026-04-08,26.9,retail
C00845,2026-04-08,15.44,retail
C00890,2026-04-08,72.18,retail
C00933,2026-04-08,31.94,retail
C00996,2026-04-08,45.21,retail
C01009,2026-04-08,25.3,retail
C01079,2026-04-08,58.09,retail
C01105,2026-04-08,25.92,retail
C01222,2026-04-08,19.38,retail
C01222,2026-04-08,51.92,retail
C01244,2026-04-08,32.87,retail
C01261,2026-04-08,23.16,retail
C01379,2026-04-08,33.81,retail
C01421,2026-04-08,16.58,retail
C01441,2026-04-08,24.62,retail
C01533,2026-04-08,29.12,retail
C01588,2026-04-08,14.64,retail
C01714,2026-04-08,35.6,retail
C01786,2026-04-08,33.03,retail
C01856,2026-04-08,76.99,retail
C02123,2026-04-08,21.47,retail
C02140,2026-04-08,24.02,retail
C02148,2026-04-08,55.13,retail
C02227,2026-04-08,33.24,retail
C02343,2026-04-08,53.93,retail
C02366,2026-04-08,44.91,retail
C02393,2026-04-08,38.44,retail
C02441,2026-04-08,19.95,retail
C02593,2026-04-08,41.8,retail
C02597,2026-04-08,49.62,retail
C02710,2026-04-08,30.81,retail
C02783,2026-04-08,23.05,retail
C02847,2026-04-08,41.28,retail
C02875,2026-04-08,47.33,retail
C02898,2026-04-08,42.09,retail
C02969,2026-04-08,29.33,retail
C03003,2026-04-08,29.16,retail
C03199,2026-04-08,53.64,retail
C03199,2026-04-08,57.22,retail
C03235,2026-04-08,69.12,retail
C03269,2026-04-08,40.87,retail
C03306,2026-04-08,43.31,retail
C03307,2026-04-08,50.94,retail
C03318,2026-04-08,23.64,retail
C03372,2026-04-08,56.63,retail
C03491,2026-04-08,47.62,retail
C03622,2026-04-08,63.67,retail
C03675,2026-04-08,55.77,retail
C03684,2026-04-08,34.02,retail
C03721,2026-04-08,22.48,retail
C03742,2026-04-08,91.67,retail
C03911,2026-04-08,48.88,retail
C03970,2026-04-08,33.44,retail
W006,2026-04-08,177.9,wholesale
W010,2026-04-08,334.62,wholesale
W020,2026-04-08,221.91,wholesale
C00007,2026-04-09,28.1,retail
C00067,2026-04-09,81.74,retail
C00075,2026-04-09,28.25,retail
C00144,2026-04-09,28.25,retail
C00197,2026-04-09,61.47,retail
C00206,2026-04-09,27.21,retail
C00341,2026-04-09,30.55,retail
C00368,2026-04-09,25.11,retail
C00461,2026-04-09,43.58,retail
C00583,2026-04-09,98.87,retail
C00707,2026-04-09,127.49,retail
C00746,2026-04-09,38.33,retail
C00808,2026-04-09,46.3,retail
C00859,2026-04-09,14.4,retail
C00862,2026-04-09,16.45,retail
C01027,2026-04-09,15.24,retail
C01085,2026-04-09,16.9,retail
C01246,2026-04-09,52.15,retail
C01294,2026-04-09,84.0,retail
C01323,2026-04-09,14.15,retail
C01435,2026-04-09,24.37,retail
C01484,2026-04-09,30.23,retail
C01534,2026-04-09,29.29,retail
C01677,2026-04-09,41.43,retail
C01691,2026-04-09,66.0,retail
C01945,2026-04-09,17.51,retail
C02138,2026-04-09,54.42,retail
C02139,2026-04-09,18.11,retail
C02152,2026-04-09,14.23,retail
C02153,2026-04-09,47.72,retail
C02174,2026-04-09,63.7,retail
C02645,2026-04-09,51.88,retail
C02820,2026-04-09,12.68,retail
C02861,2026-04-09,65.53,retail
C02978,2026-04-09,6.65,retail
C03011,2026-04-09,33.21,retail
C03018,2026-04-09,33.89,retail
C03026,2026-04-09,82.67,retail
C03044,2026-04-09,75.41,retail
C03138,2026-04-09,63.73,retail
C03144,2026-04-09,29.73,retail
C03157,2026-04-09,27.49,retail
C03265,2026-04-09,24.71,retail
C03355,2026-04-09,26.29,retail
C03382,2026-04-09,17.68,retail
C03462,2026-04-09,34.79,retail
C03589,2026-04-09,18.87,retail
C03591,2026-04-09,14.0,retail
C03793,2026-04-09,39.95,retail
C03850,2026-04-09,60.61,retail
C03857,2026-04-09,41.27,retail
W005,2026-04-09,198.69,wholesale
W006,2026-04-09,242.09,wholesale
W013,2026-04-09,299.65,wholesale
W014,2026-04-09,121.9,wholesale
C00055,2026-04-10,36.98,retail
C00263,2026-04-10,83.97,retail
C00291,2026-04-10,20.7,retail
C00298,2026-04-10,65.74,retail
C00378,2026-04-10,22.96,retail
C00615,2026-04-10,47.58,retail
C00656,2026-04-10,27.76,retail
C00700,2026-04-10,17.42,retail
C00767,2026-04-10,22.05,retail
C00941,2026-04-10,70.43,retail
C00943,2026-04-10,35.66,retail
C00950,2026-04-10,20.49,retail
C01069,2026-04-10,66.2,retail
C01094,2026-04-10,30.48,retail
C01103,2026-04-10,23.36,retail
C01167,2026-04-10,61.08,retail
C01303,2026-04-10,35.49,retail
C01307,2026-04-10,41.99,retail
C01338,2026-04-10,62.53,retail
C01349,2026-04-10,23.36,retail
C01405,2026-04-10,31.2,retail
C01419,2026-04-10,53.78,retail
C01432,2026-04-10,45.3,retail
C01551,2026-04-10,51.81,retail
C01581,2026-04-10,25.43,retail
C01795,2026-04-10,28.5,retail
C01974,2026-04-10,91.32,retail
C02011,2026-04-10,99.05,retail
C02093,2026-04-10,33.27,retail
C02115,2026-04-10,56.64,retail
C02141,2026-04-10,55.01,retail
C02169,2026-04-10,41.72,retail
C02204,2026-04-10,65.99,retail
C02254,2026-04-10,32.53,retail
C02289,2026-04-10,26.9,retail
C02325,2026-04-10,44.5,retail
C02360,2026-04-10,24.68,retail
C02460,2026-04-10,34.56,retail
C02523,2026-04-10,28.28,retail
C02630,2026-04-10,40.21,retail
C02658,2026-04-10,29.43,retail
C02704,2026-04-10,54.31,retail
C02810,2026-04-10,28.44,retail
C02936,2026-04-10,45.74,retail
C02938,2026-04-10,38.34,retail
C03135,2026-04-10,73.6,retail
C03167,2026-04-10,31.86,retail
C03286,2026-04-10,43.2,retail
C03470,2026-04-10,48.93,retail
C03575,2026-04-10,53.88,retail
C03672,2026-04-10,27.32,retail
C03690,2026-04-10,25.95,retail
C03873,2026-04-10,27.84,retail
C03921,2026-04-10,35.96,retail
C03946,2026-04-10,36.53,retail
W020,2026-04-10,118.26,wholesale
W023,2026-04-10,279.2,wholesale
C00001,2026-04-11,36.13,retail
C00059,2026-04-11,19.04,retail
C00157,2026-04-11,52.07,retail
C00357,2026-04-11,13.37,retail
C00574,2026-04-11,25.67,retail
C00687,2026-04-11,35.28,retail
C00753,2026-04-11,26.99,retail
C00778,2026-04-11,28.2,retail
C00780,2026-04-11,36.34,retail
C00842,2026-04-11,19.86,retail
C00884,2026-04-11,23.68,retail
C00890,2026-04-11,30.6,retail
C00918,2026-04-11,28.19,retail
C00934,2026-04-11,43.49,retail
C00962,2026-04-11,16.7,retail
C01033,2026-04-11,18.75,retail
C01064,2026-04-11,40.48,retail
C01173,2026-04-11,92.87,retail
C01259,2026-04-11,55.57,retail
C01287,2026-04-11,51.59,retail
C01302,2026-04-11,27.23,retail
C01307,2026-04-11,27.69,retail
C01326,2026-04-11,19.23,retail
C01401,2026-04-11,53.78,retail
C01550,2026-04-11,32.66,retail
C01633,2026-04-11,60.82,retail
C01687,2026-04-11,11.54,retail
C01843,2026-04-11,41.59,retail
C01908,2026-04-11,198.69,retail
C02171,2026-04-11,129.53,retail
C02193,2026-04-11,25.02,retail
C02276,2026-04-11,61.27,retail
C02287,2026-04-11,35.01,retail
C02392,2026-04-11,35.83,retail
C02565,2026-04-11,13.3,retail
C02585,2026-04-11,119.84,retail
C02633,2026-04-11,33.99,retail
C02650,2026-04-11,13.84,retail
C02722,2026-04-11,27.51,retail
C02749,2026-04-11,43.38,retail
C02975,2026-04-11,66.67,retail
C03020,2026-04-11,112.44,retail
C03108,2026-04-11,42.55,retail
C03170,2026-04-11,93.56,retail
C03181,2026-04-11,41.41,retail
C03227,2026-04-11,21.67,retail
C03280,2026-04-11,33.79,retail
C03313,2026-04-11,34.37,retail
C03468,2026-04-11,43.63,retail
C03877,2026-04-11,33.2,retail
C03913,2026-04-11,84.76,retail
C03995,2026-04-11,32.3,retail
W004,2026-04-11,83.66,wholesale
W013,2026-04-11,186.37,wholesale
W020,2026-04-11,200.61,wholesale
W022,2026-04-11,89.72,wholesale
C00081,2026-04-12,41.58,retail
C00147,2026-04-12,58.07,retail
C00157,2026-04-12,19.59,retail
C00241,2026-04-12,17.3,retail
C00306,2026-04-12,44.86,retail
C00312,2026-04-12,41.46,retail
C00358,2026-04-12,78.9,retail
C00371,2026-04-12,27.95,retail
C00412,2026-04-12,73.2,retail
C00439,2026-04-12,7.67,retail
C00564,2026-04-12,52.83,retail
C00581,2026-04-12,30.25,retail
C00635,2026-04-12,28.08,retail
C00685,2026-04-12,22.57,retail
C00959,2026-04-12,92.05,retail
C01064,2026-04-12,37.63,retail
C01199,2026-04-12,40.58,retail
C01202,2026-04-12,21.45,retail
C01274,2026-04-12,25.95,retail
C01330,2026-04-12,70.31,retail
C01373,2026-04-12,46.91,retail
C01596,2026-04-12,25.56,retail
C01666,2026-04-12,29.47,retail
C01739,2026-04-12,107.75,retail
C01765,2026-04-12,66.59,retail
C01890,2026-04-12,55.97,retail
C01896,2026-04-12,50.43,retail
C01915,2026-04-12,83.31,retail
C01940,2026-04-12,37.61,retail
C02056,2026-04-12,34.14,retail
C02068,2026-04-12,82.77,retail
C02130,2026-04-12,61.11,retail
C02165,2026-04-12,44.12,retail
C02316,2026-04-12,44.92,retail
C02319,2026-04-12,19.76,retail
C02458,2026-04-12,57.48,retail
C02475,2026-04-12,40.58,retail
C02502,2026-04-12,30.09,retail
C02569,2026-04-12,32.82,retail
C02593,2026-04-12,74.99,retail
C02669,2026-04-12,17.63,retail
C03004,2026-04-12,36.11,retail
C03061,2026-04-12,14.57,retail
C03133,2026-04-12,40.17,retail
C03139,2026-04-12,24.53,retail
C03194,2026-04-12,20.69,retail
C03217,2026-04-12,43.19,retail
C03279,2026-04-12,19.66,retail
C03285,2026-04-12,97.32,retail
C03292,2026-04-12,44.36,retail
C03401,2026-04-12,45.21,retail
C03478,2026-04-12,53.9,retail
C03582,2026-04-12,27.41,retail
C03739,2026-04-12,61.67,retail
C03742,2026-04-12,10.65,retail
C03830,2026-04-12,43.9,retail
C03839,2026-04-12,19.6,retail
C03855,2026-04-12,30.8,retail
C03881,2026-04-12,53.93,retail
C03919,2026-04-12,36.43,retail
C03938,2026-04-12,23.36,retail
W007,2026-04-12,122.95,wholesale
W015,2026-04-12,291.33,wholesale
W018,2026-04-12,146.35,wholesale
C00014,2026-04-13,90.85,retail
C00032,2026-04-13,13.73,retail
C00192,2026-04-13,19.69,retail
C00203,2026-04-13,67.05,retail
C00270,2026-04-13,108.39,retail
C00278,2026-04-13,46.07,retail
C00521,2026-04-13,34.18,retail
C00806,2026-04-13,12.87,retail
C00869,2026-04-13,48.84,retail
C00898,2026-04-13,30.47,retail
C00938,2026-04-13,31.06,retail
C00989,2026-04-13,62.88,retail
C01012,2026-04-13,54.18,retail
C01054,2026-04-13,32.36,retail
C01066,2026-04-13,12.04,retail
C01101,2026-04-13,27.32,retail
C01151,2026-04-13,46.69,retail
C01224,2026-04-13,43.54,retail
C01299,2026-04-13,141.43,retail
C01305,2026-04-13,34.11,retail
C01314,2026-04-13,45.46,retail
C01362,2026-04-13,34.05,retail
C01373,2026-04-13,73.19,retail
C01441,2026-04-13,27.5,retail
C01467,2026-04-13,40.39,retail
C01519,2026-04-13,47.12,retail
C01541,2026-04-13,29.81,retail
C01637,2026-04-13,33.0,retail
C01717,2026-04-13,9.91,retail
C01732,2026-04-13,16.75,retail
C01773,2026-04-13,28.53,retail
C01834,2026-04-13,18.32,retail
C01876,2026-04-13,56.82,retail
C02008,2026-04-13,57.49,retail
C02051,2026-04-13,36.53,retail
C02110,2026-04-13,79.74,retail
C02116,2026-04-13,16.1,retail
C02148,2026-04-13,116.39,retail
C02171,2026-04-13,21.77,retail
C02283,2026-04-13,32.74,retail
C02445,2026-04-13,13.96,retail
C02461,2026-04-13,43.73,retail
C02601,2026-04-13,28.48,retail
C02621,2026-04-13,25.84,retail
C02639,2026-04-13,19.72,retail
C02667,2026-04-13,39.17,retail
C02728,2026-04-13,24.13,retail
C02770,2026-04-13,66.35,retail
C02808,2026-04-13,33.21,retail
C02934,2026-04-13,42.41,retail
C02984,2026-04-13,39.79,retail
C03099,2026-04-13,18.45,retail
C03125,2026-04-13,30.34,retail
C03196,2026-04-13,33.55,retail
C03218,2026-04-13,19.96,retail
C03221,2026-04-13,23.6,retail
C03235,2026-04-13,22.87,retail
C03355,2026-04-13,51.98,retail
C03397,2026-04-13,61.01,retail
C03457,2026-04-13,81.21,retail
C03468,2026-04-13,19.95,retail
C03535,2026-04-13,59.34,retail
C03585,2026-04-13,51.43,retail
C03589,2026-04-13,40.01,retail
C03765,2026-04-13,40.14,retail
C03812,2026-04-13,27.92,retail
C03865,2026-04-13,19.71,retail
C03886,2026-04-13,23.8,retail
C03996,2026-04-13,37.47,retail
W007,2026-04-13,240.22,wholesale
W012,2026-04-13,188.78,wholesale
W013,2026-04-13,348.29,wholesale
W025,2026-04-13,195.74,wholesale
W028,2026-04-13,225.94,wholesale
W029,2026-04-13,244.53,wholesale
C00028,2026-04-14,70.17,retail
C00033,2026-04-14,53.78,retail
C00074,2026-04-14,41.67,retail
C00081,2026-04-14,18.49,retail
C00250,2026-04-14,46.15,retail
C00251,2026-04-14,21.18,retail
C00270,2026-04-14,10.82,retail
C00298,2026-04-14,35.41,retail
C00300,2026-04-14,49.07,retail
C00650,2026-04-14,27.77,retail
C00841,2026-04-14,47.66,retail
C00930,2026-04-14,20.94,retail
C01069,2026-04-14,16.36,retail
C01189,2026-04-14,16.31,retail
C01299,2026-04-14,20.62,retail
C01309,2026-04-14,48.53,retail
C01405,2026-04-14,34.67,retail
C01408,2026-04-14,133.07,retail
C01465,2026-04-14,88.56,retail
C01495,2026-04-14,34.8,retail
C01509,2026-04-14,40.07,retail
C01565,2026-04-14,30.47,retail
C01641,2026-04-14,17.58,retail
C01696,2026-04-14,19.06,retail
C01728,2026-04-14,29.51,retail
C01743,2026-04-14,133.57,retail
C02142,2026-04-14,18.87,retail
C02177,2026-04-14,35.87,retail
C02185,2026-04-14,49.36,retail
C02233,2026-04-14,53.46,retail
C02307,2026-04-14,25.14,retail
C02370,2026-04-14,28.09,retail
C02373,2026-04-14,32.81,retail
C02555,2026-04-14,25.04,retail
C02588,2026-04-14,29.95,retail
C02758,2026-04-14,31.58,retail
C02767,2026-04-14,57.96,retail
C02954,2026-04-14,31.52,retail
C02983,2026-04-14,46.42,retail
C03020,2026-04-14,100.13,retail
C03213,2026-04-14,33.94,retail
C03250,2026-04-14,12.68,retail
C03370,2026-04-14,83.33,retail
C03415,2026-04-14,55.75,retail
C03497,2026-04-14,38.12,retail
C03509,2026-04-14,29.46,retail
C03535,2026-04-14,33.52,retail
C03661,2026-04-14,23.31,retail
C03708,2026-04-14,76.58,retail
C03782,2026-04-14,23.67,retail
C03811,2026-04-14,26.44,retail
C03819,2026-04-14,151.1,retail
C03852,2026-04-14,59.2,retail
C03972,2026-04-14,58.14,retail
C03984,2026-04-14,61.54,retail
C03984,2026-04-14,51.12,retail
W001,2026-04-14,155.46,wholesale
W016,2026-04-14,178.8,wholesale
W023,2026-04-14,191.33,wholesale
W026,2026-04-14,106.45,wholesale
C00004,2026-04-15,32.98,retail
C00008,2026-04-15,17.74,retail
C00011,2026-04-15,17.15,retail
C00110,2026-04-15,22.34,retail
C00113,2026-04-15,38.98,retail
C00199,2026-04-15,33.45,retail
C00219,2026-04-15,27.82,retail
C00293,2026-04-15,22.09,retail
C00413,2026-04-15,64.94,retail
C00418,2026-04-15,42.85,retail
C00483,2026-04-15,31.4,retail
C00658,2026-04-15,125.12,retail
C00659,2026-04-15,71.48,retail
C00697,2026-04-15,30.71,retail
C00822,2026-04-15,19.37,retail
C00823,2026-04-15,37.42,retail
C00882,2026-04-15,18.52,retail
C01195,2026-04-15,27.11,retail
C01195,2026-04-15,31.86,retail
C01265,2026-04-15,30.77,retail
C01408,2026-04-15,80.76,retail
C01498,2026-04-15,17.77,retail
C01548,2026-04-15,43.81,retail
C01608,2026-04-15,35.74,retail
C01759,2026-04-15,15.6,retail
C01817,2026-04-15,35.83,retail
C01886,2026-04-15,38.19,retail
C01938,2026-04-15,53.76,retail
C01972,2026-04-15,57.42,retail
C02142,2026-04-15,27.73,retail
C02200,2026-04-15,7.61,retail
C02213,2026-04-15,47.98,retail
C02213,2026-04-15,42.01,retail
C02283,2026-04-15,31.58,retail
C02412,2026-04-15,93.29,retail
C02606,2026-04-15,40.89,retail
C02685,2026-04-15,48.83,retail
C02689,2026-04-15,41.77,retail
C02720,2026-04-15,70.54,retail
C02754,2026-04-15,13.41,retail
C02773,2026-04-15,44.75,retail
C02836,2026-04-15,27.73,retail
C02876,2026-04-15,82.21,retail
C03066,2026-04-15,24.06,retail
C03091,2026-04-15,30.6,retail
C03213,2026-04-15,68.4,retail
C03276,2026-04-15,54.2,retail
C03277,2026-04-15,42.65,retail
C03423,2026-04-15,18.73,retail
C03467,2026-04-15,25.54,retail
C03503,2026-04-15,16.27,retail
C03519,2026-04-15,40.48,retail
C03563,2026-04-15,47.49,retail
C03759,2026-04-15,71.22,retail
C03874,2026-04-15,34.03,retail
C03906,2026-04-15,44.4,retail
C03924,2026-04-15,30.07,retail
C03963,2026-04-15,22.76,retail
W010,2026-04-15,355.98,wholesale
W011,2026-04-15,284.24,wholesale
W012,2026-04-15,316.69,wholesale
W014,2026-04-15,132.29,wholesale
W019,2026-04-15,278.49,wholesale
W022,2026-04-15,233.24,wholesale
W024,2026-04-15,140.15,wholesale
C00171,2026-04-16,27.16,retail
C00187,2026-04-16,26.09,retail
C00231,2026-04-16,32.13,retail
C00248,2026-04-16,51.94,retail
C00427,2026-04-16,32.36,retail
C00460,2026-04-16,35.81,retail
C00479,2026-04-16,115.56,retail
C00572,2026-04-16,23.38,retail
C00588,2026-04-16,20.44,retail
C00879,2026-04-16,13.3,retail
C00974,2026-04-16,30.6,retail
C00978,2026-04-16,37.34,retail
C01002,2026-04-16,48.68,retail
C01035,2026-04-16,29.45,retail
C01370,2026-04-16,57.33,retail
C01384,2026-04-16,19.75,retail
C01554,2026-04-16,69.0,retail
C01559,2026-04-16,50.01,retail
C01569,2026-04-16,24.2,retail
C01732,2026-04-16,11.63,retail
C01790,2026-04-16,55.02,retail
C01881,2026-04-16,58.88,retail
C01957,2026-04-16,73.77,retail
C02052,2026-04-16,52.76,retail
C02211,2026-04-16,34.93,retail
C02259,2026-04-16,17.69,retail
C02269,2026-04-16,22.94,retail
C02360,2026-04-16,34.21,retail
C02441,2026-04-16,26.52,retail
C02631,2026-04-16,36.37,retail
C02674,2026-04-16,55.2,retail
C02678,2026-04-16,43.74,retail
C02835,2026-04-16,42.55,retail
C03021,2026-04-16,34.0,retail
C03160,2026-04-16,21.2,retail
C03191,2026-04-16,28.25,retail
C03212,2026-04-16,22.73,retail
C03368,2026-04-16,19.67,retail
C03527,2026-04-16,12.7,retail
C03610,2026-04-16,72.76,retail
C03697,2026-04-16,19.65,retail
C03759,2026-04-16,55.63,retail
C03897,2026-04-16,53.68,retail
C03906,2026-04-16,44.32,retail
C03940,2026-04-16,38.62,retail
W001,2026-04-16,237.45,wholesale
W016,2026-04-16,480.48,wholesale
W017,2026-04-16,374.23,wholesale
C00016,2026-04-17,43.71,retail
C00241,2026-04-17,65.82,retail
C00258,2026-04-17,32.67,retail
C00266,2026-04-17,16.88,retail
C00271,2026-04-17,64.7,retail
C00290,2026-04-17,41.62,retail
C00300,2026-04-17,70.18,retail
C00428,2026-04-17,12.49,retail
C00517,2026-04-17,31.57,retail
C00548,2026-04-17,34.73,retail
C00664,2026-04-17,69.34,retail
C00734,2026-04-17,25.25,retail
C00770,2026-04-17,31.81,retail
C00940,2026-04-17,26.7,retail
C00963,2026-04-17,17.13,retail
C01033,2026-04-17,48.54,retail
C01110,2026-04-17,34.16,retail
C01189,2026-04-17,36.82,retail
C01434,2026-04-17,26.21,retail
C01544,2026-04-17,36.47,retail
C01589,2026-04-17,12.51,retail
C01627,2026-04-17,32.96,retail
C01857,2026-04-17,60.98,retail
C01953,2026-04-17,87.01,retail
C02139,2026-04-17,80.4,retail
C02215,2026-04-17,36.42,retail
C02315,2026-04-17,25.95,retail
C02326,2026-04-17,26.52,retail
C02410,2026-04-17,49.06,retail
C02410,2026-04-17,103.15,retail
C02467,2026-04-17,32.32,retail
C02470,2026-04-17,67.33,retail
C02565,2026-04-17,44.61,retail
C02599,2026-04-17,28.43,retail
C02603,2026-04-17,9.52,retail
C02631,2026-04-17,31.5,retail
C02639,2026-04-17,21.72,retail
C02692,2026-04-17,28.49,retail
C02788,2026-04-17,28.62,retail
C02840,2026-04-17,22.57,retail
C02872,2026-04-17,37.87,retail
C02913,2026-04-17,168.18,retail
C03029,2026-04-17,40.88,retail
C03048,2026-04-17,25.82,retail
C03129,2026-04-17,58.54,retail
C03132,2026-04-17,16.14,retail
C03142,2026-04-17,41.92,retail
C03144,2026-04-17,9.22,retail
C03229,2026-04-17,44.96,retail
C03269,2026-04-17,21.83,retail
C03285,2026-04-17,57.32,retail
C03289,2026-04-17,13.55,retail
C03300,2026-04-17,20.85,retail
C03375,2026-04-17,32.15,retail
C03485,2026-04-17,31.5,retail
C03497,2026-04-17,35.79,retail
C03585,2026-04-17,45.36,retail
C03704,2026-04-17,32.3,retail
C03923,2026-04-17,25.72,retail
C03924,2026-04-17,32.1,retail
C03967,2026-04-17,23.1,retail
W000,2026-04-17,272.05,wholesale
W001,2026-04-17,175.86,wholesale
W002,2026-04-17,234.3,wholesale
W015,2026-04-17,161.03,wholesale
C00072,2026-04-18,34.39,retail
C00377,2026-04-18,125.25,retail
C00490,2026-04-18,46.63,retail
C00568,2026-04-18,28.88,retail
C00672,2026-04-18,57.69,retail
C00675,2026-04-18,30.06,retail
C00690,2026-04-18,37.47,retail
C00699,2026-04-18,16.63,retail
C00726,2026-04-18,25.71,retail
C00727,2026-04-18,53.6,retail
C00779,2026-04-18,67.31,retail
C00806,2026-04-18,7.34,retail
C00844,2026-04-18,73.13,retail
C00963,2026-04-18,136.35,retail
C01028,2026-04-18,21.45,retail
C01368,2026-04-18,74.6,retail
C01380,2026-04-18,36.64,retail
C01437,2026-04-18,43.16,retail
C01542,2026-04-18,23.77,retail
C01553,2026-04-18,31.67,retail
C01673,2026-04-18,16.83,retail
C01804,2026-04-18,21.07,retail
C01862,2026-04-18,42.0,retail
C01898,2026-04-18,37.05,retail
C02240,2026-04-18,56.68,retail
C02300,2026-04-18,53.74,retail
C02460,2026-04-18,20.42,retail
C02477,2026-04-18,28.08,retail
C02522,2026-04-18,33.89,retail
C02540,2026-04-18,20.23,retail
C02584,2026-04-18,21.52,retail
C02612,2026-04-18,16.64,retail
C02730,2026-04-18,61.18,retail
C02763,2026-04-18,14.82,retail
C02772,2026-04-18,46.36,retail
C02777,2026-04-18,59.51,retail
C02849,2026-04-18,12.85,retail
C02910,2026-04-18,26.26,retail
C02943,2026-04-18,67.03,retail
C02975,2026-04-18,31.09,retail
C03046,2026-04-18,7.73,retail
C03056,2026-04-18,23.86,retail
C03058,2026-04-18,29.46,retail
C03171,2026-04-18,40.46,retail
C03215,2026-04-18,5.74,retail
C03248,2026-04-18,42.2,retail
C03270,2026-04-18,82.4,retail
C03315,2026-04-18,64.53,retail
C03358,2026-04-18,64.97,retail
C03359,2026-04-18,43.5,retail
C03393,2026-04-18,79.58,retail
C03403,2026-04-18,30.42,retail
C03765,2026-04-18,28.63,retail
C03789,2026-04-18,24.43,retail
W006,2026-04-18,377.93,wholesale
W017,2026-04-18,189.17,wholesale
W017,2026-04-18,174.87,wholesale
W023,2026-04-18,323.01,wholesale
C00018,2026-04-19,24.18,retail
C00059,2026-04-19,51.18,retail
C00067,2026-04-19,48.91,retail
C00212,2026-04-19,82.12,retail
C00248,2026-04-19,16.2,retail
C00289,2026-04-19,22.63,retail
C00320,2026-04-19,60.64,retail
C00353,2026-04-19,50.4,retail
C00411,2026-04-19,42.95,retail
C00540,2026-04-19,11.02,retail
C00590,2026-04-19,45.69,retail
C00675,2026-04-19,18.51,retail
C00801,2026-04-19,71.02,retail
C00805,2026-04-19,33.03,retail
C00818,2026-04-19,56.06,retail
C00830,2026-04-19,46.62,retail
C00842,2026-04-19,27.2,retail
C01052,2026-04-19,16.69,retail
C01132,2026-04-19,56.26,retail
C01224,2026-04-19,26.88,retail
C01260,2026-04-19,45.75,retail
C01446,2026-04-19,55.04,retail
C01473,2026-04-19,53.69,retail
C01545,2026-04-19,22.05,retail
C01553,2026-04-19,18.79,retail
C01566,2026-04-19,75.34,retail
C01636,2026-04-19,92.82,retail
C01747,2026-04-19,29.64,retail
C01831,2026-04-19,23.27,retail
C01915,2026-04-19,9.63,retail
C02166,2026-04-19,35.62,retail
C02423,2026-04-19,17.54,retail
C02679,2026-04-19,116.05,retail
C02686,2026-04-19,29.43,retail
C02686,2026-04-19,117.99,retail
C02798,2026-04-19,53.99,retail
C02891,2026-04-19,17.05,retail
C02920,2026-04-19,26.48,retail
C02987,2026-04-19,38.26,retail
C03019,2026-04-19,28.98,retail
C03154,2026-04-19,23.35,retail
C03171,2026-04-19,96.34,retail
C03226,2026-04-19,51.8,retail
C03226,2026-04-19,15.41,retail
C03229,2026-04-19,37.34,retail
C03458,2026-04-19,112.75,retail
C03501,2026-04-19,57.5,retail
C03514,2026-04-19,23.7,retail
C03545,2026-04-19,32.09,retail
C03563,2026-04-19,98.7,retail
C03659,2026-04-19,58.37,retail
C03736,2026-04-19,37.07,retail
C03807,2026-04-19,65.66,retail
C03949,2026-04-19,137.55,retail
W000,2026-04-19,228.02,wholesale
W004,2026-04-19,106.13,wholesale
W006,2026-04-19,159.44,wholesale
W009,2026-04-19,95.99,wholesale
W016,2026-04-19,206.15,wholesale
W024,2026-04-19,250.55,wholesale
W029,2026-04-19,226.41,wholesale
C00082,2026-04-20,11.6,retail
C00238,2026-04-20,38.95,retail
C00244,2026-04-20,41.66,retail
C00254,2026-04-20,29.46,retail
C00369,2026-04-20,65.71,retail
C00461,2026-04-20,20.03,retail
C00484,2026-04-20,16.54,retail
C00548,2026-04-20,171.46,retail
C00615,2026-04-20,64.68,retail
C00688,2026-04-20,9.53,retail
C00924,2026-04-20,24.43,retail
C01074,2026-04-20,67.27,retail
C01080,2026-04-20,66.21,retail
C01089,2026-04-20,39.54,retail
C01103,2026-04-20,30.02,retail
C01148,2026-04-20,98.27,retail
C01246,2026-04-20,23.5,retail
C01318,2026-04-20,19.33,retail
C01404,2026-04-20,25.72,retail
C01437,2026-04-20,33.53,retail
C01451,2026-04-20,49.22,retail
C01476,2026-04-20,57.11,retail
C01500,2026-04-20,20.5,retail
C01526,2026-04-20,19.42,retail
C01537,2026-04-20,27.9,retail
C01583,2026-04-20,44.64,retail
C01632,2026-04-20,50.78,retail
C01764,2026-04-20,32.89,retail
C01773,2026-04-20,104.08,retail
C02006,2026-04-20,25.33,retail
C02108,2026-04-20,34.96,retail
C02182,2026-04-20,37.0,retail
C02275,2026-04-20,28.88,retail
C02303,2026-04-20,22.05,retail
C02547,2026-04-20,20.45,retail
C02562,2026-04-20,24.67,retail
C02607,2026-04-20,80.79,retail
C02827,2026-04-20,11.42,retail
C02858,2026-04-20,37.03,retail
C02942,2026-04-20,38.86,retail
C02979,2026-04-20,39.21,retail
C03136,2026-04-20,23.26,retail
C03202,2026-04-20,20.86,retail
C03251,2026-04-20,28.79,retail
C03372,2026-04-20,21.98,retail
C03424,2026-04-20,45.22,retail
C03514,2026-04-20,80.17,retail
C03528,2026-04-20,11.28,retail
C03622,2026-04-20,53.3,retail
C03646,2026-04-20,17.54,retail
C03674,2026-04-20,24.11,retail
C03732,2026-04-20,23.22,retail
C03750,2026-04-20,21.69,retail
C03786,2026-04-20,69.66,retail
C03842,2026-04-20,41.35,retail
C03850,2026-04-20,26.55,retail
W000,2026-04-20,340.88,wholesale
W004,2026-04-20,137.86,wholesale
W005,2026-04-20,277.51,wholesale
W005,2026-04-20,295.6,wholesale
W009,2026-04-20,216.15,wholesale
C00021,2026-04-21,15.42,retail
C00244,2026-04-21,35.55,retail
C00262,2026-04-21,37.91,retail
C00422,2026-04-21,34.54,retail
C00534,2026-04-21,21.39,retail
C00619,2026-04-21,39.22,retail
C00691,2026-04-21,16.17,retail
C00761,2026-04-21,36.69,retail
C00857,2026-04-21,41.77,retail
C00865,2026-04-21,19.62,retail
C00905,2026-04-21,26.67,retail
C00953,2026-04-21,46.35,retail
C01109,2026-04-21,40.02,retail
C01115,2026-04-21,30.94,retail
C01326,2026-04-21,37.82,retail
C01599,2026-04-21,24.44,retail
C01632,2026-04-21,32.75,retail
C01756,2026-04-21,124.21,retail
C01793,2026-04-21,37.15,retail
C01839,2026-04-21,11.04,retail
C01855,2026-04-21,33.13,retail
C01953,2026-04-21,50.26,retail
C02002,2026-04-21,22.59,retail
C02102,2026-04-21,49.32,retail
C02329,2026-04-21,72.59,retail
C02351,2026-04-21,33.23,retail
C02367,2026-04-21,54.68,retail
C02399,2026-04-21,38.33,retail
C02479,2026-04-21,26.23,retail
C02528,2026-04-21,49.78,retail
C02630,2026-04-21,56.16,retail
C02766,2026-04-21,35.97,retail
C02854,2026-04-21,62.15,retail
C02938,2026-04-21,8.29,retail
C02994,2026-04-21,38.35,retail
C03109,2026-04-21,48.35,retail
C03150,2026-04-21,38.25,retail
C03155,2026-04-21,44.99,retail
C03270,2026-04-21,55.92,retail
C03331,2026-04-21,65.58,retail
C03364,2026-04-21,24.5,retail
C03522,2026-04-21,19.56,retail
C03528,2026-04-21,30.36,retail
C03550,2026-04-21,71.67,retail
C03626,2026-04-21,58.98,retail
C03758,2026-04-21,34.13,retail
W002,2026-04-21,372.05,wholesale
W003,2026-04-21,216.85,wholesale
W008,2026-04-21,366.96,wholesale
W027,2026-04-21,356.35,wholesale
W028,2026-04-21,261.59,wholesale
W029,2026-04-21,363.19,wholesale
C00082,2026-04-22,47.06,retail
C00128,2026-04-22,26.54,retail
C00290,2026-04-22,206.99,retail
C00329,2026-04-22,55.71,retail
C00546,2026-04-22,67.45,retail
C00608,2026-04-22,33.63,retail
C00637,2026-04-22,128.55,retail
C00639,2026-04-22,29.72,retail
C00667,2026-04-22,36.17,retail
C00687,2026-04-22,28.39,retail
C01067,2026-04-22,77.96,retail
C01198,2026-04-22,25.42,retail
C01210,2026-04-22,41.81,retail
C01268,2026-04-22,12.47,retail
C01347,2026-04-22,63.3,retail
C01358,2026-04-22,66.87,retail
C01416,2026-04-22,38.82,retail
C01488,2026-04-22,37.62,retail
C01555,2026-04-22,34.14,retail
C01590,2026-04-22,36.18,retail
C01667,2026-04-22,15.44,retail
C01791,2026-04-22,12.92,retail
C02170,2026-04-22,34.18,retail
C02294,2026-04-22,119.37,retail
C02295,2026-04-22,11.8,retail
C02298,2026-04-22,61.92,retail
C02370,2026-04-22,35.21,retail
C02548,2026-04-22,9.53,retail
C02560,2026-04-22,35.46,retail
C02561,2026-04-22,34.02,retail
C02610,2026-04-22,124.87,retail
C02655,2026-04-22,43.07,retail
C02744,2026-04-22,24.63,retail
C02778,2026-04-22,52.44,retail
C02798,2026-04-22,33.02,retail
C02860,2026-04-22,49.19,retail
C02959,2026-04-22,52.77,retail
C03233,2026-04-22,83.1,retail
C03291,2026-04-22,31.89,retail
C03293,2026-04-22,24.95,retail
C03408,2026-04-22,21.29,retail
C03437,2026-04-22,31.29,retail
C03446,2026-04-22,12.29,retail
C03469,2026-04-22,34.54,retail
C03541,2026-04-22,48.57,retail
C03904,2026-04-22,25.65,retail
C03972,2026-04-22,32.65,retail
W001,2026-04-22,124.58,wholesale
W002,2026-04-22,136.81,wholesale
W007,2026-04-22,247.08,wholesale
W028,2026-04-22,261.51,wholesale
C00188,2026-04-23,22.47,retail
C00189,2026-04-23,28.35,retail
C00192,2026-04-23,46.1,retail
C00262,2026-04-23,21.15,retail
C00431,2026-04-23,27.38,retail
C00559,2026-04-23,23.74,retail
C00624,2026-04-23,22.01,retail
C00625,2026-04-23,43.31,retail
C00674,2026-04-23,42.58,retail
C00678,2026-04-23,43.49,retail
C00708,2026-04-23,19.74,retail
C00845,2026-04-23,27.44,retail
C00868,2026-04-23,49.84,retail
C00952,2026-04-23,16.4,retail
C00962,2026-04-23,44.59,retail
C00982,2026-04-23,9.52,retail
C01043,2026-04-23,52.86,retail
C01058,2026-04-23,51.59,retail
C01058,2026-04-23,28.58,retail
C01178,2026-04-23,13.84,retail
C01199,2026-04-23,30.59,retail
C01251,2026-04-23,42.36,retail
C01292,2026-04-23,42.97,retail
C01364,2026-04-23,58.89,retail
C01402,2026-04-23,33.19,retail
C01455,2026-04-23,37.86,retail
C01508,2026-04-23,48.01,retail
C01532,2026-04-23,15.95,retail
C01561,2026-04-23,34.25,retail
C01649,2026-04-23,30.43,retail
C01700,2026-04-23,40.06,retail
C01726,2026-04-23,28.07,retail
C01788,2026-04-23,68.15,retail
C01839,2026-04-23,73.89,retail
C01902,2026-04-23,51.93,retail
C02160,2026-04-23,44.53,retail
C02177,2026-04-23,30.45,retail
C02222,2026-04-23,9.18,retail
C02259,2026-04-23,35.33,retail
C02467,2026-04-23,48.69,retail
C02582,2026-04-23,19.51,retail
C02814,2026-04-23,14.92,retail
C02923,2026-04-23,18.58,retail
C02960,2026-04-23,118.13,retail
C02993,2026-04-23,16.26,retail
C02994,2026-04-23,33.75,retail
C03131,2026-04-23,46.73,retail
C03176,2026-04-23,20.35,retail
C03274,2026-04-23,74.92,retail
C03359,2026-04-23,42.4,retail
C03397,2026-04-23,45.22,retail
C03404,2026-04-23,30.68,retail
C03451,2026-04-23,46.47,retail
C03480,2026-04-23,34.95,retail
C03488,2026-04-23,25.96,retail
C03661,2026-04-23,63.62,retail
C03789,2026-04-23,32.27,retail
C03856,2026-04-23,29.81,retail
C03873,2026-04-23,22.61,retail
C03961,2026-04-23,17.89,retail
W005,2026-04-23,230.59,wholesale
W014,2026-04-23,249.46,wholesale
W019,2026-04-23,497.18,wholesale
W022,2026-04-23,510.41,wholesale
C00051,2026-04-24,37.41,retail
C00079,2026-04-24,59.12,retail
C00204,2026-04-24,24.31,retail
C00223,2026-04-24,42.48,retail
C00250,2026-04-24,23.97,retail
C00263,2026-04-24,8.1,retail
C00295,2026-04-24,94.45,retail
C00361,2026-04-24,30.5,retail
C00379,2026-04-24,58.74,retail
C00420,2026-04-24,16.18,retail
C00450,2026-04-24,30.58,retail
C00583,2026-04-24,27.16,retail
C00650,2026-04-24,34.73,retail
C00658,2026-04-24,36.2,retail
C00889,2026-04-24,21.09,retail
C01010,2026-04-24,71.76,retail
C01061,2026-04-24,33.85,retail
C01348,2026-04-24,63.94,retail
C01517,2026-04-24,29.44,retail
C01526,2026-04-24,21.28,retail
C01660,2026-04-24,55.77,retail
C01669,2026-04-24,17.93,retail
C01673,2026-04-24,28.99,retail
C01740,2026-04-24,49.94,retail
C01869,2026-04-24,38.21,retail
C01941,2026-04-24,94.65,retail
C02013,2026-04-24,37.6,retail
C02184,2026-04-24,18.44,retail
C02239,2026-04-24,36.74,retail
C02320,2026-04-24,24.76,retail
C02357,2026-04-24,25.96,retail
C02362,2026-04-24,78.23,retail
C02407,2026-04-24,18.61,retail
C02481,2026-04-24,23.15,retail
C02958,2026-04-24,19.71,retail
C02987,2026-04-24,25.25,retail
C03205,2026-04-24,93.42,retail
C03283,2026-04-24,19.38,retail
C03320,2026-04-24,36.87,retail
C03338,2026-04-24,22.49,retail
C03506,2026-04-24,30.11,retail
C03670,2026-04-24,43.22,retail
C03752,2026-04-24,86.25,retail
C03944,2026-04-24,23.07,retail
W013,2026-04-24,244.17,wholesale
W013,2026-04-24,241.12,wholesale
W014,2026-04-24,174.96,wholesale
W025,2026-04-24,148.52,wholesale
C00027,2026-04-25,30.3,retail
C00041,2026-04-25,8.0,retail
C00071,2026-04-25,30.32,retail
C00124,2026-04-25,22.49,retail
C00151,2026-04-25,32.21,retail
C00190,2026-04-25,63.6,retail
C00216,2026-04-25,18.15,retail
C00392,2026-04-25,57.4,retail
C00430,2026-04-25,29.64,retail
C00453,2026-04-25,38.8,retail
C00819,2026-04-25,40.78,retail
C00867,2026-04-25,25.62,retail
C00939,2026-04-25,55.85,retail
C01021,2026-04-25,42.29,retail
C01022,2026-04-25,54.08,retail
C01025,2026-04-25,31.69,retail
C01071,2026-04-25,41.5,retail
C01175,2026-04-25,56.14,retail
C01274,2026-04-25,44.09,retail
C01328,2026-04-25,55.87,retail
C01377,2026-04-25,112.07,retail
C01501,2026-04-25,18.44,retail
C01586,2026-04-25,25.04,retail
C01590,2026-04-25,8.15,retail
C01786,2026-04-25,32.0,retail
C01945,2026-04-25,48.49,retail
C02058,2026-04-25,36.3,retail
C02220,2026-04-25,29.88,retail
C02231,2026-04-25,27.51,retail
C02250,2026-04-25,20.84,retail
C02393,2026-04-25,31.65,retail
C02411,2026-04-25,44.77,retail
C02477,2026-04-25,47.56,retail
C02492,2026-04-25,12.85,retail
C02509,2026-04-25,61.23,retail
C02556,2026-04-25,38.5,retail
C02557,2026-04-25,58.58,retail
C02606,2026-04-25,14.36,retail
C02643,2026-04-25,39.87,retail
C02691,2026-04-25,33.41,retail
C02729,2026-04-25,118.96,retail
C02757,2026-04-25,106.79,retail
C02854,2026-04-25,33.49,retail
C03004,2026-04-25,39.16,retail
C03011,2026-04-25,54.98,retail
C03077,2026-04-25,71.72,retail
C03133,2026-04-25,46.78,retail
C03148,2026-04-25,19.78,retail
C03161,2026-04-25,35.29,retail
C03303,2026-04-25,18.89,retail
C03322,2026-04-25,186.06,retail
C03368,2026-04-25,21.69,retail
C03425,2026-04-25,28.95,retail
C03587,2026-04-25,38.92,retail
C03597,2026-04-25,58.97,retail
C03602,2026-04-25,53.26,retail
C03673,2026-04-25,39.84,retail
C03736,2026-04-25,32.07,retail
C03832,2026-04-25,27.58,retail
W006,2026-04-25,335.88,wholesale
W026,2026-04-25,97.54,wholesale
C00007,2026-04-26,16.33,retail
C00245,2026-04-26,32.28,retail
C00352,2026-04-26,21.17,retail
C00384,2026-04-26,87.72,retail
C00437,2026-04-26,27.83,retail
C00540,2026-04-26,17.89,retail
C00545,2026-04-26,59.82,retail
C00746,2026-04-26,34.05,retail
C00763,2026-04-26,26.62,retail
C00776,2026-04-26,13.7,retail
C00784,2026-04-26,21.63,retail
C00797,2026-04-26,23.69,retail
C00849,2026-04-26,58.94,retail
C00862,2026-04-26,32.85,retail
C00902,2026-04-26,44.32,retail
C00948,2026-04-26,22.15,retail
C00950,2026-04-26,64.14,retail
C00957,2026-04-26,22.73,retail
C00966,2026-04-26,56.62,retail
C01042,2026-04-26,142.27,retail
C01101,2026-04-26,13.04,retail
C01153,2026-04-26,72.56,retail
C01170,2026-04-26,144.83,retail
C01338,2026-04-26,27.96,retail
C01357,2026-04-26,26.36,retail
C01480,2026-04-26,56.13,retail
C01513,2026-04-26,44.97,retail
C01640,2026-04-26,24.83,retail
C01756,2026-04-26,65.17,retail
C01898,2026-04-26,24.96,retail
C01941,2026-04-26,34.16,retail
C01981,2026-04-26,43.21,retail
C01992,2026-04-26,48.41,retail
C02032,2026-04-26,13.75,retail
C02047,2026-04-26,22.37,retail
C02058,2026-04-26,13.92,retail
C02241,2026-04-26,60.47,retail
C02315,2026-04-26,48.82,retail
C02329,2026-04-26,62.15,retail
C02376,2026-04-26,35.45,retail
C02397,2026-04-26,19.19,retail
C02422,2026-04-26,27.53,retail
C02423,2026-04-26,11.27,retail
C02483,2026-04-26,27.66,retail
C02485,2026-04-26,61.35,retail
C02561,2026-04-26,91.91,retail
C02618,2026-04-26,22.87,retail
C02897,2026-04-26,13.35,retail
C02931,2026-04-26,41.95,retail
C02957,2026-04-26,34.61,retail
C02960,2026-04-26,19.63,retail
C02963,2026-04-26,36.01,retail
C03097,2026-04-26,51.35,retail
C03143,2026-04-26,25.8,retail
C03194,2026-04-26,61.01,retail
C03315,2026-04-26,15.72,retail
C03350,2026-04-26,32.31,retail
C03361,2026-04-26,31.46,retail
C03386,2026-04-26,23.59,retail
C03438,2026-04-26,11.26,retail
C03451,2026-04-26,16.29,retail
C03461,2026-04-26,72.6,retail
C03543,2026-04-26,28.29,retail
C03648,2026-04-26,19.77,retail
C03783,2026-04-26,44.18,retail
C03968,2026-04-26,28.32,retail
W010,2026-04-26,204.04,wholesale
W020,2026-04-26,91.55,wholesale
W026,2026-04-26,298.73,wholesale
W027,2026-04-26,246.85,wholesale
C00120,2026-04-27,43.24,retail
C00170,2026-04-27,32.95,retail
C00350,2026-04-27,20.56,retail
C00377,2026-04-27,35.84,retail
C00466,2026-04-27,45.32,retail
C00481,2026-04-27,21.27,retail
C00575,2026-04-27,44.22,retail
C00686,2026-04-27,62.62,retail
C00695,2026-04-27,13.15,retail
C00739,2026-04-27,31.07,retail
C00755,2026-04-27,177.17,retail
C00764,2026-04-27,42.52,retail
C00868,2026-04-27,27.28,retail
C00927,2026-04-27,54.6,retail
C01028,2026-04-27,88.47,retail
C01214,2026-04-27,63.02,retail
C01282,2026-04-27,52.99,retail
C01329,2026-04-27,45.4,retail
C01332,2026-04-27,84.43,retail
C01519,2026-04-27,53.08,retail
C01628,2026-04-27,92.35,retail
C01655,2026-04-27,25.14,retail
C01729,2026-04-27,35.3,retail
C01761,2026-04-27,43.8,retail
C01811,2026-04-27,32.76,retail
C01896,2026-04-27,28.05,retail
C01956,2026-04-27,33.1,retail
C01985,2026-04-27,26.53,retail
C01990,2026-04-27,44.54,retail
C02007,2026-04-27,31.59,retail
C02055,2026-04-27,38.17,retail
C02088,2026-04-27,75.12,retail
C02152,2026-04-27,41.24,retail
C02199,2026-04-27,34.61,retail
C02263,2026-04-27,42.99,retail
C02569,2026-04-27,14.38,retail
C02643,2026-04-27,83.68,retail
C02645,2026-04-27,39.37,retail
C02669,2026-04-27,39.57,retail
C02684,2026-04-27,71.29,retail
C02799,2026-04-27,109.53,retail
C02814,2026-04-27,33.21,retail
C02919,2026-04-27,33.97,retail
C02986,2026-04-27,51.16,retail
C03107,2026-04-27,21.34,retail
C03107,2026-04-27,36.01,retail
C03161,2026-04-27,41.83,retail
C03181,2026-04-27,31.15,retail
C03231,2026-04-27,20.11,retail
C03260,2026-04-27,62.71,retail
C03316,2026-04-27,59.64,retail
C03411,2026-04-27,29.64,retail
C03440,2026-04-27,18.17,retail
C03549,2026-04-27,55.89,retail
C03654,2026-04-27,21.69,retail
C03859,2026-04-27,51.44,retail
C03933,2026-04-27,66.5,retail
C00000,2026-04-28,64.78,retail
C00018,2026-04-28,37.56,retail
C00129,2026-04-28,14.82,retail
C00187,2026-04-28,38.13,retail
C00230,2026-04-28,52.5,retail
C00556,2026-04-28,34.61,retail
C00970,2026-04-28,50.67,retail
C01056,2026-04-28,20.32,retail
C01109,2026-04-28,110.71,retail
C01267,2026-04-28,29.32,retail
C01267,2026-04-28,56.12,retail
C01329,2026-04-28,59.91,retail
C01370,2026-04-28,18.6,retail
C01426,2026-04-28,81.2,retail
C01481,2026-04-28,33.24,retail
C01493,2026-04-28,21.78,retail
C01592,2026-04-28,16.44,retail
C01702,2026-04-28,43.14,retail
C01797,2026-04-28,25.46,retail
C01801,2026-04-28,34.5,retail
C01914,2026-04-28,16.83,retail
C01924,2026-04-28,54.85,retail
C01972,2026-04-28,43.61,retail
C02037,2026-04-28,24.27,retail
C02222,2026-04-28,37.53,retail
C02250,2026-04-28,20.96,retail
C02332,2026-04-28,17.01,retail
C02430,2026-04-28,44.75,retail
C02468,2026-04-28,18.75,retail
C02660,2026-04-28,31.01,retail
C02667,2026-04-28,52.62,retail
C02845,2026-04-28,25.3,retail
C02963,2026-04-28,31.5,retail
C03014,2026-04-28,87.55,retail
C03160,2026-04-28,35.53,retail
C03214,2026-04-28,88.59,retail
C03265,2026-04-28,40.84,retail
C03298,2026-04-28,52.89,retail
C03312,2026-04-28,47.98,retail
C03326,2026-04-28,22.17,retail
C03364,2026-04-28,26.59,retail
C03398,2026-04-28,72.01,retail
C03681,2026-04-28,49.67,retail
C03787,2026-04-28,33.92,retail
C03886,2026-04-28,17.7,retail
C03991,2026-04-28,60.2,retail
W003,2026-04-28,193.55,wholesale
W028,2026-04-28,272.16,wholesale
C00169,2026-05-01,62.38,retail
C00208,2026-05-01,31.56,retail
C00251,2026-05-01,16.36,retail
C00267,2026-05-01,38.44,retail
C00411,2026-05-01,9.09,retail
C00450,2026-05-01,36.76,retail
C00575,2026-05-01,74.49,retail
C00588,2026-05-01,64.64,retail
C00632,2026-05-01,12.78,retail
C00645,2026-05-01,19.2,retail
C00686,2026-05-01,32.53,retail
C00856,2026-05-01,18.48,retail
C00885,2026-05-01,29.23,retail
C00963,2026-05-01,59.15,retail
C01057,2026-05-01,42.93,retail
C01069,2026-05-01,24.11,retail
C01126,2026-05-01,73.01,retail
C01153,2026-05-01,46.89,retail
C01156,2026-05-01,63.31,retail
C01318,2026-05-01,15.92,retail
C01484,2026-05-01,66.87,retail
C01589,2026-05-01,74.86,retail
C01627,2026-05-01,7.59,retail
C01667,2026-05-01,48.64,retail
C01773,2026-05-01,41.83,retail
C01806,2026-05-01,36.22,retail
C01813,2026-05-01,53.27,retail
C01836,2026-05-01,20.71,retail
C01843,2026-05-01,45.22,retail
C01928,2026-05-01,63.12,retail
C02032,2026-05-01,38.44,retail
C02306,2026-05-01,45.0,retail
C02337,2026-05-01,64.61,retail
C02365,2026-05-01,22.1,retail
C02389,2026-05-01,8.97,retail
C02495,2026-05-01,84.15,retail
C02540,2026-05-01,23.21,retail
C02620,2026-05-01,79.53,retail
C02637,2026-05-01,132.5,retail
C02704,2026-05-01,19.09,retail
C02736,2026-05-01,21.49,retail
C02882,2026-05-01,31.52,retail
C02987,2026-05-01,59.52,retail
C03107,2026-05-01,26.55,retail
C03232,2026-05-01,25.36,retail
C03421,2026-05-01,41.48,retail
C03437,2026-05-01,24.23,retail
C03506,2026-05-01,31.44,retail
C03685,2026-05-01,45.73,retail
C03782,2026-05-01,56.58,retail
C03818,2026-05-01,13.19,retail
C03841,2026-05-01,30.89,retail
C03842,2026-05-01,117.32,retail
C03874,2026-05-01,28.62,retail
C03877,2026-05-01,58.91,retail
C03944,2026-05-01,30.49,retail
W003,2026-05-01,405.68,wholesale
W025,2026-05-01,501.58,wholesale
W027,2026-05-01,225.83,wholesale
C00147,2026-05-02,23.91,retail
C00172,2026-05-02,55.84,retail
C00299,2026-05-02,51.6,retail
C00326,2026-05-02,31.07,retail
C00428,2026-05-02,45.92,retail
C00481,2026-05-02,19.38,retail
C00484,2026-05-02,51.05,retail
C00522,2026-05-02,12.39,retail
C00574,2026-05-02,85.84,retail
C00579,2026-05-02,28.59,retail
C00725,2026-05-02,52.56,retail
C00842,2026-05-02,45.3,retail
C00898,2026-05-02,40.27,retail
C00955,2026-05-02,24.1,retail
C01035,2026-05-02,31.14,retail
C01097,2026-05-02,55.65,retail
C01103,2026-05-02,20.12,retail
C01241,2026-05-02,69.16,retail
C01358,2026-05-02,43.69,retail
C01417,2026-05-02,28.89,retail
C01488,2026-05-02,31.41,retail
C01509,2026-05-02,86.2,retail
C01532,2026-05-02,38.88,retail
C01557,2026-05-02,34.63,retail
C01685,2026-05-02,53.22,retail
C01723,2026-05-02,110.33,retail
C01736,2026-05-02,65.5,retail
C01765,2026-05-02,20.46,retail
C02015,2026-05-02,32.76,retail
C02019,2026-05-02,43.61,retail
C02182,2026-05-02,71.44,retail
C02211,2026-05-02,67.85,retail
C02287,2026-05-02,101.57,retail
C02298,2026-05-02,27.47,retail
C02351,2026-05-02,17.07,retail
C02485,2026-05-02,18.14,retail
C02540,2026-05-02,13.19,retail
C02599,2026-05-02,17.0,retail
C02610,2026-05-02,68.34,retail
C02633,2026-05-02,39.87,retail
C02642,2026-05-02,7.73,retail
C02784,2026-05-02,39.18,retail
C02826,2026-05-02,17.23,retail
C02843,2026-05-02,19.9,retail
C02869,2026-05-02,31.85,retail
C02878,2026-05-02,38.57,retail
C02921,2026-05-02,19.13,retail
C03098,2026-05-02,15.05,retail
C03213,2026-05-02,16.76,retail
C03226,2026-05-02,52.95,retail
C03290,2026-05-02,12.76,retail
C03317,2026-05-02,73.39,retail
C03362,2026-05-02,39.17,retail
C03415,2026-05-02,29.56,retail
C03737,2026-05-02,47.22,retail
C03807,2026-05-02,78.28,retail
C03808,2026-05-02,54.82,retail
C03910,2026-05-02,74.8,retail
W000,2026-05-02,173.62,wholesale
W024,2026-05-02,300.31,wholesale
W026,2026-05-02,216.98,wholesale
C00063,2026-05-03,22.89,retail
C00111,2026-05-03,33.06,retail
C00124,2026-05-03,47.88,retail
C00484,2026-05-03,34.31,retail
C00568,2026-05-03,31.74,retail
C00581,2026-05-03,43.62,retail
C00643,2026-05-03,11.62,retail
C00697,2026-05-03,47.86,retail
C00710,2026-05-03,21.37,retail
C00835,2026-05-03,37.85,retail
C00962,2026-05-03,65.87,retail
C01009,2026-05-03,81.73,retail
C01080,2026-05-03,12.08,retail
C01147,2026-05-03,39.65,retail
C01239,2026-05-03,13.27,retail
C01246,2026-05-03,58.89,retail
C01419,2026-05-03,22.17,retail
C01486,2026-05-03,36.3,retail
C01523,2026-05-03,61.94,retail
C01606,2026-05-03,131.03,retail
C01664,2026-05-03,40.8,retail
C01680,2026-05-03,41.87,retail
C01684,2026-05-03,73.46,retail
C01766,2026-05-03,26.39,retail
C01786,2026-05-03,13.84,retail
C01811,2026-05-03,30.16,retail
C01877,2026-05-03,40.74,retail
C01920,2026-05-03,64.48,retail
C01990,2026-05-03,15.73,retail
C02099,2026-05-03,22.53,retail
C02171,2026-05-03,40.47,retail
C02201,2026-05-03,27.84,retail
C02201,2026-05-03,168.95,retail
C02254,2026-05-03,31.78,retail
C02343,2026-05-03,51.28,retail
C02343,2026-05-03,17.66,retail
C02410,2026-05-03,24.93,retail
C02547,2026-05-03,36.19,retail
C02612,2026-05-03,24.9,retail
C02691,2026-05-03,25.83,retail
C02836,2026-05-03,13.77,retail
C02905,2026-05-03,19.39,retail
C02987,2026-05-03,21.3,retail
C03181,2026-05-03,29.93,retail
C03203,2026-05-03,22.36,retail
C03221,2026-05-03,38.72,retail
C03306,2026-05-03,35.49,retail
C03323,2026-05-03,51.64,retail
C03392,2026-05-03,73.8,retail
C03438,2026-05-03,17.25,retail
C03469,2026-05-03,41.2,retail
C03487,2026-05-03,31.28,retail
C03502,2026-05-03,14.61,retail
C03583,2026-05-03,49.9,retail
C03589,2026-05-03,46.19,retail
C03640,2026-05-03,28.68,retail
C03782,2026-05-03,93.73,retail
C03806,2026-05-03,38.75,retail
C03855,2026-05-03,33.72,retail
C03897,2026-05-03,255.92,retail
C03913,2026-05-03,28.5,retail
C03940,2026-05-03,33.46,retail
W006,2026-05-03,178.19,wholesale
W007,2026-05-03,241.58,wholesale
W009,2026-05-03,173.86,wholesale
W017,2026-05-03,111.95,wholesale
W019,2026-05-03,173.81,wholesale
W023,2026-05-03,102.61,wholesale
W029,2026-05-03,144.37,wholesale
C00016,2026-05-04,48.18,retail
C00023,2026-05-04,34.32,retail
C00126,2026-05-04,11.69,retail
C00151,2026-05-04,19.16,retail
C00262,2026-05-04,39.88,retail
C00264,2026-05-04,33.02,retail
C00280,2026-05-04,30.17,retail
C00314,2026-05-04,12.53,retail
C00337,2026-05-04,36.23,retail
C00624,2026-05-04,40.1,retail
C00624,2026-05-04,15.99,retail
C00638,2026-05-04,31.04,retail
C00695,2026-05-04,36.58,retail
C00761,2026-05-04,21.91,retail
C00767,2026-05-04,48.05,retail
C00808,2026-05-04,54.46,retail
C00970,2026-05-04,25.34,retail
C01053,2026-05-04,37.74,retail
C01175,2026-05-04,18.66,retail
C01210,2026-05-04,45.75,retail
C01378,2026-05-04,14.24,retail
C01547,2026-05-04,21.67,retail
C01621,2026-05-04,45.47,retail
C01727,2026-05-04,52.99,retail
C02001,2026-05-04,25.82,retail
C02013,2026-05-04,61.08,retail
C02174,2026-05-04,65.9,retail
C02184,2026-05-04,54.15,retail
C02185,2026-05-04,20.76,retail
C02244,2026-05-04,45.18,retail
C02483,2026-05-04,34.46,retail
C02643,2026-05-04,51.26,retail
C02679,2026-05-04,40.56,retail
C03021,2026-05-04,28.22,retail
C03045,2026-05-04,67.49,retail
C03048,2026-05-04,6.58,retail
C03113,2026-05-04,31.03,retail
C03116,2026-05-04,32.34,retail
C03167,2026-05-04,53.0,retail
C03197,2026-05-04,8.51,retail
C03345,2026-05-04,24.51,retail
C03417,2026-05-04,39.98,retail
C03625,2026-05-04,106.86,retail
C03762,2026-05-04,39.4,retail
C03891,2026-05-04,44.61,retail
W005,2026-05-04,234.64,wholesale
W008,2026-05-04,267.96,wholesale
W012,2026-05-04,209.19,wholesale
W029,2026-05-04,181.12,wholesale
C00007,2026-05-05,19.91,retail
C00025,2026-05-05,75.35,retail
C00140,2026-05-05,50.1,retail
C00176,2026-05-05,46.79,retail
C00270,2026-05-05,24.17,retail
C00290,2026-05-05,78.5,retail
C00378,2026-05-05,37.1,retail
C00426,2026-05-05,68.32,retail
C00498,2026-05-05,62.43,retail
C00545,2026-05-05,53.48,retail
C00674,2026-05-05,31.53,retail
C00695,2026-05-05,68.84,retail
C00845,2026-05-05,25.99,retail
C00948,2026-05-05,22.08,retail
C01163,2026-05-05,19.42,retail
C01186,2026-05-05,63.71,retail
C01200,2026-05-05,51.59,retail
C01250,2026-05-05,19.87,retail
C01307,2026-05-05,19.52,retail
C01412,2026-05-05,21.65,retail
C01415,2026-05-05,48.2,retail
C01621,2026-05-05,33.69,retail
C01647,2026-05-05,13.56,retail
C01694,2026-05-05,75.7,retail
C01790,2026-05-05,32.2,retail
C01815,2026-05-05,30.42,retail
C01983,2026-05-05,31.55,retail
C02306,2026-05-05,14.98,retail
C02514,2026-05-05,15.51,retail
C02555,2026-05-05,17.25,retail
C02556,2026-05-05,191.34,retail
C02586,2026-05-05,16.59,retail
C02792,2026-05-05,50.37,retail
C02855,2026-05-05,23.4,retail
C02936,2026-05-05,20.72,retail
C02993,2026-05-05,59.3,retail
C03016,2026-05-05,23.75,retail
C03048,2026-05-05,24.98,retail
C03078,2026-05-05,36.59,retail
C03090,2026-05-05,85.89,retail
C03107,2026-05-05,30.28,retail
C03125,2026-05-05,40.55,retail
C03176,2026-05-05,21.44,retail
C03228,2026-05-05,27.01,retail
C03276,2026-05-05,40.04,retail
C03315,2026-05-05,28.74,retail
C03317,2026-05-05,26.11,retail
C03370,2026-05-05,96.92,retail
C03459,2026-05-05,35.55,retail
C03566,2026-05-05,16.98,retail
C03697,2026-05-05,42.59,retail
C03771,2026-05-05,53.27,retail
C03786,2026-05-05,14.81,retail
C03799,2026-05-05,34.67,retail
C03811,2026-05-05,16.26,retail
C03839,2026-05-05,33.07,retail
C03946,2026-05-05,23.21,retail
W005,2026-05-05,376.45,wholesale
W012,2026-05-05,128.97,wholesale
W012,2026-05-05,242.13,wholesale
W015,2026-05-05,167.92,wholesale
W020,2026-05-05,205.89,wholesale
W028,2026-05-05,122.57,wholesale
C00051,2026-05-06,34.14,retail
C00182,2026-05-06,26.58,retail
C00215,2026-05-06,12.43,retail
C00471,2026-05-06,41.27,retail
C00575,2026-05-06,14.16,retail
C00606,2026-05-06,60.81,retail
C00619,2026-05-06,43.81,retail
C00644,2026-05-06,19.02,retail
C00762,2026-05-06,13.14,retail
C00808,2026-05-06,24.02,retail
C00860,2026-05-06,30.74,retail
C00894,2026-05-06,53.79,retail
C00974,2026-05-06,17.14,retail
C01020,2026-05-06,36.13,retail
C01101,2026-05-06,30.18,retail
C01210,2026-05-06,8.73,retail
C01495,2026-05-06,41.45,retail
C01541,2026-05-06,36.78,retail
C01591,2026-05-06,23.31,retail
C01593,2026-05-06,52.3,retail
C01599,2026-05-06,54.5,retail
C01630,2026-05-06,31.64,retail
C01753,2026-05-06,14.89,retail
C01953,2026-05-06,42.09,retail
C01972,2026-05-06,21.61,retail
C02052,2026-05-06,13.31,retail
C02166,2026-05-06,39.17,retail
C02170,2026-05-06,32.76,retail
C02184,2026-05-06,8.42,retail
C02190,2026-05-06,34.25,retail
C02300,2026-05-06,23.39,retail
C02367,2026-05-06,26.81,retail
C02421,2026-05-06,48.8,retail
C02605,2026-05-06,24.97,retail
C02697,2026-05-06,17.47,retail
C02713,2026-05-06,32.56,retail
C02726,2026-05-06,15.34,retail
C02803,2026-05-06,34.75,retail
C02852,2026-05-06,33.12,retail
C02957,2026-05-06,29.08,retail
C02983,2026-05-06,57.54,retail
C03131,2026-05-06,64.29,retail
C03143,2026-05-06,24.97,retail
C03245,2026-05-06,27.78,retail
C03286,2026-05-06,35.58,retail
C03292,2026-05-06,15.48,retail
C03303,2026-05-06,117.05,retail
C03334,2026-05-06,17.61,retail
C03386,2026-05-06,32.89,retail
C03545,2026-05-06,42.22,retail
C03552,2026-05-06,30.14,retail
C03563,2026-05-06,14.72,retail
C03708,2026-05-06,29.38,retail
C03799,2026-05-06,52.44,retail
C03819,2026-05-06,29.55,retail
C03967,2026-05-06,40.18,retail
C03970,2026-05-06,27.1,retail
W003,2026-05-06,321.13,wholesale
W005,2026-05-06,221.22,wholesale
W014,2026-05-06,280.37,wholesale
C00024,2026-05-07,15.24,retail
C00090,2026-05-07,35.72,retail
C00142,2026-05-07,22.89,retail
C00171,2026-05-07,24.06,retail
C00368,2026-05-07,22.69,retail
C00427,2026-05-07,68.62,retail
C00445,2026-05-07,13.86,retail
C00456,2026-05-07,61.2,retail
C00535,2026-05-07,13.78,retail
C00566,2026-05-07,22.31,retail
C00574,2026-05-07,30.4,retail
C00607,2026-05-07,38.64,retail
C00671,2026-05-07,22.53,retail
C00691,2026-05-07,57.37,retail
C00778,2026-05-07,46.77,retail
C00837,2026-05-07,12.94,retail
C00890,2026-05-07,20.77,retail
C00996,2026-05-07,83.75,retail
C01009,2026-05-07,31.21,retail
C01028,2026-05-07,59.89,retail
C01193,2026-05-07,56.33,retail
C01326,2026-05-07,70.22,retail
C01387,2026-05-07,26.72,retail
C01527,2026-05-07,41.38,retail
C01557,2026-05-07,77.76,retail
C01561,2026-05-07,50.97,retail
C01608,2026-05-07,29.2,retail
C01630,2026-05-07,62.87,retail
C01673,2026-05-07,39.86,retail
C01683,2026-05-07,44.42,retail
C01700,2026-05-07,36.28,retail
C01786,2026-05-07,15.39,retail
C01796,2026-05-07,35.7,retail
C01835,2026-05-07,30.15,retail
C01876,2026-05-07,23.01,retail
C01979,2026-05-07,77.62,retail
C02006,2026-05-07,28.92,retail
C02148,2026-05-07,28.63,retail
C02169,2026-05-07,38.53,retail
C02273,2026-05-07,36.08,retail
C02376,2026-05-07,75.59,retail
C02400,2026-05-07,88.14,retail
C02560,2026-05-07,33.81,retail
C02562,2026-05-07,35.89,retail
C02568,2026-05-07,35.12,retail
C02615,2026-05-07,30.96,retail
C02750,2026-05-07,36.25,retail
C02788,2026-05-07,7.48,retail
C02865,2026-05-07,15.93,retail
C02904,2026-05-07,55.4,retail
C02923,2026-05-07,22.02,retail
C02934,2026-05-07,48.98,retail
C02979,2026-05-07,56.77,retail
C02994,2026-05-07,55.32,retail
C03018,2026-05-07,16.05,retail
C03210,2026-05-07,21.13,retail
C03305,2026-05-07,53.93,retail
C03350,2026-05-07,103.91,retail
C03355,2026-05-07,39.06,retail
C03522,2026-05-07,61.05,retail
C03636,2026-05-07,49.4,retail
C03649,2026-05-07,40.04,retail
C03690,2026-05-07,20.82,retail
C03736,2026-05-07,45.12,retail
C03742,2026-05-07,30.14,retail
C03914,2026-05-07,42.88,retail
C03938,2026-05-07,62.47,retail
C03997,2026-05-07,58.52,retail
W004,2026-05-07,117.52,wholesale
W010,2026-05-07,241.77,wholesale
W010,2026-05-07,330.54,wholesale
W022,2026-05-07,253.35,wholesale
W026,2026-05-07,207.93,wholesale
C00217,2026-05-08,73.25,retail
C00219,2026-05-08,11.57,retail
C00423,2026-05-08,58.38,retail
C00788,2026-05-08,72.68,retail
C00883,2026-05-08,28.07,retail
C00929,2026-05-08,69.1,retail
C00970,2026-05-08,35.07,retail
C00988,2026-05-08,34.04,retail
C01051,2026-05-08,45.31,retail
C01109,2026-05-08,34.19,retail
C01202,2026-05-08,62.66,retail
C01214,2026-05-08,22.23,retail
C01220,2026-05-08,53.25,retail
C01314,2026-05-08,35.14,retail
C01348,2026-05-08,71.55,retail
C01357,2026-05-08,151.95,retail
C01362,2026-05-08,19.82,retail
C01412,2026-05-08,25.02,retail
C01446,2026-05-08,130.64,retail
C01542,2026-05-08,23.95,retail
C01566,2026-05-08,52.45,retail
C01582,2026-05-08,24.36,retail
C01667,2026-05-08,30.66,retail
C01732,2026-05-08,43.41,retail
C01834,2026-05-08,23.04,retail
C01998,2026-05-08,28.8,retail
C02060,2026-05-08,40.01,retail
C02102,2026-05-08,17.78,retail
C02269,2026-05-08,100.15,retail
C02361,2026-05-08,24.11,retail
C02411,2026-05-08,23.11,retail
C02655,2026-05-08,31.01,retail
C02672,2026-05-08,42.32,retail
C02799,2026-05-08,14.33,retail
C02835,2026-05-08,12.18,retail
C02916,2026-05-08,53.82,retail
C02923,2026-05-08,30.98,retail
C02937,2026-05-08,144.27,retail
C03058,2026-05-08,31.1,retail
C03077,2026-05-08,18.17,retail
C03144,2026-05-08,66.49,retail
C03291,2026-05-08,34.03,retail
C03331,2026-05-08,65.86,retail
C03367,2026-05-08,18.15,retail
C03404,2026-05-08,23.09,retail
C03424,2026-05-08,82.48,retail
C03446,2026-05-08,27.73,retail
C03462,2026-05-08,72.24,retail
C03492,2026-05-08,26.48,retail
C03497,2026-05-08,25.58,retail
C03514,2026-05-08,24.73,retail
C03590,2026-05-08,17.2,retail
C03623,2026-05-08,71.21,retail
C03675,2026-05-08,63.71,retail
C03771,2026-05-08,22.01,retail
C03839,2026-05-08,69.7,retail
C03921,2026-05-08,19.66,retail
W001,2026-05-08,140.95,wholesale
W021,2026-05-08,137.52,wholesale
W024,2026-05-08,225.11,wholesale
W025,2026-05-08,174.92,wholesale
W029,2026-05-08,264.7,wholesale
C00275,2026-05-09,57.23,retail
C00291,2026-05-09,45.34,retail
C00347,2026-05-09,20.74,retail
C00427,2026-05-09,39.07,retail
C00525,2026-05-09,22.22,retail
C00779,2026-05-09,33.71,retail
C00862,2026-05-09,25.09,retail
C00869,2026-05-09,57.0,retail
C00930,2026-05-09,85.78,retail
C00934,2026-05-09,25.49,retail
C01077,2026-05-09,31.02,retail
C01079,2026-05-09,19.31,retail
C01121,2026-05-09,14.47,retail
C01189,2026-05-09,19.19,retail
C01208,2026-05-09,30.22,retail
C01244,2026-05-09,61.08,retail
C01249,2026-05-09,18.31,retail
C01317,2026-05-09,46.32,retail
C01329,2026-05-09,46.05,retail
C01545,2026-05-09,54.75,retail
C01596,2026-05-09,34.54,retail
C01640,2026-05-09,94.1,retail
C01685,2026-05-09,44.67,retail
C01848,2026-05-09,15.62,retail
C01924,2026-05-09,30.71,retail
C01937,2026-05-09,27.2,retail
C02130,2026-05-09,77.91,retail
C02157,2026-05-09,43.94,retail
C02273,2026-05-09,37.64,retail
C02278,2026-05-09,77.84,retail
C02335,2026-05-09,45.14,retail
C02393,2026-05-09,74.81,retail
C02461,2026-05-09,23.55,retail
C02589,2026-05-09,19.44,retail
C02638,2026-05-09,47.78,retail
C02692,2026-05-09,53.44,retail
C02746,2026-05-09,87.55,retail
C02776,2026-05-09,52.43,retail
C02807,2026-05-09,30.3,retail
C02978,2026-05-09,28.66,retail
C02981,2026-05-09,10.08,retail
C03133,2026-05-09,26.55,retail
C03184,2026-05-09,48.51,retail
C03215,2026-05-09,16.5,retail
C03243,2026-05-09,79.54,retail
C03248,2026-05-09,39.68,retail
C03341,2026-05-09,102.35,retail
C03493,2026-05-09,20.56,retail
C03788,2026-05-09,38.09,retail
C03798,2026-05-09,104.14,retail
C03886,2026-05-09,17.74,retail
C03952,2026-05-09,53.47,retail
W000,2026-05-09,387.39,wholesale
W001,2026-05-09,365.03,wholesale
W006,2026-05-09,225.01,wholesale
W015,2026-05-09,135.7,wholesale
W020,2026-05-09,159.6,wholesale
W027,2026-05-09,540.74,wholesale
C00000,2026-05-10,49.79,retail
C00120,2026-05-10,58.27,retail
C00140,2026-05-10,72.05,retail
C00203,2026-05-10,24.65,retail
C00313,2026-05-10,74.0,retail
C00353,2026-05-10,39.93,retail
C00358,2026-05-10,33.38,retail
C00377,2026-05-10,14.21,retail
C00426,2026-05-10,74.14,retail
C00450,2026-05-10,12.49,retail
C00593,2026-05-10,57.71,retail
C00655,2026-05-10,65.99,retail
C00674,2026-05-10,59.99,retail
C00761,2026-05-10,74.55,retail
C00941,2026-05-10,27.49,retail
C00964,2026-05-10,15.18,retail
C00966,2026-05-10,79.23,retail
C01021,2026-05-10,14.1,retail
C01254,2026-05-10,39.43,retail
C01307,2026-05-10,26.27,retail
C01473,2026-05-10,70.93,retail
C01602,2026-05-10,21.39,retail
C01641,2026-05-10,28.42,retail
C01769,2026-05-10,23.28,retail
C01777,2026-05-10,33.35,retail
C01884,2026-05-10,16.87,retail
C01945,2026-05-10,101.93,retail
C01966,2026-05-10,50.69,retail
C01972,2026-05-10,57.91,retail
C02014,2026-05-10,18.29,retail
C02111,2026-05-10,13.98,retail
C02263,2026-05-10,52.2,retail
C02283,2026-05-10,40.11,retail
C02368,2026-05-10,26.15,retail
C02531,2026-05-10,58.84,retail
C02558,2026-05-10,53.77,retail
C02759,2026-05-10,46.12,retail
C02798,2026-05-10,98.59,retail
C02799,2026-05-10,86.47,retail
C02815,2026-05-10,76.33,retail
C02910,2026-05-10,31.3,retail
C02978,2026-05-10,40.31,retail
C02988,2026-05-10,22.58,retail
C03076,2026-05-10,82.04,retail
C03115,2026-05-10,46.0,retail
C03159,2026-05-10,19.04,retail
C03221,2026-05-10,17.45,retail
C03281,2026-05-10,30.83,retail
C03353,2026-05-10,112.61,retail
C03557,2026-05-10,18.24,retail
C03568,2026-05-10,24.43,retail
C03587,2026-05-10,32.73,retail
C03595,2026-05-10,19.33,retail
C03700,2026-05-10,24.88,retail
C03703,2026-05-10,27.61,retail
C03711,2026-05-10,88.13,retail
C03721,2026-05-10,75.99,retail
C03728,2026-05-10,33.8,retail
C03732,2026-05-10,54.67,retail
C03935,2026-05-10,19.1,retail
C03939,2026-05-10,70.79,retail
C03969,2026-05-10,21.92,retail
W013,2026-05-10,157.17,wholesale
W019,2026-05-10,268.9,wholesale
W026,2026-05-10,173.11,wholesale
W029,2026-05-10,254.75,wholesale
C00074,2026-05-11,47.43,retail
C00298,2026-05-11,53.38,retail
C00493,2026-05-11,32.0,retail
C00559,2026-05-11,19.83,retail
C00642,2026-05-11,46.03,retail
C00697,2026-05-11,39.77,retail
C00801,2026-05-11,66.98,retail
C00844,2026-05-11,47.32,retail
C01003,2026-05-11,20.89,retail
C01039,2026-05-11,21.02,retail
C01090,2026-05-11,26.78,retail
C01140,2026-05-11,93.1,retail
C01173,2026-05-11,29.88,retail
C01329,2026-05-11,34.4,retail
C01396,2026-05-11,66.22,retail
C01611,2026-05-11,22.16,retail
C01641,2026-05-11,56.13,retail
C01655,2026-05-11,68.49,retail
C01692,2026-05-11,41.06,retail
C01719,2026-05-11,60.88,retail
C01724,2026-05-11,69.87,retail
C01741,2026-05-11,31.73,retail
C01744,2026-05-11,56.78,retail
C01761,2026-05-11,25.75,retail
C01788,2026-05-11,29.26,retail
C01852,2026-05-11,36.09,retail
C02023,2026-05-11,32.63,retail
C02102,2026-05-11,48.08,retail
C02119,2026-05-11,30.15,retail
C02250,2026-05-11,31.98,retail
C02315,2026-05-11,17.51,retail
C02399,2026-05-11,43.78,retail
C02407,2026-05-11,26.77,retail
C02477,2026-05-11,22.97,retail
C02502,2026-05-11,16.78,retail
C02521,2026-05-11,36.76,retail
C02528,2026-05-11,20.44,retail
C02669,2026-05-11,18.16,retail
C02773,2026-05-11,27.8,retail
C02960,2026-05-11,27.73,retail
C02963,2026-05-11,168.9,retail
C03079,2026-05-11,108.31,retail
C03205,2026-05-11,49.16,retail
C03259,2026-05-11,21.23,retail
C03487,2026-05-11,16.26,retail
C03515,2026-05-11,30.08,retail
C03558,2026-05-11,51.37,retail
C03562,2026-05-11,19.85,retail
C03717,2026-05-11,13.01,retail
C03785,2026-05-11,37.5,retail
C03830,2026-05-11,37.44,retail
C03870,2026-05-11,96.62,retail
C03941,2026-05-11,58.93,retail
C03968,2026-05-11,25.68,retail
W003,2026-05-11,205.33,wholesale
W008,2026-05-11,163.07,wholesale
W010,2026-05-11,229.27,wholesale
W015,2026-05-11,257.63,wholesale
W016,2026-05-11,198.9,wholesale
C00032,2026-05-12,28.84,retail
C00209,2026-05-12,28.46,retail
C00256,2026-05-12,70.7,retail
C00263,2026-05-12,30.56,retail
C00329,2026-05-12,84.83,retail
C00343,2026-05-12,32.61,retail
C00488,2026-05-12,16.45,retail
C00513,2026-05-12,29.79,retail
C00569,2026-05-12,31.22,retail
C00587,2026-05-12,22.22,retail
C00588,2026-05-12,27.77,retail
C00619,2026-05-12,41.37,retail
C00637,2026-05-12,38.91,retail
C00641,2026-05-12,21.86,retail
C00658,2026-05-12,12.13,retail
C00669,2026-05-12,29.86,retail
C00699,2026-05-12,26.94,retail
C00833,2026-05-12,19.78,retail
C01028,2026-05-12,51.17,retail
C01061,2026-05-12,17.18,retail
C01095,2026-05-12,31.02,retail
C01247,2026-05-12,15.29,retail
C01274,2026-05-12,49.19,retail
C01302,2026-05-12,43.48,retail
C01411,2026-05-12,38.46,retail
C01440,2026-05-12,46.61,retail
C01498,2026-05-12,46.31,retail
C01500,2026-05-12,63.33,retail
C01523,2026-05-12,22.03,retail
C01610,2026-05-12,57.85,retail
C01747,2026-05-12,68.5,retail
C01765,2026-05-12,50.18,retail
C01777,2026-05-12,90.31,retail
C01941,2026-05-12,29.92,retail
C02002,2026-05-12,16.01,retail
C02037,2026-05-12,20.2,retail
C02039,2026-05-12,20.29,retail
C02090,2026-05-12,32.01,retail
C02092,2026-05-12,76.98,retail
C02114,2026-05-12,14.74,retail
C02285,2026-05-12,24.68,retail
C02303,2026-05-12,49.48,retail
C02329,2026-05-12,34.9,retail
C02451,2026-05-12,20.56,retail
C02509,2026-05-12,11.86,retail
C02539,2026-05-12,30.48,retail
C02566,2026-05-12,37.53,retail
C02652,2026-05-12,46.07,retail
C02658,2026-05-12,23.24,retail
C02664,2026-05-12,46.08,retail
C02770,2026-05-12,15.71,retail
C02784,2026-05-12,25.45,retail
C02797,2026-05-12,29.4,retail
C02803,2026-05-12,34.33,retail
C02852,2026-05-12,30.99,retail
C02860,2026-05-12,21.28,retail
C03046,2026-05-12,67.33,retail
C03231,2026-05-12,18.11,retail
C03254,2026-05-12,34.71,retail
C03269,2026-05-12,25.21,retail
C03362,2026-05-12,76.04,retail
C03424,2026-05-12,44.07,retail
C03640,2026-05-12,24.78,retail
C03681,2026-05-12,52.69,retail
C03904,2026-05-12,15.37,retail
W007,2026-05-12,279.68,wholesale
W016,2026-05-12,240.76,wholesale
W025,2026-05-12,181.49,wholesale
C00041,2026-05-13,28.25,retail
C00081,2026-05-13,24.69,retail
C00184,2026-05-13,51.28,retail
C00249,2026-05-13,19.24,retail
C00260,2026-05-13,60.07,retail
C00267,2026-05-13,18.12,retail
C00270,2026-05-13,40.05,retail
C00344,2026-05-13,25.6,retail
C00468,2026-05-13,26.07,retail
C00492,2026-05-13,46.49,retail
C00664,2026-05-13,10.4,retail
C00669,2026-05-13,20.41,retail
C00672,2026-05-13,36.79,retail
C00767,2026-05-13,19.47,retail
C00799,2026-05-13,40.51,retail
C01010,2026-05-13,34.71,retail
C01012,2026-05-13,54.59,retail
C01133,2026-05-13,22.06,retail
C01167,2026-05-13,48.88,retail
C01170,2026-05-13,73.97,retail
C01209,2026-05-13,23.62,retail
C01212,2026-05-13,15.47,retail
C01247,2026-05-13,36.03,retail
C01259,2026-05-13,38.55,retail
C01744,2026-05-13,28.65,retail
C01797,2026-05-13,34.27,retail
C01830,2026-05-13,14.55,retail
C01887,2026-05-13,23.35,retail
C01975,2026-05-13,53.36,retail
C02004,2026-05-13,26.64,retail
C02141,2026-05-13,68.33,retail
C02230,2026-05-13,60.96,retail
C02280,2026-05-13,41.36,retail
C02330,2026-05-13,69.2,retail
C02378,2026-05-13,102.21,retail
C02455,2026-05-13,62.79,retail
C02506,2026-05-13,64.76,retail
C02524,2026-05-13,30.5,retail
C02734,2026-05-13,17.4,retail
C02776,2026-05-13,50.54,retail
C02842,2026-05-13,29.01,retail
C02912,2026-05-13,92.18,retail
C03005,2026-05-13,13.81,retail
C03234,2026-05-13,79.79,retail
C03346,2026-05-13,20.07,retail
C03355,2026-05-13,31.45,retail
C03467,2026-05-13,22.72,retail
C03549,2026-05-13,25.32,retail
C03597,2026-05-13,20.12,retail
C03604,2026-05-13,19.93,retail
C03646,2026-05-13,56.81,retail
C03687,2026-05-13,22.87,retail
C03762,2026-05-13,33.87,retail
C03811,2026-05-13,83.09,retail
C03877,2026-05-13,37.6,retail
C03996,2026-05-13,57.52,retail
W014,2026-05-13,162.76,wholesale
W020,2026-05-13,314.57,wholesale
W022,2026-05-13,314.86,wholesale
W023,2026-05-13,131.64,wholesale
W025,2026-05-13,139.9,wholesale
C00001,2026-05-14,29.2,retail
C00027,2026-05-14,18.43,retail
C00185,2026-05-14,53.43,retail
C00246,2026-05-14,10.37,retail
C00313,2026-05-14,21.27,retail
C00314,2026-05-14,50.08,retail
C00319,2026-05-14,25.89,retail
C00320,2026-05-14,21.92,retail
C00335,2026-05-14,29.95,retail
C00345,2026-05-14,35.4,retail
C00453,2026-05-14,33.7,retail
C00497,2026-05-14,69.97,retail
C00577,2026-05-14,21.62,retail
C00584,2026-05-14,93.44,retail
C00586,2026-05-14,48.96,retail
C00739,2026-05-14,37.29,retail
C00859,2026-05-14,45.48,retail
C00867,2026-05-14,48.61,retail
C00926,2026-05-14,37.61,retail
C01094,2026-05-14,23.47,retail
C01128,2026-05-14,29.92,retail
C01165,2026-05-14,20.03,retail
C01173,2026-05-14,26.82,retail
C01282,2026-05-14,41.78,retail
C01360,2026-05-14,51.81,retail
C01478,2026-05-14,31.54,retail
C01490,2026-05-14,27.34,retail
C01554,2026-05-14,33.36,retail
C01640,2026-05-14,17.65,retail
C01677,2026-05-14,12.82,retail
C01749,2026-05-14,47.49,retail
C01769,2026-05-14,34.11,retail
C01788,2026-05-14,33.14,retail
C01855,2026-05-14,15.53,retail
C01888,2026-05-14,57.42,retail
C02195,2026-05-14,54.69,retail
C02280,2026-05-14,35.59,retail
C02403,2026-05-14,15.16,retail
C02497,2026-05-14,32.58,retail
C02605,2026-05-14,36.57,retail
C02607,2026-05-14,21.77,retail
C02749,2026-05-14,14.03,retail
C02878,2026-05-14,29.14,retail
C02897,2026-05-14,32.79,retail
C02956,2026-05-14,22.39,retail
C02969,2026-05-14,35.52,retail
C03045,2026-05-14,55.34,retail
C03055,2026-05-14,19.19,retail
C03071,2026-05-14,39.93,retail
C03139,2026-05-14,30.18,retail
C03241,2026-05-14,53.73,retail
C03254,2026-05-14,19.93,retail
C03300,2026-05-14,21.77,retail
C03349,2026-05-14,37.0,retail
C03468,2026-05-14,42.55,retail
C03497,2026-05-14,14.66,retail
C03528,2026-05-14,6.81,retail
C03588,2026-05-14,17.04,retail
C03602,2026-05-14,26.93,retail
C03620,2026-05-14,11.29,retail
C03666,2026-05-14,19.82,retail
C03796,2026-05-14,45.31,retail
C03815,2026-05-14,38.39,retail
C03850,2026-05-14,31.74,retail
C03938,2026-05-14,53.65,retail
C03972,2026-05-14,35.15,retail
W014,2026-05-14,333.46,wholesale
W026,2026-05-14,225.12,wholesale
W027,2026-05-14,178.58,wholesale
W027,2026-05-14,300.51,wholesale
C00048,2026-05-15,35.56,retail
C00151,2026-05-15,61.66,retail
C00189,2026-05-15,27.61,retail
C00241,2026-05-15,95.99,retail
C00444,2026-05-15,52.34,retail
C00584,2026-05-15,24.54,retail
C00604,2026-05-15,103.8,retail
C00639,2026-05-15,18.45,retail
C00670,2026-05-15,33.0,retail
C00687,2026-05-15,21.72,retail
C00704,2026-05-15,23.92,retail
C00728,2026-05-15,23.07,retail
C00773,2026-05-15,42.67,retail
C00831,2026-05-15,54.58,retail
C00842,2026-05-15,39.83,retail
C00860,2026-05-15,24.67,retail
C01020,2026-05-15,20.04,retail
C01080,2026-05-15,16.69,retail
C01102,2026-05-15,76.98,retail
C01198,2026-05-15,12.73,retail
C01302,2026-05-15,37.14,retail
C01437,2026-05-15,30.02,retail
C01533,2026-05-15,33.43,retail
C01731,2026-05-15,29.2,retail
C01850,2026-05-15,53.43,retail
C02056,2026-05-15,35.87,retail
C02169,2026-05-15,30.36,retail
C02248,2026-05-15,18.79,retail
C02252,2026-05-15,27.83,retail
C02269,2026-05-15,33.8,retail
C02286,2026-05-15,43.25,retail
C02492,2026-05-15,55.36,retail
C02502,2026-05-15,29.59,retail
C02507,2026-05-15,27.51,retail
C02516,2026-05-15,21.4,retail
C02527,2026-05-15,54.43,retail
C02562,2026-05-15,40.89,retail
C02569,2026-05-15,12.58,retail
C02585,2026-05-15,22.89,retail
C02602,2026-05-15,19.66,retail
C02607,2026-05-15,20.01,retail
C02639,2026-05-15,29.97,retail
C02711,2026-05-15,24.67,retail
C02722,2026-05-15,22.03,retail
C02741,2026-05-15,66.72,retail
C02748,2026-05-15,100.62,retail
C02778,2026-05-15,24.98,retail
C02891,2026-05-15,11.11,retail
C02938,2026-05-15,32.0,retail
C02979,2026-05-15,35.83,retail
C03057,2026-05-15,54.73,retail
C03142,2026-05-15,23.58,retail
C03170,2026-05-15,39.08,retail
C03415,2026-05-15,67.3,retail
C03470,2026-05-15,20.07,retail
C03519,2026-05-15,35.21,retail
C03601,2026-05-15,29.51,retail
C03613,2026-05-15,7.24,retail
C03636,2026-05-15,130.93,retail
C03643,2026-05-15,57.35,retail
C03686,2026-05-15,36.91,retail
C03698,2026-05-15,53.88,retail
C03732,2026-05-15,56.71,retail
C03749,2026-05-15,51.44,retail
C03923,2026-05-15,42.19,retail
C03925,2026-05-15,13.57,retail
C03992,2026-05-15,34.6,retail
W015,2026-05-15,323.68,wholesale
W017,2026-05-15,233.05,wholesale
W018,2026-05-15,132.31,wholesale
C00086,2026-05-16,25.28,retail
C00105,2026-05-16,29.53,retail
C00124,2026-05-16,115.84,retail
C00144,2026-05-16,42.41,retail
C00148,2026-05-16,30.51,retail
C00157,2026-05-16,53.65,retail
C00190,2026-05-16,10.74,retail
C00252,2026-05-16,31.72,retail
C00326,2026-05-16,37.39,retail
C00341,2026-05-16,26.0,retail
C00411,2026-05-16,57.35,retail
C00482,2026-05-16,16.67,retail
C00483,2026-05-16,18.15,retail
C00534,2026-05-16,69.25,retail
C00572,2026-05-16,119.96,retail
C00758,2026-05-16,28.95,retail
C00773,2026-05-16,32.52,retail
C00883,2026-05-16,83.89,retail
C00905,2026-05-16,36.69,retail
C00959,2026-05-16,56.23,retail
C00969,2026-05-16,25.87,retail
C01066,2026-05-16,48.48,retail
C01101,2026-05-16,46.45,retail
C01128,2026-05-16,16.87,retail
C01349,2026-05-16,46.93,retail
C01501,2026-05-16,41.34,retail
C01559,2026-05-16,21.17,retail
C01581,2026-05-16,50.16,retail
C01663,2026-05-16,41.54,retail
C01700,2026-05-16,48.71,retail
C01726,2026-05-16,18.68,retail
C01827,2026-05-16,46.76,retail
C01880,2026-05-16,31.58,retail
C01947,2026-05-16,43.79,retail
C01974,2026-05-16,55.06,retail
C02008,2026-05-16,37.76,retail
C02071,2026-05-16,116.69,retail
C02300,2026-05-16,47.24,retail
C02351,2026-05-16,23.38,retail
C02397,2026-05-16,75.15,retail
C02407,2026-05-16,33.87,retail
C02421,2026-05-16,15.81,retail
C02430,2026-05-16,40.29,retail
C02485,2026-05-16,36.69,retail
C02585,2026-05-16,13.96,retail
C02627,2026-05-16,15.12,retail
C02653,2026-05-16,42.64,retail
C02783,2026-05-16,34.12,retail
C02817,2026-05-16,47.95,retail
C02919,2026-05-16,76.14,retail
C02958,2026-05-16,28.56,retail
C03026,2026-05-16,82.48,retail
C03142,2026-05-16,30.57,retail
C03229,2026-05-16,37.14,retail
C03280,2026-05-16,15.31,retail
C03459,2026-05-16,25.81,retail
C03470,2026-05-16,22.56,retail
C03488,2026-05-16,59.48,retail
C03506,2026-05-16,33.19,retail
C03587,2026-05-16,25.36,retail
C03634,2026-05-16,49.94,retail
C03682,2026-05-16,62.01,retail
C03867,2026-05-16,57.81,retail
C03941,2026-05-16,45.39,retail
W011,2026-05-16,151.02,wholesale
W014,2026-05-16,169.01,wholesale
W014,2026-05-16,173.24,wholesale
C00024,2026-05-17,6.82,retail
C00067,2026-05-17,26.0,retail
C00079,2026-05-17,59.96,retail
C00096,2026-05-17,15.75,retail
C00104,2026-05-17,30.2,retail
C00120,2026-05-17,28.49,retail
C00126,2026-05-17,68.68,retail
C00254,2026-05-17,23.84,retail
C00290,2026-05-17,76.29,retail
C00300,2026-05-17,19.4,retail
C00305,2026-05-17,41.91,retail
C00353,2026-05-17,77.59,retail
C00380,2026-05-17,17.86,retail
C00445,2026-05-17,64.29,retail
C00545,2026-05-17,50.15,retail
C00656,2026-05-17,35.64,retail
C00734,2026-05-17,31.69,retail
C00746,2026-05-17,47.05,retail
C00799,2026-05-17,39.73,retail
C00862,2026-05-17,33.58,retail
C00880,2026-05-17,29.49,retail
C00981,2026-05-17,40.98,retail
C01058,2026-05-17,34.59,retail
C01148,2026-05-17,45.0,retail
C01236,2026-05-17,30.56,retail
C01244,2026-05-17,7.9,retail
C01261,2026-05-17,33.12,retail
C01434,2026-05-17,38.48,retail
C01594,2026-05-17,140.21,retail
C01649,2026-05-17,76.72,retail
C01669,2026-05-17,33.62,retail
C01904,2026-05-17,20.34,retail
C02171,2026-05-17,11.18,retail
C02187,2026-05-17,61.35,retail
C02241,2026-05-17,26.34,retail
C02298,2026-05-17,31.98,retail
C02347,2026-05-17,61.64,retail
C02483,2026-05-17,25.85,retail
C02590,2026-05-17,86.35,retail
C02597,2026-05-17,46.82,retail
C02643,2026-05-17,51.21,retail
C02680,2026-05-17,116.07,retail
C02704,2026-05-17,66.62,retail
C02778,2026-05-17,37.77,retail
C02814,2026-05-17,53.02,retail
C02845,2026-05-17,32.54,retail
C02901,2026-05-17,16.25,retail
C03022,2026-05-17,38.13,retail
C03114,2026-05-17,54.55,retail
C03136,2026-05-17,39.27,retail
C03139,2026-05-17,24.99,retail
C03155,2026-05-17,54.56,retail
C03181,2026-05-17,52.49,retail
C03256,2026-05-17,41.25,retail
C03276,2026-05-17,51.84,retail
C03280,2026-05-17,30.11,retail
C03378,2026-05-17,104.95,retail
C03397,2026-05-17,50.51,retail
C03549,2026-05-17,202.99,retail
C03750,2026-05-17,38.61,retail
C03953,2026-05-17,33.73,retail
C03957,2026-05-17,25.66,retail
W001,2026-05-17,286.88,wholesale
W009,2026-05-17,262.75,wholesale
W022,2026-05-17,217.78,wholesale
W024,2026-05-17,393.78,wholesale
C00004,2026-05-18,15.71,retail
C00206,2026-05-18,17.87,retail
C00307,2026-05-18,57.79,retail
C00515,2026-05-18,44.78,retail
C00535,2026-05-18,12.74,retail
C00625,2026-05-18,17.96,retail
C00759,2026-05-18,26.6,retail
C00889,2026-05-18,46.12,retail
C00901,2026-05-18,29.72,retail
C00929,2026-05-18,44.89,retail
C00961,2026-05-18,29.81,retail
C01077,2026-05-18,24.88,retail
C01105,2026-05-18,39.21,retail
C01153,2026-05-18,21.95,retail
C01186,2026-05-18,42.91,retail
C01277,2026-05-18,34.69,retail
C01279,2026-05-18,25.26,retail
C01313,2026-05-18,97.69,retail
C01345,2026-05-18,59.18,retail
C01349,2026-05-18,63.43,retail
C01376,2026-05-18,80.27,retail
C01380,2026-05-18,53.06,retail
C01402,2026-05-18,33.21,retail
C01411,2026-05-18,49.9,retail
C01443,2026-05-18,10.41,retail
C01531,2026-05-18,51.16,retail
C01795,2026-05-18,38.66,retail
C02106,2026-05-18,59.74,retail
C02138,2026-05-18,46.74,retail
C02174,2026-05-18,33.54,retail
C02185,2026-05-18,17.45,retail
C02193,2026-05-18,16.57,retail
C02254,2026-05-18,41.76,retail
C02307,2026-05-18,17.27,retail
C02319,2026-05-18,28.98,retail
C02373,2026-05-18,32.88,retail
C02386,2026-05-18,59.2,retail
C02534,2026-05-18,20.6,retail
C02601,2026-05-18,50.48,retail
C02606,2026-05-18,33.39,retail
C02758,2026-05-18,90.49,retail
C02789,2026-05-18,60.66,retail
C02839,2026-05-18,106.51,retail
C02864,2026-05-18,26.97,retail
C03004,2026-05-18,44.88,retail
C03026,2026-05-18,28.91,retail
C03044,2026-05-18,28.87,retail
C03061,2026-05-18,30.03,retail
C03127,2026-05-18,79.63,retail
C03152,2026-05-18,59.58,retail
C03226,2026-05-18,30.23,retail
C03232,2026-05-18,43.99,retail
C03285,2026-05-18,32.65,retail
C03350,2026-05-18,32.79,retail
C03392,2026-05-18,67.06,retail
C03469,2026-05-18,23.4,retail
C03478,2026-05-18,63.55,retail
C03528,2026-05-18,29.84,retail
C03550,2026-05-18,20.49,retail
C03702,2026-05-18,10.1,retail
C03769,2026-05-18,23.58,retail
C03806,2026-05-18,7.14,retail
C03828,2026-05-18,68.06,retail
C03896,2026-05-18,21.69,retail
C03904,2026-05-18,92.07,retail
C03906,2026-05-18,16.71,retail
C03959,2026-05-18,40.33,retail
C03966,2026-05-18,58.86,retail
W012,2026-05-18,133.82,wholesale
C00009,2026-05-19,38.36,retail
C00038,2026-05-19,43.31,retail
C00053,2026-05-19,34.87,retail
C00072,2026-05-19,59.27,retail
C00203,2026-05-19,41.7,retail
C00204,2026-05-19,30.12,retail
C00428,2026-05-19,40.09,retail
C00525,2026-05-19,37.91,retail
C00556,2026-05-19,56.86,retail
C00662,2026-05-19,77.82,retail
C00882,2026-05-19,32.14,retail
C00898,2026-05-19,21.09,retail
C00938,2026-05-19,105.62,retail
C01010,2026-05-19,30.01,retail
C01053,2026-05-19,14.72,retail
C01089,2026-05-19,67.49,retail
C01279,2026-05-19,36.01,retail
C01286,2026-05-19,36.48,retail
C01314,2026-05-19,32.6,retail
C01336,2026-05-19,46.17,retail
C01739,2026-05-19,34.71,retail
C01876,2026-05-19,24.07,retail
C01960,2026-05-19,30.37,retail
C02028,2026-05-19,41.25,retail
C02145,2026-05-19,39.89,retail
C02320,2026-05-19,64.36,retail
C02442,2026-05-19,24.17,retail
C02565,2026-05-19,65.41,retail
C02731,2026-05-19,34.11,retail
C02933,2026-05-19,13.28,retail
C02941,2026-05-19,19.65,retail
C02981,2026-05-19,36.71,retail
C02988,2026-05-19,48.09,retail
C02994,2026-05-19,37.2,retail
C03018,2026-05-19,42.47,retail
C03021,2026-05-19,38.1,retail
C03029,2026-05-19,20.12,retail
C03055,2026-05-19,64.93,retail
C03090,2026-05-19,12.71,retail
C03108,2026-05-19,32.08,retail
C03147,2026-05-19,28.53,retail
C03260,2026-05-19,36.11,retail
C03274,2026-05-19,29.26,retail
C03298,2026-05-19,36.43,retail
C03300,2026-05-19,37.59,retail
C03303,2026-05-19,56.85,retail
C03307,2026-05-19,57.15,retail
C03312,2026-05-19,36.54,retail
C03370,2026-05-19,32.12,retail
C03505,2026-05-19,13.66,retail
C03545,2026-05-19,26.74,retail
C03548,2026-05-19,27.53,retail
C03593,2026-05-19,33.14,retail
C03603,2026-05-19,46.31,retail
C03776,2026-05-19,35.86,retail
C03911,2026-05-19,20.49,retail
C03935,2026-05-19,108.54,retail
C03963,2026-05-19,49.16,retail
C03970,2026-05-19,50.32,retail
W003,2026-05-19,156.92,wholesale
W004,2026-05-19,183.02,wholesale
W016,2026-05-19,104.18,wholesale
W021,2026-05-19,654.83,wholesale
W028,2026-05-19,180.94,wholesale
C00038,2026-05-20,38.92,retail
C00055,2026-05-20,37.8,retail
C00170,2026-05-20,63.46,retail
C00227,2026-05-20,27.31,retail
C00237,2026-05-20,23.83,retail
C00320,2026-05-20,29.93,retail
C00337,2026-05-20,26.77,retail
C00344,2026-05-20,78.84,retail
C00501,2026-05-20,13.89,retail
C00517,2026-05-20,12.57,retail
C00591,2026-05-20,18.17,retail
C00672,2026-05-20,30.16,retail
C00718,2026-05-20,21.15,retail
C00754,2026-05-20,18.54,retail
C00762,2026-05-20,14.06,retail
C00989,2026-05-20,47.06,retail
C01052,2026-05-20,32.98,retail
C01183,2026-05-20,42.38,retail
C01267,2026-05-20,19.33,retail
C01277,2026-05-20,20.49,retail
C01369,2026-05-20,34.05,retail
C01435,2026-05-20,66.75,retail
C01441,2026-05-20,14.29,retail
C01459,2026-05-20,102.13,retail
C01505,2026-05-20,20.85,retail
C01549,2026-05-20,27.22,retail
C01592,2026-05-20,41.96,retail
C01660,2026-05-20,11.61,retail
C01886,2026-05-20,14.63,retail
C02005,2026-05-20,30.22,retail
C02049,2026-05-20,54.63,retail
C02141,2026-05-20,25.6,retail
C02165,2026-05-20,30.47,retail
C02165,2026-05-20,21.1,retail
C02166,2026-05-20,9.76,retail
C02244,2026-05-20,35.79,retail
C02259,2026-05-20,68.92,retail
C02266,2026-05-20,63.02,retail
C02368,2026-05-20,39.53,retail
C02475,2026-05-20,25.68,retail
C02523,2026-05-20,46.52,retail
C02753,2026-05-20,112.84,retail
C02764,2026-05-20,33.23,retail
C02765,2026-05-20,46.35,retail
C02810,2026-05-20,35.19,retail
C02821,2026-05-20,48.53,retail
C02841,2026-05-20,57.17,retail
C02905,2026-05-20,27.88,retail
C03066,2026-05-20,54.52,retail
C03129,2026-05-20,31.41,retail
C03215,2026-05-20,41.12,retail
C03323,2026-05-20,32.28,retail
C03329,2026-05-20,40.31,retail
C03410,2026-05-20,10.67,retail
C03418,2026-05-20,24.93,retail
C03435,2026-05-20,26.26,retail
C03457,2026-05-20,16.95,retail
C03609,2026-05-20,47.41,retail
C03632,2026-05-20,87.59,retail
C03648,2026-05-20,23.85,retail
C03727,2026-05-20,46.09,retail
C03727,2026-05-20,52.56,retail
C03751,2026-05-20,51.46,retail
C03832,2026-05-20,18.26,retail
C03897,2026-05-20,22.95,retail
C03929,2026-05-20,43.62,retail
W001,2026-05-20,257.24,wholesale
W016,2026-05-20,274.76,wholesale
W018,2026-05-20,285.24,wholesale
W019,2026-05-20,324.84,wholesale
W022,2026-05-20,124.94,wholesale
W028,2026-05-20,308.97,wholesale
C00089,2026-05-21,29.32,retail
C00092,2026-05-21,15.32,retail
C00154,2026-05-21,47.72,retail
C00241,2026-05-21,28.14,retail
C00283,2026-05-21,10.86,retail
C00362,2026-05-21,102.7,retail
C00371,2026-05-21,38.98,retail
C00418,2026-05-21,78.99,retail
C00455,2026-05-21,24.52,retail
C00466,2026-05-21,51.08,retail
C00570,2026-05-21,21.25,retail
C00577,2026-05-21,28.84,retail
C00581,2026-05-21,23.58,retail
C00596,2026-05-21,70.68,retail
C01002,2026-05-21,28.54,retail
C01017,2026-05-21,49.07,retail
C01022,2026-05-21,19.43,retail
C01026,2026-05-21,39.0,retail
C01038,2026-05-21,30.48,retail
C01268,2026-05-21,50.26,retail
C01475,2026-05-21,24.27,retail
C01486,2026-05-21,31.04,retail
C01559,2026-05-21,30.43,retail
C01899,2026-05-21,21.12,retail
C01954,2026-05-21,18.74,retail
C01966,2026-05-21,27.56,retail
C02002,2026-05-21,49.99,retail
C02032,2026-05-21,107.64,retail
C02190,2026-05-21,32.34,retail
C02283,2026-05-21,13.17,retail
C02375,2026-05-21,95.29,retail
C02446,2026-05-21,14.91,retail
C02484,2026-05-21,30.35,retail
C02547,2026-05-21,30.47,retail
C02551,2026-05-21,21.31,retail
C02588,2026-05-21,56.5,retail
C02679,2026-05-21,26.07,retail
C02850,2026-05-21,62.37,retail
C02929,2026-05-21,42.15,retail
C03131,2026-05-21,47.15,retail
C03277,2026-05-21,17.89,retail
C03304,2026-05-21,61.86,retail
C03359,2026-05-21,134.14,retail
C03361,2026-05-21,18.81,retail
C03367,2026-05-21,94.63,retail
C03384,2026-05-21,18.27,retail
C03403,2026-05-21,19.57,retail
C03468,2026-05-21,24.65,retail
C03519,2026-05-21,46.77,retail
C03582,2026-05-21,13.75,retail
C03586,2026-05-21,133.48,retail
C03807,2026-05-21,24.85,retail
C03882,2026-05-21,28.86,retail
C03946,2026-05-21,29.29,retail
C03951,2026-05-21,42.82,retail
C03974,2026-05-21,35.6,retail
C03991,2026-05-21,22.71,retail
C03993,2026-05-21,26.48,retail
W006,2026-05-21,212.36,wholesale
W006,2026-05-21,160.19,wholesale
W011,2026-05-21,195.94,wholesale
W022,2026-05-21,281.12,wholesale
C00144,2026-05-22,76.65,retail
C00172,2026-05-22,109.09,retail
C00242,2026-05-22,21.63,retail
C00248,2026-05-22,33.81,retail
C00258,2026-05-22,18.6,retail
C00357,2026-05-22,48.19,retail
C00516,2026-05-22,46.97,retail
C00637,2026-05-22,92.13,retail
C00796,2026-05-22,44.75,retail
C00804,2026-05-22,10.66,retail
C00890,2026-05-22,54.24,retail
C00948,2026-05-22,36.88,retail
C01017,2026-05-22,62.76,retail
C01041,2026-05-22,31.81,retail
C01207,2026-05-22,54.41,retail
C01224,2026-05-22,19.39,retail
C01333,2026-05-22,42.66,retail
C01408,2026-05-22,47.18,retail
C01419,2026-05-22,36.64,retail
C01463,2026-05-22,64.06,retail
C01480,2026-05-22,28.91,retail
C01480,2026-05-22,33.87,retail
C01481,2026-05-22,59.72,retail
C01608,2026-05-22,35.5,retail
C01728,2026-05-22,133.71,retail
C01737,2026-05-22,71.28,retail
C01910,2026-05-22,23.22,retail
C01985,2026-05-22,24.67,retail
C02026,2026-05-22,44.8,retail
C02097,2026-05-22,65.94,retail
C02105,2026-05-22,25.03,retail
C02116,2026-05-22,78.57,retail
C02142,2026-05-22,17.46,retail
C02170,2026-05-22,153.9,retail
C02188,2026-05-22,24.5,retail
C02241,2026-05-22,20.32,retail
C02372,2026-05-22,65.45,retail
C02414,2026-05-22,22.41,retail
C02460,2026-05-22,46.79,retail
C02460,2026-05-22,30.26,retail
C02477,2026-05-22,28.27,retail
C02584,2026-05-22,27.31,retail
C02589,2026-05-22,77.87,retail
C02620,2026-05-22,18.18,retail
C02701,2026-05-22,19.66,retail
C02748,2026-05-22,49.81,retail
C02769,2026-05-22,16.36,retail
C02889,2026-05-22,30.23,retail
C02943,2026-05-22,58.63,retail
C02951,2026-05-22,30.47,retail
C02986,2026-05-22,34.07,retail
C03061,2026-05-22,81.89,retail
C03066,2026-05-22,26.04,retail
C03196,2026-05-22,30.84,retail
C03251,2026-05-22,45.01,retail
C03273,2026-05-22,21.57,retail
C03337,2026-05-22,23.72,retail
C03368,2026-05-22,30.63,retail
C03438,2026-05-22,105.12,retail
C03458,2026-05-22,42.92,retail
C03643,2026-05-22,34.07,retail
C03686,2026-05-22,33.45,retail
C03734,2026-05-22,32.32,retail
C03874,2026-05-22,46.25,retail
C03925,2026-05-22,51.83,retail
W000,2026-05-22,345.47,wholesale
W004,2026-05-22,186.19,wholesale
W005,2026-05-22,251.28,wholesale
W007,2026-05-22,179.21,wholesale
W009,2026-05-22,404.26,wholesale
W013,2026-05-22,117.54,wholesale
W017,2026-05-22,249.84,wholesale
C00077,2026-05-23,27.65,retail
C00212,2026-05-23,33.61,retail
C00264,2026-05-23,52.1,retail
C00361,2026-05-23,25.12,retail
C00413,2026-05-23,52.98,retail
C00467,2026-05-23,55.2,retail
C00615,2026-05-23,21.36,retail
C00664,2026-05-23,45.18,retail
C00758,2026-05-23,50.39,retail
C00844,2026-05-23,61.31,retail
C00845,2026-05-23,58.19,retail
C00865,2026-05-23,36.71,retail
C00983,2026-05-23,56.67,retail
C00989,2026-05-23,15.82,retail
C01021,2026-05-23,24.14,retail
C01158,2026-05-23,34.91,retail
C01164,2026-05-23,28.47,retail
C01204,2026-05-23,33.29,retail
C01239,2026-05-23,30.67,retail
C01373,2026-05-23,19.64,retail
C01379,2026-05-23,52.27,retail
C01501,2026-05-23,30.31,retail
C01570,2026-05-23,47.28,retail
C01583,2026-05-23,16.23,retail
C01589,2026-05-23,48.65,retail
C01801,2026-05-23,46.56,retail
C01811,2026-05-23,26.0,retail
C01883,2026-05-23,16.68,retail
C01895,2026-05-23,71.53,retail
C01991,2026-05-23,43.66,retail
C02005,2026-05-23,45.55,retail
C02010,2026-05-23,31.0,retail
C02046,2026-05-23,29.46,retail
C02047,2026-05-23,35.15,retail
C02316,2026-05-23,17.49,retail
C02335,2026-05-23,26.12,retail
C02509,2026-05-23,10.15,retail
C02522,2026-05-23,41.72,retail
C02758,2026-05-23,22.77,retail
C02907,2026-05-23,15.24,retail
C02916,2026-05-23,9.86,retail
C02936,2026-05-23,27.59,retail
C02964,2026-05-23,43.69,retail
C02975,2026-05-23,40.08,retail
C03093,2026-05-23,20.26,retail
C03312,2026-05-23,49.32,retail
C03322,2026-05-23,32.51,retail
C03395,2026-05-23,25.24,retail
C03413,2026-05-23,19.0,retail
C03427,2026-05-23,32.79,retail
C03527,2026-05-23,33.42,retail
C03588,2026-05-23,8.78,retail
C03610,2026-05-23,39.61,retail
C03765,2026-05-23,38.58,retail
C03789,2026-05-23,45.52,retail
C03856,2026-05-23,51.43,retail
W018,2026-05-23,157.71,wholesale
C00008,2026-05-24,32.61,retail
C00025,2026-05-24,77.5,retail
C00110,2026-05-24,39.54,retail
C00141,2026-05-24,29.84,retail
C00173,2026-05-24,39.62,retail
C00271,2026-05-24,38.77,retail
C00289,2026-05-24,57.92,retail
C00324,2026-05-24,154.59,retail
C00379,2026-05-24,34.03,retail
C00425,2026-05-24,52.49,retail
C00439,2026-05-24,45.01,retail
C00444,2026-05-24,23.14,retail
C00461,2026-05-24,55.16,retail
C00507,2026-05-24,24.65,retail
C00734,2026-05-24,66.15,retail
C01029,2026-05-24,13.7,retail
C01033,2026-05-24,89.07,retail
C01097,2026-05-24,35.87,retail
C01127,2026-05-24,22.8,retail
C01165,2026-05-24,27.28,retail
C01206,2026-05-24,55.35,retail
C01390,2026-05-24,44.3,retail
C01418,2026-05-24,28.61,retail
C01421,2026-05-24,47.48,retail
C01444,2026-05-24,18.56,retail
C01479,2026-05-24,29.73,retail
C01519,2026-05-24,36.13,retail
C01548,2026-05-24,27.61,retail
C01551,2026-05-24,15.68,retail
C01625,2026-05-24,28.32,retail
C01714,2026-05-24,45.11,retail
C01724,2026-05-24,35.46,retail
C01771,2026-05-24,32.82,retail
C01881,2026-05-24,57.22,retail
C02013,2026-05-24,91.35,retail
C02020,2026-05-24,58.39,retail
C02027,2026-05-24,25.55,retail
C02047,2026-05-24,34.48,retail
C02079,2026-05-24,17.83,retail
C02146,2026-05-24,35.75,retail
C02213,2026-05-24,12.25,retail
C02223,2026-05-24,34.58,retail
C02227,2026-05-24,23.01,retail
C02245,2026-05-24,63.99,retail
C02346,2026-05-24,52.3,retail
C02365,2026-05-24,47.96,retail
C02411,2026-05-24,43.91,retail
C02467,2026-05-24,24.24,retail
C02523,2026-05-24,39.67,retail
C02568,2026-05-24,47.44,retail
C02684,2026-05-24,19.88,retail
C02782,2026-05-24,13.27,retail
C02913,2026-05-24,7.59,retail
C03031,2026-05-24,10.66,retail
C03038,2026-05-24,60.36,retail
C03077,2026-05-24,51.78,retail
C03251,2026-05-24,58.77,retail
C03265,2026-05-24,70.1,retail
C03274,2026-05-24,26.35,retail
C03313,2026-05-24,30.72,retail
C03335,2026-05-24,64.73,retail
C03386,2026-05-24,50.85,retail
C03480,2026-05-24,169.09,retail
C03543,2026-05-24,50.81,retail
C03591,2026-05-24,91.08,retail
C03673,2026-05-24,13.1,retail
C03802,2026-05-24,159.9,retail
C03856,2026-05-24,65.44,retail
C03959,2026-05-24,76.27,retail
C03967,2026-05-24,30.01,retail
W004,2026-05-24,318.1,wholesale
W008,2026-05-24,247.08,wholesale
W008,2026-05-24,350.85,wholesale
W009,2026-05-24,266.52,wholesale
W019,2026-05-24,265.72,wholesale
C00227,2026-05-25,13.55,retail
C00271,2026-05-25,99.02,retail
C00312,2026-05-25,25.65,retail
C00324,2026-05-25,30.47,retail
C00387,2026-05-25,28.47,retail
C00424,2026-05-25,18.14,retail
C00641,2026-05-25,82.94,retail
C00663,2026-05-25,39.91,retail
C00796,2026-05-25,66.7,retail
C00805,2026-05-25,47.68,retail
C00830,2026-05-25,65.09,retail
C00901,2026-05-25,49.93,retail
C00964,2026-05-25,43.78,retail
C01066,2026-05-25,40.07,retail
C01067,2026-05-25,53.87,retail
C01358,2026-05-25,54.81,retail
C01472,2026-05-25,33.78,retail
C01533,2026-05-25,21.78,retail
C01764,2026-05-25,66.26,retail
C01856,2026-05-25,21.29,retail
C01947,2026-05-25,41.21,retail
C02256,2026-05-25,22.87,retail
C02274,2026-05-25,35.44,retail
C02333,2026-05-25,46.29,retail
C02378,2026-05-25,32.47,retail
C02408,2026-05-25,40.03,retail
C02423,2026-05-25,24.9,retail
C02428,2026-05-25,39.15,retail
C02652,2026-05-25,7.49,retail
C02675,2026-05-25,19.67,retail
C02678,2026-05-25,46.32,retail
C02684,2026-05-25,56.84,retail
C02814,2026-05-25,104.84,retail
C02890,2026-05-25,43.97,retail
C02931,2026-05-25,34.48,retail
C03126,2026-05-25,39.21,retail
C03196,2026-05-25,20.49,retail
C03289,2026-05-25,13.05,retail
C03311,2026-05-25,43.86,retail
C03331,2026-05-25,56.11,retail
C03404,2026-05-25,61.93,retail
C03457,2026-05-25,36.86,retail
C03511,2026-05-25,96.65,retail
C03548,2026-05-25,28.01,retail
C03563,2026-05-25,30.09,retail
C03582,2026-05-25,22.05,retail
C03654,2026-05-25,32.48,retail
C03670,2026-05-25,53.84,retail
C03809,2026-05-25,58.08,retail
C03821,2026-05-25,55.14,retail
C03882,2026-05-25,53.73,retail
C03933,2026-05-25,15.99,retail
W001,2026-05-25,164.65,wholesale
W020,2026-05-25,361.69,wholesale
C00071,2026-05-26,7.55,retail
C00138,2026-05-26,54.63,retail
C00490,2026-05-26,33.16,retail
C00561,2026-05-26,80.65,retail
C00658,2026-05-26,99.68,retail
C00675,2026-05-26,20.82,retail
C00849,2026-05-26,69.54,retail
C00869,2026-05-26,27.41,retail
C00943,2026-05-26,39.24,retail
C00973,2026-05-26,58.99,retail
C00974,2026-05-26,81.28,retail
C01108,2026-05-26,37.59,retail
C01325,2026-05-26,72.84,retail
C01360,2026-05-26,32.04,retail
C01367,2026-05-26,45.18,retail
C01418,2026-05-26,102.81,retail
C01553,2026-05-26,16.22,retail
C01609,2026-05-26,21.6,retail
C01625,2026-05-26,82.02,retail
C01810,2026-05-26,34.53,retail
C01850,2026-05-26,19.1,retail
C01924,2026-05-26,38.16,retail
C02215,2026-05-26,24.95,retail
C02239,2026-05-26,54.58,retail
C02239,2026-05-26,53.0,retail
C02479,2026-05-26,24.31,retail
C02574,2026-05-26,75.1,retail
C02582,2026-05-26,31.61,retail
C02631,2026-05-26,61.16,retail
C02638,2026-05-26,13.89,retail
C02660,2026-05-26,53.09,retail
C02667,2026-05-26,44.35,retail
C02840,2026-05-26,51.52,retail
C02984,2026-05-26,23.29,retail
C03002,2026-05-26,36.32,retail
C03270,2026-05-26,12.11,retail
C03291,2026-05-26,89.88,retail
C03338,2026-05-26,23.3,retail
C03491,2026-05-26,8.33,retail
C03595,2026-05-26,29.83,retail
C03610,2026-05-26,74.74,retail
C03666,2026-05-26,57.7,retail
C03684,2026-05-26,58.52,retail
C03708,2026-05-26,69.52,retail
C03713,2026-05-26,22.2,retail
C03917,2026-05-26,93.97,retail
W003,2026-05-26,159.86,wholesale
W015,2026-05-26,290.62,wholesale
W016,2026-05-26,296.27,wholesale
W017,2026-05-26,191.1,wholesale
W023,2026-05-26,193.78,wholesale
C00007,2026-05-27,41.36,retail
C00072,2026-05-27,14.53,retail
C00074,2026-05-27,32.78,retail
C00244,2026-05-27,34.27,retail
C00308,2026-05-27,45.15,retail
C00335,2026-05-27,23.42,retail
C00358,2026-05-27,13.22,retail
C00483,2026-05-27,53.09,retail
C00673,2026-05-27,65.52,retail
C00774,2026-05-27,44.34,retail
C00776,2026-05-27,23.2,retail
C00780,2026-05-27,21.19,retail
C00797,2026-05-27,84.03,retail
C00801,2026-05-27,28.42,retail
C00805,2026-05-27,41.3,retail
C00978,2026-05-27,29.45,retail
C01177,2026-05-27,37.3,retail
C01222,2026-05-27,48.34,retail
C01246,2026-05-27,42.98,retail
C01281,2026-05-27,82.23,retail
C01347,2026-05-27,44.32,retail
C01362,2026-05-27,74.92,retail
C01481,2026-05-27,24.42,retail
C01551,2026-05-27,19.39,retail
C01687,2026-05-27,34.3,retail
C01708,2026-05-27,34.13,retail
C01708,2026-05-27,94.87,retail
C01795,2026-05-27,18.11,retail
C01816,2026-05-27,50.12,retail
C01940,2026-05-27,22.14,retail
C02111,2026-05-27,81.99,retail
C02130,2026-05-27,34.35,retail
C02205,2026-05-27,49.9,retail
C02289,2026-05-27,22.72,retail
C02360,2026-05-27,80.89,retail
C02408,2026-05-27,34.69,retail
C02467,2026-05-27,13.86,retail
C02615,2026-05-27,92.92,retail
C02662,2026-05-27,28.43,retail
C02690,2026-05-27,37.53,retail
C02865,2026-05-27,18.01,retail
C02928,2026-05-27,71.76,retail
C02955,2026-05-27,26.72,retail
C02959,2026-05-27,45.27,retail
C03114,2026-05-27,56.69,retail
C03144,2026-05-27,36.58,retail
C03148,2026-05-27,45.48,retail
C03157,2026-05-27,20.61,retail
C03157,2026-05-27,26.75,retail
C03182,2026-05-27,24.8,retail
C03279,2026-05-27,27.91,retail
C03359,2026-05-27,27.03,retail
C03418,2026-05-27,16.39,retail
C03509,2026-05-27,24.11,retail
C03597,2026-05-27,125.25,retail
C03798,2026-05-27,28.9,retail
C03852,2026-05-27,50.54,retail
C03972,2026-05-27,46.96,retail
W002,2026-05-27,506.33,wholesale
W002,2026-05-27,427.17,wholesale
W005,2026-05-27,204.1,wholesale
W012,2026-05-27,491.74,wholesale
W013,2026-05-27,109.99,wholesale
W017,2026-05-27,201.05,wholesale
W019,2026-05-27,166.6,wholesale
W021,2026-05-27,276.28,wholesale
W026,2026-05-27,312.46,wholesale
C00188,2026-05-28,48.45,retail
C00189,2026-05-28,25.89,retail
C00231,2026-05-28,12.65,retail
C00254,2026-05-28,23.98,retail
C00367,2026-05-28,16.15,retail
C00369,2026-05-28,81.02,retail
C00377,2026-05-28,112.84,retail
C00384,2026-05-28,47.28,retail
C00548,2026-05-28,51.94,retail
C00556,2026-05-28,42.16,retail
C00662,2026-05-28,46.21,retail
C00700,2026-05-28,24.05,retail
C00722,2026-05-28,50.49,retail
C00784,2026-05-28,78.89,retail
C00861,2026-05-28,15.08,retail
C01268,2026-05-28,25.88,retail
C01345,2026-05-28,25.43,retail
C01372,2026-05-28,35.01,retail
C01379,2026-05-28,14.13,retail
C01534,2026-05-28,27.22,retail
C01545,2026-05-28,50.21,retail
C01591,2026-05-28,43.19,retail
C01592,2026-05-28,86.78,retail
C01668,2026-05-28,23.82,retail
C01717,2026-05-28,16.72,retail
C01719,2026-05-28,35.42,retail
C01743,2026-05-28,29.03,retail
C01791,2026-05-28,23.39,retail
C01834,2026-05-28,28.63,retail
C01843,2026-05-28,96.29,retail
C01981,2026-05-28,42.86,retail
C02001,2026-05-28,37.01,retail
C02006,2026-05-28,60.64,retail
C02059,2026-05-28,23.43,retail
C02261,2026-05-28,44.58,retail
C02491,2026-05-28,26.73,retail
C02516,2026-05-28,30.77,retail
C02528,2026-05-28,87.89,retail
C02534,2026-05-28,38.6,retail
C02539,2026-05-28,23.39,retail
C02754,2026-05-28,22.64,retail
C02756,2026-05-28,16.98,retail
C02855,2026-05-28,42.25,retail
C02954,2026-05-28,36.64,retail
C03201,2026-05-28,42.85,retail
C03208,2026-05-28,24.16,retail
C03265,2026-05-28,25.43,retail
C03411,2026-05-28,47.62,retail
C03448,2026-05-28,18.24,retail
C03483,2026-05-28,73.8,retail
C03755,2026-05-28,15.04,retail
C03765,2026-05-28,19.84,retail
C03793,2026-05-28,28.41,retail
C03944,2026-05-28,23.12,retail
C03998,2026-05-28,47.42,retail
W002,2026-05-28,304.07,wholesale
W004,2026-05-28,432.48,wholesale
W008,2026-05-28,250.18,wholesale
W009,2026-05-28,185.64,wholesale
W011,2026-05-28,140.38,wholesale
W020,2026-05-28,140.86,wholesale
W025,2026-05-28,196.07,wholesale
C00021,2026-06-01,32.39,retail
C00074,2026-06-01,44.99,retail
C00113,2026-06-01,52.21,retail
C00124,2026-06-01,17.15,retail
C00208,2026-06-01,29.87,retail
C00244,2026-06-01,25.84,retail
C00262,2026-06-01,41.62,retail
C00329,2026-06-01,24.54,retail
C00428,2026-06-01,52.36,retail
C00455,2026-06-01,69.13,retail
C00471,2026-06-01,18.91,retail
C00638,2026-06-01,36.78,retail
C00780,2026-06-01,50.37,retail
C00837,2026-06-01,49.21,retail
C00969,2026-06-01,47.37,retail
C01053,2026-06-01,51.89,retail
C01066,2026-06-01,132.7,retail
C01140,2026-06-01,35.09,retail
C01251,2026-06-01,32.43,retail
C01329,2026-06-01,57.96,retail
C01360,2026-06-01,65.54,retail
C01376,2026-06-01,161.29,retail
C01405,2026-06-01,44.51,retail
C01418,2026-06-01,22.04,retail
C01440,2026-06-01,35.21,retail
C01602,2026-06-01,27.93,retail
C01683,2026-06-01,24.37,retail
C01724,2026-06-01,91.09,retail
C01786,2026-06-01,86.97,retail
C01913,2026-06-01,44.67,retail
C02007,2026-06-01,11.45,retail
C02039,2026-06-01,29.68,retail
C02204,2026-06-01,27.37,retail
C02229,2026-06-01,39.54,retail
C02244,2026-06-01,9.19,retail
C02254,2026-06-01,54.28,retail
C02269,2026-06-01,35.78,retail
C02455,2026-06-01,103.02,retail
C02692,2026-06-01,54.22,retail
C02764,2026-06-01,37.89,retail
C02772,2026-06-01,63.95,retail
C02776,2026-06-01,87.49,retail
C02782,2026-06-01,19.6,retail
C03045,2026-06-01,21.97,retail
C03305,2026-06-01,23.29,retail
C03311,2026-06-01,62.94,retail
C03337,2026-06-01,6.74,retail
C03403,2026-06-01,25.57,retail
C03435,2026-06-01,62.38,retail
C03765,2026-06-01,45.98,retail
W001,2026-06-01,242.99,wholesale
W027,2026-06-01,345.44,wholesale
W029,2026-06-01,280.02,wholesale
C00051,2026-06-02,35.48,retail
C00074,2026-06-02,51.78,retail
C00120,2026-06-02,21.85,retail
C00172,2026-06-02,53.19,retail
C00197,2026-06-02,43.61,retail
C00237,2026-06-02,101.76,retail
C00258,2026-06-02,104.07,retail
C00263,2026-06-02,33.47,retail
C00264,2026-06-02,55.45,retail
C00367,2026-06-02,64.11,retail
C00413,2026-06-02,25.37,retail
C00619,2026-06-02,31.8,retail
C00669,2026-06-02,25.47,retail
C00722,2026-06-02,136.44,retail
C00889,2026-06-02,32.32,retail
C01061,2026-06-02,111.81,retail
C01079,2026-06-02,20.01,retail
C01208,2026-06-02,22.62,retail
C01402,2026-06-02,17.3,retail
C01408,2026-06-02,12.93,retail
C01446,2026-06-02,44.38,retail
C01565,2026-06-02,29.7,retail
C01568,2026-06-02,37.6,retail
C01608,2026-06-02,28.32,retail
C01687,2026-06-02,29.6,retail
C01830,2026-06-02,30.2,retail
C02273,2026-06-02,52.08,retail
C02286,2026-06-02,32.0,retail
C02320,2026-06-02,25.6,retail
C02367,2026-06-02,25.47,retail
C02368,2026-06-02,44.2,retail
C02674,2026-06-02,25.69,retail
C02730,2026-06-02,21.57,retail
C02773,2026-06-02,68.02,retail
C02792,2026-06-02,24.64,retail
C02820,2026-06-02,47.0,retail
C02852,2026-06-02,23.03,retail
C02910,2026-06-02,98.83,retail
C02912,2026-06-02,26.78,retail
C02956,2026-06-02,49.39,retail
C03138,2026-06-02,46.17,retail
C03243,2026-06-02,20.38,retail
C03286,2026-06-02,90.59,retail
C03316,2026-06-02,34.55,retail
C03326,2026-06-02,32.11,retail
C03397,2026-06-02,34.19,retail
C03411,2026-06-02,27.86,retail
C03603,2026-06-02,35.61,retail
C03923,2026-06-02,73.99,retail
C03968,2026-06-02,160.75,retail
W002,2026-06-02,163.68,wholesale
W005,2026-06-02,284.48,wholesale
W012,2026-06-02,313.55,wholesale
W018,2026-06-02,125.13,wholesale
W022,2026-06-02,280.78,wholesale
C00148,2026-06-03,13.13,retail
C00358,2026-06-03,11.92,retail
C00424,2026-06-03,27.63,retail
C00483,2026-06-03,38.46,retail
C00490,2026-06-03,43.86,retail
C00734,2026-06-03,19.96,retail
C00762,2026-06-03,16.88,retail
C00796,2026-06-03,34.99,retail
C00889,2026-06-03,14.18,retail
C00901,2026-06-03,102.11,retail
C01020,2026-06-03,48.5,retail
C01035,2026-06-03,78.13,retail
C01066,2026-06-03,52.28,retail
C01158,2026-06-03,15.08,retail
C01412,2026-06-03,21.09,retail
C01443,2026-06-03,75.52,retail
C01519,2026-06-03,32.93,retail
C01570,2026-06-03,49.95,retail
C01591,2026-06-03,56.95,retail
C01791,2026-06-03,99.35,retail
C01835,2026-06-03,36.25,retail
C01848,2026-06-03,39.5,retail
C01888,2026-06-03,34.12,retail
C01899,2026-06-03,26.94,retail
C02001,2026-06-03,58.19,retail
C02242,2026-06-03,23.14,retail
C02250,2026-06-03,26.79,retail
C02286,2026-06-03,29.67,retail
C02597,2026-06-03,28.54,retail
C02658,2026-06-03,69.88,retail
C02662,2026-06-03,79.76,retail
C02669,2026-06-03,15.81,retail
C02850,2026-06-03,19.57,retail
C02890,2026-06-03,20.81,retail
C02960,2026-06-03,90.26,retail
C02981,2026-06-03,45.34,retail
C03002,2026-06-03,61.68,retail
C03055,2026-06-03,28.05,retail
C03139,2026-06-03,51.16,retail
C03413,2026-06-03,18.06,retail
C03511,2026-06-03,29.57,retail
C03684,2026-06-03,54.68,retail
C03762,2026-06-03,95.6,retail
C03913,2026-06-03,60.34,retail
W002,2026-06-03,380.74,wholesale
C00142,2026-06-04,10.42,retail
C00197,2026-06-04,22.1,retail
C00205,2026-06-04,34.9,retail
C00227,2026-06-04,18.14,retail
C00283,2026-06-04,21.16,retail
C00369,2026-06-04,24.4,retail
C00427,2026-06-04,31.1,retail
C00477,2026-06-04,27.31,retail
C00534,2026-06-04,27.59,retail
C00577,2026-06-04,38.01,retail
C00645,2026-06-04,44.5,retail
C00650,2026-06-04,53.85,retail
C00656,2026-06-04,33.46,retail
C00665,2026-06-04,29.17,retail
C00699,2026-06-04,40.97,retail
C00699,2026-06-04,31.58,retail
C00761,2026-06-04,46.87,retail
C01002,2026-06-04,14.79,retail
C01080,2026-06-04,42.3,retail
C01094,2026-06-04,57.99,retail
C01109,2026-06-04,41.03,retail
C01164,2026-06-04,17.68,retail
C01200,2026-06-04,25.24,retail
C01236,2026-06-04,49.46,retail
C01247,2026-06-04,77.75,retail
C01267,2026-06-04,34.12,retail
C01302,2026-06-04,19.96,retail
C01459,2026-06-04,62.09,retail
C01630,2026-06-04,33.76,retail
C01647,2026-06-04,14.6,retail
C01731,2026-06-04,31.61,retail
C01945,2026-06-04,35.51,retail
C02111,2026-06-04,30.93,retail
C02166,2026-06-04,16.45,retail
C02174,2026-06-04,78.73,retail
C02242,2026-06-04,48.53,retail
C02275,2026-06-04,16.14,retail
C02348,2026-06-04,40.52,retail
C02399,2026-06-04,21.51,retail
C02414,2026-06-04,40.64,retail
C02574,2026-06-04,58.06,retail
C02632,2026-06-04,57.53,retail
C02803,2026-06-04,12.67,retail
C02943,2026-06-04,40.48,retail
C02979,2026-06-04,79.91,retail
C03143,2026-06-04,17.3,retail
C03231,2026-06-04,36.54,retail
C03290,2026-06-04,13.53,retail
C03440,2026-06-04,29.65,retail
C03597,2026-06-04,44.36,retail
C03727,2026-06-04,45.87,retail
W010,2026-06-04,264.12,wholesale
W020,2026-06-04,294.25,wholesale
W024,2026-06-04,188.43,wholesale
W025,2026-06-04,130.04,wholesale
C00063,2026-06-05,55.71,retail
C00096,2026-06-05,31.37,retail
C00141,2026-06-05,34.13,retail
C00254,2026-06-05,42.43,retail
C00314,2026-06-05,53.04,retail
C00341,2026-06-05,81.71,retail
C00392,2026-06-05,44.22,retail
C00395,2026-06-05,19.95,retail
C00411,2026-06-05,38.52,retail
C00425,2026-06-05,96.19,retail
C00467,2026-06-05,9.36,retail
C00581,2026-06-05,26.73,retail
C00686,2026-06-05,20.83,retail
C00804,2026-06-05,13.34,retail
C00989,2026-06-05,55.4,retail
C01094,2026-06-05,22.35,retail
C01145,2026-06-05,26.45,retail
C01260,2026-06-05,42.71,retail
C01434,2026-06-05,33.95,retail
C01473,2026-06-05,35.42,retail
C01677,2026-06-05,44.94,retail
C01856,2026-06-05,33.77,retail
C01884,2026-06-05,119.33,retail
C01990,2026-06-05,17.67,retail
C02052,2026-06-05,38.61,retail
C02365,2026-06-05,22.95,retail
C02386,2026-06-05,29.03,retail
C02558,2026-06-05,42.81,retail
C02565,2026-06-05,17.85,retail
C02889,2026-06-05,41.58,retail
C03127,2026-06-05,20.04,retail
C03448,2026-06-05,63.23,retail
C03458,2026-06-05,38.74,retail
C03468,2026-06-05,31.39,retail
C03503,2026-06-05,35.6,retail
C03557,2026-06-05,38.47,retail
C03582,2026-06-05,31.3,retail
C03886,2026-06-05,30.25,retail
C03941,2026-06-05,34.49,retail
C03992,2026-06-05,21.0,retail
C03996,2026-06-05,79.17,retail
W001,2026-06-05,201.89,wholesale
W004,2026-06-05,266.91,wholesale
W006,2026-06-05,328.77,wholesale
W008,2026-06-05,175.79,wholesale
W015,2026-06-05,153.52,wholesale
W024,2026-06-05,378.51,wholesale
C00021,2026-06-06,19.64,retail
C00089,2026-06-06,30.89,retail
C00113,2026-06-06,37.06,retail
C00219,2026-06-06,22.07,retail
C00241,2026-06-06,28.27,retail
C00471,2026-06-06,33.15,retail
C00641,2026-06-06,21.44,retail
C00818,2026-06-06,23.67,retail
C00887,2026-06-06,30.4,retail
C01200,2026-06-06,88.11,retail
C01268,2026-06-06,90.09,retail
C01357,2026-06-06,61.61,retail
C01405,2026-06-06,16.41,retail
C01479,2026-06-06,10.08,retail
C01495,2026-06-06,35.91,retail
C01582,2026-06-06,151.19,retail
C01586,2026-06-06,41.71,retail
C01663,2026-06-06,26.89,retail
C01764,2026-06-06,58.83,retail
C01825,2026-06-06,49.49,retail
C01920,2026-06-06,64.14,retail
C02105,2026-06-06,48.8,retail
C02111,2026-06-06,23.66,retail
C02115,2026-06-06,131.39,retail
C02130,2026-06-06,64.43,retail
C02215,2026-06-06,34.55,retail
C02230,2026-06-06,46.4,retail
C02483,2026-06-06,64.6,retail
C02569,2026-06-06,41.17,retail
C02599,2026-06-06,45.46,retail
C02607,2026-06-06,62.33,retail
C02642,2026-06-06,10.39,retail
C02730,2026-06-06,32.06,retail
C02773,2026-06-06,26.73,retail
C02843,2026-06-06,17.99,retail
C02850,2026-06-06,104.57,retail
C02905,2026-06-06,19.83,retail
C02957,2026-06-06,44.8,retail
C03005,2026-06-06,31.26,retail
C03058,2026-06-06,30.26,retail
C03129,2026-06-06,14.65,retail
C03199,2026-06-06,44.5,retail
C03233,2026-06-06,32.88,retail
C03235,2026-06-06,52.3,retail
C03313,2026-06-06,26.5,retail
C03335,2026-06-06,25.59,retail
C03377,2026-06-06,21.59,retail
C03445,2026-06-06,75.84,retail
C03541,2026-06-06,17.61,retail
C03558,2026-06-06,18.96,retail
C03700,2026-06-06,43.0,retail
C03806,2026-06-06,19.25,retail
C03993,2026-06-06,41.06,retail
W000,2026-06-06,178.86,wholesale
W001,2026-06-06,229.19,wholesale
W003,2026-06-06,196.92,wholesale
W003,2026-06-06,158.67,wholesale
W021,2026-06-06,409.41,wholesale
C00059,2026-06-07,29.98,retail
C00071,2026-06-07,43.47,retail
C00157,2026-06-07,39.8,retail
C00160,2026-06-07,34.79,retail
C00169,2026-06-07,27.62,retail
C00351,2026-06-07,98.48,retail
C00608,2026-06-07,36.3,retail
C00927,2026-06-07,60.82,retail
C00992,2026-06-07,20.46,retail
C01020,2026-06-07,39.81,retail
C01039,2026-06-07,74.33,retail
C01061,2026-06-07,24.92,retail
C01317,2026-06-07,19.17,retail
C01437,2026-06-07,25.03,retail
C01527,2026-06-07,57.97,retail
C01586,2026-06-07,20.88,retail
C01611,2026-06-07,94.18,retail
C01687,2026-06-07,59.67,retail
C01761,2026-06-07,31.01,retail
C01811,2026-06-07,50.22,retail
C01915,2026-06-07,29.38,retail
C01953,2026-06-07,32.89,retail
C01975,2026-06-07,25.37,retail
C01999,2026-06-07,71.14,retail
C02006,2026-06-07,14.73,retail
C02205,2026-06-07,30.7,retail
C02261,2026-06-07,21.65,retail
C02269,2026-06-07,43.47,retail
C02320,2026-06-07,45.12,retail
C02397,2026-06-07,32.53,retail
C02417,2026-06-07,45.49,retail
C02492,2026-06-07,27.78,retail
C02603,2026-06-07,25.96,retail
C02749,2026-06-07,76.17,retail
C02808,2026-06-07,113.73,retail
C02841,2026-06-07,43.11,retail
C02845,2026-06-07,83.52,retail
C02963,2026-06-07,12.2,retail
C03012,2026-06-07,30.2,retail
C03159,2026-06-07,33.17,retail
C03252,2026-06-07,13.87,retail
C03287,2026-06-07,68.35,retail
C03306,2026-06-07,36.98,retail
C03341,2026-06-07,37.35,retail
C03418,2026-06-07,27.41,retail
C03597,2026-06-07,49.83,retail
C03728,2026-06-07,16.66,retail
C03736,2026-06-07,36.61,retail
C03855,2026-06-07,44.61,retail
C03867,2026-06-07,49.15,retail
C03961,2026-06-07,13.36,retail
W007,2026-06-07,177.74,wholesale
W014,2026-06-07,266.17,wholesale
W019,2026-06-07,193.62,wholesale
W020,2026-06-07,248.76,wholesale
W022,2026-06-07,244.45,wholesale
C00249,2026-06-08,75.2,retail
C00260,2026-06-08,33.24,retail
C00344,2026-06-08,17.49,retail
C00483,2026-06-08,23.06,retail
C00535,2026-06-08,96.36,retail
C00606,2026-06-08,46.45,retail
C00609,2026-06-08,36.22,retail
C00779,2026-06-08,96.03,retail
C00859,2026-06-08,25.66,retail
C01033,2026-06-08,17.27,retail
C01262,2026-06-08,17.99,retail
C01336,2026-06-08,26.84,retail
C01402,2026-06-08,17.23,retail
C01404,2026-06-08,56.12,retail
C01569,2026-06-08,36.44,retail
C01647,2026-06-08,27.26,retail
C01694,2026-06-08,17.65,retail
C01786,2026-06-08,61.62,retail
C01886,2026-06-08,29.55,retail
C02008,2026-06-08,21.94,retail
C02347,2026-06-08,47.33,retail
C02421,2026-06-08,13.57,retail
C02522,2026-06-08,9.21,retail
C02678,2026-06-08,35.94,retail
C02757,2026-06-08,41.78,retail
C02861,2026-06-08,27.16,retail
C03031,2026-06-08,43.47,retail
C03044,2026-06-08,56.71,retail
C03046,2026-06-08,51.03,retail
C03054,2026-06-08,33.0,retail
C03163,2026-06-08,18.84,retail
C03237,2026-06-08,28.25,retail
C03252,2026-06-08,20.42,retail
C03260,2026-06-08,25.32,retail
C03329,2026-06-08,21.54,retail
C03382,2026-06-08,73.9,retail
C03467,2026-06-08,28.43,retail
C03497,2026-06-08,38.23,retail
C03502,2026-06-08,118.75,retail
C03545,2026-06-08,36.15,retail
C03648,2026-06-08,22.03,retail
C03700,2026-06-08,18.82,retail
C03717,2026-06-08,28.12,retail
C03728,2026-06-08,16.53,retail
C03793,2026-06-08,34.44,retail
C03793,2026-06-08,24.77,retail
C03802,2026-06-08,109.89,retail
C03841,2026-06-08,124.31,retail
C03959,2026-06-08,20.61,retail
W000,2026-06-08,99.74,wholesale
W004,2026-06-08,173.86,wholesale
W009,2026-06-08,189.07,wholesale
W013,2026-06-08,180.64,wholesale
C00151,2026-06-09,38.43,retail
C00252,2026-06-09,36.61,retail
C00267,2026-06-09,27.27,retail
C00289,2026-06-09,43.19,retail
C00501,2026-06-09,17.17,retail
C00556,2026-06-09,39.45,retail
C00574,2026-06-09,14.17,retail
C00586,2026-06-09,22.53,retail
C00593,2026-06-09,14.84,retail
C00624,2026-06-09,21.22,retail
C00632,2026-06-09,36.03,retail
C00687,2026-06-09,60.81,retail
C00687,2026-06-09,36.76,retail
C00767,2026-06-09,21.21,retail
C00799,2026-06-09,62.72,retail
C00833,2026-06-09,27.06,retail
C00841,2026-06-09,76.37,retail
C01245,2026-06-09,32.19,retail
C01553,2026-06-09,35.92,retail
C01791,2026-06-09,22.63,retail
C02171,2026-06-09,27.22,retail
C02283,2026-06-09,30.64,retail
C02317,2026-06-09,10.3,retail
C02333,2026-06-09,22.13,retail
C02400,2026-06-09,29.81,retail
C02410,2026-06-09,27.42,retail
C02481,2026-06-09,21.23,retail
C02528,2026-06-09,40.94,retail
C02555,2026-06-09,38.33,retail
C02584,2026-06-09,14.45,retail
C02637,2026-06-09,14.77,retail
C02979,2026-06-09,17.54,retail
C02987,2026-06-09,6.12,retail
C03005,2026-06-09,25.75,retail
C03044,2026-06-09,24.87,retail
C03046,2026-06-09,54.31,retail
C03313,2026-06-09,34.13,retail
C03375,2026-06-09,57.13,retail
C03462,2026-06-09,49.57,retail
C03550,2026-06-09,36.8,retail
C03634,2026-06-09,50.62,retail
C03690,2026-06-09,15.07,retail
C03713,2026-06-09,51.23,retail
C03717,2026-06-09,80.9,retail
C03732,2026-06-09,54.05,retail
C03830,2026-06-09,76.55,retail
C03944,2026-06-09,37.19,retail
C03952,2026-06-09,45.71,retail
C03966,2026-06-09,54.0,retail
W008,2026-06-09,323.29,wholesale
W015,2026-06-09,193.61,wholesale
W023,2026-06-09,264.94,wholesale
W028,2026-06-09,197.09,wholesale
C00032,2026-06-10,26.11,retail
C00147,2026-06-10,25.7,retail
C00182,2026-06-10,34.08,retail
C00217,2026-06-10,16.84,retail
C00249,2026-06-10,22.81,retail
C00268,2026-06-10,68.88,retail
C00324,2026-06-10,20.56,retail
C00338,2026-06-10,31.68,retail
C00378,2026-06-10,27.36,retail
C00517,2026-06-10,12.99,retail
C00608,2026-06-10,63.37,retail
C00619,2026-06-10,81.86,retail
C00642,2026-06-10,45.13,retail
C00710,2026-06-10,21.3,retail
C00710,2026-06-10,30.79,retail
C00844,2026-06-10,38.74,retail
C00978,2026-06-10,15.27,retail
C01140,2026-06-10,42.47,retail
C01193,2026-06-10,23.58,retail
C01274,2026-06-10,42.91,retail
C01279,2026-06-10,101.29,retail
C01390,2026-06-10,80.27,retail
C01401,2026-06-10,22.52,retail
C01426,2026-06-10,52.73,retail
C01432,2026-06-10,41.57,retail
C01500,2026-06-10,14.7,retail
C01566,2026-06-10,80.84,retail
C01744,2026-06-10,59.25,retail
C01827,2026-06-10,27.5,retail
C01910,2026-06-10,40.11,retail
C02001,2026-06-10,29.06,retail
C02054,2026-06-10,60.68,retail
C02115,2026-06-10,71.28,retail
C02195,2026-06-10,24.44,retail
C02244,2026-06-10,19.84,retail
C02248,2026-06-10,28.75,retail
C02378,2026-06-10,20.52,retail
C02460,2026-06-10,47.56,retail
C02477,2026-06-10,60.59,retail
C02684,2026-06-10,24.63,retail
C02741,2026-06-10,20.66,retail
C02748,2026-06-10,23.28,retail
C02753,2026-06-10,33.91,retail
C02756,2026-06-10,33.41,retail
C02763,2026-06-10,16.68,retail
C02864,2026-06-10,59.34,retail
C02931,2026-06-10,16.13,retail
C03292,2026-06-10,39.4,retail
C03312,2026-06-10,41.17,retail
C03377,2026-06-10,12.53,retail
C03378,2026-06-10,26.42,retail
C03662,2026-06-10,21.22,retail
C03732,2026-06-10,27.54,retail
C03734,2026-06-10,32.53,retail
C03758,2026-06-10,15.93,retail
C03806,2026-06-10,26.87,retail
C03808,2026-06-10,26.24,retail
C03874,2026-06-10,29.44,retail
C03921,2026-06-10,45.23,retail
W004,2026-06-10,151.24,wholesale
W011,2026-06-10,215.03,wholesale
W019,2026-06-10,99.88,wholesale
W029,2026-06-10,242.57,wholesale
W029,2026-06-10,302.51,wholesale
C00025,2026-06-11,82.32,retail
C00067,2026-06-11,27.75,retail
C00090,2026-06-11,64.89,retail
C00170,2026-06-11,33.46,retail
C00237,2026-06-11,57.27,retail
C00450,2026-06-11,13.69,retail
C00588,2026-06-11,18.42,retail
C00596,2026-06-11,41.06,retail
C00638,2026-06-11,16.37,retail
C00662,2026-06-11,26.7,retail
C00746,2026-06-11,21.11,retail
C00753,2026-06-11,45.2,retail
C00822,2026-06-11,17.86,retail
C01095,2026-06-11,72.2,retail
C01198,2026-06-11,36.18,retail
C01210,2026-06-11,22.24,retail
C01236,2026-06-11,45.59,retail
C01249,2026-06-11,19.96,retail
C01259,2026-06-11,17.23,retail
C01367,2026-06-11,19.44,retail
C01396,2026-06-11,33.91,retail
C01479,2026-06-11,28.98,retail
C01534,2026-06-11,16.46,retail
C01608,2026-06-11,17.24,retail
C02005,2026-06-11,70.95,retail
C02073,2026-06-11,17.12,retail
C02171,2026-06-11,14.82,retail
C02185,2026-06-11,4.81,retail
C02211,2026-06-11,23.94,retail
C02254,2026-06-11,82.51,retail
C02315,2026-06-11,31.56,retail
C02360,2026-06-11,27.3,retail
C02539,2026-06-11,47.57,retail
C02601,2026-06-11,11.49,retail
C02744,2026-06-11,21.8,retail
C02782,2026-06-11,67.42,retail
C02872,2026-06-11,50.02,retail
C03038,2026-06-11,84.52,retail
C03147,2026-06-11,88.74,retail
C03171,2026-06-11,24.9,retail
C03191,2026-06-11,16.6,retail
C03233,2026-06-11,16.36,retail
C03349,2026-06-11,18.47,retail
C03397,2026-06-11,66.98,retail
C03418,2026-06-11,35.11,retail
C03421,2026-06-11,71.56,retail
C03522,2026-06-11,66.13,retail
C03543,2026-06-11,10.75,retail
C03622,2026-06-11,31.27,retail
C03670,2026-06-11,53.28,retail
C03674,2026-06-11,51.61,retail
C03755,2026-06-11,15.78,retail
C03765,2026-06-11,33.84,retail
C03944,2026-06-11,25.97,retail
C03992,2026-06-11,28.06,retail
W008,2026-06-11,209.65,wholesale
W016,2026-06-11,330.69,wholesale
W021,2026-06-11,207.91,wholesale
C00009,2026-06-12,97.74,retail
C00071,2026-06-12,54.19,retail
C00079,2026-06-12,16.48,retail
C00248,2026-06-12,38.45,retail
C00256,2026-06-12,45.98,retail
C00270,2026-06-12,37.31,retail
C00424,2026-06-12,65.39,retail
C00521,2026-06-12,44.16,retail
C00615,2026-06-12,40.49,retail
C00673,2026-06-12,8.08,retail
C00675,2026-06-12,113.2,retail
C00774,2026-06-12,22.89,retail
C00948,2026-06-12,17.48,retail
C01010,2026-06-12,10.63,retail
C01148,2026-06-12,19.85,retail
C01208,2026-06-12,39.56,retail
C01261,2026-06-12,15.0,retail
C01376,2026-06-12,56.67,retail
C01412,2026-06-12,25.75,retail
C01437,2026-06-12,26.43,retail
C01441,2026-06-12,51.37,retail
C01478,2026-06-12,29.32,retail
C01481,2026-06-12,36.01,retail
C01542,2026-06-12,14.88,retail
C01566,2026-06-12,125.95,retail
C01660,2026-06-12,23.67,retail
C01660,2026-06-12,35.79,retail
C01941,2026-06-12,75.8,retail
C02360,2026-06-12,36.55,retail
C02421,2026-06-12,26.67,retail
C02564,2026-06-12,73.53,retail
C02574,2026-06-12,17.49,retail
C02582,2026-06-12,35.2,retail
C02620,2026-06-12,23.17,retail
C02675,2026-06-12,47.97,retail
C02901,2026-06-12,40.81,retail
C02942,2026-06-12,37.66,retail
C03125,2026-06-12,20.82,retail
C03323,2026-06-12,64.27,retail
C03362,2026-06-12,26.38,retail
C03503,2026-06-12,20.83,retail
C03670,2026-06-12,37.79,retail
C03697,2026-06-12,18.4,retail
C03703,2026-06-12,38.18,retail
C03914,2026-06-12,90.15,retail
C03933,2026-06-12,24.44,retail
C03974,2026-06-12,15.54,retail
W002,2026-06-12,121.55,wholesale
W004,2026-06-12,132.3,wholesale
W005,2026-06-12,263.28,wholesale
W018,2026-06-12,274.78,wholesale
C00182,2026-06-13,22.19,retail
C00335,2026-06-13,44.32,retail
C00379,2026-06-13,31.34,retail
C00428,2026-06-13,18.62,retail
C00467,2026-06-13,93.6,retail
C00575,2026-06-13,22.24,retail
C00583,2026-06-13,57.45,retail
C00642,2026-06-13,9.87,retail
C00697,2026-06-13,80.46,retail
C00894,2026-06-13,23.76,retail
C00974,2026-06-13,52.4,retail
C00988,2026-06-13,23.32,retail
C01017,2026-06-13,41.98,retail
C01021,2026-06-13,23.91,retail
C01133,2026-06-13,107.84,retail
C01185,2026-06-13,26.82,retail
C01198,2026-06-13,13.87,retail
C01250,2026-06-13,19.51,retail
C01299,2026-06-13,7.48,retail
C01333,2026-06-13,25.68,retail
C01348,2026-06-13,21.03,retail
C01378,2026-06-13,31.21,retail
C01419,2026-06-13,33.75,retail
C01550,2026-06-13,57.08,retail
C01630,2026-06-13,33.28,retail
C01714,2026-06-13,35.34,retail
C01769,2026-06-13,29.29,retail
C01797,2026-06-13,16.21,retail
C01966,2026-06-13,54.66,retail
C01983,2026-06-13,11.22,retail
C01985,2026-06-13,21.75,retail
C02130,2026-06-13,67.89,retail
C02229,2026-06-13,8.29,retail
C02280,2026-06-13,64.83,retail
C02397,2026-06-13,43.7,retail
C02495,2026-06-13,34.04,retail
C02547,2026-06-13,70.41,retail
C02565,2026-06-13,60.56,retail
C02678,2026-06-13,43.28,retail
C02680,2026-06-13,40.99,retail
C02792,2026-06-13,18.29,retail
C02975,2026-06-13,49.77,retail
C03031,2026-06-13,22.65,retail
C03093,2026-06-13,16.96,retail
C03115,2026-06-13,20.53,retail
C03116,2026-06-13,27.67,retail
C03125,2026-06-13,34.97,retail
C03143,2026-06-13,52.3,retail
C03184,2026-06-13,57.17,retail
C03191,2026-06-13,67.03,retail
C03210,2026-06-13,42.46,retail
C03226,2026-06-13,21.13,retail
C03269,2026-06-13,13.03,retail
C03298,2026-06-13,49.45,retail
C03300,2026-06-13,20.86,retail
C03649,2026-06-13,29.8,retail
C03906,2026-06-13,19.3,retail
C03923,2026-06-13,19.36,retail
C03935,2026-06-13,42.52,retail
W002,2026-06-13,269.47,wholesale
W019,2026-06-13,149.11,wholesale
W021,2026-06-13,124.03,wholesale
W028,2026-06-13,203.31,wholesale
C00206,2026-06-14,51.68,retail
C00291,2026-06-14,132.3,retail
C00308,2026-06-14,26.66,retail
C00409,2026-06-14,26.99,retail
C00516,2026-06-14,58.17,retail
C00632,2026-06-14,29.6,retail
C00773,2026-06-14,95.56,retail
C00926,2026-06-14,30.09,retail
C00930,2026-06-14,16.41,retail
C01002,2026-06-14,57.24,retail
C01133,2026-06-14,10.99,retail
C01163,2026-06-14,29.81,retail
C01164,2026-06-14,40.69,retail
C01204,2026-06-14,78.08,retail
C01220,2026-06-14,51.8,retail
C01265,2026-06-14,29.33,retail
C01317,2026-06-14,54.07,retail
C01329,2026-06-14,43.01,retail
C01401,2026-06-14,30.99,retail
C01411,2026-06-14,12.45,retail
C01426,2026-06-14,36.63,retail
C01455,2026-06-14,44.9,retail
C01473,2026-06-14,31.12,retail
C01655,2026-06-14,20.01,retail
C01855,2026-06-14,56.04,retail
C01881,2026-06-14,42.11,retail
C02008,2026-06-14,48.31,retail
C02009,2026-06-14,34.82,retail
C02052,2026-06-14,33.83,retail
C02259,2026-06-14,24.99,retail
C02283,2026-06-14,88.58,retail
C02285,2026-06-14,25.12,retail
C02289,2026-06-14,35.36,retail
C02319,2026-06-14,80.59,retail
C02335,2026-06-14,28.39,retail
C02347,2026-06-14,45.31,retail
C02495,2026-06-14,92.28,retail
C02556,2026-06-14,14.16,retail
C02633,2026-06-14,30.61,retail
C02669,2026-06-14,48.64,retail
C02783,2026-06-14,38.45,retail
C02807,2026-06-14,10.86,retail
C02860,2026-06-14,51.57,retail
C02987,2026-06-14,238.08,retail
C03026,2026-06-14,35.97,retail
C03038,2026-06-14,32.75,retail
C03226,2026-06-14,44.96,retail
C03231,2026-06-14,43.71,retail
C03276,2026-06-14,42.0,retail
C03384,2026-06-14,45.25,retail
C03398,2026-06-14,161.1,retail
C03568,2026-06-14,29.89,retail
C03620,2026-06-14,49.55,retail
C03636,2026-06-14,35.56,retail
W004,2026-06-14,288.27,wholesale
W009,2026-06-14,251.94,wholesale
W009,2026-06-14,204.75,wholesale
W010,2026-06-14,198.79,wholesale
W011,2026-06-14,92.22,wholesale
W015,2026-06-14,348.36,wholesale
W018,2026-06-14,93.0,wholesale
C00014,2026-06-15,23.72,retail
C00092,2026-06-15,31.56,retail
C00443,2026-06-15,80.36,retail
C00443,2026-06-15,15.46,retail
C00482,2026-06-15,26.39,retail
C00521,2026-06-15,18.5,retail
C00625,2026-06-15,58.13,retail
C00662,2026-06-15,29.29,retail
C00671,2026-06-15,35.19,retail
C00754,2026-06-15,40.75,retail
C00843,2026-06-15,47.11,retail
C01007,2026-06-15,43.46,retail
C01009,2026-06-15,19.88,retail
C01053,2026-06-15,56.64,retail
C01202,2026-06-15,31.28,retail
C01232,2026-06-15,32.65,retail
C01239,2026-06-15,28.48,retail
C01246,2026-06-15,80.67,retail
C01287,2026-06-15,35.42,retail
C01325,2026-06-15,24.16,retail
C01364,2026-06-15,118.96,retail
C01435,2026-06-15,36.47,retail
C01553,2026-06-15,64.38,retail
C01795,2026-06-15,76.59,retail
C01877,2026-06-15,21.74,retail
C01881,2026-06-15,26.4,retail
C02007,2026-06-15,29.08,retail
C02037,2026-06-15,26.13,retail
C02108,2026-06-15,37.78,retail
C02138,2026-06-15,33.5,retail
C02233,2026-06-15,22.69,retail
C02789,2026-06-15,39.38,retail
C02820,2026-06-15,29.69,retail
C02963,2026-06-15,22.95,retail
C02983,2026-06-15,59.08,retail
C03133,2026-06-15,22.89,retail
C03338,2026-06-15,42.05,retail
C03353,2026-06-15,37.89,retail
C03382,2026-06-15,33.94,retail
C03393,2026-06-15,34.41,retail
C03586,2026-06-15,151.25,retail
C03675,2026-06-15,29.78,retail
C03708,2026-06-15,14.73,retail
C03742,2026-06-15,20.92,retail
C03874,2026-06-15,17.54,retail
W007,2026-06-15,271.06,wholesale
W010,2026-06-15,198.79,wholesale
W012,2026-06-15,165.18,wholesale
C00032,2026-06-16,45.38,retail
C00250,2026-06-16,34.02,retail
C00326,2026-06-16,68.92,retail
C00568,2026-06-16,22.95,retail
C00929,2026-06-16,29.84,retail
C01080,2026-06-16,58.62,retail
C01108,2026-06-16,18.76,retail
C01495,2026-06-16,50.85,retail
C01526,2026-06-16,58.88,retail
C01557,2026-06-16,36.4,retail
C01736,2026-06-16,52.06,retail
C01856,2026-06-16,58.79,retail
C02073,2026-06-16,31.42,retail
C02093,2026-06-16,50.5,retail
C02138,2026-06-16,100.17,retail
C02303,2026-06-16,75.5,retail
C02348,2026-06-16,16.55,retail
C02400,2026-06-16,48.19,retail
C02562,2026-06-16,50.79,retail
C02568,2026-06-16,36.45,retail
C02744,2026-06-16,77.07,retail
C02750,2026-06-16,10.56,retail
C02841,2026-06-16,19.59,retail
C02984,2026-06-16,49.09,retail
C03054,2026-06-16,51.56,retail
C03212,2026-06-16,14.86,retail
C03505,2026-06-16,36.13,retail
C03841,2026-06-16,97.97,retail
C03877,2026-06-16,23.83,retail
W003,2026-06-16,313.78,wholesale
W015,2026-06-16,308.74,wholesale
W016,2026-06-16,346.98,wholesale
W019,2026-06-16,179.84,wholesale
W024,2026-06-16,227.74,wholesale
W026,2026-06-16,278.74,wholesale
W026,2026-06-16,265.21,wholesale
W026,2026-06-16,315.31,wholesale
W028,2026-06-16,369.82,wholesale
C00271,2026-06-17,26.52,retail
C00273,2026-06-17,31.7,retail
C00298,2026-06-17,73.59,retail
C00324,2026-06-17,56.98,retail
C00367,2026-06-17,95.32,retail
C00368,2026-06-17,32.49,retail
C00426,2026-06-17,6.68,retail
C00445,2026-06-17,35.1,retail
C00700,2026-06-17,25.17,retail
C00849,2026-06-17,15.35,retail
C00867,2026-06-17,57.72,retail
C00941,2026-06-17,94.22,retail
C01022,2026-06-17,35.35,retail
C01041,2026-06-17,51.44,retail
C01097,2026-06-17,17.38,retail
C01108,2026-06-17,14.9,retail
C01222,2026-06-17,60.36,retail
C01387,2026-06-17,42.5,retail
C01527,2026-06-17,13.5,retail
C01534,2026-06-17,61.34,retail
C01583,2026-06-17,23.34,retail
C01592,2026-06-17,38.41,retail
C01723,2026-06-17,24.87,retail
C01817,2026-06-17,53.59,retail
C01947,2026-06-17,31.79,retail
C01985,2026-06-17,28.03,retail
C02020,2026-06-17,21.65,retail
C02054,2026-06-17,49.42,retail
C02060,2026-06-17,53.21,retail
C02259,2026-06-17,26.07,retail
C02389,2026-06-17,32.35,retail
C02423,2026-06-17,52.24,retail
C02521,2026-06-17,21.14,retail
C02528,2026-06-17,19.98,retail
C02692,2026-06-17,21.0,retail
C02729,2026-06-17,20.3,retail
C02789,2026-06-17,34.35,retail
C02798,2026-06-17,28.45,retail
C02839,2026-06-17,77.77,retail
C02875,2026-06-17,47.35,retail
C03098,2026-06-17,68.19,retail
C03164,2026-06-17,11.76,retail
C03210,2026-06-17,70.68,retail
C03287,2026-06-17,19.7,retail
C03375,2026-06-17,44.64,retail
C03395,2026-06-17,32.56,retail
C03662,2026-06-17,41.74,retail
C03796,2026-06-17,42.38,retail
C03910,2026-06-17,13.74,retail
C03917,2026-06-17,57.2,retail
W000,2026-06-17,134.44,wholesale
W013,2026-06-17,96.24,wholesale
W016,2026-06-17,350.24,wholesale
W023,2026-06-17,171.61,wholesale
C00104,2026-06-18,25.2,retail
C00106,2026-06-18,32.41,retail
C00138,2026-06-18,53.14,retail
C00169,2026-06-18,127.47,retail
C00176,2026-06-18,40.06,retail
C00209,2026-06-18,23.34,retail
C00271,2026-06-18,43.14,retail
C00337,2026-06-18,8.03,retail
C00361,2026-06-18,13.96,retail
C00490,2026-06-18,52.53,retail
C00697,2026-06-18,45.47,retail
C00918,2026-06-18,40.8,retail
C00983,2026-06-18,27.09,retail
C01025,2026-06-18,21.95,retail
C01026,2026-06-18,46.25,retail
C01302,2026-06-18,40.93,retail
C01472,2026-06-18,49.56,retail
C01501,2026-06-18,61.34,retail
C01542,2026-06-18,74.15,retail
C01723,2026-06-18,30.8,retail
C01974,2026-06-18,126.09,retail
C02099,2026-06-18,74.72,retail
C02193,2026-06-18,58.17,retail
C02213,2026-06-18,118.96,retail
C02289,2026-06-18,42.9,retail
C02376,2026-06-18,50.98,retail
C02411,2026-06-18,60.14,retail
C02645,2026-06-18,13.59,retail
C02749,2026-06-18,14.35,retail
C02799,2026-06-18,19.15,retail
C02937,2026-06-18,59.18,retail
C03104,2026-06-18,57.26,retail
C03157,2026-06-18,111.36,retail
C03167,2026-06-18,35.23,retail
C03311,2026-06-18,21.18,retail
C03315,2026-06-18,40.24,retail
C03350,2026-06-18,22.09,retail
C03423,2026-06-18,54.68,retail
C03470,2026-06-18,13.2,retail
C03601,2026-06-18,11.86,retail
C03612,2026-06-18,39.08,retail
C03721,2026-06-18,34.89,retail
C03929,2026-06-18,11.29,retail
W006,2026-06-18,248.64,wholesale
W011,2026-06-18,401.81,wholesale
W014,2026-06-18,198.62,wholesale
W016,2026-06-18,376.53,wholesale
W017,2026-06-18,245.78,wholesale
W026,2026-06-18,189.59,wholesale
W027,2026-06-18,212.3,wholesale
C00120,2026-06-19,19.27,retail
C00147,2026-06-19,73.27,retail
C00170,2026-06-19,33.02,retail
C00185,2026-06-19,48.03,retail
C00641,2026-06-19,40.28,retail
C00675,2026-06-19,25.42,retail
C00822,2026-06-19,33.69,retail
C00955,2026-06-19,23.02,retail
C00978,2026-06-19,51.69,retail
C01051,2026-06-19,27.06,retail
C01097,2026-06-19,114.99,retail
C01224,2026-06-19,42.28,retail
C01286,2026-06-19,26.0,retail
C01347,2026-06-19,28.0,retail
C01362,2026-06-19,15.82,retail
C01490,2026-06-19,12.19,retail
C01554,2026-06-19,48.27,retail
C01685,2026-06-19,32.63,retail
C02037,2026-06-19,19.64,retail
C02068,2026-06-19,35.01,retail
C02451,2026-06-19,15.94,retail
C02642,2026-06-19,32.98,retail
C02704,2026-06-19,22.72,retail
C02746,2026-06-19,49.5,retail
C02839,2026-06-19,24.58,retail
C02957,2026-06-19,38.6,retail
C02958,2026-06-19,26.1,retail
C02978,2026-06-19,16.8,retail
C02988,2026-06-19,51.22,retail
C03116,2026-06-19,17.98,retail
C03182,2026-06-19,20.69,retail
C03202,2026-06-19,22.48,retail
C03270,2026-06-19,14.8,retail
C03273,2026-06-19,40.5,retail
C03282,2026-06-19,37.43,retail
C03335,2026-06-19,56.52,retail
C03408,2026-06-19,44.15,retail
C03445,2026-06-19,37.95,retail
C03491,2026-06-19,49.94,retail
C03509,2026-06-19,36.91,retail
C03557,2026-06-19,30.01,retail
C03587,2026-06-19,102.72,retail
C03612,2026-06-19,93.22,retail
W009,2026-06-19,116.54,wholesale
W010,2026-06-19,177.11,wholesale
W018,2026-06-19,364.36,wholesale
C00001,2026-06-20,29.92,retail
C00138,2026-06-20,54.63,retail
C00176,2026-06-20,184.47,retail
C00209,2026-06-20,29.81,retail
C00223,2026-06-20,49.36,retail
C00335,2026-06-20,77.37,retail
C00347,2026-06-20,111.74,retail
C00427,2026-06-20,17.19,retail
C00484,2026-06-20,16.93,retail
C00531,2026-06-20,15.1,retail
C00569,2026-06-20,34.65,retail
C00663,2026-06-20,34.88,retail
C00739,2026-06-20,56.65,retail
C00763,2026-06-20,54.23,retail
C00849,2026-06-20,29.33,retail
C00959,2026-06-20,51.48,retail
C01336,2026-06-20,26.08,retail
C01677,2026-06-20,18.74,retail
C01850,2026-06-20,43.34,retail
C01910,2026-06-20,82.87,retail
C02015,2026-06-20,14.54,retail
C02223,2026-06-20,31.61,retail
C02240,2026-06-20,49.15,retail
C02475,2026-06-20,49.25,retail
C02603,2026-06-20,48.8,retail
C02684,2026-06-20,23.67,retail
C02690,2026-06-20,32.95,retail
C02697,2026-06-20,52.47,retail
C02889,2026-06-20,43.44,retail
C03002,2026-06-20,38.68,retail
C03022,2026-06-20,59.9,retail
C03212,2026-06-20,11.03,retail
C03398,2026-06-20,101.45,retail
C03681,2026-06-20,19.59,retail
C03808,2026-06-20,63.83,retail
C03915,2026-06-20,31.22,retail
C03929,2026-06-20,168.02,retail
W023,2026-06-20,179.84,wholesale
W027,2026-06-20,153.06,wholesale
C00009,2026-06-21,139.02,retail
C00016,2026-06-21,25.43,retail
C00205,2026-06-21,35.1,retail
C00275,2026-06-21,60.99,retail
C00308,2026-06-21,13.77,retail
C00501,2026-06-21,31.53,retail
C00655,2026-06-21,37.73,retail
C00734,2026-06-21,62.27,retail
C00859,2026-06-21,20.88,retail
C00969,2026-06-21,62.18,retail
C01003,2026-06-21,35.93,retail
C01090,2026-06-21,32.81,retail
C01186,2026-06-21,34.02,retail
C01210,2026-06-21,28.3,retail
C01220,2026-06-21,51.35,retail
C01267,2026-06-21,30.76,retail
C01358,2026-06-21,34.13,retail
C01411,2026-06-21,28.09,retail
C01475,2026-06-21,35.45,retail
C01500,2026-06-21,24.67,retail
C01589,2026-06-21,45.1,retail
C01611,2026-06-21,46.4,retail
C01815,2026-06-21,70.08,retail
C01827,2026-06-21,29.03,retail
C01940,2026-06-21,34.08,retail
C01999,2026-06-21,52.71,retail
C02028,2026-06-21,18.94,retail
C02157,2026-06-21,31.77,retail
C02252,2026-06-21,18.35,retail
C02278,2026-06-21,36.39,retail
C02316,2026-06-21,25.98,retail
C02375,2026-06-21,115.4,retail
C02484,2026-06-21,19.3,retail
C02485,2026-06-21,33.92,retail
C02502,2026-06-21,18.27,retail
C02585,2026-06-21,50.82,retail
C02620,2026-06-21,95.07,retail
C02842,2026-06-21,26.9,retail
C02845,2026-06-21,76.14,retail
C02875,2026-06-21,32.68,retail
C02937,2026-06-21,37.67,retail
C03018,2026-06-21,42.69,retail
C03071,2026-06-21,15.67,retail
C03108,2026-06-21,15.89,retail
C03127,2026-06-21,81.97,retail
C03289,2026-06-21,41.37,retail
C03334,2026-06-21,20.0,retail
C03341,2026-06-21,53.91,retail
C03392,2026-06-21,63.72,retail
C03446,2026-06-21,23.03,retail
C03506,2026-06-21,55.11,retail
C03583,2026-06-21,23.9,retail
C03626,2026-06-21,12.28,retail
C03684,2026-06-21,22.13,retail
C03798,2026-06-21,34.4,retail
C03828,2026-06-21,17.85,retail
C03881,2026-06-21,42.72,retail
C03921,2026-06-21,64.32,retail
W024,2026-06-21,167.79,wholesale
W025,2026-06-21,141.81,wholesale
W028,2026-06-21,151.59,wholesale
C00258,2026-06-22,24.14,retail
C00280,2026-06-22,35.02,retail
C00283,2026-06-22,38.37,retail
C00320,2026-06-22,71.76,retail
C00361,2026-06-22,20.47,retail
C00507,2026-06-22,112.44,retail
C00568,2026-06-22,24.07,retail
C00575,2026-06-22,60.77,retail
C00739,2026-06-22,50.53,retail
C00759,2026-06-22,17.42,retail
C00833,2026-06-22,65.71,retail
C00862,2026-06-22,11.85,retail
C00869,2026-06-22,63.12,retail
C01162,2026-06-22,19.34,retail
C01178,2026-06-22,39.38,retail
C01178,2026-06-22,26.76,retail
C01207,2026-06-22,55.05,retail
C01212,2026-06-22,36.04,retail
C01224,2026-06-22,10.53,retail
C01232,2026-06-22,18.37,retail
C01561,2026-06-22,25.37,retail
C01591,2026-06-22,32.43,retail
C01640,2026-06-22,33.31,retail
C01692,2026-06-22,60.3,retail
C01765,2026-06-22,52.95,retail
C01966,2026-06-22,83.42,retail
C02142,2026-06-22,38.48,retail
C02276,2026-06-22,44.56,retail
C02295,2026-06-22,20.46,retail
C02335,2026-06-22,23.44,retail
C02491,2026-06-22,86.97,retail
C02610,2026-06-22,33.94,retail
C02621,2026-06-22,31.64,retail
C02690,2026-06-22,50.57,retail
C02711,2026-06-22,30.17,retail
C02731,2026-06-22,98.39,retail
C02897,2026-06-22,44.9,retail
C02913,2026-06-22,19.33,retail
C03029,2026-06-22,55.79,retail
C03057,2026-06-22,13.49,retail
C03142,2026-06-22,31.62,retail
C03202,2026-06-22,49.39,retail
C03203,2026-06-22,22.23,retail
C03235,2026-06-22,39.87,retail
C03345,2026-06-22,24.54,retail
C03411,2026-06-22,48.11,retail
C03425,2026-06-22,112.85,retail
C03563,2026-06-22,29.99,retail
C03563,2026-06-22,102.18,retail
C03610,2026-06-22,100.99,retail
C03654,2026-06-22,48.93,retail
C03751,2026-06-22,37.89,retail
C03798,2026-06-22,44.98,retail
C03802,2026-06-22,59.23,retail
C03828,2026-06-22,81.36,retail
C03906,2026-06-22,25.07,retail
C03974,2026-06-22,20.21,retail
W001,2026-06-22,359.97,wholesale
W005,2026-06-22,289.27,wholesale
W011,2026-06-22,192.62,wholesale
W011,2026-06-22,180.16,wholesale
W014,2026-06-22,217.46,wholesale
C00089,2026-06-23,28.19,retail
C00188,2026-06-23,26.53,retail
C00341,2026-06-23,26.67,retail
C00359,2026-06-23,20.0,retail
C00545,2026-06-23,48.96,retail
C00548,2026-06-23,31.75,retail
C00758,2026-06-23,62.54,retail
C00854,2026-06-23,20.84,retail
C00880,2026-06-23,31.6,retail
C00885,2026-06-23,23.19,retail
C00887,2026-06-23,92.02,retail
C00894,2026-06-23,21.92,retail
C00966,2026-06-23,33.38,retail
C01074,2026-06-23,28.23,retail
C01128,2026-06-23,39.32,retail
C01345,2026-06-23,58.36,retail
C01517,2026-06-23,52.68,retail
C01547,2026-06-23,39.28,retail
C01632,2026-06-23,80.05,retail
C01696,2026-06-23,115.24,retail
C01700,2026-06-23,30.88,retail
C01741,2026-06-23,31.22,retail
C01743,2026-06-23,23.79,retail
C01771,2026-06-23,11.57,retail
C02006,2026-06-23,11.03,retail
C02068,2026-06-23,23.87,retail
C02119,2026-06-23,24.12,retail
C02153,2026-06-23,39.45,retail
C02174,2026-06-23,10.72,retail
C02211,2026-06-23,28.82,retail
C02241,2026-06-23,13.48,retail
C02256,2026-06-23,42.45,retail
C02263,2026-06-23,60.53,retail
C02361,2026-06-23,36.11,retail
C02411,2026-06-23,23.24,retail
C02461,2026-06-23,48.57,retail
C02507,2026-06-23,16.74,retail
C02522,2026-06-23,42.73,retail
C02523,2026-06-23,19.65,retail
C02531,2026-06-23,54.08,retail
C02612,2026-06-23,20.59,retail
C02639,2026-06-23,14.02,retail
C02660,2026-06-23,65.26,retail
C02756,2026-06-23,24.21,retail
C02784,2026-06-23,42.1,retail
C02843,2026-06-23,64.42,retail
C02916,2026-06-23,119.61,retail
C03197,2026-06-23,57.04,retail
C03317,2026-06-23,16.87,retail
C03413,2026-06-23,30.3,retail
C03610,2026-06-23,61.04,retail
C03666,2026-06-23,65.81,retail
C03742,2026-06-23,70.08,retail
C03913,2026-06-23,48.02,retail
W003,2026-06-23,256.97,wholesale
W025,2026-06-23,237.29,wholesale
C00063,2026-06-24,43.8,retail
C00154,2026-06-24,56.31,retail
C00157,2026-06-24,73.9,retail
C00231,2026-06-24,32.66,retail
C00305,2026-06-24,47.38,retail
C00326,2026-06-24,27.8,retail
C00453,2026-06-24,23.26,retail
C00535,2026-06-24,19.43,retail
C00644,2026-06-24,30.06,retail
C00690,2026-06-24,68.19,retail
C00778,2026-06-24,81.01,retail
C00778,2026-06-24,26.26,retail
C00804,2026-06-24,13.46,retail
C00865,2026-06-24,65.64,retail
C00869,2026-06-24,72.15,retail
C00943,2026-06-24,51.06,retail
C00948,2026-06-24,115.06,retail
C01089,2026-06-24,18.0,retail
C01095,2026-06-24,14.81,retail
C01105,2026-06-24,62.44,retail
C01163,2026-06-24,37.66,retail
C01610,2026-06-24,22.56,retail
C01632,2026-06-24,26.07,retail
C01739,2026-06-24,57.45,retail
C02056,2026-06-24,28.74,retail
C02316,2026-06-24,32.12,retail
C02460,2026-06-24,32.85,retail
C02547,2026-06-24,36.19,retail
C02748,2026-06-24,46.15,retail
C02783,2026-06-24,60.5,retail
C02807,2026-06-24,41.6,retail
C02901,2026-06-24,24.83,retail
C02919,2026-06-24,16.61,retail
C02921,2026-06-24,28.04,retail
C02969,2026-06-24,21.39,retail
C03098,2026-06-24,74.2,retail
C03270,2026-06-24,26.84,retail
C03282,2026-06-24,37.05,retail
C03448,2026-06-24,61.59,retail
C03626,2026-06-24,27.21,retail
C03830,2026-06-24,22.11,retail
C03881,2026-06-24,13.42,retail
C03970,2026-06-24,94.34,retail
W006,2026-06-24,186.88,wholesale
W014,2026-06-24,396.98,wholesale
W020,2026-06-24,392.03,wholesale
W020,2026-06-24,126.46,wholesale
C00008,2026-06-25,39.28,retail
C00051,2026-06-25,57.88,retail
C00212,2026-06-25,30.24,retail
C00246,2026-06-25,16.8,retail
C00498,2026-06-25,46.8,retail
C00587,2026-06-25,30.49,retail
C00658,2026-06-25,24.51,retail
C00663,2026-06-25,15.05,retail
C00763,2026-06-25,27.52,retail
C00773,2026-06-25,35.62,retail
C00799,2026-06-25,118.59,retail
C00867,2026-06-25,33.86,retail
C00962,2026-06-25,60.88,retail
C00962,2026-06-25,43.27,retail
C01183,2026-06-25,27.24,retail
C01222,2026-06-25,39.57,retail
C01279,2026-06-25,39.72,retail
C01357,2026-06-25,20.15,retail
C01421,2026-06-25,33.16,retail
C01594,2026-06-25,39.54,retail
C01596,2026-06-25,79.55,retail
C01610,2026-06-25,39.85,retail
C01621,2026-06-25,30.75,retail
C01705,2026-06-25,18.03,retail
C01825,2026-06-25,22.35,retail
C02060,2026-06-25,35.54,retail
C02185,2026-06-25,59.49,retail
C02188,2026-06-25,48.98,retail
C02215,2026-06-25,17.18,retail
C02399,2026-06-25,13.28,retail
C02558,2026-06-25,23.37,retail
C02652,2026-06-25,27.21,retail
C02697,2026-06-25,30.93,retail
C02746,2026-06-25,42.78,retail
C02835,2026-06-25,40.34,retail
C02916,2026-06-25,41.25,retail
C02923,2026-06-25,27.83,retail
C02928,2026-06-25,29.49,retail
C02931,2026-06-25,27.66,retail
C02960,2026-06-25,47.54,retail
C03361,2026-06-25,22.13,retail
C03548,2026-06-25,47.81,retail
C03750,2026-06-25,22.34,retail
C03769,2026-06-25,16.86,retail
C03819,2026-06-25,35.0,retail
W003,2026-06-25,178.49,wholesale
W007,2026-06-25,284.62,wholesale
W012,2026-06-25,256.97,wholesale
W022,2026-06-25,262.0,wholesale
W025,2026-06-25,312.34,wholesale
C00090,2026-06-26,9.59,retail
C00132,2026-06-26,78.58,retail
C00190,2026-06-26,35.17,retail
C00227,2026-06-26,22.85,retail
C00345,2026-06-26,22.37,retail
C00377,2026-06-26,28.99,retail
C00493,2026-06-26,78.16,retail
C00493,2026-06-26,44.91,retail
C00572,2026-06-26,61.29,retail
C00637,2026-06-26,36.42,retail
C00655,2026-06-26,12.65,retail
C00762,2026-06-26,24.27,retail
C00841,2026-06-26,50.07,retail
C00861,2026-06-26,35.9,retail
C00926,2026-06-26,44.46,retail
C00955,2026-06-26,43.84,retail
C00963,2026-06-26,32.98,retail
C01041,2026-06-26,83.97,retail
C01121,2026-06-26,89.73,retail
C01183,2026-06-26,69.96,retail
C01204,2026-06-26,117.12,retail
C01360,2026-06-26,41.36,retail
C01596,2026-06-26,63.78,retail
C01790,2026-06-26,19.53,retail
C01884,2026-06-26,69.61,retail
C01904,2026-06-26,33.88,retail
C02009,2026-06-26,41.09,retail
C02059,2026-06-26,109.44,retail
C02106,2026-06-26,62.42,retail
C02148,2026-06-26,51.26,retail
C02195,2026-06-26,22.34,retail
C02367,2026-06-26,15.3,retail
C02507,2026-06-26,35.63,retail
C02557,2026-06-26,24.56,retail
C02764,2026-06-26,14.84,retail
C02766,2026-06-26,29.68,retail
C02772,2026-06-26,55.54,retail
C02808,2026-06-26,25.42,retail
C02910,2026-06-26,28.65,retail
C02923,2026-06-26,27.07,retail
C02929,2026-06-26,39.94,retail
C02959,2026-06-26,56.45,retail
C03079,2026-06-26,80.57,retail
C03148,2026-06-26,90.43,retail
C03208,2026-06-26,36.42,retail
C03234,2026-06-26,98.18,retail
C03250,2026-06-26,21.38,retail
C03285,2026-06-26,35.33,retail
C03350,2026-06-26,39.03,retail
C03361,2026-06-26,23.22,retail
C03362,2026-06-26,16.36,retail
C03462,2026-06-26,21.37,retail
C03468,2026-06-26,34.29,retail
C03514,2026-06-26,45.14,retail
C03586,2026-06-26,44.5,retail
C03681,2026-06-26,46.02,retail
C03690,2026-06-26,40.69,retail
C03721,2026-06-26,145.58,retail
C03807,2026-06-26,11.77,retail
C03882,2026-06-26,19.06,retail
C03946,2026-06-26,47.22,retail
W010,2026-06-26,172.15,wholesale
W017,2026-06-26,350.09,wholesale
W018,2026-06-26,330.72,wholesale
W027,2026-06-26,221.89,wholesale
W027,2026-06-26,215.15,wholesale
W029,2026-06-26,121.99,wholesale
C00016,2026-06-27,42.63,retail
C00106,2026-06-27,48.94,retail
C00110,2026-06-27,43.19,retail
C00184,2026-06-27,49.71,retail
C00345,2026-06-27,20.25,retail
C00347,2026-06-27,37.32,retail
C00395,2026-06-27,55.46,retail
C00413,2026-06-27,41.94,retail
C00429,2026-06-27,32.84,retail
C00455,2026-06-27,92.56,retail
C00548,2026-06-27,35.27,retail
C00753,2026-06-27,42.28,retail
C00767,2026-06-27,41.67,retail
C00797,2026-06-27,11.89,retail
C00988,2026-06-27,49.8,retail
C01121,2026-06-27,28.69,retail
C01162,2026-06-27,32.45,retail
C01202,2026-06-27,26.83,retail
C01249,2026-06-27,27.66,retail
C01254,2026-06-27,15.01,retail
C01367,2026-06-27,39.76,retail
C01435,2026-06-27,9.32,retail
C01570,2026-06-27,17.86,retail
C01667,2026-06-27,29.29,retail
C01692,2026-06-27,29.35,retail
C01843,2026-06-27,88.33,retail
C01886,2026-06-27,19.24,retail
C01942,2026-06-27,39.57,retail
C01954,2026-06-27,37.63,retail
C01991,2026-06-27,41.97,retail
C02092,2026-06-27,20.39,retail
C02108,2026-06-27,47.42,retail
C02220,2026-06-27,100.51,retail
C02467,2026-06-27,8.14,retail
C02516,2026-06-27,44.72,retail
C02601,2026-06-27,33.11,retail
C02615,2026-06-27,42.14,retail
C02701,2026-06-27,28.61,retail
C02750,2026-06-27,46.26,retail
C02855,2026-06-27,40.66,retail
C02954,2026-06-27,9.35,retail
C02969,2026-06-27,84.1,retail
C02984,2026-06-27,70.82,retail
C02994,2026-06-27,35.47,retail
C03048,2026-06-27,37.65,retail
C03289,2026-06-27,21.12,retail
C03338,2026-06-27,37.11,retail
C03528,2026-06-27,35.38,retail
C03625,2026-06-27,58.36,retail
C03636,2026-06-27,31.25,retail
C03654,2026-06-27,38.75,retail
C03702,2026-06-27,12.34,retail
C03855,2026-06-27,80.38,retail
C03856,2026-06-27,112.0,retail
W013,2026-06-27,194.57,wholesale
W017,2026-06-27,195.31,wholesale
W028,2026-06-27,404.42,wholesale
C00291,2026-06-28,77.79,retail
C00338,2026-06-28,16.79,retail
C00450,2026-06-28,43.5,retail
C00664,2026-06-28,32.79,retail
C00665,2026-06-28,35.61,retail
C00843,2026-06-28,60.53,retail
C00927,2026-06-28,12.43,retail
C00964,2026-06-28,18.27,retail
C01003,2026-06-28,36.14,retail
C01089,2026-06-28,60.66,retail
C01173,2026-06-28,32.78,retail
C01175,2026-06-28,38.44,retail
C01418,2026-06-28,13.09,retail
C01523,2026-06-28,64.71,retail
C01561,2026-06-28,42.71,retail
C01680,2026-06-28,18.59,retail
C01683,2026-06-28,36.65,retail
C01741,2026-06-28,192.64,retail
C01835,2026-06-28,22.03,retail
C01904,2026-06-28,12.13,retail
C01942,2026-06-28,25.15,retail
C01945,2026-06-28,57.14,retail
C02245,2026-06-28,68.41,retail
C02394,2026-06-28,18.55,retail
C02588,2026-06-28,32.83,retail
C02661,2026-06-28,26.27,retail
C02815,2026-06-28,27.64,retail
C02913,2026-06-28,66.31,retail
C02951,2026-06-28,24.88,retail
C02956,2026-06-28,20.88,retail
C03142,2026-06-28,94.41,retail
C03182,2026-06-28,18.24,retail
C03184,2026-06-28,22.14,retail
C03234,2026-06-28,34.62,retail
C03292,2026-06-28,33.28,retail
C03522,2026-06-28,28.65,retail
C03562,2026-06-28,14.64,retail
C03566,2026-06-28,103.44,retail
C03604,2026-06-28,51.06,retail
C03604,2026-06-28,138.24,retail
C03620,2026-06-28,57.1,retail
C03961,2026-06-28,45.04,retail
C03997,2026-06-28,60.63,retail
W009,2026-06-28,162.53,wholesale
W021,2026-06-28,157.57,wholesale
W022,2026-06-28,293.05,wholesale
W022,2026-06-28,301.35,wholesale
C00063,2026-07-01,29.26,retail
C00172,2026-07-01,17.42,retail
C00176,2026-07-01,55.12,retail
C00176,2026-07-01,92.5,retail
C00208,2026-07-01,36.39,retail
C00262,2026-07-01,10.15,retail
C00300,2026-07-01,78.43,retail
C00305,2026-07-01,38.1,retail
C00345,2026-07-01,49.54,retail
C00367,2026-07-01,32.94,retail
C00471,2026-07-01,51.41,retail
C00525,2026-07-01,27.79,retail
C00587,2026-07-01,61.54,retail
C00833,2026-07-01,56.92,retail
C00880,2026-07-01,34.66,retail
C01105,2026-07-01,15.1,retail
C01109,2026-07-01,44.53,retail
C01357,2026-07-01,41.48,retail
C01542,2026-07-01,16.18,retail
C01700,2026-07-01,29.37,retail
C01786,2026-07-01,76.81,retail
C01790,2026-07-01,34.03,retail
C01791,2026-07-01,12.57,retail
C01883,2026-07-01,29.66,retail
C01985,2026-07-01,19.2,retail
C02058,2026-07-01,28.83,retail
C02484,2026-07-01,24.61,retail
C02603,2026-07-01,20.26,retail
C02606,2026-07-01,31.42,retail
C02692,2026-07-01,15.38,retail
C02776,2026-07-01,53.11,retail
C02958,2026-07-01,70.22,retail
C02963,2026-07-01,44.72,retail
C03159,2026-07-01,24.99,retail
C03229,2026-07-01,19.86,retail
C03289,2026-07-01,14.64,retail
C03378,2026-07-01,59.35,retail
C03478,2026-07-01,23.52,retail
C03519,2026-07-01,50.46,retail
C03583,2026-07-01,28.02,retail
C03648,2026-07-01,44.82,retail
C03832,2026-07-01,23.26,retail
C03855,2026-07-01,55.96,retail
C03925,2026-07-01,24.47,retail
C03961,2026-07-01,89.44,retail
C03972,2026-07-01,75.01,retail
C03998,2026-07-01,31.3,retail
W000,2026-07-01,271.43,wholesale
W008,2026-07-01,342.1,wholesale
W018,2026-07-01,162.85,wholesale
C00021,2026-07-02,24.96,retail
C00282,2026-07-02,35.72,retail
C00329,2026-07-02,22.33,retail
C00498,2026-07-02,48.77,retail
C00695,2026-07-02,54.1,retail
C00753,2026-07-02,71.31,retail
C00761,2026-07-02,24.23,retail
C00918,2026-07-02,10.51,retail
C00961,2026-07-02,40.32,retail
C01262,2026-07-02,56.88,retail
C01317,2026-07-02,14.92,retail
C01426,2026-07-02,44.6,retail
C01446,2026-07-02,40.0,retail
C01472,2026-07-02,18.69,retail
C01685,2026-07-02,23.05,retail
C01685,2026-07-02,47.5,retail
C01810,2026-07-02,49.64,retail
C01843,2026-07-02,30.71,retail
C01904,2026-07-02,28.88,retail
C02111,2026-07-02,32.19,retail
C02115,2026-07-02,44.7,retail
C02400,2026-07-02,9.65,retail
C02601,2026-07-02,14.13,retail
C02632,2026-07-02,24.62,retail
C02784,2026-07-02,47.02,retail
C02835,2026-07-02,70.18,retail
C02843,2026-07-02,23.79,retail
C02861,2026-07-02,35.48,retail
C02878,2026-07-02,54.13,retail
C02988,2026-07-02,45.71,retail
C03171,2026-07-02,21.17,retail
C03277,2026-07-02,48.67,retail
C03292,2026-07-02,33.45,retail
C03298,2026-07-02,55.62,retail
C03306,2026-07-02,23.79,retail
C03337,2026-07-02,35.94,retail
C03550,2026-07-02,28.35,retail
C03799,2026-07-02,34.66,retail
C03906,2026-07-02,18.89,retail
C03944,2026-07-02,119.24,retail
C03974,2026-07-02,21.39,retail
W012,2026-07-02,227.38,wholesale
W016,2026-07-02,222.19,wholesale
W026,2026-07-02,232.52,wholesale
C00041,2026-07-03,95.64,retail
C00126,2026-07-03,51.09,retail
C00204,2026-07-03,24.38,retail
C00205,2026-07-03,14.58,retail
C00241,2026-07-03,53.99,retail
C00368,2026-07-03,50.07,retail
C00425,2026-07-03,66.62,retail
C00583,2026-07-03,23.68,retail
C00625,2026-07-03,14.98,retail
C00658,2026-07-03,8.48,retail
C00671,2026-07-03,41.89,retail
C00761,2026-07-03,62.51,retail
C00890,2026-07-03,32.66,retail
C00981,2026-07-03,25.8,retail
C01069,2026-07-03,26.48,retail
C01206,2026-07-03,58.62,retail
C01249,2026-07-03,137.43,retail
C01262,2026-07-03,22.46,retail
C01287,2026-07-03,20.62,retail
C01364,2026-07-03,47.89,retail
C01472,2026-07-03,62.03,retail
C01673,2026-07-03,15.6,retail
C01759,2026-07-03,58.94,retail
C01848,2026-07-03,67.48,retail
C02020,2026-07-03,18.99,retail
C02451,2026-07-03,17.81,retail
C02455,2026-07-03,44.67,retail
C02483,2026-07-03,39.74,retail
C02603,2026-07-03,75.21,retail
C02633,2026-07-03,42.03,retail
C02642,2026-07-03,112.99,retail
C02928,2026-07-03,11.76,retail
C02959,2026-07-03,33.38,retail
C02986,2026-07-03,92.93,retail
C03045,2026-07-03,105.32,retail
C03167,2026-07-03,28.09,retail
C03234,2026-07-03,65.49,retail
C03377,2026-07-03,48.73,retail
C03514,2026-07-03,40.05,retail
C03601,2026-07-03,77.41,retail
C03640,2026-07-03,21.56,retail
C03796,2026-07-03,28.55,retail
C03992,2026-07-03,32.22,retail
W003,2026-07-03,184.66,wholesale
W004,2026-07-03,119.95,wholesale
W025,2026-07-03,165.49,wholesale
C00089,2026-07-04,36.35,retail
C00291,2026-07-04,22.84,retail
C00341,2026-07-04,39.75,retail
C00577,2026-07-04,29.37,retail
C00722,2026-07-04,15.99,retail
C01009,2026-07-04,11.13,retail
C01025,2026-07-04,27.93,retail
C01026,2026-07-04,50.5,retail
C01035,2026-07-04,22.05,retail
C01245,2026-07-04,59.0,retail
C01265,2026-07-04,46.89,retail
C01349,2026-07-04,13.64,retail
C01608,2026-07-04,24.71,retail
C01625,2026-07-04,49.12,retail
C01830,2026-07-04,55.55,retail
C01852,2026-07-04,16.92,retail
C01999,2026-07-04,12.82,retail
C02058,2026-07-04,24.76,retail
C02201,2026-07-04,21.96,retail
C02252,2026-07-04,22.78,retail
C02347,2026-07-04,79.81,retail
C02428,2026-07-04,15.96,retail
C02428,2026-07-04,34.97,retail
C02506,2026-07-04,28.22,retail
C02531,2026-07-04,18.88,retail
C02749,2026-07-04,73.37,retail
C02782,2026-07-04,66.85,retail
C02841,2026-07-04,31.83,retail
C02861,2026-07-04,78.19,retail
C02889,2026-07-04,44.6,retail
C03055,2026-07-04,34.23,retail
C03077,2026-07-04,43.73,retail
C03136,2026-07-04,26.3,retail
C03260,2026-07-04,8.92,retail
C03306,2026-07-04,30.54,retail
C03337,2026-07-04,43.42,retail
C03415,2026-07-04,41.84,retail
C03418,2026-07-04,25.41,retail
C03435,2026-07-04,83.78,retail
C03543,2026-07-04,27.34,retail
C03558,2026-07-04,38.64,retail
C03586,2026-07-04,29.98,retail
C03708,2026-07-04,12.51,retail
C03874,2026-07-04,20.65,retail
C03968,2026-07-04,34.41,retail
W015,2026-07-04,242.72,wholesale
W028,2026-07-04,238.92,wholesale
W028,2026-07-04,86.95,wholesale
C00217,2026-07-05,39.32,retail
C00246,2026-07-05,51.79,retail
C00351,2026-07-05,49.53,retail
C00639,2026-07-05,46.5,retail
C00672,2026-07-05,32.14,retail
C00763,2026-07-05,44.71,retail
C00778,2026-07-05,67.35,retail
C00887,2026-07-05,14.13,retail
C01127,2026-07-05,23.82,retail
C01251,2026-07-05,18.78,retail
C01345,2026-07-05,11.77,retail
C01405,2026-07-05,20.94,retail
C01557,2026-07-05,78.46,retail
C01589,2026-07-05,68.96,retail
C01625,2026-07-05,32.62,retail
C01830,2026-07-05,38.1,retail
C01836,2026-07-05,41.74,retail
C01848,2026-07-05,42.66,retail
C01945,2026-07-05,32.39,retail
C02230,2026-07-05,99.77,retail
C02276,2026-07-05,66.6,retail
C02562,2026-07-05,32.06,retail
C02729,2026-07-05,71.09,retail
C02731,2026-07-05,17.05,retail
C02757,2026-07-05,24.16,retail
C03136,2026-07-05,71.36,retail
C03221,2026-07-05,36.62,retail
C03392,2026-07-05,49.18,retail
C03448,2026-07-05,41.47,retail
C03511,2026-07-05,52.98,retail
C03522,2026-07-05,40.68,retail
C03684,2026-07-05,77.05,retail
C03929,2026-07-05,41.33,retail
C03933,2026-07-05,36.04,retail
W007,2026-07-05,226.8,wholesale
W009,2026-07-05,331.77,wholesale
W010,2026-07-05,284.53,wholesale
W011,2026-07-05,264.17,wholesale
W021,2026-07-05,402.66,wholesale
W024,2026-07-05,179.88,wholesale
W024,2026-07-05,403.16,wholesale
W026,2026-07-05,250.94,wholesale
W029,2026-07-05,393.06,wholesale
C00077,2026-07-06,21.79,retail
C00124,2026-07-06,19.61,retail
C00231,2026-07-06,21.95,retail
C00314,2026-07-06,46.36,retail
C00341,2026-07-06,26.51,retail
C00521,2026-07-06,34.94,retail
C00545,2026-07-06,41.24,retail
C00574,2026-07-06,41.18,retail
C00926,2026-07-06,68.55,retail
C01220,2026-07-06,61.49,retail
C01254,2026-07-06,16.5,retail
C01336,2026-07-06,41.11,retail
C01455,2026-07-06,23.67,retail
C01527,2026-07-06,67.92,retail
C01739,2026-07-06,32.66,retail
C01764,2026-07-06,42.89,retail
C01797,2026-07-06,24.31,retail
C01801,2026-07-06,76.05,retail
C01827,2026-07-06,47.28,retail
C01910,2026-07-06,22.19,retail
C02006,2026-07-06,27.64,retail
C02073,2026-07-06,20.0,retail
C02108,2026-07-06,40.51,retail
C02152,2026-07-06,20.32,retail
C02174,2026-07-06,82.01,retail
C02248,2026-07-06,36.5,retail
C02378,2026-07-06,16.95,retail
C02631,2026-07-06,42.78,retail
C02772,2026-07-06,31.62,retail
C02773,2026-07-06,44.14,retail
C02894,2026-07-06,21.94,retail
C03038,2026-07-06,35.41,retail
C03057,2026-07-06,25.74,retail
C03311,2026-07-06,25.32,retail
C03446,2026-07-06,21.06,retail
C03497,2026-07-06,20.94,retail
C03541,2026-07-06,23.26,retail
C03593,2026-07-06,47.86,retail
W002,2026-07-06,134.83,wholesale
W013,2026-07-06,277.61,wholesale
W014,2026-07-06,354.92,wholesale
W017,2026-07-06,197.86,wholesale
W021,2026-07-06,207.63,wholesale
C00000,2026-07-07,24.14,retail
C00151,2026-07-07,21.17,retail
C00184,2026-07-07,31.85,retail
C00263,2026-07-07,68.38,retail
C00267,2026-07-07,46.42,retail
C00467,2026-07-07,22.13,retail
C00665,2026-07-07,113.84,retail
C00670,2026-07-07,24.37,retail
C00699,2026-07-07,26.33,retail
C00804,2026-07-07,18.97,retail
C00837,2026-07-07,56.64,retail
C00983,2026-07-07,60.42,retail
C01085,2026-07-07,65.22,retail
C01097,2026-07-07,68.84,retail
C01127,2026-07-07,54.67,retail
C01193,2026-07-07,29.73,retail
C01277,2026-07-07,78.67,retail
C01281,2026-07-07,26.03,retail
C01333,2026-07-07,17.83,retail
C01358,2026-07-07,27.31,retail
C01403,2026-07-07,26.78,retail
C01463,2026-07-07,22.11,retail
C01479,2026-07-07,17.3,retail
C01490,2026-07-07,28.87,retail
C01500,2026-07-07,24.6,retail
C01509,2026-07-07,58.33,retail
C01553,2026-07-07,58.48,retail
C01677,2026-07-07,20.73,retail
C01764,2026-07-07,34.76,retail
C02047,2026-07-07,18.6,retail
C02229,2026-07-07,58.48,retail
C02516,2026-07-07,17.52,retail
C02562,2026-07-07,42.29,retail
C02730,2026-07-07,22.23,retail
C02746,2026-07-07,34.28,retail
C02756,2026-07-07,32.84,retail
C02763,2026-07-07,30.45,retail
C02938,2026-07-07,79.89,retail
C02954,2026-07-07,38.45,retail
C03093,2026-07-07,36.89,retail
C03147,2026-07-07,38.98,retail
C03246,2026-07-07,16.91,retail
C03279,2026-07-07,17.69,retail
C03697,2026-07-07,89.26,retail
C03717,2026-07-07,19.51,retail
W007,2026-07-07,287.55,wholesale
W011,2026-07-07,244.68,wholesale
W018,2026-07-07,393.79,wholesale
W019,2026-07-07,285.56,wholesale
W019,2026-07-07,149.15,wholesale
W019,2026-07-07,133.25,wholesale
W020,2026-07-07,285.21,wholesale
W021,2026-07-07,448.6,wholesale
W022,2026-07-07,184.59,wholesale
W028,2026-07-07,143.35,wholesale
C00089,2026-07-08,23.98,retail
C00110,2026-07-08,117.66,retail
C00120,2026-07-08,22.3,retail
C00147,2026-07-08,34.01,retail
C00249,2026-07-08,43.53,retail
C00358,2026-07-08,28.47,retail
C00468,2026-07-08,31.74,retail
C00521,2026-07-08,10.32,retail
C00637,2026-07-08,14.39,retail
C00645,2026-07-08,60.26,retail
C00662,2026-07-08,34.29,retail
C00929,2026-07-08,27.21,retail
C00938,2026-07-08,38.36,retail
C01021,2026-07-08,24.26,retail
C01022,2026-07-08,21.96,retail
C01193,2026-07-08,27.27,retail
C01206,2026-07-08,121.06,retail
C01214,2026-07-08,50.75,retail
C01244,2026-07-08,9.13,retail
C01247,2026-07-08,35.52,retail
C01249,2026-07-08,18.48,retail
C01347,2026-07-08,18.91,retail
C01684,2026-07-08,28.09,retail
C01804,2026-07-08,23.74,retail
C01920,2026-07-08,23.86,retail
C01954,2026-07-08,62.27,retail
C02056,2026-07-08,28.25,retail
C02090,2026-07-08,49.15,retail
C02092,2026-07-08,52.53,retail
C02239,2026-07-08,52.06,retail
C02248,2026-07-08,30.2,retail
C02273,2026-07-08,44.39,retail
C02495,2026-07-08,37.01,retail
C02607,2026-07-08,18.19,retail
C02645,2026-07-08,38.56,retail
C02679,2026-07-08,44.69,retail
C03018,2026-07-08,71.97,retail
C03116,2026-07-08,24.48,retail
C03157,2026-07-08,20.16,retail
C03331,2026-07-08,62.21,retail
C03594,2026-07-08,29.32,retail
C03620,2026-07-08,27.87,retail
C03886,2026-07-08,32.04,retail
W017,2026-07-08,253.1,wholesale
W028,2026-07-08,192.43,wholesale
C00063,2026-07-09,34.61,retail
C00190,2026-07-09,71.56,retail
C00262,2026-07-09,29.65,retail
C00269,2026-07-09,21.09,retail
C00298,2026-07-09,58.98,retail
C00314,2026-07-09,56.13,retail
C00471,2026-07-09,77.85,retail
C00591,2026-07-09,50.33,retail
C00641,2026-07-09,51.03,retail
C00664,2026-07-09,16.44,retail
C00669,2026-07-09,26.99,retail
C00734,2026-07-09,14.2,retail
C00865,2026-07-09,27.55,retail
C00952,2026-07-09,21.37,retail
C01133,2026-07-09,30.0,retail
C01148,2026-07-09,24.67,retail
C01210,2026-07-09,15.07,retail
C01246,2026-07-09,59.73,retail
C01286,2026-07-09,14.4,retail
C01416,2026-07-09,62.74,retail
C01434,2026-07-09,36.3,retail
C01602,2026-07-09,32.95,retail
C01684,2026-07-09,33.97,retail
C01743,2026-07-09,21.22,retail
C01899,2026-07-09,23.49,retail
C01915,2026-07-09,29.74,retail
C02211,2026-07-09,55.05,retail
C02261,2026-07-09,48.13,retail
C02269,2026-07-09,59.23,retail
C02283,2026-07-09,44.12,retail
C02531,2026-07-09,77.07,retail
C02662,2026-07-09,28.48,retail
C02662,2026-07-09,35.17,retail
C02852,2026-07-09,32.56,retail
C02875,2026-07-09,39.79,retail
C02921,2026-07-09,24.96,retail
C03147,2026-07-09,34.22,retail
C03163,2026-07-09,52.94,retail
C03798,2026-07-09,32.44,retail
C03968,2026-07-09,63.7,retail
W009,2026-07-09,202.3,wholesale
W010,2026-07-09,361.2,wholesale
W014,2026-07-09,93.9,wholesale
W019,2026-07-09,297.21,wholesale
W019,2026-07-09,248.49,wholesale
C00079,2026-07-10,64.64,retail
C00108,2026-07-10,24.48,retail
C00120,2026-07-10,50.53,retail
C00172,2026-07-10,13.48,retail
C00244,2026-07-10,36.78,retail
C00411,2026-07-10,162.79,retail
C00413,2026-07-10,42.22,retail
C00413,2026-07-10,62.0,retail
C00483,2026-07-10,50.09,retail
C00531,2026-07-10,31.03,retail
C00624,2026-07-10,35.85,retail
C00639,2026-07-10,11.78,retail
C00672,2026-07-10,53.75,retail
C00739,2026-07-10,21.29,retail
C00898,2026-07-10,36.57,retail
C01121,2026-07-10,91.94,retail
C01259,2026-07-10,14.03,retail
C01302,2026-07-10,46.32,retail
C01483,2026-07-10,43.89,retail
C01561,2026-07-10,58.43,retail
C01568,2026-07-10,14.16,retail
C01810,2026-07-10,14.96,retail
C01960,2026-07-10,48.23,retail
C01999,2026-07-10,74.03,retail
C02028,2026-07-10,34.77,retail
C02047,2026-07-10,56.65,retail
C02213,2026-07-10,38.52,retail
C02736,2026-07-10,60.74,retail
C02826,2026-07-10,48.57,retail
C02835,2026-07-10,49.48,retail
C02905,2026-07-10,19.41,retail
C03163,2026-07-10,23.37,retail
C03213,2026-07-10,35.87,retail
C03292,2026-07-10,37.95,retail
C03418,2026-07-10,74.42,retail
C03468,2026-07-10,47.82,retail
C03528,2026-07-10,42.78,retail
C03558,2026-07-10,22.25,retail
C03591,2026-07-10,27.3,retail
C03660,2026-07-10,63.63,retail
C03751,2026-07-10,35.33,retail
C03819,2026-07-10,54.82,retail
C03940,2026-07-10,43.74,retail
W009,2026-07-10,170.18,wholesale
W010,2026-07-10,223.72,wholesale
W017,2026-07-10,235.85,wholesale
W024,2026-07-10,66.67,wholesale
C00291,2026-07-11,48.95,retail
C00369,2026-07-11,52.43,retail
C00762,2026-07-11,59.19,retail
C00773,2026-07-11,12.18,retail
C00938,2026-07-11,28.37,retail
C01051,2026-07-11,48.95,retail
C01205,2026-07-11,22.51,retail
C01484,2026-07-11,63.5,retail
C01561,2026-07-11,50.42,retail
C01602,2026-07-11,34.13,retail
C01773,2026-07-11,21.34,retail
C02188,2026-07-11,45.3,retail
C02375,2026-07-11,69.53,retail
C02411,2026-07-11,46.26,retail
C02784,2026-07-11,78.04,retail
C02799,2026-07-11,22.75,retail
C02855,2026-07-11,26.78,retail
C02890,2026-07-11,40.75,retail
C03044,2026-07-11,63.14,retail
C03055,2026-07-11,21.31,retail
C03058,2026-07-11,11.66,retail
C03104,2026-07-11,45.68,retail
C03221,2026-07-11,54.32,retail
C03254,2026-07-11,30.1,retail
C03273,2026-07-11,32.01,retail
C03285,2026-07-11,26.43,retail
C03323,2026-07-11,49.43,retail
C03610,2026-07-11,26.66,retail
C03974,2026-07-11,48.98,retail
W001,2026-07-11,222.78,wholesale
W014,2026-07-11,238.61,wholesale
W015,2026-07-11,188.7,wholesale
W017,2026-07-11,256.17,wholesale
W018,2026-07-11,192.23,wholesale
C00016,2026-07-12,39.57,retail
C00217,2026-07-12,24.33,retail
C00248,2026-07-12,16.14,retail
C00251,2026-07-12,15.36,retail
C00258,2026-07-12,7.41,retail
C00260,2026-07-12,24.74,retail
C00570,2026-07-12,52.56,retail
C00577,2026-07-12,47.41,retail
C00658,2026-07-12,33.13,retail
C00671,2026-07-12,63.56,retail
C00867,2026-07-12,33.47,retail
C01358,2026-07-12,28.49,retail
C01501,2026-07-12,31.26,retail
C01594,2026-07-12,30.86,retail
C01611,2026-07-12,34.34,retail
C01723,2026-07-12,102.39,retail
C01731,2026-07-12,28.88,retail
C02015,2026-07-12,20.26,retail
C02028,2026-07-12,56.6,retail
C02106,2026-07-12,40.76,retail
C02241,2026-07-12,18.18,retail
C02280,2026-07-12,23.12,retail
C02403,2026-07-12,17.89,retail
C02460,2026-07-12,17.12,retail
C02506,2026-07-12,55.24,retail
C02539,2026-07-12,26.41,retail
C02674,2026-07-12,41.32,retail
C02923,2026-07-12,34.6,retail
C03251,2026-07-12,46.17,retail
C03285,2026-07-12,15.2,retail
C03395,2026-07-12,27.73,retail
C03467,2026-07-12,28.61,retail
C03503,2026-07-12,32.85,retail
C03545,2026-07-12,77.4,retail
C03612,2026-07-12,47.66,retail
C03622,2026-07-12,41.21,retail
C03673,2026-07-12,21.54,retail
C03913,2026-07-12,33.52,retail
C03915,2026-07-12,17.28,retail
W003,2026-07-12,188.37,wholesale
W009,2026-07-12,292.16,wholesale
W018,2026-07-12,199.79,wholesale
W023,2026-07-12,254.14,wholesale
W023,2026-07-12,162.28,wholesale
W028,2026-07-12,241.89,wholesale
C00041,2026-07-13,99.26,retail
C00358,2026-07-13,32.2,retail
C00369,2026-07-13,42.34,retail
C00561,2026-07-13,159.51,retail
C00591,2026-07-13,44.79,retail
C00844,2026-07-13,32.9,retail
C01020,2026-07-13,32.65,retail
C01069,2026-07-13,25.27,retail
C01418,2026-07-13,18.41,retail
C01435,2026-07-13,21.56,retail
C01463,2026-07-13,56.61,retail
C01484,2026-07-13,42.01,retail
C01523,2026-07-13,13.64,retail
C01537,2026-07-13,111.71,retail
C01541,2026-07-13,77.16,retail
C01761,2026-07-13,46.75,retail
C02233,2026-07-13,57.27,retail
C02239,2026-07-13,18.43,retail
C02317,2026-07-13,15.79,retail
C02410,2026-07-13,12.64,retail
C02414,2026-07-13,26.57,retail
C02527,2026-07-13,45.05,retail
C02566,2026-07-13,42.65,retail
C02744,2026-07-13,104.12,retail
C02749,2026-07-13,13.83,retail
C02854,2026-07-13,50.29,retail
C03031,2026-07-13,63.72,retail
C03208,2026-07-13,18.41,retail
C03286,2026-07-13,23.68,retail
C03316,2026-07-13,28.83,retail
C03423,2026-07-13,22.09,retail
C03497,2026-07-13,69.48,retail
C03595,2026-07-13,17.69,retail
C03601,2026-07-13,35.3,retail
C03610,2026-07-13,15.03,retail
C03855,2026-07-13,31.15,retail
W008,2026-07-13,197.26,wholesale
W018,2026-07-13,214.15,wholesale
W025,2026-07-13,458.98,wholesale
W029,2026-07-13,232.27,wholesale
C00017,2026-07-14,27.07,retail
C00096,2026-07-14,28.11,retail
C00124,2026-07-14,33.13,retail
C00132,2026-07-14,21.42,retail
C00260,2026-07-14,14.26,retail
C00488,2026-07-14,38.14,retail
C00927,2026-07-14,11.35,retail
C00978,2026-07-14,34.4,retail
C01007,2026-07-14,21.78,retail
C01101,2026-07-14,17.96,retail
C01178,2026-07-14,26.39,retail
C01348,2026-07-14,24.48,retail
C01387,2026-07-14,36.79,retail
C01404,2026-07-14,102.81,retail
C01446,2026-07-14,33.81,retail
C01569,2026-07-14,29.53,retail
C01599,2026-07-14,17.54,retail
C01660,2026-07-14,18.67,retail
C01731,2026-07-14,10.19,retail
C01856,2026-07-14,18.65,retail
C01940,2026-07-14,45.09,retail
C01983,2026-07-14,47.01,retail
C02148,2026-07-14,31.99,retail
C02171,2026-07-14,26.97,retail
C02303,2026-07-14,32.46,retail
C02367,2026-07-14,28.51,retail
C02582,2026-07-14,24.25,retail
C02620,2026-07-14,30.02,retail
C02969,2026-07-14,7.79,retail
C03213,2026-07-14,27.65,retail
C03480,2026-07-14,32.17,retail
C03550,2026-07-14,31.67,retail
C03594,2026-07-14,22.85,retail
C03702,2026-07-14,45.74,retail
C03970,2026-07-14,25.3,retail
W003,2026-07-14,157.66,wholesale
W005,2026-07-14,222.49,wholesale
W014,2026-07-14,370.64,wholesale
W026,2026-07-14,257.56,wholesale
C00104,2026-07-15,16.93,retail
C00113,2026-07-15,40.94,retail
C00271,2026-07-15,33.58,retail
C00319,2026-07-15,57.95,retail
C00572,2026-07-15,16.65,retail
C00588,2026-07-15,29.12,retail
C00779,2026-07-15,33.75,retail
C00989,2026-07-15,29.86,retail
C01053,2026-07-15,106.57,retail
C01148,2026-07-15,57.59,retail
C01158,2026-07-15,41.34,retail
C01200,2026-07-15,28.21,retail
C01360,2026-07-15,34.61,retail
C01396,2026-07-15,26.68,retail
C01647,2026-07-15,20.37,retail
C01692,2026-07-15,44.21,retail
C01877,2026-07-15,38.97,retail
C01941,2026-07-15,26.97,retail
C02005,2026-07-15,105.76,retail
C02052,2026-07-15,33.31,retail
C02105,2026-07-15,34.11,retail
C02233,2026-07-15,50.43,retail
C02303,2026-07-15,85.6,retail
C02347,2026-07-15,29.68,retail
C02367,2026-07-15,22.89,retail
C02522,2026-07-15,43.47,retail
C02631,2026-07-15,76.47,retail
C02660,2026-07-15,46.01,retail
C02692,2026-07-15,34.24,retail
C02697,2026-07-15,31.49,retail
C02750,2026-07-15,48.62,retail
C02803,2026-07-15,52.96,retail
C02843,2026-07-15,37.33,retail
C02983,2026-07-15,109.8,retail
C03018,2026-07-15,42.2,retail
C03298,2026-07-15,35.67,retail
C03361,2026-07-15,68.04,retail
C03386,2026-07-15,61.94,retail
C03445,2026-07-15,37.13,retail
C03674,2026-07-15,17.11,retail
C03799,2026-07-15,17.5,retail
C03839,2026-07-15,30.91,retail
C03856,2026-07-15,24.28,retail
C03970,2026-07-15,63.93,retail
W005,2026-07-15,285.04,wholesale
W006,2026-07-15,327.3,wholesale
W007,2026-07-15,223.5,wholesale
W009,2026-07-15,263.35,wholesale
W010,2026-07-15,221.71,wholesale
W016,2026-07-15,114.88,wholesale
W016,2026-07-15,200.44,wholesale
W023,2026-07-15,381.22,wholesale
W029,2026-07-15,572.92,wholesale
C00556,2026-07-16,24.05,retail
C00587,2026-07-16,72.6,retail
C00608,2026-07-16,42.46,retail
C00643,2026-07-16,67.91,retail
C00780,2026-07-16,96.41,retail
C00867,2026-07-16,25.67,retail
C00966,2026-07-16,31.15,retail
C01348,2026-07-16,16.1,retail
C01553,2026-07-16,35.16,retail
C01586,2026-07-16,19.89,retail
C01647,2026-07-16,40.84,retail
C01835,2026-07-16,28.37,retail
C01913,2026-07-16,101.79,retail
C02052,2026-07-16,55.78,retail
C02115,2026-07-16,129.9,retail
C02215,2026-07-16,31.12,retail
C02240,2026-07-16,25.47,retail
C02320,2026-07-16,44.02,retail
C02516,2026-07-16,19.41,retail
C02574,2026-07-16,37.62,retail
C02612,2026-07-16,40.94,retail
C02675,2026-07-16,62.94,retail
C02772,2026-07-16,26.22,retail
C02928,2026-07-16,31.52,retail
C02942,2026-07-16,23.4,retail
C03022,2026-07-16,61.48,retail
C03176,2026-07-16,112.77,retail
C03311,2026-07-16,56.53,retail
C03338,2026-07-16,31.49,retail
C03583,2026-07-16,27.49,retail
C03807,2026-07-16,82.43,retail
C03811,2026-07-16,38.57,retail
C03933,2026-07-16,39.38,retail
C00014,2026-07-17,31.35,retail
C00017,2026-07-17,36.94,retail
C00038,2026-07-17,35.03,retail
C00148,2026-07-17,30.82,retail
C00244,2026-07-17,15.29,retail
C00608,2026-07-17,47.22,retail
C00678,2026-07-17,27.4,retail
C00754,2026-07-17,38.52,retail
C00759,2026-07-17,34.33,retail
C00818,2026-07-17,23.76,retail
C00952,2026-07-17,49.33,retail
C00961,2026-07-17,21.25,retail
C01058,2026-07-17,18.78,retail
C01140,2026-07-17,31.57,retail
C01163,2026-07-17,64.89,retail
C01222,2026-07-17,24.01,retail
C01313,2026-07-17,24.34,retail
C01325,2026-07-17,73.98,retail
C01378,2026-07-17,41.02,retail
C01405,2026-07-17,152.78,retail
C01488,2026-07-17,13.03,retail
C01513,2026-07-17,28.15,retail
C01532,2026-07-17,25.38,retail
C01621,2026-07-17,56.05,retail
C01855,2026-07-17,20.33,retail
C01904,2026-07-17,33.3,retail
C02242,2026-07-17,43.47,retail
C02481,2026-07-17,53.01,retail
C02509,2026-07-17,53.65,retail
C02521,2026-07-17,50.9,retail
C02539,2026-07-17,38.81,retail
C02540,2026-07-17,36.59,retail
C02612,2026-07-17,30.16,retail
C02766,2026-07-17,33.02,retail
C02957,2026-07-17,29.86,retail
C03199,2026-07-17,42.01,retail
C03231,2026-07-17,92.62,retail
C03345,2026-07-17,45.9,retail
C03448,2026-07-17,53.5,retail
C03543,2026-07-17,36.47,retail
C03681,2026-07-17,49.68,retail
C03755,2026-07-17,34.87,retail
C03769,2026-07-17,25.29,retail
W008,2026-07-17,135.31,wholesale
W012,2026-07-17,196.26,wholesale
W026,2026-07-17,167.7,wholesale
W029,2026-07-17,183.98,wholesale
C00032,2026-07-18,23.51,retail
C00280,2026-07-18,31.19,retail
C00387,2026-07-18,21.08,retail
C00468,2026-07-18,74.53,retail
C00664,2026-07-18,37.94,retail
C00673,2026-07-18,33.8,retail
C00763,2026-07-18,49.3,retail
C00808,2026-07-18,69.47,retail
C01163,2026-07-18,43.12,retail
C01260,2026-07-18,36.37,retail
C01282,2026-07-18,52.13,retail
C01333,2026-07-18,17.68,retail
C01412,2026-07-18,24.33,retail
C01637,2026-07-18,63.35,retail
C01673,2026-07-18,20.9,retail
C01728,2026-07-18,11.47,retail
C01813,2026-07-18,27.43,retail
C01886,2026-07-18,27.23,retail
C02037,2026-07-18,33.01,retail
C02099,2026-07-18,28.33,retail
C02142,2026-07-18,26.17,retail
C02220,2026-07-18,17.41,retail
C02256,2026-07-18,42.53,retail
C02335,2026-07-18,32.75,retail
C02485,2026-07-18,65.74,retail
C02556,2026-07-18,29.58,retail
C02597,2026-07-18,23.77,retail
C02736,2026-07-18,12.59,retail
C02855,2026-07-18,40.46,retail
C03093,2026-07-18,24.62,retail
C03129,2026-07-18,23.36,retail
C03139,2026-07-18,21.73,retail
C03191,2026-07-18,58.61,retail
C03315,2026-07-18,107.65,retail
C03413,2026-07-18,33.41,retail
C03503,2026-07-18,24.39,retail
C03506,2026-07-18,93.8,retail
C03552,2026-07-18,16.46,retail
C03568,2026-07-18,34.39,retail
C03586,2026-07-18,25.86,retail
C03749,2026-07-18,44.16,retail
C03941,2026-07-18,20.9,retail
C03963,2026-07-18,29.85,retail
W004,2026-07-18,444.08,wholesale
W006,2026-07-18,127.95,wholesale
W013,2026-07-18,254.48,wholesale
W020,2026-07-18,255.72,wholesale
W022,2026-07-18,239.95,wholesale
C00113,2026-07-19,57.83,retail
C00142,2026-07-19,47.19,retail
C00169,2026-07-19,25.49,retail
C00182,2026-07-19,31.58,retail
C00273,2026-07-19,69.31,retail
C00377,2026-07-19,15.92,retail
C00379,2026-07-19,30.84,retail
C00593,2026-07-19,54.49,retail
C00754,2026-07-19,140.64,retail
C00856,2026-07-19,16.22,retail
C00942,2026-07-19,32.77,retail
C00948,2026-07-19,65.25,retail
C01003,2026-07-19,90.87,retail
C01101,2026-07-19,30.14,retail
C01105,2026-07-19,64.07,retail
C01274,2026-07-19,67.0,retail
C01279,2026-07-19,40.22,retail
C01325,2026-07-19,59.39,retail
C01357,2026-07-19,53.18,retail
C01500,2026-07-19,22.89,retail
C01547,2026-07-19,40.17,retail
C01582,2026-07-19,12.15,retail
C01592,2026-07-19,26.71,retail
C01705,2026-07-19,68.03,retail
C01736,2026-07-19,21.3,retail
C02009,2026-07-19,44.18,retail
C02060,2026-07-19,51.87,retail
C02068,2026-07-19,42.13,retail
C02215,2026-07-19,33.05,retail
C02351,2026-07-19,22.52,retail
C02564,2026-07-19,22.19,retail
C02599,2026-07-19,16.93,retail
C02669,2026-07-19,44.54,retail
C02808,2026-07-19,32.34,retail
C02912,2026-07-19,42.92,retail
C03233,2026-07-19,45.84,retail
C03375,2026-07-19,18.79,retail
C03403,2026-07-19,28.09,retail
C03423,2026-07-19,33.56,retail
C03765,2026-07-19,92.72,retail
C03802,2026-07-19,49.54,retail
C03839,2026-07-19,34.97,retail
C03906,2026-07-19,50.23,retail
C03957,2026-07-19,66.23,retail
C03996,2026-07-19,31.29,retail
W006,2026-07-19,88.38,wholesale
W029,2026-07-19,208.43,wholesale
C00014,2026-07-20,66.3,retail
C00038,2026-07-20,93.57,retail
C00170,2026-07-20,21.34,retail
C00209,2026-07-20,52.81,retail
C00280,2026-07-20,48.04,retail
C00343,2026-07-20,143.25,retail
C00572,2026-07-20,54.06,retail
C00678,2026-07-20,36.84,retail
C00699,2026-07-20,44.34,retail
C00780,2026-07-20,68.88,retail
C00797,2026-07-20,32.57,retail
C00883,2026-07-20,37.09,retail
C00974,2026-07-20,22.07,retail
C01010,2026-07-20,57.77,retail
C01021,2026-07-20,54.55,retail
C01022,2026-07-20,21.63,retail
C01224,2026-07-20,62.0,retail
C01421,2026-07-20,88.84,retail
C01437,2026-07-20,12.93,retail
C01533,2026-07-20,12.17,retail
C01534,2026-07-20,54.78,retail
C01714,2026-07-20,10.86,retail
C01744,2026-07-20,41.08,retail
C01915,2026-07-20,81.12,retail
C01953,2026-07-20,20.27,retail
C02229,2026-07-20,24.41,retail
C02240,2026-07-20,13.89,retail
C02259,2026-07-20,52.75,retail
C02263,2026-07-20,15.82,retail
C02348,2026-07-20,20.15,retail
C02484,2026-07-20,23.08,retail
C02789,2026-07-20,12.45,retail
C03029,2026-07-20,19.58,retail
C03107,2026-07-20,48.31,retail
C03159,2026-07-20,120.8,retail
C03235,2026-07-20,24.0,retail
C03648,2026-07-20,52.61,retail
C03670,2026-07-20,9.85,retail
C03771,2026-07-20,43.92,retail
W000,2026-07-20,120.63,wholesale
W001,2026-07-20,201.91,wholesale
W010,2026-07-20,273.51,wholesale
W012,2026-07-20,167.03,wholesale
W015,2026-07-20,206.0,wholesale
W026,2026-07-20,288.44,wholesale
W027,2026-07-20,201.52,wholesale
C00160,2026-07-21,101.45,retail
C00160,2026-07-21,95.3,retail
C00283,2026-07-21,60.88,retail
C00319,2026-07-21,11.73,retail
C00453,2026-07-21,18.03,retail
C00483,2026-07-21,39.41,retail
C00498,2026-07-21,56.92,retail
C00934,2026-07-21,33.97,retail
C00963,2026-07-21,68.35,retail
C01058,2026-07-21,30.6,retail
C01090,2026-07-21,46.07,retail
C01209,2026-07-21,85.06,retail
C01330,2026-07-21,70.92,retail
C01421,2026-07-21,32.48,retail
C01583,2026-07-21,29.41,retail
C01610,2026-07-21,12.34,retail
C01632,2026-07-21,24.47,retail
C01677,2026-07-21,30.12,retail
C01795,2026-07-21,17.9,retail
C01811,2026-07-21,19.39,retail
C01884,2026-07-21,27.24,retail
C01942,2026-07-21,27.19,retail
C02119,2026-07-21,22.51,retail
C02188,2026-07-21,35.15,retail
C02213,2026-07-21,31.74,retail
C02275,2026-07-21,27.33,retail
C02317,2026-07-21,37.54,retail
C02319,2026-07-21,22.58,retail
C02365,2026-07-21,25.83,retail
C02368,2026-07-21,23.38,retail
C02386,2026-07-21,34.28,retail
C02557,2026-07-21,12.26,retail
C02722,2026-07-21,33.39,retail
C02850,2026-07-21,22.85,retail
C02910,2026-07-21,27.1,retail
C02956,2026-07-21,7.18,retail
C02994,2026-07-21,21.62,retail
C03029,2026-07-21,80.22,retail
C03104,2026-07-21,29.75,retail
C03226,2026-07-21,85.17,retail
C03305,2026-07-21,25.27,retail
C03350,2026-07-21,66.37,retail
C03362,2026-07-21,68.01,retail
C03424,2026-07-21,25.85,retail
C03563,2026-07-21,34.75,retail
C03620,2026-07-21,22.03,retail
C03711,2026-07-21,31.48,retail
C03874,2026-07-21,61.35,retail
C03877,2026-07-21,25.26,retail
C03921,2026-07-21,109.68,retail
C03966,2026-07-21,24.49,retail
W004,2026-07-21,108.95,wholesale
W005,2026-07-21,287.53,wholesale
C00021,2026-07-22,19.33,retail
C00024,2026-07-22,14.75,retail
C00067,2026-07-22,59.26,retail
C00096,2026-07-22,46.0,retail
C00106,2026-07-22,44.23,retail
C00212,2026-07-22,18.75,retail
C00250,2026-07-22,35.96,retail
C00424,2026-07-22,34.55,retail
C00656,2026-07-22,23.3,retail
C00673,2026-07-22,42.55,retail
C00801,2026-07-22,25.25,retail
C00861,2026-07-22,74.06,retail
C00963,2026-07-22,50.05,retail
C01061,2026-07-22,22.76,retail
C01140,2026-07-22,64.41,retail
C01268,2026-07-22,27.83,retail
C01318,2026-07-22,32.44,retail
C01318,2026-07-22,41.58,retail
C01440,2026-07-22,24.96,retail
C01440,2026-07-22,52.37,retail
C01475,2026-07-22,32.07,retail
C01481,2026-07-22,26.71,retail
C01490,2026-07-22,39.72,retail
C01501,2026-07-22,17.84,retail
C01583,2026-07-22,30.94,retail
C01606,2026-07-22,26.43,retail
C01621,2026-07-22,22.49,retail
C01717,2026-07-22,102.99,retail
C01724,2026-07-22,38.83,retail
C01761,2026-07-22,65.14,retail
C01899,2026-07-22,55.81,retail
C01991,2026-07-22,26.11,retail
C02039,2026-07-22,24.25,retail
C02269,2026-07-22,55.45,retail
C02276,2026-07-22,37.34,retail
C02360,2026-07-22,25.27,retail
C02417,2026-07-22,19.0,retail
C02565,2026-07-22,25.89,retail
C02672,2026-07-22,39.36,retail
C02690,2026-07-22,26.61,retail
C02875,2026-07-22,19.78,retail
C02901,2026-07-22,54.29,retail
C02956,2026-07-22,34.17,retail
C03144,2026-07-22,23.32,retail
C03270,2026-07-22,58.52,retail
C03286,2026-07-22,45.21,retail
C03290,2026-07-22,26.63,retail
C03435,2026-07-22,20.43,retail
C03588,2026-07-22,52.46,retail
C03622,2026-07-22,21.94,retail
C03786,2026-07-22,95.97,retail
C03856,2026-07-22,38.22,retail
C03867,2026-07-22,51.41,retail
C03923,2026-07-22,35.23,retail
W002,2026-07-22,262.79,wholesale
W012,2026-07-22,196.41,wholesale
W012,2026-07-22,95.58,wholesale
W013,2026-07-22,272.89,wholesale
W024,2026-07-22,264.01,wholesale
C00246,2026-07-23,45.2,retail
C00264,2026-07-23,35.3,retail
C00517,2026-07-23,27.68,retail
C00588,2026-07-23,31.65,retail
C00625,2026-07-23,66.08,retail
C00650,2026-07-23,74.75,retail
C00880,2026-07-23,43.1,retail
C00930,2026-07-23,39.5,retail
C00959,2026-07-23,39.23,retail
C01121,2026-07-23,22.08,retail
C01209,2026-07-23,40.89,retail
C01265,2026-07-23,45.34,retail
C01299,2026-07-23,6.9,retail
C01362,2026-07-23,91.16,retail
C01401,2026-07-23,105.09,retail
C01465,2026-07-23,54.63,retail
C01488,2026-07-23,37.69,retail
C01495,2026-07-23,52.02,retail
C01630,2026-07-23,24.14,retail
C01692,2026-07-23,16.75,retail
C02020,2026-07-23,52.06,retail
C02201,2026-07-23,28.39,retail
C02220,2026-07-23,18.11,retail
C02259,2026-07-23,35.42,retail
C02278,2026-07-23,14.67,retail
C02289,2026-07-23,20.75,retail
C02389,2026-07-23,18.06,retail
C02400,2026-07-23,33.2,retail
C02403,2026-07-23,22.27,retail
C02455,2026-07-23,57.13,retail
C02492,2026-07-23,30.56,retail
C02599,2026-07-23,81.97,retail
C02969,2026-07-23,13.06,retail
C03002,2026-07-23,18.77,retail
C03044,2026-07-23,44.28,retail
C03229,2026-07-23,53.46,retail
C03323,2026-07-23,90.39,retail
C03440,2026-07-23,12.77,retail
C03832,2026-07-23,31.36,retail
C03935,2026-07-23,41.22,retail
W000,2026-07-23,606.78,wholesale
W001,2026-07-23,121.57,wholesale
W004,2026-07-23,264.84,wholesale
W011,2026-07-23,263.54,wholesale
W023,2026-07-23,264.8,wholesale
C00104,2026-07-24,11.35,retail
C00188,2026-07-24,23.52,retail
C00204,2026-07-24,86.98,retail
C00351,2026-07-24,38.97,retail
C00493,2026-07-24,100.85,retail
C00843,2026-07-24,50.7,retail
C00844,2026-07-24,43.88,retail
C00869,2026-07-24,13.36,retail
C00929,2026-07-24,16.51,retail
C01153,2026-07-24,34.29,retail
C01239,2026-07-24,31.37,retail
C01550,2026-07-24,18.78,retail
C01632,2026-07-24,41.18,retail
C01719,2026-07-24,20.81,retail
C01743,2026-07-24,57.7,retail
C01807,2026-07-24,32.33,retail
C01887,2026-07-24,57.19,retail
C01910,2026-07-24,46.96,retail
C01998,2026-07-24,40.68,retail
C02009,2026-07-24,17.09,retail
C02105,2026-07-24,53.49,retail
C02204,2026-07-24,47.76,retail
C02283,2026-07-24,39.04,retail
C02286,2026-07-24,38.15,retail
C02451,2026-07-24,23.71,retail
C02485,2026-07-24,14.72,retail
C02547,2026-07-24,75.35,retail
C02610,2026-07-24,67.04,retail
C02690,2026-07-24,22.91,retail
C02748,2026-07-24,99.52,retail
C02763,2026-07-24,60.08,retail
C02776,2026-07-24,56.62,retail
C03046,2026-07-24,24.28,retail
C03108,2026-07-24,26.48,retail
C03113,2026-07-24,25.01,retail
C03116,2026-07-24,19.03,retail
C03279,2026-07-24,24.97,retail
C03305,2026-07-24,56.42,retail
C03670,2026-07-24,58.36,retail
C03776,2026-07-24,30.6,retail
C03910,2026-07-24,16.69,retail
C03944,2026-07-24,35.29,retail
C03953,2026-07-24,25.33,retail
C03972,2026-07-24,21.4,retail
W004,2026-07-24,159.19,wholesale
W025,2026-07-24,220.92,wholesale
C00008,2026-07-25,81.02,retail
C00090,2026-07-25,17.8,retail
C00090,2026-07-25,22.04,retail
C00106,2026-07-25,26.89,retail
C00108,2026-07-25,29.99,retail
C00148,2026-07-25,23.82,retail
C00205,2026-07-25,31.73,retail
C00209,2026-07-25,26.49,retail
C00248,2026-07-25,27.59,retail
C00256,2026-07-25,31.53,retail
C00424,2026-07-25,28.01,retail
C00445,2026-07-25,25.9,retail
C00548,2026-07-25,13.61,retail
C00561,2026-07-25,42.46,retail
C00606,2026-07-25,42.74,retail
C00687,2026-07-25,70.11,retail
C00697,2026-07-25,16.74,retail
C00739,2026-07-25,41.07,retail
C00774,2026-07-25,33.1,retail
C00822,2026-07-25,50.91,retail
C00854,2026-07-25,111.24,retail
C00854,2026-07-25,54.65,retail
C00918,2026-07-25,42.82,retail
C00992,2026-07-25,88.11,retail
C01085,2026-07-25,55.01,retail
C01185,2026-07-25,73.8,retail
C01186,2026-07-25,89.13,retail
C01254,2026-07-25,102.22,retail
C01330,2026-07-25,74.98,retail
C01455,2026-07-25,55.19,retail
C01486,2026-07-25,55.95,retail
C01519,2026-07-25,62.89,retail
C01551,2026-07-25,45.24,retail
C01591,2026-07-25,73.11,retail
C01610,2026-07-25,44.1,retail
C01727,2026-07-25,70.35,retail
C01954,2026-07-25,29.09,retail
C01990,2026-07-25,114.34,retail
C02119,2026-07-25,20.84,retail
C02254,2026-07-25,58.71,retail
C02273,2026-07-25,65.78,retail
C02307,2026-07-25,29.31,retail
C02316,2026-07-25,18.44,retail
C02330,2026-07-25,48.69,retail
C02411,2026-07-25,18.55,retail
C02461,2026-07-25,23.54,retail
C02521,2026-07-25,49.09,retail
C02588,2026-07-25,34.72,retail
C02744,2026-07-25,53.05,retail
C02746,2026-07-25,22.6,retail
C02807,2026-07-25,76.28,retail
C02820,2026-07-25,44.58,retail
C02960,2026-07-25,16.66,retail
C02963,2026-07-25,43.54,retail
C03058,2026-07-25,14.56,retail
C03184,2026-07-25,22.01,retail
C03397,2026-07-25,64.46,retail
C03446,2026-07-25,47.16,retail
C03528,2026-07-25,53.54,retail
C03717,2026-07-25,30.03,retail
C03806,2026-07-25,17.98,retail
C03828,2026-07-25,30.78,retail
W007,2026-07-25,175.74,wholesale
W008,2026-07-25,121.06,wholesale
W025,2026-07-25,355.09,wholesale
W027,2026-07-25,104.44,wholesale
C00273,2026-07-26,65.96,retail
C00344,2026-07-26,82.58,retail
C00784,2026-07-26,33.53,retail
C00862,2026-07-26,24.79,retail
C00865,2026-07-26,31.79,retail
C01010,2026-07-26,38.51,retail
C01247,2026-07-26,22.85,retail
C01281,2026-07-26,24.12,retail
C01526,2026-07-26,35.81,retail
C01708,2026-07-26,19.8,retail
C01817,2026-07-26,44.26,retail
C01884,2026-07-26,17.47,retail
C01947,2026-07-26,35.16,retail
C02274,2026-07-26,80.47,retail
C02414,2026-07-26,34.15,retail
C02477,2026-07-26,28.46,retail
C02558,2026-07-26,64.8,retail
C02602,2026-07-26,22.69,retail
C02615,2026-07-26,24.62,retail
C02642,2026-07-26,31.43,retail
C02672,2026-07-26,33.37,retail
C02764,2026-07-26,88.65,retail
C03002,2026-07-26,23.02,retail
C03048,2026-07-26,17.09,retail
C03144,2026-07-26,16.17,retail
C03215,2026-07-26,47.64,retail
C03316,2026-07-26,56.58,retail
C03349,2026-07-26,27.87,retail
C03458,2026-07-26,81.5,retail
C03595,2026-07-26,36.75,retail
C03597,2026-07-26,31.31,retail
C03673,2026-07-26,19.91,retail
W006,2026-07-26,174.76,wholesale
W022,2026-07-26,210.69,wholesale
C00184,2026-07-27,63.31,retail
C00223,2026-07-27,17.75,retail
C00338,2026-07-27,30.83,retail
C00395,2026-07-27,36.25,retail
C00484,2026-07-27,20.68,retail
C00534,2026-07-27,43.48,retail
C00534,2026-07-27,40.22,retail
C00784,2026-07-27,59.55,retail
C00822,2026-07-27,45.21,retail
C00869,2026-07-27,25.91,retail
C00964,2026-07-27,17.27,retail
C01222,2026-07-27,23.64,retail
C01246,2026-07-27,25.24,retail
C01360,2026-07-27,24.64,retail
C01418,2026-07-27,55.82,retail
C01419,2026-07-27,23.71,retail
C01568,2026-07-27,56.27,retail
C01570,2026-07-27,31.09,retail
C01586,2026-07-27,89.94,retail
C01599,2026-07-27,13.05,retail
C01667,2026-07-27,30.59,retail
C01668,2026-07-27,33.31,retail
C01769,2026-07-27,100.35,retail
C01795,2026-07-27,27.33,retail
C01827,2026-07-27,29.19,retail
C01966,2026-07-27,41.73,retail
C02049,2026-07-27,57.78,retail
C02059,2026-07-27,23.82,retail
C02090,2026-07-27,50.36,retail
C02205,2026-07-27,23.74,retail
C02223,2026-07-27,28.66,retail
C02527,2026-07-27,56.43,retail
C02658,2026-07-27,18.96,retail
C02854,2026-07-27,80.65,retail
C03012,2026-07-27,68.48,retail
C03176,2026-07-27,33.2,retail
C03226,2026-07-27,29.55,retail
C03235,2026-07-27,56.11,retail
C03237,2026-07-27,39.8,retail
C03276,2026-07-27,42.75,retail
C03282,2026-07-27,16.97,retail
C03338,2026-07-27,59.65,retail
C03382,2026-07-27,25.3,retail
C03467,2026-07-27,59.92,retail
C03675,2026-07-27,74.47,retail
C03684,2026-07-27,80.82,retail
C03786,2026-07-27,28.68,retail
C03789,2026-07-27,21.64,retail
W011,2026-07-27,155.26,wholesale
W013,2026-07-27,212.61,wholesale
W017,2026-07-27,181.66,wholesale
W021,2026-07-27,159.23,wholesale
W023,2026-07-27,311.76,wholesale
W027,2026-07-27,274.3,wholesale
C00111,2026-07-28,92.52,retail
C00190,2026-07-28,56.31,retail
C00231,2026-07-28,42.81,retail
C00361,2026-07-28,19.08,retail
C00392,2026-07-28,67.7,retail
C00443,2026-07-28,16.27,retail
C00466,2026-07-28,46.95,retail
C00535,2026-07-28,17.78,retail
C00545,2026-07-28,39.11,retail
C00718,2026-07-28,28.7,retail
C00930,2026-07-28,43.79,retail
C01041,2026-07-28,37.53,retail
C01041,2026-07-28,56.91,retail
C01133,2026-07-28,12.08,retail
C01164,2026-07-28,71.35,retail
C01208,2026-07-28,39.71,retail
C01239,2026-07-28,28.38,retail
C01329,2026-07-28,27.14,retail
C01384,2026-07-28,14.91,retail
C01591,2026-07-28,37.52,retail
C01724,2026-07-28,75.28,retail
C01813,2026-07-28,20.76,retail
C01836,2026-07-28,32.55,retail
C01883,2026-07-28,58.11,retail
C02193,2026-07-28,46.61,retail
C02211,2026-07-28,22.07,retail
C02263,2026-07-28,37.9,retail
C02289,2026-07-28,44.16,retail
C02378,2026-07-28,47.59,retail
C02423,2026-07-28,27.21,retail
C02479,2026-07-28,33.64,retail
C02741,2026-07-28,27.2,retail
C02766,2026-07-28,34.75,retail
C02803,2026-07-28,59.37,retail
C02910,2026-07-28,36.58,retail
C03054,2026-07-28,21.82,retail
C03057,2026-07-28,19.64,retail
C03079,2026-07-28,16.15,retail
C03142,2026-07-28,38.64,retail
C03152,2026-07-28,39.3,retail
C03231,2026-07-28,55.71,retail
C03359,2026-07-28,7.68,retail
C03557,2026-07-28,34.84,retail
C03557,2026-07-28,26.16,retail
C03750,2026-07-28,12.6,retail
C03904,2026-07-28,12.88,retail
C03904,2026-07-28,64.91,retail
C03997,2026-07-28,39.93,retail
W001,2026-07-28,204.43,wholesale
W002,2026-07-28,235.3,wholesale
W007,2026-07-28,268.7,wholesale
W020,2026-07-28,121.45,wholesale
W027,2026-07-28,677.98,wholesale
