user_id,install_date,activity_date,sessions
P00074,2026-06-01,2026-06-01,4
P00114,2026-06-01,2026-06-01,1
P00127,2026-06-01,2026-06-01,3
P00152,2026-06-01,2026-06-01,4
P00156,2026-06-01,2026-06-01,5
P00220,2026-06-01,2026-06-01,5
P00230,2026-06-01,2026-06-01,4
P00278,2026-06-01,2026-06-01,4
P00313,2026-06-01,2026-06-01,2
P00441,2026-06-01,2026-06-01,5
P00527,2026-06-01,2026-06-01,1
P00551,2026-06-01,2026-06-01,3
P00560,2026-06-01,2026-06-01,1
P00599,2026-06-01,2026-06-01,1
P00617,2026-06-01,2026-06-01,1
P00621,2026-06-01,2026-06-01,5
P00686,2026-06-01,2026-06-01,2
P00727,2026-06-01,2026-06-01,1
P00740,2026-06-01,2026-06-01,1
P00746,2026-06-01,2026-06-01,1
P00766,2026-06-01,2026-06-01,5
P00794,2026-06-01,2026-06-01,2
P00799,2026-06-01,2026-06-01,2
P00844,2026-06-01,2026-06-01,2
P01050,2026-06-01,2026-06-01,5
P01218,2026-06-01,2026-06-01,3
P01327,2026-06-01,2026-06-01,4
P01375,2026-06-01,2026-06-01,5
P01421,2026-06-01,2026-06-01,4
P01423,2026-06-01,2026-06-01,1
P01424,2026-06-01,2026-06-01,2
P01466,2026-06-01,2026-06-01,1
P01605,2026-06-01,2026-06-01,1
P01651,2026-06-01,2026-06-01,2
P01748,2026-06-01,2026-06-01,3
P01775,2026-06-01,2026-06-01,2
P02062,2026-06-01,2026-06-01,4
P02121,2026-06-01,2026-06-01,1
P02346,2026-06-01,2026-06-01,4
P02385,2026-06-01,2026-06-01,3
P02488,2026-06-01,2026-06-01,5
P02498,2026-06-01,2026-06-01,2
P02534,2026-06-01,2026-06-01,1
P02657,2026-06-01,2026-06-01,4
P02859,2026-06-01,2026-06-01,2
P03082,2026-06-01,2026-06-01,2
P03149,2026-06-01,2026-06-01,5
P03159,2026-06-01,2026-06-01,3
P03242,2026-06-01,2026-06-01,4
P03382,2026-06-01,2026-06-01,4
P03524,2026-06-01,2026-06-01,5
P03550,2026-06-01,2026-06-01,3
P03602,2026-06-01,2026-06-01,1
P03704,2026-06-01,2026-06-01,3
P03856,2026-06-01,2026-06-01,5
P03864,2026-06-01,2026-06-01,1
P03934,2026-06-01,2026-06-01,5
P03940,2026-06-01,2026-06-01,5
P03981,2026-06-01,2026-06-01,2
P04303,2026-06-01,2026-06-01,2
P04409,2026-06-01,2026-06-01,4
P04456,2026-06-01,2026-06-01,3
P04700,2026-06-01,2026-06-01,4
P04736,2026-06-01,2026-06-01,3
P04793,2026-06-01,2026-06-01,5
P04988,2026-06-01,2026-06-01,2
P05083,2026-06-01,2026-06-01,3
P05114,2026-06-01,2026-06-01,3
P05209,2026-06-01,2026-06-01,2
P05260,2026-06-01,2026-06-01,5
P05352,2026-06-01,2026-06-01,2
P05454,2026-06-01,2026-06-01,4
P05463,2026-06-01,2026-06-01,5
P05518,2026-06-01,2026-06-01,4
P05697,2026-06-01,2026-06-01,3
P05741,2026-06-01,2026-06-01,1
P05750,2026-06-01,2026-06-01,3
P05770,2026-06-01,2026-06-01,5
P05848,2026-06-01,2026-06-01,1
P05853,2026-06-01,2026-06-01,4
P05968,2026-06-01,2026-06-01,1
P06003,2026-06-01,2026-06-01,2
P06011,2026-06-01,2026-06-01,1
P06050,2026-06-01,2026-06-01,5
P06154,2026-06-01,2026-06-01,5
P06290,2026-06-01,2026-06-01,3
P06318,2026-06-01,2026-06-01,5
P06332,2026-06-01,2026-06-01,3
P06339,2026-06-01,2026-06-01,4
P06444,2026-06-01,2026-06-01,3
P06547,2026-06-01,2026-06-01,3
P06549,2026-06-01,2026-06-01,4
P06590,2026-06-01,2026-06-01,2
P07016,2026-06-01,2026-06-01,3
P07049,2026-06-01,2026-06-01,4
P07111,2026-06-01,2026-06-01,3
P07118,2026-06-01,2026-06-01,4
P07175,2026-06-01,2026-06-01,5
P07232,2026-06-01,2026-06-01,5
P07249,2026-06-01,2026-06-01,3
P07266,2026-06-01,2026-06-01,5
P07272,2026-06-01,2026-06-01,5
P07273,2026-06-01,2026-06-01,3
P07300,2026-06-01,2026-06-01,3
P07424,2026-06-01,2026-06-01,3
P07710,2026-06-01,2026-06-01,4
P07794,2026-06-01,2026-06-01,2
P07835,2026-06-01,2026-06-01,5
P07929,2026-06-01,2026-06-01,2
P00007,2026-06-02,2026-06-02,3
P00030,2026-06-02,2026-06-02,4
P00060,2026-06-02,2026-06-02,1
P00061,2026-06-02,2026-06-02,4
P00111,2026-06-02,2026-06-02,5
P00114,2026-06-01,2026-06-02,2
P00139,2026-06-02,2026-06-02,3
P00145,2026-06-02,2026-06-02,4
P00184,2026-06-02,2026-06-02,1
P00208,2026-06-02,2026-06-02,5
P00220,2026-06-01,2026-06-02,1
P00230,2026-06-01,2026-06-02,3
P00264,2026-06-02,2026-06-02,4
P00278,2026-06-01,2026-06-02,1
P00289,2026-06-02,2026-06-02,5
P00302,2026-06-02,2026-06-02,5
P00312,2026-06-02,2026-06-02,4
P00404,2026-06-02,2026-06-02,2
P00445,2026-06-02,2026-06-02,3
P00464,2026-06-02,2026-06-02,4
P00538,2026-06-02,2026-06-02,3
P00551,2026-06-01,2026-06-02,1
P00574,2026-06-02,2026-06-02,5
P00581,2026-06-02,2026-06-02,2
P00598,2026-06-02,2026-06-02,3
P00621,2026-06-01,2026-06-02,4
P00709,2026-06-02,2026-06-02,2
P00740,2026-06-01,2026-06-02,2
P00752,2026-06-02,2026-06-02,3
P00799,2026-06-01,2026-06-02,1
P00908,2026-06-02,2026-06-02,3
P00924,2026-06-02,2026-06-02,5
P01094,2026-06-02,2026-06-02,1
P01269,2026-06-02,2026-06-02,1
P01327,2026-06-01,2026-06-02,3
P01337,2026-06-02,2026-06-02,2
P01391,2026-06-02,2026-06-02,4
P01423,2026-06-01,2026-06-02,1
P01424,2026-06-01,2026-06-02,2
P01432,2026-06-02,2026-06-02,3
P01651,2026-06-01,2026-06-02,2
P01775,2026-06-01,2026-06-02,3
P01895,2026-06-02,2026-06-02,3
P01924,2026-06-02,2026-06-02,4
P02014,2026-06-02,2026-06-02,2
P02062,2026-06-01,2026-06-02,2
P02150,2026-06-02,2026-06-02,5
P02230,2026-06-02,2026-06-02,4
P02243,2026-06-02,2026-06-02,2
P02245,2026-06-02,2026-06-02,1
P02493,2026-06-02,2026-06-02,3
P02513,2026-06-02,2026-06-02,2
P02600,2026-06-02,2026-06-02,2
P02672,2026-06-02,2026-06-02,4
P02707,2026-06-02,2026-06-02,1
P02760,2026-06-02,2026-06-02,1
P02865,2026-06-02,2026-06-02,4
P03092,2026-06-02,2026-06-02,2
P03229,2026-06-02,2026-06-02,1
P03286,2026-06-02,2026-06-02,3
P03305,2026-06-02,2026-06-02,3
P03309,2026-06-02,2026-06-02,4
P03323,2026-06-02,2026-06-02,2
P03372,2026-06-02,2026-06-02,4
P03373,2026-06-02,2026-06-02,5
P03432,2026-06-02,2026-06-02,1
P03524,2026-06-01,2026-06-02,4
P03595,2026-06-02,2026-06-02,1
P03597,2026-06-02,2026-06-02,1
P03606,2026-06-02,2026-06-02,2
P03673,2026-06-02,2026-06-02,2
P03680,2026-06-02,2026-06-02,5
P03704,2026-06-01,2026-06-02,1
P03726,2026-06-02,2026-06-02,2
P03743,2026-06-02,2026-06-02,3
P03758,2026-06-02,2026-06-02,2
P03815,2026-06-02,2026-06-02,5
P03827,2026-06-02,2026-06-02,2
P03856,2026-06-01,2026-06-02,3
P03864,2026-06-01,2026-06-02,3
P03900,2026-06-02,2026-06-02,2
P03940,2026-06-01,2026-06-02,1
P03956,2026-06-02,2026-06-02,4
P03981,2026-06-01,2026-06-02,1
P04134,2026-06-02,2026-06-02,4
P04287,2026-06-02,2026-06-02,1
P04303,2026-06-01,2026-06-02,4
P04367,2026-06-02,2026-06-02,3
P04385,2026-06-02,2026-06-02,4
P04456,2026-06-01,2026-06-02,2
P04536,2026-06-02,2026-06-02,2
P04604,2026-06-02,2026-06-02,5
P04721,2026-06-02,2026-06-02,2
P04768,2026-06-02,2026-06-02,1
P04772,2026-06-02,2026-06-02,1
P04818,2026-06-02,2026-06-02,4
P04823,2026-06-02,2026-06-02,2
P04906,2026-06-02,2026-06-02,2
P04911,2026-06-02,2026-06-02,4
P04922,2026-06-02,2026-06-02,5
P04982,2026-06-02,2026-06-02,5
P04991,2026-06-02,2026-06-02,1
P05100,2026-06-02,2026-06-02,1
P05201,2026-06-02,2026-06-02,1
P05204,2026-06-02,2026-06-02,2
P05209,2026-06-01,2026-06-02,1
P05222,2026-06-02,2026-06-02,5
P05229,2026-06-02,2026-06-02,3
P05254,2026-06-02,2026-06-02,4
P05450,2026-06-02,2026-06-02,5
P05454,2026-06-01,2026-06-02,3
P05596,2026-06-02,2026-06-02,3
P05634,2026-06-02,2026-06-02,1
P05654,2026-06-02,2026-06-02,3
P05718,2026-06-02,2026-06-02,4
P05741,2026-06-01,2026-06-02,2
P05792,2026-06-02,2026-06-02,4
P05848,2026-06-01,2026-06-02,4
P05900,2026-06-02,2026-06-02,2
P05912,2026-06-02,2026-06-02,1
P05997,2026-06-02,2026-06-02,2
P06015,2026-06-02,2026-06-02,4
P06021,2026-06-02,2026-06-02,5
P06055,2026-06-02,2026-06-02,5
P06105,2026-06-02,2026-06-02,2
P06162,2026-06-02,2026-06-02,3
P06252,2026-06-02,2026-06-02,3
P06290,2026-06-01,2026-06-02,4
P06339,2026-06-01,2026-06-02,1
P06454,2026-06-02,2026-06-02,5
P06594,2026-06-02,2026-06-02,5
P06599,2026-06-02,2026-06-02,3
P06645,2026-06-02,2026-06-02,5
P06647,2026-06-02,2026-06-02,5
P06666,2026-06-02,2026-06-02,1
P06802,2026-06-02,2026-06-02,4
P06819,2026-06-02,2026-06-02,5
P06914,2026-06-02,2026-06-02,5
P06939,2026-06-02,2026-06-02,3
P06943,2026-06-02,2026-06-02,3
P07028,2026-06-02,2026-06-02,5
P07058,2026-06-02,2026-06-02,4
P07096,2026-06-02,2026-06-02,3
P07123,2026-06-02,2026-06-02,3
P07173,2026-06-02,2026-06-02,5
P07188,2026-06-02,2026-06-02,2
P07286,2026-06-02,2026-06-02,2
P07402,2026-06-02,2026-06-02,5
P07530,2026-06-02,2026-06-02,1
P07656,2026-06-02,2026-06-02,2
P07771,2026-06-02,2026-06-02,2
P07787,2026-06-02,2026-06-02,4
P00007,2026-06-02,2026-06-03,2
P00030,2026-06-02,2026-06-03,4
P00114,2026-06-01,2026-06-03,2
P00145,2026-06-02,2026-06-03,3
P00151,2026-06-03,2026-06-03,2
P00251,2026-06-03,2026-06-03,2
P00264,2026-06-02,2026-06-03,4
P00286,2026-06-03,2026-06-03,2
P00289,2026-06-02,2026-06-03,3
P00331,2026-06-03,2026-06-03,2
P00373,2026-06-03,2026-06-03,5
P00416,2026-06-03,2026-06-03,2
P00441,2026-06-01,2026-06-03,1
P00453,2026-06-03,2026-06-03,1
P00520,2026-06-03,2026-06-03,2
P00527,2026-06-01,2026-06-03,2
P00541,2026-06-03,2026-06-03,3
P00559,2026-06-03,2026-06-03,3
P00584,2026-06-03,2026-06-03,2
P00598,2026-06-02,2026-06-03,2
P00652,2026-06-03,2026-06-03,1
P00699,2026-06-03,2026-06-03,3
P00740,2026-06-01,2026-06-03,1
P00752,2026-06-02,2026-06-03,4
P00798,2026-06-03,2026-06-03,5
P00844,2026-06-01,2026-06-03,1
P00942,2026-06-03,2026-06-03,5
P00972,2026-06-03,2026-06-03,3
P00985,2026-06-03,2026-06-03,5
P01049,2026-06-03,2026-06-03,2
P01055,2026-06-03,2026-06-03,4
P01137,2026-06-03,2026-06-03,3
P01145,2026-06-03,2026-06-03,5
P01228,2026-06-03,2026-06-03,5
P01342,2026-06-03,2026-06-03,1
P01372,2026-06-03,2026-06-03,4
P01375,2026-06-01,2026-06-03,3
P01395,2026-06-03,2026-06-03,5
P01417,2026-06-03,2026-06-03,2
P01423,2026-06-01,2026-06-03,4
P01424,2026-06-01,2026-06-03,4
P01432,2026-06-02,2026-06-03,2
P01580,2026-06-03,2026-06-03,5
P01634,2026-06-03,2026-06-03,4
P01651,2026-06-01,2026-06-03,3
P01702,2026-06-03,2026-06-03,5
P01769,2026-06-03,2026-06-03,1
P01775,2026-06-01,2026-06-03,4
P01781,2026-06-03,2026-06-03,5
P01811,2026-06-03,2026-06-03,2
P01969,2026-06-03,2026-06-03,4
P02014,2026-06-02,2026-06-03,1
P02062,2026-06-01,2026-06-03,4
P02111,2026-06-03,2026-06-03,1
P02150,2026-06-02,2026-06-03,4
P02240,2026-06-03,2026-06-03,1
P02243,2026-06-02,2026-06-03,3
P02276,2026-06-03,2026-06-03,3
P02358,2026-06-03,2026-06-03,4
P02446,2026-06-03,2026-06-03,4
P02460,2026-06-03,2026-06-03,2
P02493,2026-06-02,2026-06-03,1
P02621,2026-06-03,2026-06-03,1
P02691,2026-06-03,2026-06-03,4
P02736,2026-06-03,2026-06-03,1
P02925,2026-06-03,2026-06-03,1
P02927,2026-06-03,2026-06-03,2
P02977,2026-06-03,2026-06-03,4
P02979,2026-06-03,2026-06-03,1
P03137,2026-06-03,2026-06-03,1
P03173,2026-06-03,2026-06-03,4
P03178,2026-06-03,2026-06-03,2
P03215,2026-06-03,2026-06-03,4
P03229,2026-06-02,2026-06-03,1
P03280,2026-06-03,2026-06-03,1
P03323,2026-06-02,2026-06-03,3
P03359,2026-06-03,2026-06-03,4
P03507,2026-06-03,2026-06-03,2
P03511,2026-06-03,2026-06-03,4
P03541,2026-06-03,2026-06-03,4
P03723,2026-06-03,2026-06-03,4
P03807,2026-06-03,2026-06-03,4
P03841,2026-06-03,2026-06-03,2
P03856,2026-06-01,2026-06-03,1
P03900,2026-06-02,2026-06-03,4
P04010,2026-06-03,2026-06-03,1
P04012,2026-06-03,2026-06-03,4
P04070,2026-06-03,2026-06-03,4
P04164,2026-06-03,2026-06-03,5
P04174,2026-06-03,2026-06-03,2
P04246,2026-06-03,2026-06-03,3
P04285,2026-06-03,2026-06-03,2
P04303,2026-06-01,2026-06-03,3
P04409,2026-06-01,2026-06-03,4
P04547,2026-06-03,2026-06-03,3
P04565,2026-06-03,2026-06-03,1
P04604,2026-06-02,2026-06-03,3
P04622,2026-06-03,2026-06-03,3
P04624,2026-06-03,2026-06-03,4
P04695,2026-06-03,2026-06-03,3
P04833,2026-06-03,2026-06-03,2
P04914,2026-06-03,2026-06-03,2
P04922,2026-06-02,2026-06-03,3
P04991,2026-06-02,2026-06-03,4
P05007,2026-06-03,2026-06-03,5
P05014,2026-06-03,2026-06-03,1
P05049,2026-06-03,2026-06-03,5
P05059,2026-06-03,2026-06-03,1
P05125,2026-06-03,2026-06-03,3
P05201,2026-06-02,2026-06-03,1
P05209,2026-06-01,2026-06-03,1
P05229,2026-06-02,2026-06-03,3
P05273,2026-06-03,2026-06-03,5
P05313,2026-06-03,2026-06-03,2
P05331,2026-06-03,2026-06-03,5
P05344,2026-06-03,2026-06-03,5
P05352,2026-06-01,2026-06-03,3
P05445,2026-06-03,2026-06-03,1
P05450,2026-06-02,2026-06-03,4
P05499,2026-06-03,2026-06-03,4
P05520,2026-06-03,2026-06-03,1
P05525,2026-06-03,2026-06-03,4
P05607,2026-06-03,2026-06-03,1
P05631,2026-06-03,2026-06-03,5
P05650,2026-06-03,2026-06-03,2
P05665,2026-06-03,2026-06-03,1
P05741,2026-06-01,2026-06-03,2
P05744,2026-06-03,2026-06-03,5
P05842,2026-06-03,2026-06-03,2
P05912,2026-06-02,2026-06-03,4
P05928,2026-06-03,2026-06-03,4
P06019,2026-06-03,2026-06-03,5
P06023,2026-06-03,2026-06-03,4
P06046,2026-06-03,2026-06-03,1
P06162,2026-06-02,2026-06-03,3
P06226,2026-06-03,2026-06-03,5
P06290,2026-06-01,2026-06-03,1
P06327,2026-06-03,2026-06-03,5
P06339,2026-06-01,2026-06-03,4
P06452,2026-06-03,2026-06-03,5
P06480,2026-06-03,2026-06-03,4
P06494,2026-06-03,2026-06-03,3
P06501,2026-06-03,2026-06-03,2
P06538,2026-06-03,2026-06-03,1
P06590,2026-06-01,2026-06-03,3
P06647,2026-06-02,2026-06-03,2
P06691,2026-06-03,2026-06-03,5
P06782,2026-06-03,2026-06-03,4
P06783,2026-06-03,2026-06-03,2
P06819,2026-06-02,2026-06-03,1
P06943,2026-06-02,2026-06-03,1
P07028,2026-06-02,2026-06-03,2
P07029,2026-06-03,2026-06-03,1
P07079,2026-06-03,2026-06-03,4
P07090,2026-06-03,2026-06-03,1
P07109,2026-06-03,2026-06-03,1
P07169,2026-06-03,2026-06-03,1
P07171,2026-06-03,2026-06-03,5
P07173,2026-06-02,2026-06-03,1
P07232,2026-06-01,2026-06-03,1
P07266,2026-06-01,2026-06-03,3
P07272,2026-06-01,2026-06-03,4
P07273,2026-06-01,2026-06-03,3
P07309,2026-06-03,2026-06-03,2
P07332,2026-06-03,2026-06-03,5
P07351,2026-06-03,2026-06-03,5
P07385,2026-06-03,2026-06-03,4
P07406,2026-06-03,2026-06-03,2
P07407,2026-06-03,2026-06-03,2
P07518,2026-06-03,2026-06-03,1
P07552,2026-06-03,2026-06-03,5
P07586,2026-06-03,2026-06-03,3
P07771,2026-06-02,2026-06-03,4
P07774,2026-06-03,2026-06-03,3
P07796,2026-06-03,2026-06-03,3
P07801,2026-06-03,2026-06-03,4
P07810,2026-06-03,2026-06-03,1
P07841,2026-06-03,2026-06-03,4
P07950,2026-06-03,2026-06-03,5
P00056,2026-06-04,2026-06-04,1
P00106,2026-06-04,2026-06-04,1
P00114,2026-06-01,2026-06-04,1
P00120,2026-06-04,2026-06-04,2
P00151,2026-06-03,2026-06-04,2
P00156,2026-06-01,2026-06-04,2
P00208,2026-06-02,2026-06-04,1
P00219,2026-06-04,2026-06-04,2
P00251,2026-06-03,2026-06-04,1
P00264,2026-06-02,2026-06-04,2
P00286,2026-06-03,2026-06-04,3
P00302,2026-06-02,2026-06-04,4
P00329,2026-06-04,2026-06-04,3
P00382,2026-06-04,2026-06-04,4
P00393,2026-06-04,2026-06-04,3
P00396,2026-06-04,2026-06-04,3
P00408,2026-06-04,2026-06-04,1
P00440,2026-06-04,2026-06-04,2
P00441,2026-06-01,2026-06-04,4
P00474,2026-06-04,2026-06-04,1
P00483,2026-06-04,2026-06-04,3
P00527,2026-06-01,2026-06-04,2
P00535,2026-06-04,2026-06-04,3
P00536,2026-06-04,2026-06-04,5
P00541,2026-06-03,2026-06-04,4
P00584,2026-06-03,2026-06-04,4
P00593,2026-06-04,2026-06-04,5
P00598,2026-06-02,2026-06-04,4
P00652,2026-06-03,2026-06-04,3
P00699,2026-06-03,2026-06-04,2
P00740,2026-06-01,2026-06-04,1
P00843,2026-06-04,2026-06-04,5
P00844,2026-06-01,2026-06-04,3
P00938,2026-06-04,2026-06-04,2
P00942,2026-06-03,2026-06-04,1
P00963,2026-06-04,2026-06-04,2
P00985,2026-06-03,2026-06-04,2
P01004,2026-06-04,2026-06-04,1
P01027,2026-06-04,2026-06-04,2
P01047,2026-06-04,2026-06-04,1
P01050,2026-06-01,2026-06-04,1
P01087,2026-06-04,2026-06-04,2
P01108,2026-06-04,2026-06-04,4
P01175,2026-06-04,2026-06-04,4
P01201,2026-06-04,2026-06-04,4
P01244,2026-06-04,2026-06-04,5
P01322,2026-06-04,2026-06-04,1
P01342,2026-06-03,2026-06-04,3
P01391,2026-06-02,2026-06-04,1
P01395,2026-06-03,2026-06-04,2
P01396,2026-06-04,2026-06-04,3
P01423,2026-06-01,2026-06-04,4
P01432,2026-06-02,2026-06-04,2
P01477,2026-06-04,2026-06-04,2
P01490,2026-06-04,2026-06-04,2
P01536,2026-06-04,2026-06-04,5
P01559,2026-06-04,2026-06-04,3
P01573,2026-06-04,2026-06-04,5
P01596,2026-06-04,2026-06-04,4
P01651,2026-06-01,2026-06-04,4
P01702,2026-06-03,2026-06-04,1
P01718,2026-06-04,2026-06-04,2
P01721,2026-06-04,2026-06-04,1
P01737,2026-06-04,2026-06-04,1
P01748,2026-06-01,2026-06-04,2
P01775,2026-06-01,2026-06-04,2
P01791,2026-06-04,2026-06-04,3
P01811,2026-06-03,2026-06-04,3
P01996,2026-06-04,2026-06-04,1
P02022,2026-06-04,2026-06-04,2
P02025,2026-06-04,2026-06-04,5
P02042,2026-06-04,2026-06-04,3
P02062,2026-06-01,2026-06-04,4
P02078,2026-06-04,2026-06-04,4
P02111,2026-06-03,2026-06-04,3
P02115,2026-06-04,2026-06-04,3
P02180,2026-06-04,2026-06-04,1
P02237,2026-06-04,2026-06-04,2
P02240,2026-06-03,2026-06-04,1
P02317,2026-06-04,2026-06-04,2
P02361,2026-06-04,2026-06-04,4
P02411,2026-06-04,2026-06-04,4
P02415,2026-06-04,2026-06-04,1
P02444,2026-06-04,2026-06-04,1
P02519,2026-06-04,2026-06-04,3
P02610,2026-06-04,2026-06-04,3
P02621,2026-06-03,2026-06-04,1
P02682,2026-06-04,2026-06-04,1
P02707,2026-06-02,2026-06-04,4
P02726,2026-06-04,2026-06-04,1
P02864,2026-06-04,2026-06-04,2
P02937,2026-06-04,2026-06-04,5
P02977,2026-06-03,2026-06-04,1
P02984,2026-06-04,2026-06-04,5
P03053,2026-06-04,2026-06-04,4
P03092,2026-06-02,2026-06-04,1
P03188,2026-06-04,2026-06-04,4
P03233,2026-06-04,2026-06-04,2
P03286,2026-06-02,2026-06-04,3
P03309,2026-06-02,2026-06-04,1
P03332,2026-06-04,2026-06-04,4
P03359,2026-06-03,2026-06-04,1
P03375,2026-06-04,2026-06-04,4
P03468,2026-06-04,2026-06-04,4
P03501,2026-06-04,2026-06-04,1
P03511,2026-06-03,2026-06-04,2
P03519,2026-06-04,2026-06-04,2
P03524,2026-06-01,2026-06-04,1
P03541,2026-06-03,2026-06-04,4
P03564,2026-06-04,2026-06-04,2
P03602,2026-06-01,2026-06-04,4
P03640,2026-06-04,2026-06-04,5
P03642,2026-06-04,2026-06-04,4
P03704,2026-06-01,2026-06-04,1
P03723,2026-06-03,2026-06-04,4
P03758,2026-06-02,2026-06-04,1
P03764,2026-06-04,2026-06-04,1
P03766,2026-06-04,2026-06-04,3
P03816,2026-06-04,2026-06-04,5
P03841,2026-06-03,2026-06-04,4
P03856,2026-06-01,2026-06-04,2
P03864,2026-06-01,2026-06-04,4
P03940,2026-06-01,2026-06-04,4
P04008,2026-06-04,2026-06-04,2
P04010,2026-06-03,2026-06-04,3
P04021,2026-06-04,2026-06-04,1
P04153,2026-06-04,2026-06-04,4
P04256,2026-06-04,2026-06-04,5
P04302,2026-06-04,2026-06-04,2
P04337,2026-06-04,2026-06-04,1
P04352,2026-06-04,2026-06-04,3
P04416,2026-06-04,2026-06-04,1
P04456,2026-06-01,2026-06-04,2
P04477,2026-06-04,2026-06-04,1
P04536,2026-06-02,2026-06-04,2
P04615,2026-06-04,2026-06-04,1
P04624,2026-06-03,2026-06-04,4
P04714,2026-06-04,2026-06-04,5
P04836,2026-06-04,2026-06-04,1
P04839,2026-06-04,2026-06-04,2
P04867,2026-06-04,2026-06-04,1
P04879,2026-06-04,2026-06-04,3
P04937,2026-06-04,2026-06-04,1
P04938,2026-06-04,2026-06-04,3
P05045,2026-06-04,2026-06-04,1
P05076,2026-06-04,2026-06-04,2
P05255,2026-06-04,2026-06-04,1
P05258,2026-06-04,2026-06-04,5
P05310,2026-06-04,2026-06-04,2
P05396,2026-06-04,2026-06-04,5
P05454,2026-06-01,2026-06-04,4
P05469,2026-06-04,2026-06-04,4
P05499,2026-06-03,2026-06-04,4
P05518,2026-06-01,2026-06-04,2
P05520,2026-06-03,2026-06-04,2
P05539,2026-06-04,2026-06-04,4
P05579,2026-06-04,2026-06-04,2
P05596,2026-06-02,2026-06-04,2
P05605,2026-06-04,2026-06-04,4
P05607,2026-06-03,2026-06-04,3
P05650,2026-06-03,2026-06-04,2
P05653,2026-06-04,2026-06-04,2
P05674,2026-06-04,2026-06-04,1
P05699,2026-06-04,2026-06-04,3
P05705,2026-06-04,2026-06-04,2
P05741,2026-06-01,2026-06-04,2
P05842,2026-06-03,2026-06-04,2
P05863,2026-06-04,2026-06-04,1
P05879,2026-06-04,2026-06-04,3
P06021,2026-06-02,2026-06-04,2
P06023,2026-06-03,2026-06-04,2
P06050,2026-06-01,2026-06-04,1
P06064,2026-06-04,2026-06-04,1
P06106,2026-06-04,2026-06-04,4
P06154,2026-06-01,2026-06-04,1
P06162,2026-06-02,2026-06-04,3
P06214,2026-06-04,2026-06-04,4
P06277,2026-06-04,2026-06-04,4
P06345,2026-06-04,2026-06-04,5
P06431,2026-06-04,2026-06-04,4
P06452,2026-06-03,2026-06-04,2
P06463,2026-06-04,2026-06-04,3
P06473,2026-06-04,2026-06-04,3
P06480,2026-06-03,2026-06-04,1
P06507,2026-06-04,2026-06-04,1
P06594,2026-06-02,2026-06-04,3
P06666,2026-06-02,2026-06-04,4
P06775,2026-06-04,2026-06-04,3
P06789,2026-06-04,2026-06-04,2
P06802,2026-06-02,2026-06-04,4
P06895,2026-06-04,2026-06-04,2
P06913,2026-06-04,2026-06-04,2
P06970,2026-06-04,2026-06-04,3
P06987,2026-06-04,2026-06-04,2
P07022,2026-06-04,2026-06-04,2
P07029,2026-06-03,2026-06-04,2
P07038,2026-06-04,2026-06-04,3
P07108,2026-06-04,2026-06-04,3
P07171,2026-06-03,2026-06-04,4
P07172,2026-06-04,2026-06-04,4
P07184,2026-06-04,2026-06-04,3
P07195,2026-06-04,2026-06-04,4
P07212,2026-06-04,2026-06-04,4
P07232,2026-06-01,2026-06-04,4
P07235,2026-06-04,2026-06-04,2
P07266,2026-06-01,2026-06-04,3
P07274,2026-06-04,2026-06-04,2
P07286,2026-06-02,2026-06-04,4
P07309,2026-06-03,2026-06-04,3
P07339,2026-06-04,2026-06-04,5
P07351,2026-06-03,2026-06-04,3
P07385,2026-06-03,2026-06-04,3
P07407,2026-06-03,2026-06-04,2
P07408,2026-06-04,2026-06-04,5
P07410,2026-06-04,2026-06-04,5
P07415,2026-06-04,2026-06-04,5
P07483,2026-06-04,2026-06-04,2
P07515,2026-06-04,2026-06-04,2
P07531,2026-06-04,2026-06-04,1
P07560,2026-06-04,2026-06-04,1
P07571,2026-06-04,2026-06-04,5
P07723,2026-06-04,2026-06-04,4
P07745,2026-06-04,2026-06-04,2
P07787,2026-06-02,2026-06-04,2
P07810,2026-06-03,2026-06-04,1
P07835,2026-06-01,2026-06-04,4
P07929,2026-06-01,2026-06-04,4
P07950,2026-06-03,2026-06-04,3
P07951,2026-06-04,2026-06-04,5
P00097,2026-06-05,2026-06-05,5
P00106,2026-06-04,2026-06-05,3
P00145,2026-06-02,2026-06-05,3
P00184,2026-06-02,2026-06-05,4
P00197,2026-06-05,2026-06-05,4
P00219,2026-06-04,2026-06-05,1
P00220,2026-06-01,2026-06-05,1
P00223,2026-06-05,2026-06-05,4
P00266,2026-06-05,2026-06-05,1
P00280,2026-06-05,2026-06-05,5
P00286,2026-06-03,2026-06-05,2
P00289,2026-06-02,2026-06-05,1
P00315,2026-06-05,2026-06-05,1
P00338,2026-06-05,2026-06-05,3
P00358,2026-06-05,2026-06-05,1
P00367,2026-06-05,2026-06-05,1
P00396,2026-06-04,2026-06-05,1
P00408,2026-06-04,2026-06-05,3
P00445,2026-06-02,2026-06-05,2
P00453,2026-06-03,2026-06-05,1
P00520,2026-06-03,2026-06-05,4
P00545,2026-06-05,2026-06-05,2
P00591,2026-06-05,2026-06-05,4
P00603,2026-06-05,2026-06-05,1
P00616,2026-06-05,2026-06-05,2
P00687,2026-06-05,2026-06-05,3
P00732,2026-06-05,2026-06-05,3
P00840,2026-06-05,2026-06-05,5
P00914,2026-06-05,2026-06-05,3
P00924,2026-06-02,2026-06-05,2
P00938,2026-06-04,2026-06-05,2
P00954,2026-06-05,2026-06-05,2
P00972,2026-06-03,2026-06-05,4
P01004,2026-06-04,2026-06-05,2
P01012,2026-06-05,2026-06-05,5
P01027,2026-06-04,2026-06-05,3
P01049,2026-06-03,2026-06-05,1
P01055,2026-06-03,2026-06-05,2
P01068,2026-06-05,2026-06-05,5
P01082,2026-06-05,2026-06-05,4
P01094,2026-06-02,2026-06-05,1
P01156,2026-06-05,2026-06-05,4
P01191,2026-06-05,2026-06-05,4
P01195,2026-06-05,2026-06-05,2
P01228,2026-06-03,2026-06-05,2
P01236,2026-06-05,2026-06-05,1
P01272,2026-06-05,2026-06-05,5
P01299,2026-06-05,2026-06-05,5
P01300,2026-06-05,2026-06-05,3
P01326,2026-06-05,2026-06-05,3
P01370,2026-06-05,2026-06-05,2
P01372,2026-06-03,2026-06-05,3
P01396,2026-06-04,2026-06-05,2
P01444,2026-06-05,2026-06-05,4
P01634,2026-06-03,2026-06-05,3
P01663,2026-06-05,2026-06-05,5
P01682,2026-06-05,2026-06-05,3
P01698,2026-06-05,2026-06-05,2
P01702,2026-06-03,2026-06-05,4
P01718,2026-06-04,2026-06-05,2
P01775,2026-06-01,2026-06-05,3
P01781,2026-06-03,2026-06-05,4
P01791,2026-06-04,2026-06-05,1
P01806,2026-06-05,2026-06-05,1
P01811,2026-06-03,2026-06-05,3
P01868,2026-06-05,2026-06-05,2
P01974,2026-06-05,2026-06-05,5
P02059,2026-06-05,2026-06-05,3
P02070,2026-06-05,2026-06-05,2
P02119,2026-06-05,2026-06-05,4
P02150,2026-06-02,2026-06-05,1
P02211,2026-06-05,2026-06-05,5
P02230,2026-06-02,2026-06-05,2
P02267,2026-06-05,2026-06-05,4
P02317,2026-06-04,2026-06-05,2
P02386,2026-06-05,2026-06-05,2
P02411,2026-06-04,2026-06-05,3
P02493,2026-06-02,2026-06-05,3
P02534,2026-06-01,2026-06-05,1
P02610,2026-06-04,2026-06-05,2
P02621,2026-06-03,2026-06-05,3
P02682,2026-06-04,2026-06-05,2
P02688,2026-06-05,2026-06-05,5
P02716,2026-06-05,2026-06-05,3
P02726,2026-06-04,2026-06-05,4
P02745,2026-06-05,2026-06-05,2
P02771,2026-06-05,2026-06-05,4
P02811,2026-06-05,2026-06-05,2
P02864,2026-06-04,2026-06-05,2
P02865,2026-06-02,2026-06-05,1
P02899,2026-06-05,2026-06-05,4
P02914,2026-06-05,2026-06-05,2
P02979,2026-06-03,2026-06-05,2
P03004,2026-06-05,2026-06-05,2
P03073,2026-06-05,2026-06-05,3
P03078,2026-06-05,2026-06-05,4
P03121,2026-06-05,2026-06-05,1
P03133,2026-06-05,2026-06-05,3
P03242,2026-06-01,2026-06-05,3
P03246,2026-06-05,2026-06-05,2
P03256,2026-06-05,2026-06-05,1
P03280,2026-06-03,2026-06-05,4
P03305,2026-06-02,2026-06-05,3
P03318,2026-06-05,2026-06-05,1
P03348,2026-06-05,2026-06-05,1
P03355,2026-06-05,2026-06-05,2
P03359,2026-06-03,2026-06-05,3
P03372,2026-06-02,2026-06-05,4
P03379,2026-06-05,2026-06-05,2
P03423,2026-06-05,2026-06-05,5
P03434,2026-06-05,2026-06-05,3
P03455,2026-06-05,2026-06-05,1
P03468,2026-06-04,2026-06-05,3
P03503,2026-06-05,2026-06-05,2
P03564,2026-06-04,2026-06-05,4
P03645,2026-06-05,2026-06-05,1
P03732,2026-06-05,2026-06-05,5
P03752,2026-06-05,2026-06-05,3
P03794,2026-06-05,2026-06-05,2
P03807,2026-06-03,2026-06-05,3
P03841,2026-06-03,2026-06-05,1
P03864,2026-06-01,2026-06-05,2
P03892,2026-06-05,2026-06-05,2
P03940,2026-06-01,2026-06-05,4
P03976,2026-06-05,2026-06-05,1
P04008,2026-06-04,2026-06-05,4
P04021,2026-06-04,2026-06-05,2
P04058,2026-06-05,2026-06-05,1
P04061,2026-06-05,2026-06-05,4
P04164,2026-06-03,2026-06-05,1
P04219,2026-06-05,2026-06-05,1
P04222,2026-06-05,2026-06-05,4
P04319,2026-06-05,2026-06-05,1
P04324,2026-06-05,2026-06-05,2
P04337,2026-06-04,2026-06-05,3
P04352,2026-06-04,2026-06-05,4
P04471,2026-06-05,2026-06-05,5
P04547,2026-06-03,2026-06-05,2
P04583,2026-06-05,2026-06-05,1
P04688,2026-06-05,2026-06-05,2
P04818,2026-06-02,2026-06-05,3
P04823,2026-06-02,2026-06-05,4
P04826,2026-06-05,2026-06-05,5
P04836,2026-06-04,2026-06-05,1
P04853,2026-06-05,2026-06-05,3
P04885,2026-06-05,2026-06-05,2
P04888,2026-06-05,2026-06-05,5
P04938,2026-06-04,2026-06-05,1
P04991,2026-06-02,2026-06-05,2
P05007,2026-06-03,2026-06-05,4
P05066,2026-06-05,2026-06-05,3
P05140,2026-06-05,2026-06-05,1
P05165,2026-06-05,2026-06-05,5
P05200,2026-06-05,2026-06-05,2
P05222,2026-06-02,2026-06-05,3
P05258,2026-06-04,2026-06-05,2
P05344,2026-06-03,2026-06-05,4
P05346,2026-06-05,2026-06-05,3
P05361,2026-06-05,2026-06-05,5
P05415,2026-06-05,2026-06-05,5
P05499,2026-06-03,2026-06-05,4
P05579,2026-06-04,2026-06-05,2
P05596,2026-06-02,2026-06-05,2
P05605,2026-06-04,2026-06-05,4
P05621,2026-06-05,2026-06-05,4
P05631,2026-06-03,2026-06-05,4
P05644,2026-06-05,2026-06-05,4
P05650,2026-06-03,2026-06-05,4
P05653,2026-06-04,2026-06-05,2
P05750,2026-06-01,2026-06-05,3
P05800,2026-06-05,2026-06-05,3
P05801,2026-06-05,2026-06-05,2
P05842,2026-06-03,2026-06-05,1
P05878,2026-06-05,2026-06-05,1
P05879,2026-06-04,2026-06-05,4
P05888,2026-06-05,2026-06-05,3
P05957,2026-06-05,2026-06-05,4
P05981,2026-06-05,2026-06-05,3
P06019,2026-06-03,2026-06-05,4
P06033,2026-06-05,2026-06-05,5
P06055,2026-06-02,2026-06-05,1
P06065,2026-06-05,2026-06-05,2
P06101,2026-06-05,2026-06-05,5
P06117,2026-06-05,2026-06-05,2
P06277,2026-06-04,2026-06-05,4
P06328,2026-06-05,2026-06-05,1
P06345,2026-06-04,2026-06-05,1
P06369,2026-06-05,2026-06-05,5
P06376,2026-06-05,2026-06-05,1
P06450,2026-06-05,2026-06-05,1
P06463,2026-06-04,2026-06-05,3
P06547,2026-06-01,2026-06-05,3
P06573,2026-06-05,2026-06-05,2
P06596,2026-06-05,2026-06-05,5
P06647,2026-06-02,2026-06-05,1
P06689,2026-06-05,2026-06-05,4
P06701,2026-06-05,2026-06-05,2
P06721,2026-06-05,2026-06-05,1
P06749,2026-06-05,2026-06-05,3
P06768,2026-06-05,2026-06-05,5
P06775,2026-06-04,2026-06-05,3
P06782,2026-06-03,2026-06-05,2
P06784,2026-06-05,2026-06-05,2
P06797,2026-06-05,2026-06-05,4
P06849,2026-06-05,2026-06-05,2
P06912,2026-06-05,2026-06-05,3
P06913,2026-06-04,2026-06-05,1
P06962,2026-06-05,2026-06-05,5
P06987,2026-06-04,2026-06-05,4
P07008,2026-06-05,2026-06-05,4
P07028,2026-06-02,2026-06-05,3
P07029,2026-06-03,2026-06-05,1
P07038,2026-06-04,2026-06-05,3
P07086,2026-06-05,2026-06-05,5
P07090,2026-06-03,2026-06-05,2
P07118,2026-06-01,2026-06-05,1
P07191,2026-06-05,2026-06-05,3
P07217,2026-06-05,2026-06-05,5
P07232,2026-06-01,2026-06-05,3
P07233,2026-06-05,2026-06-05,1
P07266,2026-06-01,2026-06-05,2
P07286,2026-06-02,2026-06-05,2
P07332,2026-06-03,2026-06-05,3
P07377,2026-06-05,2026-06-05,1
P07385,2026-06-03,2026-06-05,3
P07407,2026-06-03,2026-06-05,1
P07442,2026-06-05,2026-06-05,5
P07551,2026-06-05,2026-06-05,1
P07571,2026-06-04,2026-06-05,2
P07574,2026-06-05,2026-06-05,1
P07592,2026-06-05,2026-06-05,1
P07656,2026-06-02,2026-06-05,4
P07723,2026-06-04,2026-06-05,1
P07736,2026-06-05,2026-06-05,1
P07745,2026-06-04,2026-06-05,3
P07754,2026-06-05,2026-06-05,4
P07794,2026-06-01,2026-06-05,3
P07810,2026-06-03,2026-06-05,1
P07813,2026-06-05,2026-06-05,2
P07835,2026-06-01,2026-06-05,2
P07850,2026-06-05,2026-06-05,5
P07912,2026-06-05,2026-06-05,3
P07976,2026-06-05,2026-06-05,2
P00006,2026-06-06,2026-06-06,5
P00007,2026-06-02,2026-06-06,4
P00056,2026-06-04,2026-06-06,3
P00104,2026-06-06,2026-06-06,1
P00174,2026-06-06,2026-06-06,3
P00179,2026-06-06,2026-06-06,5
P00219,2026-06-04,2026-06-06,1
P00230,2026-06-01,2026-06-06,2
P00237,2026-06-06,2026-06-06,3
P00251,2026-06-03,2026-06-06,1
P00264,2026-06-02,2026-06-06,4
P00324,2026-06-06,2026-06-06,4
P00346,2026-06-06,2026-06-06,1
P00349,2026-06-06,2026-06-06,5
P00396,2026-06-04,2026-06-06,1
P00399,2026-06-06,2026-06-06,1
P00441,2026-06-01,2026-06-06,2
P00474,2026-06-04,2026-06-06,1
P00520,2026-06-03,2026-06-06,3
P00523,2026-06-06,2026-06-06,1
P00584,2026-06-03,2026-06-06,1
P00588,2026-06-06,2026-06-06,4
P00591,2026-06-05,2026-06-06,2
P00605,2026-06-06,2026-06-06,5
P00611,2026-06-06,2026-06-06,4
P00663,2026-06-06,2026-06-06,1
P00715,2026-06-06,2026-06-06,3
P00716,2026-06-06,2026-06-06,5
P00724,2026-06-06,2026-06-06,4
P00740,2026-06-01,2026-06-06,4
P00833,2026-06-06,2026-06-06,5
P00844,2026-06-01,2026-06-06,2
P00896,2026-06-06,2026-06-06,2
P00924,2026-06-02,2026-06-06,2
P00938,2026-06-04,2026-06-06,2
P00942,2026-06-03,2026-06-06,2
P00983,2026-06-06,2026-06-06,3
P00996,2026-06-06,2026-06-06,5
P01001,2026-06-06,2026-06-06,3
P01047,2026-06-04,2026-06-06,2
P01082,2026-06-05,2026-06-06,2
P01108,2026-06-04,2026-06-06,3
P01125,2026-06-06,2026-06-06,2
P01145,2026-06-03,2026-06-06,3
P01156,2026-06-05,2026-06-06,3
P01165,2026-06-06,2026-06-06,1
P01201,2026-06-04,2026-06-06,1
P01220,2026-06-06,2026-06-06,1
P01229,2026-06-06,2026-06-06,3
P01236,2026-06-05,2026-06-06,1
P01257,2026-06-06,2026-06-06,5
P01272,2026-06-05,2026-06-06,2
P01322,2026-06-04,2026-06-06,1
P01342,2026-06-03,2026-06-06,3
P01391,2026-06-02,2026-06-06,3
P01396,2026-06-04,2026-06-06,4
P01424,2026-06-01,2026-06-06,3
P01432,2026-06-02,2026-06-06,4
P01573,2026-06-04,2026-06-06,1
P01682,2026-06-05,2026-06-06,4
P01718,2026-06-04,2026-06-06,2
P01764,2026-06-06,2026-06-06,5
P01790,2026-06-06,2026-06-06,5
P01875,2026-06-06,2026-06-06,2
P01879,2026-06-06,2026-06-06,1
P01924,2026-06-02,2026-06-06,1
P02025,2026-06-04,2026-06-06,2
P02059,2026-06-05,2026-06-06,2
P02078,2026-06-04,2026-06-06,4
P02087,2026-06-06,2026-06-06,5
P02119,2026-06-05,2026-06-06,3
P02166,2026-06-06,2026-06-06,2
P02243,2026-06-02,2026-06-06,2
P02250,2026-06-06,2026-06-06,1
P02317,2026-06-04,2026-06-06,2
P02411,2026-06-04,2026-06-06,2
P02424,2026-06-06,2026-06-06,1
P02437,2026-06-06,2026-06-06,1
P02517,2026-06-06,2026-06-06,1
P02526,2026-06-06,2026-06-06,3
P02600,2026-06-02,2026-06-06,1
P02637,2026-06-06,2026-06-06,5
P02687,2026-06-06,2026-06-06,5
P02689,2026-06-06,2026-06-06,2
P02707,2026-06-02,2026-06-06,1
P02715,2026-06-06,2026-06-06,5
P02716,2026-06-05,2026-06-06,4
P02726,2026-06-04,2026-06-06,1
P02771,2026-06-05,2026-06-06,2
P02805,2026-06-06,2026-06-06,3
P02809,2026-06-06,2026-06-06,1
P02853,2026-06-06,2026-06-06,1
P02864,2026-06-04,2026-06-06,4
P02879,2026-06-06,2026-06-06,4
P02914,2026-06-05,2026-06-06,3
P02951,2026-06-06,2026-06-06,1
P02979,2026-06-03,2026-06-06,1
P02994,2026-06-06,2026-06-06,4
P03004,2026-06-05,2026-06-06,2
P03055,2026-06-06,2026-06-06,5
P03075,2026-06-06,2026-06-06,1
P03087,2026-06-06,2026-06-06,5
P03120,2026-06-06,2026-06-06,5
P03132,2026-06-06,2026-06-06,4
P03188,2026-06-04,2026-06-06,1
P03233,2026-06-04,2026-06-06,3
P03280,2026-06-03,2026-06-06,3
P03318,2026-06-05,2026-06-06,1
P03323,2026-06-02,2026-06-06,1
P03379,2026-06-05,2026-06-06,4
P03423,2026-06-05,2026-06-06,1
P03425,2026-06-06,2026-06-06,1
P03434,2026-06-05,2026-06-06,2
P03512,2026-06-06,2026-06-06,5
P03541,2026-06-03,2026-06-06,1
P03609,2026-06-06,2026-06-06,5
P03642,2026-06-04,2026-06-06,1
P03652,2026-06-06,2026-06-06,3
P03655,2026-06-06,2026-06-06,2
P03681,2026-06-06,2026-06-06,5
P03758,2026-06-02,2026-06-06,4
P03794,2026-06-05,2026-06-06,1
P03825,2026-06-06,2026-06-06,4
P03856,2026-06-01,2026-06-06,3
P03864,2026-06-01,2026-06-06,4
P03895,2026-06-06,2026-06-06,4
P03909,2026-06-06,2026-06-06,2
P03940,2026-06-01,2026-06-06,2
P03941,2026-06-06,2026-06-06,5
P04010,2026-06-03,2026-06-06,1
P04016,2026-06-06,2026-06-06,1
P04042,2026-06-06,2026-06-06,2
P04058,2026-06-05,2026-06-06,4
P04082,2026-06-06,2026-06-06,2
P04153,2026-06-04,2026-06-06,3
P04174,2026-06-03,2026-06-06,1
P04274,2026-06-06,2026-06-06,4
P04319,2026-06-05,2026-06-06,4
P04324,2026-06-05,2026-06-06,3
P04337,2026-06-04,2026-06-06,3
P04348,2026-06-06,2026-06-06,3
P04369,2026-06-06,2026-06-06,5
P04432,2026-06-06,2026-06-06,1
P04505,2026-06-06,2026-06-06,2
P04547,2026-06-03,2026-06-06,1
P04562,2026-06-06,2026-06-06,1
P04624,2026-06-03,2026-06-06,1
P04664,2026-06-06,2026-06-06,3
P04688,2026-06-05,2026-06-06,4
P04756,2026-06-06,2026-06-06,5
P04801,2026-06-06,2026-06-06,4
P04818,2026-06-02,2026-06-06,1
P04826,2026-06-05,2026-06-06,1
P04827,2026-06-06,2026-06-06,1
P04836,2026-06-04,2026-06-06,3
P04892,2026-06-06,2026-06-06,3
P04896,2026-06-06,2026-06-06,3
P04938,2026-06-04,2026-06-06,3
P04968,2026-06-06,2026-06-06,4
P05055,2026-06-06,2026-06-06,5
P05063,2026-06-06,2026-06-06,1
P05075,2026-06-06,2026-06-06,2
P05096,2026-06-06,2026-06-06,4
P05122,2026-06-06,2026-06-06,2
P05165,2026-06-05,2026-06-06,1
P05174,2026-06-06,2026-06-06,4
P05179,2026-06-06,2026-06-06,4
P05203,2026-06-06,2026-06-06,5
P05223,2026-06-06,2026-06-06,4
P05303,2026-06-06,2026-06-06,2
P05367,2026-06-06,2026-06-06,3
P05403,2026-06-06,2026-06-06,2
P05510,2026-06-06,2026-06-06,5
P05525,2026-06-03,2026-06-06,4
P05579,2026-06-04,2026-06-06,3
P05587,2026-06-06,2026-06-06,3
P05614,2026-06-06,2026-06-06,3
P05728,2026-06-06,2026-06-06,2
P05744,2026-06-03,2026-06-06,3
P05750,2026-06-01,2026-06-06,4
P05754,2026-06-06,2026-06-06,1
P05758,2026-06-06,2026-06-06,1
P05772,2026-06-06,2026-06-06,2
P05775,2026-06-06,2026-06-06,4
P05795,2026-06-06,2026-06-06,5
P05800,2026-06-05,2026-06-06,2
P05801,2026-06-05,2026-06-06,1
P05818,2026-06-06,2026-06-06,2
P05857,2026-06-06,2026-06-06,2
P05863,2026-06-04,2026-06-06,1
P05919,2026-06-06,2026-06-06,5
P05930,2026-06-06,2026-06-06,4
P05987,2026-06-06,2026-06-06,5
P05998,2026-06-06,2026-06-06,3
P05999,2026-06-06,2026-06-06,4
P06015,2026-06-02,2026-06-06,4
P06064,2026-06-04,2026-06-06,1
P06138,2026-06-06,2026-06-06,5
P06214,2026-06-04,2026-06-06,4
P06277,2026-06-04,2026-06-06,2
P06284,2026-06-06,2026-06-06,3
P06323,2026-06-06,2026-06-06,3
P06328,2026-06-05,2026-06-06,3
P06332,2026-06-01,2026-06-06,3
P06345,2026-06-04,2026-06-06,3
P06355,2026-06-06,2026-06-06,4
P06376,2026-06-05,2026-06-06,2
P06517,2026-06-06,2026-06-06,3
P06530,2026-06-06,2026-06-06,5
P06548,2026-06-06,2026-06-06,2
P06569,2026-06-06,2026-06-06,3
P06573,2026-06-05,2026-06-06,4
P06594,2026-06-02,2026-06-06,2
P06670,2026-06-06,2026-06-06,4
P06714,2026-06-06,2026-06-06,3
P06721,2026-06-05,2026-06-06,4
P06723,2026-06-06,2026-06-06,2
P06746,2026-06-06,2026-06-06,1
P06747,2026-06-06,2026-06-06,3
P06752,2026-06-06,2026-06-06,2
P06789,2026-06-04,2026-06-06,1
P06797,2026-06-05,2026-06-06,1
P06849,2026-06-05,2026-06-06,3
P06874,2026-06-06,2026-06-06,2
P06939,2026-06-02,2026-06-06,4
P06943,2026-06-02,2026-06-06,1
P06984,2026-06-06,2026-06-06,5
P07029,2026-06-03,2026-06-06,2
P07047,2026-06-06,2026-06-06,4
P07096,2026-06-02,2026-06-06,3
P07139,2026-06-06,2026-06-06,3
P07217,2026-06-05,2026-06-06,3
P07271,2026-06-06,2026-06-06,3
P07279,2026-06-06,2026-06-06,4
P07374,2026-06-06,2026-06-06,1
P07385,2026-06-03,2026-06-06,1
P07401,2026-06-06,2026-06-06,2
P07406,2026-06-03,2026-06-06,3
P07411,2026-06-06,2026-06-06,3
P07423,2026-06-06,2026-06-06,5
P07481,2026-06-06,2026-06-06,3
P07491,2026-06-06,2026-06-06,2
P07571,2026-06-04,2026-06-06,3
P07659,2026-06-06,2026-06-06,1
P07661,2026-06-06,2026-06-06,3
P07723,2026-06-04,2026-06-06,1
P07731,2026-06-06,2026-06-06,4
P07788,2026-06-06,2026-06-06,3
P07801,2026-06-03,2026-06-06,2
P07810,2026-06-03,2026-06-06,3
P07835,2026-06-01,2026-06-06,2
P07879,2026-06-06,2026-06-06,3
P07950,2026-06-03,2026-06-06,1
P07970,2026-06-06,2026-06-06,5
P07978,2026-06-06,2026-06-06,4
P07998,2026-06-06,2026-06-06,2
P00001,2026-06-07,2026-06-07,2
P00006,2026-06-06,2026-06-07,1
P00024,2026-06-07,2026-06-07,4
P00050,2026-06-07,2026-06-07,4
P00056,2026-06-04,2026-06-07,3
P00120,2026-06-04,2026-06-07,3
P00127,2026-06-01,2026-06-07,2
P00138,2026-06-07,2026-06-07,4
P00139,2026-06-02,2026-06-07,4
P00153,2026-06-07,2026-06-07,1
P00156,2026-06-01,2026-06-07,2
P00208,2026-06-02,2026-06-07,3
P00214,2026-06-07,2026-06-07,3
P00219,2026-06-04,2026-06-07,4
P00237,2026-06-06,2026-06-07,4
P00284,2026-06-07,2026-06-07,2
P00349,2026-06-06,2026-06-07,4
P00367,2026-06-05,2026-06-07,1
P00393,2026-06-04,2026-06-07,1
P00396,2026-06-04,2026-06-07,4
P00399,2026-06-06,2026-06-07,3
P00408,2026-06-04,2026-06-07,2
P00441,2026-06-01,2026-06-07,4
P00494,2026-06-07,2026-06-07,5
P00517,2026-06-07,2026-06-07,3
P00544,2026-06-07,2026-06-07,5
P00591,2026-06-05,2026-06-07,1
P00638,2026-06-07,2026-06-07,4
P00663,2026-06-06,2026-06-07,1
P00840,2026-06-05,2026-06-07,3
P00844,2026-06-01,2026-06-07,2
P00897,2026-06-07,2026-06-07,2
P00938,2026-06-04,2026-06-07,3
P00996,2026-06-06,2026-06-07,1
P00999,2026-06-07,2026-06-07,3
P01001,2026-06-06,2026-06-07,3
P01012,2026-06-05,2026-06-07,3
P01015,2026-06-07,2026-06-07,5
P01046,2026-06-07,2026-06-07,5
P01050,2026-06-01,2026-06-07,4
P01102,2026-06-07,2026-06-07,3
P01132,2026-06-07,2026-06-07,3
P01145,2026-06-03,2026-06-07,4
P01156,2026-06-05,2026-06-07,2
P01159,2026-06-07,2026-06-07,2
P01175,2026-06-04,2026-06-07,2
P01184,2026-06-07,2026-06-07,2
P01229,2026-06-06,2026-06-07,2
P01257,2026-06-06,2026-06-07,1
P01292,2026-06-07,2026-06-07,3
P01300,2026-06-05,2026-06-07,3
P01354,2026-06-07,2026-06-07,5
P01395,2026-06-03,2026-06-07,1
P01396,2026-06-04,2026-06-07,3
P01416,2026-06-07,2026-06-07,5
P01431,2026-06-07,2026-06-07,1
P01444,2026-06-05,2026-06-07,1
P01474,2026-06-07,2026-06-07,2
P01568,2026-06-07,2026-06-07,4
P01573,2026-06-04,2026-06-07,4
P01618,2026-06-07,2026-06-07,5
P01702,2026-06-03,2026-06-07,2
P01717,2026-06-07,2026-06-07,1
P01751,2026-06-07,2026-06-07,3
P01759,2026-06-07,2026-06-07,1
P01764,2026-06-06,2026-06-07,2
P01790,2026-06-06,2026-06-07,3
P01819,2026-06-07,2026-06-07,4
P01875,2026-06-06,2026-06-07,2
P01905,2026-06-07,2026-06-07,1
P01942,2026-06-07,2026-06-07,4
P01977,2026-06-07,2026-06-07,2
P01996,2026-06-04,2026-06-07,2
P02004,2026-06-07,2026-06-07,4
P02030,2026-06-07,2026-06-07,2
P02062,2026-06-01,2026-06-07,1
P02068,2026-06-07,2026-06-07,4
P02075,2026-06-07,2026-06-07,2
P02087,2026-06-06,2026-06-07,3
P02150,2026-06-02,2026-06-07,3
P02163,2026-06-07,2026-06-07,3
P02216,2026-06-07,2026-06-07,1
P02267,2026-06-05,2026-06-07,4
P02317,2026-06-04,2026-06-07,1
P02361,2026-06-04,2026-06-07,1
P02369,2026-06-07,2026-06-07,4
P02411,2026-06-04,2026-06-07,2
P02460,2026-06-03,2026-06-07,2
P02471,2026-06-07,2026-06-07,3
P02475,2026-06-07,2026-06-07,3
P02493,2026-06-02,2026-06-07,4
P02513,2026-06-02,2026-06-07,4
P02517,2026-06-06,2026-06-07,3
P02519,2026-06-04,2026-06-07,4
P02526,2026-06-06,2026-06-07,4
P02528,2026-06-07,2026-06-07,2
P02553,2026-06-07,2026-06-07,2
P02556,2026-06-07,2026-06-07,5
P02560,2026-06-07,2026-06-07,1
P02637,2026-06-06,2026-06-07,1
P02654,2026-06-07,2026-06-07,5
P02691,2026-06-03,2026-06-07,2
P02707,2026-06-02,2026-06-07,1
P02716,2026-06-05,2026-06-07,3
P02725,2026-06-07,2026-06-07,3
P02726,2026-06-04,2026-06-07,4
P02749,2026-06-07,2026-06-07,1
P02799,2026-06-07,2026-06-07,3
P02839,2026-06-07,2026-06-07,2
P02864,2026-06-04,2026-06-07,1
P02867,2026-06-07,2026-06-07,5
P02937,2026-06-04,2026-06-07,4
P02956,2026-06-07,2026-06-07,4
P02972,2026-06-07,2026-06-07,2
P03004,2026-06-05,2026-06-07,3
P03052,2026-06-07,2026-06-07,3
P03053,2026-06-04,2026-06-07,3
P03075,2026-06-06,2026-06-07,1
P03107,2026-06-07,2026-06-07,4
P03120,2026-06-06,2026-06-07,4
P03173,2026-06-03,2026-06-07,4
P03195,2026-06-07,2026-06-07,3
P03214,2026-06-07,2026-06-07,2
P03247,2026-06-07,2026-06-07,3
P03280,2026-06-03,2026-06-07,1
P03294,2026-06-07,2026-06-07,3
P03323,2026-06-02,2026-06-07,2
P03423,2026-06-05,2026-06-07,3
P03425,2026-06-06,2026-06-07,3
P03428,2026-06-07,2026-06-07,4
P03466,2026-06-07,2026-06-07,1
P03507,2026-06-03,2026-06-07,2
P03510,2026-06-07,2026-06-07,1
P03527,2026-06-07,2026-06-07,5
P03609,2026-06-06,2026-06-07,4
P03623,2026-06-07,2026-06-07,4
P03633,2026-06-07,2026-06-07,3
P03664,2026-06-07,2026-06-07,1
P03666,2026-06-07,2026-06-07,4
P03677,2026-06-07,2026-06-07,4
P03681,2026-06-06,2026-06-07,1
P03706,2026-06-07,2026-06-07,1
P03825,2026-06-06,2026-06-07,3
P03864,2026-06-01,2026-06-07,4
P03892,2026-06-05,2026-06-07,3
P03909,2026-06-06,2026-06-07,2
P03933,2026-06-07,2026-06-07,4
P03984,2026-06-07,2026-06-07,2
P04002,2026-06-07,2026-06-07,5
P04008,2026-06-04,2026-06-07,4
P04061,2026-06-05,2026-06-07,3
P04137,2026-06-07,2026-06-07,5
P04153,2026-06-04,2026-06-07,4
P04171,2026-06-07,2026-06-07,4
P04174,2026-06-03,2026-06-07,1
P04209,2026-06-07,2026-06-07,2
P04239,2026-06-07,2026-06-07,5
P04302,2026-06-04,2026-06-07,4
P04313,2026-06-07,2026-06-07,1
P04319,2026-06-05,2026-06-07,2
P04337,2026-06-04,2026-06-07,4
P04348,2026-06-06,2026-06-07,4
P04352,2026-06-04,2026-06-07,1
P04367,2026-06-02,2026-06-07,3
P04409,2026-06-01,2026-06-07,1
P04432,2026-06-06,2026-06-07,4
P04441,2026-06-07,2026-06-07,5
P04471,2026-06-05,2026-06-07,1
P04583,2026-06-05,2026-06-07,4
P04612,2026-06-07,2026-06-07,4
P04624,2026-06-03,2026-06-07,3
P04635,2026-06-07,2026-06-07,2
P04656,2026-06-07,2026-06-07,1
P04786,2026-06-07,2026-06-07,5
P04801,2026-06-06,2026-06-07,4
P04823,2026-06-02,2026-06-07,1
P04833,2026-06-03,2026-06-07,2
P04839,2026-06-04,2026-06-07,4
P04911,2026-06-02,2026-06-07,3
P04912,2026-06-07,2026-06-07,4
P04937,2026-06-04,2026-06-07,3
P04993,2026-06-07,2026-06-07,5
P05096,2026-06-06,2026-06-07,2
P05140,2026-06-05,2026-06-07,3
P05148,2026-06-07,2026-06-07,4
P05157,2026-06-07,2026-06-07,1
P05165,2026-06-05,2026-06-07,3
P05187,2026-06-07,2026-06-07,2
P05215,2026-06-07,2026-06-07,4
P05223,2026-06-06,2026-06-07,3
P05234,2026-06-07,2026-06-07,5
P05235,2026-06-07,2026-06-07,2
P05236,2026-06-07,2026-06-07,5
P05254,2026-06-02,2026-06-07,1
P05255,2026-06-04,2026-06-07,1
P05271,2026-06-07,2026-06-07,3
P05319,2026-06-07,2026-06-07,1
P05327,2026-06-07,2026-06-07,4
P05362,2026-06-07,2026-06-07,5
P05403,2026-06-06,2026-06-07,4
P05415,2026-06-05,2026-06-07,4
P05454,2026-06-01,2026-06-07,3
P05486,2026-06-07,2026-06-07,3
P05510,2026-06-06,2026-06-07,3
P05525,2026-06-03,2026-06-07,1
P05568,2026-06-07,2026-06-07,2
P05587,2026-06-06,2026-06-07,4
P05599,2026-06-07,2026-06-07,4
P05637,2026-06-07,2026-06-07,4
P05640,2026-06-07,2026-06-07,1
P05656,2026-06-07,2026-06-07,1
P05678,2026-06-07,2026-06-07,2
P05695,2026-06-07,2026-06-07,3
P05699,2026-06-04,2026-06-07,4
P05739,2026-06-07,2026-06-07,3
P05842,2026-06-03,2026-06-07,4
P05888,2026-06-05,2026-06-07,3
P05900,2026-06-02,2026-06-07,4
P05923,2026-06-07,2026-06-07,2
P05930,2026-06-06,2026-06-07,1
P05934,2026-06-07,2026-06-07,2
P05953,2026-06-07,2026-06-07,3
P06001,2026-06-07,2026-06-07,4
P06050,2026-06-01,2026-06-07,2
P06059,2026-06-07,2026-06-07,2
P06073,2026-06-07,2026-06-07,1
P06117,2026-06-05,2026-06-07,1
P06138,2026-06-06,2026-06-07,4
P06160,2026-06-07,2026-06-07,1
P06179,2026-06-07,2026-06-07,4
P06180,2026-06-07,2026-06-07,1
P06222,2026-06-07,2026-06-07,1
P06250,2026-06-07,2026-06-07,4
P06258,2026-06-07,2026-06-07,2
P06274,2026-06-07,2026-06-07,1
P06277,2026-06-04,2026-06-07,3
P06280,2026-06-07,2026-06-07,4
P06284,2026-06-06,2026-06-07,4
P06290,2026-06-01,2026-06-07,1
P06295,2026-06-07,2026-06-07,3
P06297,2026-06-07,2026-06-07,2
P06304,2026-06-07,2026-06-07,1
P06390,2026-06-07,2026-06-07,1
P06401,2026-06-07,2026-06-07,1
P06434,2026-06-07,2026-06-07,5
P06436,2026-06-07,2026-06-07,2
P06507,2026-06-04,2026-06-07,3
P06515,2026-06-07,2026-06-07,2
P06530,2026-06-06,2026-06-07,2
P06607,2026-06-07,2026-06-07,3
P06620,2026-06-07,2026-06-07,4
P06647,2026-06-02,2026-06-07,2
P06649,2026-06-07,2026-06-07,1
P06673,2026-06-07,2026-06-07,3
P06702,2026-06-07,2026-06-07,4
P06719,2026-06-07,2026-06-07,5
P06746,2026-06-06,2026-06-07,3
P06760,2026-06-07,2026-06-07,1
P06789,2026-06-04,2026-06-07,2
P06820,2026-06-07,2026-06-07,2
P06821,2026-06-07,2026-06-07,5
P06874,2026-06-06,2026-06-07,3
P06885,2026-06-07,2026-06-07,1
P06902,2026-06-07,2026-06-07,3
P06925,2026-06-07,2026-06-07,2
P06939,2026-06-02,2026-06-07,3
P06970,2026-06-04,2026-06-07,3
P06992,2026-06-07,2026-06-07,2
P06997,2026-06-07,2026-06-07,1
P07103,2026-06-07,2026-06-07,5
P07104,2026-06-07,2026-06-07,1
P07172,2026-06-04,2026-06-07,3
P07191,2026-06-05,2026-06-07,3
P07217,2026-06-05,2026-06-07,2
P07249,2026-06-01,2026-06-07,2
P07278,2026-06-07,2026-06-07,5
P07309,2026-06-03,2026-06-07,3
P07332,2026-06-03,2026-06-07,4
P07407,2026-06-03,2026-06-07,2
P07414,2026-06-07,2026-06-07,2
P07459,2026-06-07,2026-06-07,2
P07478,2026-06-07,2026-06-07,3
P07531,2026-06-04,2026-06-07,3
P07537,2026-06-07,2026-06-07,1
P07542,2026-06-07,2026-06-07,5
P07571,2026-06-04,2026-06-07,1
P07603,2026-06-07,2026-06-07,3
P07606,2026-06-07,2026-06-07,5
P07659,2026-06-06,2026-06-07,1
P07712,2026-06-07,2026-06-07,1
P07723,2026-06-04,2026-06-07,3
P07731,2026-06-06,2026-06-07,1
P07810,2026-06-03,2026-06-07,3
P07842,2026-06-07,2026-06-07,4
P07859,2026-06-07,2026-06-07,1
P07879,2026-06-06,2026-06-07,4
P07887,2026-06-07,2026-06-07,1
P07927,2026-06-07,2026-06-07,2
P07950,2026-06-03,2026-06-07,2
P07951,2026-06-04,2026-06-07,1
P07978,2026-06-06,2026-06-07,1
P07993,2026-06-07,2026-06-07,2
P07998,2026-06-06,2026-06-07,1
P00001,2026-06-07,2026-06-08,1
P00024,2026-06-07,2026-06-08,1
P00039,2026-06-08,2026-06-08,4
P00050,2026-06-07,2026-06-08,3
P00104,2026-06-06,2026-06-08,3
P00143,2026-06-08,2026-06-08,5
P00152,2026-06-01,2026-06-08,2
P00160,2026-06-08,2026-06-08,1
P00162,2026-06-08,2026-06-08,4
P00174,2026-06-06,2026-06-08,3
P00179,2026-06-06,2026-06-08,2
P00202,2026-06-08,2026-06-08,2
P00222,2026-06-08,2026-06-08,1
P00265,2026-06-08,2026-06-08,1
P00271,2026-06-08,2026-06-08,3
P00284,2026-06-07,2026-06-08,4
P00316,2026-06-08,2026-06-08,1
P00324,2026-06-06,2026-06-08,2
P00441,2026-06-01,2026-06-08,1
P00455,2026-06-08,2026-06-08,1
P00480,2026-06-08,2026-06-08,5
P00510,2026-06-08,2026-06-08,2
P00517,2026-06-07,2026-06-08,1
P00523,2026-06-06,2026-06-08,1
P00536,2026-06-04,2026-06-08,1
P00541,2026-06-03,2026-06-08,4
P00598,2026-06-02,2026-06-08,2
P00660,2026-06-08,2026-06-08,1
P00676,2026-06-08,2026-06-08,2
P00698,2026-06-08,2026-06-08,2
P00715,2026-06-06,2026-06-08,1
P00755,2026-06-08,2026-06-08,2
P00761,2026-06-08,2026-06-08,2
P00844,2026-06-01,2026-06-08,4
P00910,2026-06-08,2026-06-08,2
P00924,2026-06-02,2026-06-08,1
P00954,2026-06-05,2026-06-08,1
P00996,2026-06-06,2026-06-08,3
P01046,2026-06-07,2026-06-08,2
P01047,2026-06-04,2026-06-08,2
P01108,2026-06-04,2026-06-08,3
P01113,2026-06-08,2026-06-08,5
P01132,2026-06-07,2026-06-08,4
P01142,2026-06-08,2026-06-08,4
P01213,2026-06-08,2026-06-08,5
P01229,2026-06-06,2026-06-08,4
P01236,2026-06-05,2026-06-08,2
P01257,2026-06-06,2026-06-08,3
P01260,2026-06-08,2026-06-08,4
P01269,2026-06-02,2026-06-08,1
P01272,2026-06-05,2026-06-08,4
P01278,2026-06-08,2026-06-08,3
P01290,2026-06-08,2026-06-08,4
P01302,2026-06-08,2026-06-08,5
P01322,2026-06-04,2026-06-08,2
P01445,2026-06-08,2026-06-08,3
P01466,2026-06-01,2026-06-08,3
P01571,2026-06-08,2026-06-08,4
P01603,2026-06-08,2026-06-08,1
P01646,2026-06-08,2026-06-08,2
P01651,2026-06-01,2026-06-08,2
P01682,2026-06-05,2026-06-08,4
P01707,2026-06-08,2026-06-08,3
P01713,2026-06-08,2026-06-08,3
P01732,2026-06-08,2026-06-08,5
P01769,2026-06-03,2026-06-08,2
P01771,2026-06-08,2026-06-08,2
P01832,2026-06-08,2026-06-08,2
P01924,2026-06-02,2026-06-08,1
P01942,2026-06-07,2026-06-08,2
P01953,2026-06-08,2026-06-08,5
P01981,2026-06-08,2026-06-08,4
P01996,2026-06-04,2026-06-08,3
P02066,2026-06-08,2026-06-08,3
P02137,2026-06-08,2026-06-08,5
P02150,2026-06-02,2026-06-08,1
P02160,2026-06-08,2026-06-08,2
P02207,2026-06-08,2026-06-08,4
P02208,2026-06-08,2026-06-08,2
P02216,2026-06-07,2026-06-08,4
P02289,2026-06-08,2026-06-08,4
P02317,2026-06-04,2026-06-08,3
P02336,2026-06-08,2026-06-08,2
P02369,2026-06-07,2026-06-08,2
P02386,2026-06-05,2026-06-08,3
P02389,2026-06-08,2026-06-08,3
P02502,2026-06-08,2026-06-08,3
P02517,2026-06-06,2026-06-08,4
P02542,2026-06-08,2026-06-08,1
P02551,2026-06-08,2026-06-08,1
P02556,2026-06-07,2026-06-08,3
P02560,2026-06-07,2026-06-08,2
P02621,2026-06-03,2026-06-08,3
P02689,2026-06-06,2026-06-08,3
P02691,2026-06-03,2026-06-08,2
P02707,2026-06-02,2026-06-08,3
P02745,2026-06-05,2026-06-08,3
P02749,2026-06-07,2026-06-08,4
P02771,2026-06-05,2026-06-08,4
P02799,2026-06-07,2026-06-08,1
P02813,2026-06-08,2026-06-08,4
P02839,2026-06-07,2026-06-08,3
P02924,2026-06-08,2026-06-08,1
P02962,2026-06-08,2026-06-08,3
P02967,2026-06-08,2026-06-08,1
P02979,2026-06-03,2026-06-08,2
P03092,2026-06-02,2026-06-08,2
P03147,2026-06-08,2026-06-08,1
P03149,2026-06-01,2026-06-08,4
P03204,2026-06-08,2026-06-08,3
P03214,2026-06-07,2026-06-08,2
P03233,2026-06-04,2026-06-08,3
P03246,2026-06-05,2026-06-08,3
P03247,2026-06-07,2026-06-08,3
P03272,2026-06-08,2026-06-08,1
P03292,2026-06-08,2026-06-08,3
P03294,2026-06-07,2026-06-08,3
P03323,2026-06-02,2026-06-08,4
P03325,2026-06-08,2026-06-08,4
P03359,2026-06-03,2026-06-08,4
P03379,2026-06-05,2026-06-08,3
P03397,2026-06-08,2026-06-08,1
P03406,2026-06-08,2026-06-08,4
P03432,2026-06-02,2026-06-08,1
P03468,2026-06-04,2026-06-08,2
P03501,2026-06-04,2026-06-08,3
P03524,2026-06-01,2026-06-08,3
P03527,2026-06-07,2026-06-08,3
P03589,2026-06-08,2026-06-08,1
P03595,2026-06-02,2026-06-08,1
P03642,2026-06-04,2026-06-08,2
P03655,2026-06-06,2026-06-08,3
P03666,2026-06-07,2026-06-08,3
P03668,2026-06-08,2026-06-08,2
P03676,2026-06-08,2026-06-08,4
P03677,2026-06-07,2026-06-08,4
P03679,2026-06-08,2026-06-08,1
P03681,2026-06-06,2026-06-08,2
P03724,2026-06-08,2026-06-08,4
P03730,2026-06-08,2026-06-08,3
P03731,2026-06-08,2026-06-08,5
P03738,2026-06-08,2026-06-08,2
P03801,2026-06-08,2026-06-08,4
P03810,2026-06-08,2026-06-08,1
P03825,2026-06-06,2026-06-08,3
P03892,2026-06-05,2026-06-08,4
P03895,2026-06-06,2026-06-08,4
P03985,2026-06-08,2026-06-08,1
P04016,2026-06-06,2026-06-08,4
P04041,2026-06-08,2026-06-08,4
P04042,2026-06-06,2026-06-08,3
P04052,2026-06-08,2026-06-08,1
P04061,2026-06-05,2026-06-08,2
P04079,2026-06-08,2026-06-08,5
P04166,2026-06-08,2026-06-08,4
P04249,2026-06-08,2026-06-08,3
P04348,2026-06-06,2026-06-08,4
P04353,2026-06-08,2026-06-08,4
P04398,2026-06-08,2026-06-08,5
P04441,2026-06-07,2026-06-08,3
P04449,2026-06-08,2026-06-08,4
P04453,2026-06-08,2026-06-08,2
P04461,2026-06-08,2026-06-08,1
P04471,2026-06-05,2026-06-08,3
P04529,2026-06-08,2026-06-08,5
P04533,2026-06-08,2026-06-08,2
P04558,2026-06-08,2026-06-08,4
P04630,2026-06-08,2026-06-08,4
P04656,2026-06-07,2026-06-08,4
P04657,2026-06-08,2026-06-08,2
P04682,2026-06-08,2026-06-08,1
P04738,2026-06-08,2026-06-08,3
P04760,2026-06-08,2026-06-08,1
P04767,2026-06-08,2026-06-08,3
P04768,2026-06-02,2026-06-08,3
P04770,2026-06-08,2026-06-08,1
P04772,2026-06-02,2026-06-08,4
P04786,2026-06-07,2026-06-08,3
P04829,2026-06-08,2026-06-08,3
P04833,2026-06-03,2026-06-08,3
P04885,2026-06-05,2026-06-08,3
P04958,2026-06-08,2026-06-08,4
P04968,2026-06-06,2026-06-08,3
P04979,2026-06-08,2026-06-08,5
P04987,2026-06-08,2026-06-08,1
P05064,2026-06-08,2026-06-08,5
P05104,2026-06-08,2026-06-08,5
P05140,2026-06-05,2026-06-08,3
P05148,2026-06-07,2026-06-08,3
P05165,2026-06-05,2026-06-08,1
P05175,2026-06-08,2026-06-08,4
P05236,2026-06-07,2026-06-08,4
P05273,2026-06-03,2026-06-08,4
P05318,2026-06-08,2026-06-08,3
P05346,2026-06-05,2026-06-08,1
P05403,2026-06-06,2026-06-08,2
P05415,2026-06-05,2026-06-08,3
P05470,2026-06-08,2026-06-08,3
P05482,2026-06-08,2026-06-08,2
P05496,2026-06-08,2026-06-08,3
P05518,2026-06-01,2026-06-08,3
P05539,2026-06-04,2026-06-08,3
P05568,2026-06-07,2026-06-08,2
P05569,2026-06-08,2026-06-08,2
P05586,2026-06-08,2026-06-08,3
P05587,2026-06-06,2026-06-08,1
P05607,2026-06-03,2026-06-08,4
P05621,2026-06-05,2026-06-08,2
P05633,2026-06-08,2026-06-08,5
P05637,2026-06-07,2026-06-08,2
P05640,2026-06-07,2026-06-08,2
P05650,2026-06-03,2026-06-08,2
P05671,2026-06-08,2026-06-08,2
P05699,2026-06-04,2026-06-08,4
P05717,2026-06-08,2026-06-08,3
P05739,2026-06-07,2026-06-08,3
P05741,2026-06-01,2026-06-08,3
P05775,2026-06-06,2026-06-08,2
P05842,2026-06-03,2026-06-08,2
P05934,2026-06-07,2026-06-08,1
P05935,2026-06-08,2026-06-08,3
P06023,2026-06-03,2026-06-08,4
P06055,2026-06-02,2026-06-08,1
P06065,2026-06-05,2026-06-08,4
P06078,2026-06-08,2026-06-08,2
P06128,2026-06-08,2026-06-08,2
P06149,2026-06-08,2026-06-08,5
P06157,2026-06-08,2026-06-08,4
P06160,2026-06-07,2026-06-08,1
P06179,2026-06-07,2026-06-08,3
P06180,2026-06-07,2026-06-08,4
P06199,2026-06-08,2026-06-08,1
P06226,2026-06-03,2026-06-08,3
P06250,2026-06-07,2026-06-08,2
P06260,2026-06-08,2026-06-08,3
P06287,2026-06-08,2026-06-08,4
P06295,2026-06-07,2026-06-08,4
P06323,2026-06-06,2026-06-08,2
P06339,2026-06-01,2026-06-08,2
P06340,2026-06-08,2026-06-08,1
P06375,2026-06-08,2026-06-08,2
P06376,2026-06-05,2026-06-08,2
P06390,2026-06-07,2026-06-08,3
P06434,2026-06-07,2026-06-08,2
P06444,2026-06-01,2026-06-08,2
P06452,2026-06-03,2026-06-08,1
P06454,2026-06-02,2026-06-08,2
P06463,2026-06-04,2026-06-08,2
P06515,2026-06-07,2026-06-08,2
P06517,2026-06-06,2026-06-08,3
P06538,2026-06-03,2026-06-08,2
P06541,2026-06-08,2026-06-08,5
P06548,2026-06-06,2026-06-08,2
P06558,2026-06-08,2026-06-08,4
P06622,2026-06-08,2026-06-08,2
P06629,2026-06-08,2026-06-08,5
P06649,2026-06-07,2026-06-08,4
P06659,2026-06-08,2026-06-08,4
P06668,2026-06-08,2026-06-08,2
P06719,2026-06-07,2026-06-08,3
P06721,2026-06-05,2026-06-08,3
P06746,2026-06-06,2026-06-08,1
P06783,2026-06-03,2026-06-08,3
P06784,2026-06-05,2026-06-08,3
P06789,2026-06-04,2026-06-08,2
P06792,2026-06-08,2026-06-08,1
P06826,2026-06-08,2026-06-08,3
P06833,2026-06-08,2026-06-08,3
P06852,2026-06-08,2026-06-08,1
P06898,2026-06-08,2026-06-08,3
P06910,2026-06-08,2026-06-08,4
P06943,2026-06-02,2026-06-08,3
P06999,2026-06-08,2026-06-08,4
P07090,2026-06-03,2026-06-08,2
P07131,2026-06-08,2026-06-08,3
P07172,2026-06-04,2026-06-08,1
P07191,2026-06-05,2026-06-08,4
P07195,2026-06-04,2026-06-08,3
P07212,2026-06-04,2026-06-08,3
P07218,2026-06-08,2026-06-08,3
P07235,2026-06-04,2026-06-08,1
P07236,2026-06-08,2026-06-08,5
P07287,2026-06-08,2026-06-08,1
P07293,2026-06-08,2026-06-08,4
P07298,2026-06-08,2026-06-08,5
P07559,2026-06-08,2026-06-08,2
P07613,2026-06-08,2026-06-08,2
P07621,2026-06-08,2026-06-08,2
P07661,2026-06-06,2026-06-08,2
P07662,2026-06-08,2026-06-08,1
P07666,2026-06-08,2026-06-08,3
P07675,2026-06-08,2026-06-08,1
P07712,2026-06-07,2026-06-08,4
P07739,2026-06-08,2026-06-08,4
P07768,2026-06-08,2026-06-08,5
P07879,2026-06-06,2026-06-08,1
P07951,2026-06-04,2026-06-08,2
P07970,2026-06-06,2026-06-08,1
P07998,2026-06-06,2026-06-08,4
P00007,2026-06-02,2026-06-09,2
P00018,2026-06-09,2026-06-09,1
P00041,2026-06-09,2026-06-09,5
P00104,2026-06-06,2026-06-09,3
P00132,2026-06-09,2026-06-09,3
P00143,2026-06-08,2026-06-09,4
P00174,2026-06-06,2026-06-09,4
P00179,2026-06-06,2026-06-09,1
P00197,2026-06-05,2026-06-09,4
P00237,2026-06-06,2026-06-09,3
P00264,2026-06-02,2026-06-09,2
P00296,2026-06-09,2026-06-09,2
P00324,2026-06-06,2026-06-09,2
P00331,2026-06-03,2026-06-09,4
P00398,2026-06-09,2026-06-09,2
P00399,2026-06-06,2026-06-09,2
P00428,2026-06-09,2026-06-09,1
P00441,2026-06-01,2026-06-09,1
P00445,2026-06-02,2026-06-09,4
P00453,2026-06-03,2026-06-09,3
P00455,2026-06-08,2026-06-09,4
P00480,2026-06-08,2026-06-09,3
P00535,2026-06-04,2026-06-09,2
P00571,2026-06-09,2026-06-09,2
P00574,2026-06-02,2026-06-09,3
P00591,2026-06-05,2026-06-09,3
P00616,2026-06-05,2026-06-09,3
P00621,2026-06-01,2026-06-09,4
P00657,2026-06-09,2026-06-09,3
P00715,2026-06-06,2026-06-09,4
P00766,2026-06-01,2026-06-09,4
P00779,2026-06-09,2026-06-09,3
P00796,2026-06-09,2026-06-09,5
P00814,2026-06-09,2026-06-09,1
P00833,2026-06-06,2026-06-09,1
P00877,2026-06-09,2026-06-09,5
P00886,2026-06-09,2026-06-09,3
P00897,2026-06-07,2026-06-09,4
P00910,2026-06-08,2026-06-09,3
P00924,2026-06-02,2026-06-09,3
P00929,2026-06-09,2026-06-09,2
P00938,2026-06-04,2026-06-09,1
P00942,2026-06-03,2026-06-09,3
P00954,2026-06-05,2026-06-09,3
P00970,2026-06-09,2026-06-09,5
P00996,2026-06-06,2026-06-09,1
P01001,2026-06-06,2026-06-09,1
P01005,2026-06-09,2026-06-09,3
P01012,2026-06-05,2026-06-09,3
P01076,2026-06-09,2026-06-09,5
P01119,2026-06-09,2026-06-09,1
P01132,2026-06-07,2026-06-09,4
P01142,2026-06-08,2026-06-09,4
P01154,2026-06-09,2026-06-09,3
P01220,2026-06-06,2026-06-09,4
P01246,2026-06-09,2026-06-09,2
P01257,2026-06-06,2026-06-09,4
P01292,2026-06-07,2026-06-09,1
P01394,2026-06-09,2026-06-09,3
P01395,2026-06-03,2026-06-09,1
P01474,2026-06-07,2026-06-09,2
P01543,2026-06-09,2026-06-09,5
P01603,2026-06-08,2026-06-09,4
P01618,2026-06-07,2026-06-09,1
P01634,2026-06-03,2026-06-09,2
P01651,2026-06-01,2026-06-09,3
P01663,2026-06-05,2026-06-09,1
P01671,2026-06-09,2026-06-09,3
P01675,2026-06-09,2026-06-09,1
P01682,2026-06-05,2026-06-09,2
P01691,2026-06-09,2026-06-09,4
P01717,2026-06-07,2026-06-09,3
P01718,2026-06-04,2026-06-09,1
P01734,2026-06-09,2026-06-09,1
P01759,2026-06-07,2026-06-09,4
P01781,2026-06-03,2026-06-09,3
P01790,2026-06-06,2026-06-09,3
P01811,2026-06-03,2026-06-09,2
P01832,2026-06-08,2026-06-09,1
P01842,2026-06-09,2026-06-09,4
P01905,2026-06-07,2026-06-09,3
P01924,2026-06-02,2026-06-09,1
P01978,2026-06-09,2026-06-09,4
P01981,2026-06-08,2026-06-09,1
P01992,2026-06-09,2026-06-09,3
P02004,2026-06-07,2026-06-09,2
P02012,2026-06-09,2026-06-09,2
P02087,2026-06-06,2026-06-09,2
P02090,2026-06-09,2026-06-09,4
P02110,2026-06-09,2026-06-09,5
P02134,2026-06-09,2026-06-09,1
P02135,2026-06-09,2026-06-09,5
P02150,2026-06-02,2026-06-09,2
P02160,2026-06-08,2026-06-09,1
P02207,2026-06-08,2026-06-09,2
P02208,2026-06-08,2026-06-09,1
P02216,2026-06-07,2026-06-09,4
P02226,2026-06-09,2026-06-09,3
P02240,2026-06-03,2026-06-09,1
P02245,2026-06-02,2026-06-09,4
P02250,2026-06-06,2026-06-09,1
P02311,2026-06-09,2026-06-09,1
P02317,2026-06-04,2026-06-09,3
P02334,2026-06-09,2026-06-09,5
P02404,2026-06-09,2026-06-09,2
P02443,2026-06-09,2026-06-09,4
P02454,2026-06-09,2026-06-09,2
P02460,2026-06-03,2026-06-09,1
P02534,2026-06-01,2026-06-09,3
P02542,2026-06-08,2026-06-09,4
P02546,2026-06-09,2026-06-09,1
P02554,2026-06-09,2026-06-09,1
P02561,2026-06-09,2026-06-09,1
P02584,2026-06-09,2026-06-09,4
P02606,2026-06-09,2026-06-09,1
P02621,2026-06-03,2026-06-09,4
P02633,2026-06-09,2026-06-09,2
P02661,2026-06-09,2026-06-09,2
P02715,2026-06-06,2026-06-09,3
P02716,2026-06-05,2026-06-09,2
P02749,2026-06-07,2026-06-09,3
P02792,2026-06-09,2026-06-09,4
P02798,2026-06-09,2026-06-09,2
P02813,2026-06-08,2026-06-09,2
P02839,2026-06-07,2026-06-09,2
P02864,2026-06-04,2026-06-09,3
P02994,2026-06-06,2026-06-09,3
P03013,2026-06-09,2026-06-09,1
P03052,2026-06-07,2026-06-09,4
P03053,2026-06-04,2026-06-09,1
P03054,2026-06-09,2026-06-09,4
P03073,2026-06-05,2026-06-09,4
P03075,2026-06-06,2026-06-09,1
P03102,2026-06-09,2026-06-09,2
P03120,2026-06-06,2026-06-09,2
P03132,2026-06-06,2026-06-09,4
P03134,2026-06-09,2026-06-09,2
P03175,2026-06-09,2026-06-09,3
P03212,2026-06-09,2026-06-09,2
P03233,2026-06-04,2026-06-09,3
P03263,2026-06-09,2026-06-09,5
P03272,2026-06-08,2026-06-09,1
P03294,2026-06-07,2026-06-09,1
P03295,2026-06-09,2026-06-09,5
P03305,2026-06-02,2026-06-09,2
P03308,2026-06-09,2026-06-09,1
P03372,2026-06-02,2026-06-09,4
P03375,2026-06-04,2026-06-09,1
P03407,2026-06-09,2026-06-09,1
P03417,2026-06-09,2026-06-09,5
P03434,2026-06-05,2026-06-09,3
P03438,2026-06-09,2026-06-09,1
P03452,2026-06-09,2026-06-09,4
P03510,2026-06-07,2026-06-09,1
P03526,2026-06-09,2026-06-09,5
P03589,2026-06-08,2026-06-09,2
P03595,2026-06-02,2026-06-09,3
P03606,2026-06-02,2026-06-09,3
P03621,2026-06-09,2026-06-09,5
P03676,2026-06-08,2026-06-09,4
P03730,2026-06-08,2026-06-09,4
P03807,2026-06-03,2026-06-09,4
P03810,2026-06-08,2026-06-09,1
P03823,2026-06-09,2026-06-09,4
P03825,2026-06-06,2026-06-09,2
P03841,2026-06-03,2026-06-09,3
P03864,2026-06-01,2026-06-09,1
P03900,2026-06-02,2026-06-09,4
P03961,2026-06-09,2026-06-09,5
P03963,2026-06-09,2026-06-09,2
P04021,2026-06-04,2026-06-09,2
P04038,2026-06-09,2026-06-09,2
P04079,2026-06-08,2026-06-09,4
P04134,2026-06-02,2026-06-09,2
P04166,2026-06-08,2026-06-09,4
P04189,2026-06-09,2026-06-09,5
P04239,2026-06-07,2026-06-09,1
P04249,2026-06-08,2026-06-09,1
P04256,2026-06-04,2026-06-09,1
P04272,2026-06-09,2026-06-09,5
P04274,2026-06-06,2026-06-09,3
P04303,2026-06-01,2026-06-09,2
P04305,2026-06-09,2026-06-09,4
P04403,2026-06-09,2026-06-09,3
P04432,2026-06-06,2026-06-09,1
P04461,2026-06-08,2026-06-09,3
P04527,2026-06-09,2026-06-09,2
P04558,2026-06-08,2026-06-09,2
P04582,2026-06-09,2026-06-09,3
P04588,2026-06-09,2026-06-09,1
P04624,2026-06-03,2026-06-09,3
P04629,2026-06-09,2026-06-09,2
P04630,2026-06-08,2026-06-09,3
P04635,2026-06-07,2026-06-09,3
P04657,2026-06-08,2026-06-09,3
P04738,2026-06-08,2026-06-09,1
P04754,2026-06-09,2026-06-09,3
P04825,2026-06-09,2026-06-09,3
P04827,2026-06-06,2026-06-09,4
P04829,2026-06-08,2026-06-09,1
P04836,2026-06-04,2026-06-09,4
P04839,2026-06-04,2026-06-09,3
P04938,2026-06-04,2026-06-09,2
P04945,2026-06-09,2026-06-09,3
P04987,2026-06-08,2026-06-09,2
P04989,2026-06-09,2026-06-09,4
P04993,2026-06-07,2026-06-09,4
P05003,2026-06-09,2026-06-09,4
P05021,2026-06-09,2026-06-09,1
P05070,2026-06-09,2026-06-09,4
P05075,2026-06-06,2026-06-09,4
P05162,2026-06-09,2026-06-09,5
P05175,2026-06-08,2026-06-09,1
P05196,2026-06-09,2026-06-09,2
P05204,2026-06-02,2026-06-09,4
P05230,2026-06-09,2026-06-09,4
P05236,2026-06-07,2026-06-09,2
P05247,2026-06-09,2026-06-09,1
P05258,2026-06-04,2026-06-09,1
P05318,2026-06-08,2026-06-09,3
P05374,2026-06-09,2026-06-09,1
P05384,2026-06-09,2026-06-09,1
P05414,2026-06-09,2026-06-09,4
P05436,2026-06-09,2026-06-09,3
P05450,2026-06-02,2026-06-09,4
P05458,2026-06-09,2026-06-09,3
P05466,2026-06-09,2026-06-09,1
P05496,2026-06-08,2026-06-09,4
P05504,2026-06-09,2026-06-09,5
P05568,2026-06-07,2026-06-09,3
P05569,2026-06-08,2026-06-09,2
P05579,2026-06-04,2026-06-09,1
P05631,2026-06-03,2026-06-09,2
P05637,2026-06-07,2026-06-09,3
P05640,2026-06-07,2026-06-09,1
P05728,2026-06-06,2026-06-09,2
P05741,2026-06-01,2026-06-09,2
P05754,2026-06-06,2026-06-09,3
P05758,2026-06-06,2026-06-09,1
P05762,2026-06-09,2026-06-09,5
P05776,2026-06-09,2026-06-09,3
P05777,2026-06-09,2026-06-09,4
P05789,2026-06-09,2026-06-09,4
P05800,2026-06-05,2026-06-09,2
P05801,2026-06-05,2026-06-09,2
P05811,2026-06-09,2026-06-09,2
P05891,2026-06-09,2026-06-09,4
P05900,2026-06-02,2026-06-09,1
P05920,2026-06-09,2026-06-09,4
P05939,2026-06-09,2026-06-09,3
P05954,2026-06-09,2026-06-09,2
P05957,2026-06-05,2026-06-09,2
P06002,2026-06-09,2026-06-09,4
P06019,2026-06-03,2026-06-09,3
P06034,2026-06-09,2026-06-09,4
P06058,2026-06-09,2026-06-09,1
P06078,2026-06-08,2026-06-09,3
P06103,2026-06-09,2026-06-09,4
P06117,2026-06-05,2026-06-09,4
P06128,2026-06-08,2026-06-09,3
P06139,2026-06-09,2026-06-09,1
P06149,2026-06-08,2026-06-09,3
P06157,2026-06-08,2026-06-09,2
P06160,2026-06-07,2026-06-09,4
P06163,2026-06-09,2026-06-09,5
P06199,2026-06-08,2026-06-09,2
P06203,2026-06-09,2026-06-09,2
P06222,2026-06-07,2026-06-09,2
P06237,2026-06-09,2026-06-09,2
P06280,2026-06-07,2026-06-09,1
P06284,2026-06-06,2026-06-09,2
P06320,2026-06-09,2026-06-09,4
P06331,2026-06-09,2026-06-09,3
P06335,2026-06-09,2026-06-09,1
P06339,2026-06-01,2026-06-09,4
P06372,2026-06-09,2026-06-09,4
P06403,2026-06-09,2026-06-09,3
P06425,2026-06-09,2026-06-09,2
P06431,2026-06-04,2026-06-09,2
P06436,2026-06-07,2026-06-09,4
P06451,2026-06-09,2026-06-09,5
P06454,2026-06-02,2026-06-09,2
P06494,2026-06-03,2026-06-09,4
P06513,2026-06-09,2026-06-09,4
P06518,2026-06-09,2026-06-09,4
P06530,2026-06-06,2026-06-09,2
P06541,2026-06-08,2026-06-09,2
P06594,2026-06-02,2026-06-09,1
P06622,2026-06-08,2026-06-09,3
P06625,2026-06-09,2026-06-09,2
P06649,2026-06-07,2026-06-09,1
P06668,2026-06-08,2026-06-09,2
P06673,2026-06-07,2026-06-09,1
P06678,2026-06-09,2026-06-09,3
P06691,2026-06-03,2026-06-09,4
P06702,2026-06-07,2026-06-09,3
P06719,2026-06-07,2026-06-09,2
P06792,2026-06-08,2026-06-09,3
P06797,2026-06-05,2026-06-09,3
P06833,2026-06-08,2026-06-09,3
P06874,2026-06-06,2026-06-09,2
P06883,2026-06-09,2026-06-09,1
P06898,2026-06-08,2026-06-09,1
P06910,2026-06-08,2026-06-09,3
P06922,2026-06-09,2026-06-09,4
P06997,2026-06-07,2026-06-09,2
P07020,2026-06-09,2026-06-09,3
P07068,2026-06-09,2026-06-09,1
P07104,2026-06-07,2026-06-09,3
P07109,2026-06-03,2026-06-09,1
P07131,2026-06-08,2026-06-09,1
P07151,2026-06-09,2026-06-09,4
P07169,2026-06-03,2026-06-09,1
P07212,2026-06-04,2026-06-09,1
P07218,2026-06-08,2026-06-09,3
P07236,2026-06-08,2026-06-09,4
P07266,2026-06-01,2026-06-09,1
P07267,2026-06-09,2026-06-09,4
P07286,2026-06-02,2026-06-09,2
P07296,2026-06-09,2026-06-09,4
P07317,2026-06-09,2026-06-09,5
P07371,2026-06-09,2026-06-09,2
P07377,2026-06-05,2026-06-09,1
P07402,2026-06-02,2026-06-09,2
P07407,2026-06-03,2026-06-09,1
P07424,2026-06-01,2026-06-09,4
P07445,2026-06-09,2026-06-09,1
P07542,2026-06-07,2026-06-09,3
P07559,2026-06-08,2026-06-09,2
P07573,2026-06-09,2026-06-09,5
P07603,2026-06-07,2026-06-09,3
P07606,2026-06-07,2026-06-09,4
P07636,2026-06-09,2026-06-09,2
P07656,2026-06-02,2026-06-09,1
P07659,2026-06-06,2026-06-09,1
P07666,2026-06-08,2026-06-09,2
P07723,2026-06-04,2026-06-09,4
P07741,2026-06-09,2026-06-09,4
P07796,2026-06-03,2026-06-09,3
P07877,2026-06-09,2026-06-09,5
P07879,2026-06-06,2026-06-09,4
P07950,2026-06-03,2026-06-09,2
P07951,2026-06-04,2026-06-09,4
P07970,2026-06-06,2026-06-09,3
P07976,2026-06-05,2026-06-09,2
P07998,2026-06-06,2026-06-09,2
P00006,2026-06-06,2026-06-10,1
P00007,2026-06-02,2026-06-10,4
P00018,2026-06-09,2026-06-10,4
P00025,2026-06-10,2026-06-10,5
P00039,2026-06-08,2026-06-10,4
P00041,2026-06-09,2026-06-10,2
P00050,2026-06-07,2026-06-10,1
P00056,2026-06-04,2026-06-10,3
P00119,2026-06-10,2026-06-10,1
P00143,2026-06-08,2026-06-10,1
P00152,2026-06-01,2026-06-10,2
P00156,2026-06-01,2026-06-10,1
P00162,2026-06-08,2026-06-10,3
P00179,2026-06-06,2026-06-10,2
P00197,2026-06-05,2026-06-10,1
P00220,2026-06-01,2026-06-10,4
P00284,2026-06-07,2026-06-10,1
P00302,2026-06-02,2026-06-10,3
P00352,2026-06-10,2026-06-10,5
P00399,2026-06-06,2026-06-10,2
P00400,2026-06-10,2026-06-10,2
P00441,2026-06-01,2026-06-10,3
P00455,2026-06-08,2026-06-10,3
P00466,2026-06-10,2026-06-10,1
P00476,2026-06-10,2026-06-10,2
P00511,2026-06-10,2026-06-10,3
P00521,2026-06-10,2026-06-10,5
P00538,2026-06-02,2026-06-10,1
P00559,2026-06-03,2026-06-10,2
P00571,2026-06-09,2026-06-10,3
P00621,2026-06-01,2026-06-10,4
P00652,2026-06-03,2026-06-10,3
P00656,2026-06-10,2026-06-10,3
P00657,2026-06-09,2026-06-10,1
P00676,2026-06-08,2026-06-10,1
P00755,2026-06-08,2026-06-10,4
P00762,2026-06-10,2026-06-10,5
P00794,2026-06-01,2026-06-10,2
P00814,2026-06-09,2026-06-10,1
P00848,2026-06-10,2026-06-10,2
P00850,2026-06-10,2026-06-10,4
P00916,2026-06-10,2026-06-10,3
P00931,2026-06-10,2026-06-10,5
P00963,2026-06-04,2026-06-10,3
P00970,2026-06-09,2026-06-10,1
P00972,2026-06-03,2026-06-10,4
P00998,2026-06-10,2026-06-10,2
P01005,2026-06-09,2026-06-10,3
P01046,2026-06-07,2026-06-10,2
P01047,2026-06-04,2026-06-10,1
P01087,2026-06-04,2026-06-10,3
P01094,2026-06-02,2026-06-10,4
P01113,2026-06-08,2026-06-10,2
P01119,2026-06-09,2026-06-10,1
P01132,2026-06-07,2026-06-10,3
P01140,2026-06-10,2026-06-10,5
P01142,2026-06-08,2026-06-10,1
P01154,2026-06-09,2026-06-10,1
P01201,2026-06-04,2026-06-10,3
P01206,2026-06-10,2026-06-10,5
P01236,2026-06-05,2026-06-10,3
P01257,2026-06-06,2026-06-10,4
P01259,2026-06-10,2026-06-10,3
P01260,2026-06-08,2026-06-10,1
P01272,2026-06-05,2026-06-10,4
P01292,2026-06-07,2026-06-10,1
P01300,2026-06-05,2026-06-10,1
P01302,2026-06-08,2026-06-10,1
P01353,2026-06-10,2026-06-10,1
P01354,2026-06-07,2026-06-10,1
P01389,2026-06-10,2026-06-10,1
P01396,2026-06-04,2026-06-10,1
P01407,2026-06-10,2026-06-10,3
P01416,2026-06-07,2026-06-10,3
P01421,2026-06-01,2026-06-10,2
P01424,2026-06-01,2026-06-10,3
P01431,2026-06-07,2026-06-10,4
P01435,2026-06-10,2026-06-10,2
P01445,2026-06-08,2026-06-10,1
P01543,2026-06-09,2026-06-10,4
P01549,2026-06-10,2026-06-10,4
P01605,2026-06-01,2026-06-10,1
P01635,2026-06-10,2026-06-10,2
P01670,2026-06-10,2026-06-10,3
P01675,2026-06-09,2026-06-10,4
P01702,2026-06-03,2026-06-10,1
P01717,2026-06-07,2026-06-10,1
P01737,2026-06-04,2026-06-10,4
P01769,2026-06-03,2026-06-10,3
P01771,2026-06-08,2026-06-10,4
P01790,2026-06-06,2026-06-10,4
P01803,2026-06-10,2026-06-10,3
P01811,2026-06-03,2026-06-10,3
P01821,2026-06-10,2026-06-10,5
P01842,2026-06-09,2026-06-10,4
P01882,2026-06-10,2026-06-10,4
P01977,2026-06-07,2026-06-10,1
P01981,2026-06-08,2026-06-10,2
P01986,2026-06-10,2026-06-10,2
P02066,2026-06-08,2026-06-10,4
P02103,2026-06-10,2026-06-10,3
P02114,2026-06-10,2026-06-10,3
P02208,2026-06-08,2026-06-10,3
P02213,2026-06-10,2026-06-10,5
P02216,2026-06-07,2026-06-10,1
P02232,2026-06-10,2026-06-10,3
P02240,2026-06-03,2026-06-10,2
P02245,2026-06-02,2026-06-10,3
P02269,2026-06-10,2026-06-10,4
P02279,2026-06-10,2026-06-10,4
P02287,2026-06-10,2026-06-10,3
P02326,2026-06-10,2026-06-10,3
P02334,2026-06-09,2026-06-10,4
P02356,2026-06-10,2026-06-10,4
P02386,2026-06-05,2026-06-10,1
P02422,2026-06-10,2026-06-10,2
P02444,2026-06-04,2026-06-10,3
P02546,2026-06-09,2026-06-10,4
P02553,2026-06-07,2026-06-10,1
P02554,2026-06-09,2026-06-10,4
P02569,2026-06-10,2026-06-10,4
P02575,2026-06-10,2026-06-10,5
P02654,2026-06-07,2026-06-10,1
P02661,2026-06-09,2026-06-10,2
P02715,2026-06-06,2026-06-10,4
P02716,2026-06-05,2026-06-10,4
P02717,2026-06-10,2026-06-10,4
P02752,2026-06-10,2026-06-10,1
P02771,2026-06-05,2026-06-10,2
P02795,2026-06-10,2026-06-10,5
P02798,2026-06-09,2026-06-10,4
P02809,2026-06-06,2026-06-10,4
P02813,2026-06-08,2026-06-10,4
P02853,2026-06-06,2026-06-10,1
P02864,2026-06-04,2026-06-10,3
P02914,2026-06-05,2026-06-10,1
P02947,2026-06-10,2026-06-10,4
P03021,2026-06-10,2026-06-10,1
P03052,2026-06-07,2026-06-10,1
P03077,2026-06-10,2026-06-10,1
P03087,2026-06-06,2026-06-10,2
P03120,2026-06-06,2026-06-10,2
P03132,2026-06-06,2026-06-10,2
P03141,2026-06-10,2026-06-10,4
P03153,2026-06-10,2026-06-10,2
P03155,2026-06-10,2026-06-10,2
P03173,2026-06-03,2026-06-10,2
P03242,2026-06-01,2026-06-10,2
P03247,2026-06-07,2026-06-10,2
P03263,2026-06-09,2026-06-10,3
P03275,2026-06-10,2026-06-10,5
P03294,2026-06-07,2026-06-10,3
P03307,2026-06-10,2026-06-10,3
P03312,2026-06-10,2026-06-10,2
P03323,2026-06-02,2026-06-10,1
P03372,2026-06-02,2026-06-10,4
P03379,2026-06-05,2026-06-10,4
P03384,2026-06-10,2026-06-10,4
P03423,2026-06-05,2026-06-10,1
P03425,2026-06-06,2026-06-10,2
P03429,2026-06-10,2026-06-10,5
P03442,2026-06-10,2026-06-10,5
P03447,2026-06-10,2026-06-10,5
P03483,2026-06-10,2026-06-10,5
P03490,2026-06-10,2026-06-10,2
P03512,2026-06-06,2026-06-10,3
P03602,2026-06-01,2026-06-10,1
P03609,2026-06-06,2026-06-10,3
P03621,2026-06-09,2026-06-10,4
P03666,2026-06-07,2026-06-10,3
P03677,2026-06-07,2026-06-10,4
P03692,2026-06-10,2026-06-10,5
P03704,2026-06-01,2026-06-10,3
P03730,2026-06-08,2026-06-10,3
P03775,2026-06-10,2026-06-10,4
P03801,2026-06-08,2026-06-10,1
P03856,2026-06-01,2026-06-10,2
P03866,2026-06-10,2026-06-10,2
P03909,2026-06-06,2026-06-10,3
P03945,2026-06-10,2026-06-10,4
P04002,2026-06-07,2026-06-10,4
P04008,2026-06-04,2026-06-10,3
P04021,2026-06-04,2026-06-10,1
P04042,2026-06-06,2026-06-10,4
P04064,2026-06-10,2026-06-10,2
P04066,2026-06-10,2026-06-10,5
P04189,2026-06-09,2026-06-10,1
P04219,2026-06-05,2026-06-10,4
P04222,2026-06-05,2026-06-10,3
P04305,2026-06-09,2026-06-10,2
P04319,2026-06-05,2026-06-10,2
P04348,2026-06-06,2026-06-10,3
P04375,2026-06-10,2026-06-10,5
P04399,2026-06-10,2026-06-10,2
P04442,2026-06-10,2026-06-10,3
P04446,2026-06-10,2026-06-10,1
P04463,2026-06-10,2026-06-10,4
P04497,2026-06-10,2026-06-10,5
P04505,2026-06-06,2026-06-10,2
P04575,2026-06-10,2026-06-10,5
P04594,2026-06-10,2026-06-10,5
P04605,2026-06-10,2026-06-10,4
P04630,2026-06-08,2026-06-10,4
P04635,2026-06-07,2026-06-10,1
P04702,2026-06-10,2026-06-10,5
P04709,2026-06-10,2026-06-10,1
P04712,2026-06-10,2026-06-10,5
P04738,2026-06-08,2026-06-10,4
P04760,2026-06-08,2026-06-10,2
P04813,2026-06-10,2026-06-10,1
P04822,2026-06-10,2026-06-10,4
P04833,2026-06-03,2026-06-10,1
P04836,2026-06-04,2026-06-10,4
P04909,2026-06-10,2026-06-10,5
P04987,2026-06-08,2026-06-10,1
P04989,2026-06-09,2026-06-10,3
P04993,2026-06-07,2026-06-10,3
P05008,2026-06-10,2026-06-10,3
P05029,2026-06-10,2026-06-10,3
P05041,2026-06-10,2026-06-10,4
P05051,2026-06-10,2026-06-10,1
P05096,2026-06-06,2026-06-10,3
P05104,2026-06-08,2026-06-10,1
P05120,2026-06-10,2026-06-10,3
P05127,2026-06-10,2026-06-10,1
P05162,2026-06-09,2026-06-10,2
P05168,2026-06-10,2026-06-10,2
P05196,2026-06-09,2026-06-10,1
P05213,2026-06-10,2026-06-10,5
P05234,2026-06-07,2026-06-10,2
P05318,2026-06-08,2026-06-10,4
P05335,2026-06-10,2026-06-10,2
P05346,2026-06-05,2026-06-10,3
P05351,2026-06-10,2026-06-10,5
P05491,2026-06-10,2026-06-10,4
P05496,2026-06-08,2026-06-10,3
P05516,2026-06-10,2026-06-10,3
P05518,2026-06-01,2026-06-10,4
P05568,2026-06-07,2026-06-10,1
P05569,2026-06-08,2026-06-10,4
P05586,2026-06-08,2026-06-10,2
P05587,2026-06-06,2026-06-10,1
P05605,2026-06-04,2026-06-10,4
P05606,2026-06-10,2026-06-10,2
P05616,2026-06-10,2026-06-10,2
P05617,2026-06-10,2026-06-10,5
P05637,2026-06-07,2026-06-10,1
P05640,2026-06-07,2026-06-10,3
P05650,2026-06-03,2026-06-10,2
P05656,2026-06-07,2026-06-10,3
P05673,2026-06-10,2026-06-10,2
P05695,2026-06-07,2026-06-10,4
P05705,2026-06-04,2026-06-10,3
P05753,2026-06-10,2026-06-10,1
P05760,2026-06-10,2026-06-10,4
P05776,2026-06-09,2026-06-10,3
P05789,2026-06-09,2026-06-10,3
P05809,2026-06-10,2026-06-10,2
P05822,2026-06-10,2026-06-10,2
P05828,2026-06-10,2026-06-10,1
P05844,2026-06-10,2026-06-10,1
P05857,2026-06-06,2026-06-10,4
P05934,2026-06-07,2026-06-10,3
P05954,2026-06-09,2026-06-10,3
P06012,2026-06-10,2026-06-10,2
P06021,2026-06-02,2026-06-10,1
P06034,2026-06-09,2026-06-10,1
P06056,2026-06-10,2026-06-10,4
P06059,2026-06-07,2026-06-10,3
P06157,2026-06-08,2026-06-10,1
P06177,2026-06-10,2026-06-10,5
P06179,2026-06-07,2026-06-10,2
P06199,2026-06-08,2026-06-10,1
P06237,2026-06-09,2026-06-10,3
P06250,2026-06-07,2026-06-10,3
P06259,2026-06-10,2026-06-10,1
P06280,2026-06-07,2026-06-10,3
P06310,2026-06-10,2026-06-10,2
P06331,2026-06-09,2026-06-10,3
P06335,2026-06-09,2026-06-10,4
P06369,2026-06-05,2026-06-10,4
P06372,2026-06-09,2026-06-10,4
P06387,2026-06-10,2026-06-10,3
P06425,2026-06-09,2026-06-10,4
P06431,2026-06-04,2026-06-10,1
P06494,2026-06-03,2026-06-10,2
P06518,2026-06-09,2026-06-10,1
P06528,2026-06-10,2026-06-10,2
P06541,2026-06-08,2026-06-10,1
P06682,2026-06-10,2026-06-10,3
P06719,2026-06-07,2026-06-10,4
P06788,2026-06-10,2026-06-10,2
P06792,2026-06-08,2026-06-10,3
P06878,2026-06-10,2026-06-10,2
P06883,2026-06-09,2026-06-10,4
P06910,2026-06-08,2026-06-10,4
P06913,2026-06-04,2026-06-10,2
P07000,2026-06-10,2026-06-10,4
P07026,2026-06-10,2026-06-10,3
P07068,2026-06-09,2026-06-10,1
P07095,2026-06-10,2026-06-10,5
P07156,2026-06-10,2026-06-10,4
P07177,2026-06-10,2026-06-10,1
P07191,2026-06-05,2026-06-10,2
P07199,2026-06-10,2026-06-10,2
P07264,2026-06-10,2026-06-10,5
P07269,2026-06-10,2026-06-10,2
P07298,2026-06-08,2026-06-10,2
P07317,2026-06-09,2026-06-10,4
P07334,2026-06-10,2026-06-10,1
P07338,2026-06-10,2026-06-10,3
P07361,2026-06-10,2026-06-10,4
P07378,2026-06-10,2026-06-10,3
P07396,2026-06-10,2026-06-10,1
P07414,2026-06-07,2026-06-10,4
P07442,2026-06-05,2026-06-10,3
P07445,2026-06-09,2026-06-10,3
P07506,2026-06-10,2026-06-10,1
P07571,2026-06-04,2026-06-10,3
P07573,2026-06-09,2026-06-10,2
P07666,2026-06-08,2026-06-10,4
P07725,2026-06-10,2026-06-10,3
P07727,2026-06-10,2026-06-10,2
P07741,2026-06-09,2026-06-10,1
P07768,2026-06-08,2026-06-10,4
P07794,2026-06-01,2026-06-10,4
P07810,2026-06-03,2026-06-10,4
P07849,2026-06-10,2026-06-10,1
P07926,2026-06-10,2026-06-10,3
P07929,2026-06-01,2026-06-10,3
P07930,2026-06-10,2026-06-10,4
P07942,2026-06-10,2026-06-10,2
P07947,2026-06-10,2026-06-10,1
P07978,2026-06-06,2026-06-10,4
P07994,2026-06-10,2026-06-10,2
P00019,2026-06-11,2026-06-11,5
P00030,2026-06-02,2026-06-11,3
P00033,2026-06-11,2026-06-11,1
P00041,2026-06-09,2026-06-11,4
P00054,2026-06-11,2026-06-11,3
P00143,2026-06-08,2026-06-11,3
P00190,2026-06-11,2026-06-11,2
P00219,2026-06-04,2026-06-11,2
P00234,2026-06-11,2026-06-11,1
P00240,2026-06-11,2026-06-11,4
P00244,2026-06-11,2026-06-11,2
P00296,2026-06-09,2026-06-11,4
P00302,2026-06-02,2026-06-11,2
P00324,2026-06-06,2026-06-11,3
P00416,2026-06-03,2026-06-11,2
P00441,2026-06-01,2026-06-11,2
P00466,2026-06-10,2026-06-11,4
P00472,2026-06-11,2026-06-11,4
P00480,2026-06-08,2026-06-11,3
P00536,2026-06-04,2026-06-11,3
P00559,2026-06-03,2026-06-11,1
P00591,2026-06-05,2026-06-11,4
P00608,2026-06-11,2026-06-11,2
P00609,2026-06-11,2026-06-11,1
P00616,2026-06-05,2026-06-11,4
P00625,2026-06-11,2026-06-11,1
P00661,2026-06-11,2026-06-11,2
P00706,2026-06-11,2026-06-11,2
P00740,2026-06-01,2026-06-11,2
P00743,2026-06-11,2026-06-11,4
P00819,2026-06-11,2026-06-11,3
P00872,2026-06-11,2026-06-11,1
P00877,2026-06-09,2026-06-11,3
P00896,2026-06-06,2026-06-11,2
P00916,2026-06-10,2026-06-11,1
P00954,2026-06-05,2026-06-11,1
P00972,2026-06-03,2026-06-11,2
P00993,2026-06-11,2026-06-11,4
P01004,2026-06-04,2026-06-11,4
P01027,2026-06-04,2026-06-11,3
P01049,2026-06-03,2026-06-11,1
P01052,2026-06-11,2026-06-11,4
P01094,2026-06-02,2026-06-11,3
P01132,2026-06-07,2026-06-11,3
P01154,2026-06-09,2026-06-11,1
P01166,2026-06-11,2026-06-11,2
P01191,2026-06-05,2026-06-11,3
P01228,2026-06-03,2026-06-11,4
P01229,2026-06-06,2026-06-11,1
P01236,2026-06-05,2026-06-11,4
P01358,2026-06-11,2026-06-11,4
P01435,2026-06-10,2026-06-11,3
P01474,2026-06-07,2026-06-11,1
P01489,2026-06-11,2026-06-11,3
P01492,2026-06-11,2026-06-11,2
P01515,2026-06-11,2026-06-11,3
P01517,2026-06-11,2026-06-11,2
P01526,2026-06-11,2026-06-11,2
P01543,2026-06-09,2026-06-11,4
P01549,2026-06-10,2026-06-11,1
P01583,2026-06-11,2026-06-11,2
P01634,2026-06-03,2026-06-11,3
P01635,2026-06-10,2026-06-11,1
P01670,2026-06-10,2026-06-11,1
P01675,2026-06-09,2026-06-11,4
P01692,2026-06-11,2026-06-11,2
P01767,2026-06-11,2026-06-11,2
P01790,2026-06-06,2026-06-11,1
P01800,2026-06-11,2026-06-11,2
P01803,2026-06-10,2026-06-11,3
P01811,2026-06-03,2026-06-11,2
P01942,2026-06-07,2026-06-11,2
P01974,2026-06-05,2026-06-11,2
P01986,2026-06-10,2026-06-11,3
P01996,2026-06-04,2026-06-11,2
P02103,2026-06-10,2026-06-11,1
P02115,2026-06-04,2026-06-11,3
P02126,2026-06-11,2026-06-11,1
P02160,2026-06-08,2026-06-11,4
P02208,2026-06-08,2026-06-11,2
P02213,2026-06-10,2026-06-11,2
P02216,2026-06-07,2026-06-11,4
P02230,2026-06-02,2026-06-11,4
P02317,2026-06-04,2026-06-11,3
P02334,2026-06-09,2026-06-11,1
P02353,2026-06-11,2026-06-11,2
P02356,2026-06-10,2026-06-11,3
P02361,2026-06-04,2026-06-11,3
P02386,2026-06-05,2026-06-11,1
P02403,2026-06-11,2026-06-11,4
P02415,2026-06-04,2026-06-11,1
P02443,2026-06-09,2026-06-11,1
P02444,2026-06-04,2026-06-11,1
P02542,2026-06-08,2026-06-11,2
P02560,2026-06-07,2026-06-11,4
P02569,2026-06-10,2026-06-11,2
P02575,2026-06-10,2026-06-11,4
P02614,2026-06-11,2026-06-11,3
P02647,2026-06-11,2026-06-11,1
P02649,2026-06-11,2026-06-11,1
P02688,2026-06-05,2026-06-11,2
P02697,2026-06-11,2026-06-11,3
P02712,2026-06-11,2026-06-11,1
P02752,2026-06-10,2026-06-11,2
P02798,2026-06-09,2026-06-11,2
P02809,2026-06-06,2026-06-11,1
P02823,2026-06-11,2026-06-11,2
P02889,2026-06-11,2026-06-11,2
P02979,2026-06-03,2026-06-11,3
P03004,2026-06-05,2026-06-11,1
P03013,2026-06-09,2026-06-11,3
P03021,2026-06-10,2026-06-11,1
P03029,2026-06-11,2026-06-11,5
P03053,2026-06-04,2026-06-11,2
P03102,2026-06-09,2026-06-11,2
P03120,2026-06-06,2026-06-11,1
P03144,2026-06-11,2026-06-11,1
P03155,2026-06-10,2026-06-11,2
P03188,2026-06-04,2026-06-11,3
P03203,2026-06-11,2026-06-11,2
P03263,2026-06-09,2026-06-11,3
P03287,2026-06-11,2026-06-11,2
P03292,2026-06-08,2026-06-11,4
P03293,2026-06-11,2026-06-11,2
P03300,2026-06-11,2026-06-11,5
P03303,2026-06-11,2026-06-11,3
P03305,2026-06-02,2026-06-11,2
P03375,2026-06-04,2026-06-11,3
P03383,2026-06-11,2026-06-11,1
P03384,2026-06-10,2026-06-11,1
P03388,2026-06-11,2026-06-11,4
P03430,2026-06-11,2026-06-11,5
P03432,2026-06-02,2026-06-11,2
P03434,2026-06-05,2026-06-11,3
P03490,2026-06-10,2026-06-11,3
P03492,2026-06-11,2026-06-11,2
P03493,2026-06-11,2026-06-11,4
P03510,2026-06-07,2026-06-11,1
P03589,2026-06-08,2026-06-11,3
P03642,2026-06-04,2026-06-11,4
P03665,2026-06-11,2026-06-11,4
P03692,2026-06-10,2026-06-11,3
P03702,2026-06-11,2026-06-11,4
P03723,2026-06-03,2026-06-11,3
P03730,2026-06-08,2026-06-11,2
P03740,2026-06-11,2026-06-11,1
P03776,2026-06-11,2026-06-11,3
P03841,2026-06-03,2026-06-11,2
P03864,2026-06-01,2026-06-11,4
P03892,2026-06-05,2026-06-11,2
P03914,2026-06-11,2026-06-11,2
P03941,2026-06-06,2026-06-11,1
P04003,2026-06-11,2026-06-11,3
P04008,2026-06-04,2026-06-11,4
P04014,2026-06-11,2026-06-11,5
P04016,2026-06-06,2026-06-11,1
P04026,2026-06-11,2026-06-11,3
P04058,2026-06-05,2026-06-11,2
P04064,2026-06-10,2026-06-11,2
P04066,2026-06-10,2026-06-11,4
P04164,2026-06-03,2026-06-11,4
P04166,2026-06-08,2026-06-11,3
P04192,2026-06-11,2026-06-11,2
P04219,2026-06-05,2026-06-11,3
P04244,2026-06-11,2026-06-11,2
P04272,2026-06-09,2026-06-11,3
P04289,2026-06-11,2026-06-11,2
P04319,2026-06-05,2026-06-11,1
P04324,2026-06-05,2026-06-11,2
P04366,2026-06-11,2026-06-11,4
P04374,2026-06-11,2026-06-11,1
P04399,2026-06-10,2026-06-11,3
P04456,2026-06-01,2026-06-11,1
P04461,2026-06-08,2026-06-11,4
P04463,2026-06-10,2026-06-11,1
P04482,2026-06-11,2026-06-11,2
P04499,2026-06-11,2026-06-11,3
P04582,2026-06-09,2026-06-11,4
P04620,2026-06-11,2026-06-11,5
P04701,2026-06-11,2026-06-11,5
P04702,2026-06-10,2026-06-11,3
P04708,2026-06-11,2026-06-11,5
P04712,2026-06-10,2026-06-11,4
P04714,2026-06-04,2026-06-11,3
P04738,2026-06-08,2026-06-11,1
P04750,2026-06-11,2026-06-11,2
P04786,2026-06-07,2026-06-11,2
P04822,2026-06-10,2026-06-11,4
P04836,2026-06-04,2026-06-11,1
P04853,2026-06-05,2026-06-11,3
P04885,2026-06-05,2026-06-11,1
P04909,2026-06-10,2026-06-11,2
P04945,2026-06-09,2026-06-11,4
P05041,2026-06-10,2026-06-11,1
P05104,2026-06-08,2026-06-11,1
P05122,2026-06-06,2026-06-11,1
P05189,2026-06-11,2026-06-11,1
P05229,2026-06-02,2026-06-11,1
P05289,2026-06-11,2026-06-11,3
P05326,2026-06-11,2026-06-11,3
P05331,2026-06-03,2026-06-11,1
P05334,2026-06-11,2026-06-11,2
P05373,2026-06-11,2026-06-11,1
P05398,2026-06-11,2026-06-11,4
P05403,2026-06-06,2026-06-11,2
P05415,2026-06-05,2026-06-11,1
P05430,2026-06-11,2026-06-11,3
P05464,2026-06-11,2026-06-11,4
P05478,2026-06-11,2026-06-11,2
P05486,2026-06-07,2026-06-11,4
P05516,2026-06-10,2026-06-11,1
P05522,2026-06-11,2026-06-11,1
P05552,2026-06-11,2026-06-11,4
P05579,2026-06-04,2026-06-11,4
P05586,2026-06-08,2026-06-11,4
P05587,2026-06-06,2026-06-11,1
P05616,2026-06-10,2026-06-11,4
P05618,2026-06-11,2026-06-11,4
P05621,2026-06-05,2026-06-11,2
P05631,2026-06-03,2026-06-11,3
P05637,2026-06-07,2026-06-11,4
P05656,2026-06-07,2026-06-11,2
P05675,2026-06-11,2026-06-11,3
P05697,2026-06-01,2026-06-11,4
P05699,2026-06-04,2026-06-11,1
P05712,2026-06-11,2026-06-11,3
P05739,2026-06-07,2026-06-11,1
P05753,2026-06-10,2026-06-11,3
P05754,2026-06-06,2026-06-11,3
P05776,2026-06-09,2026-06-11,4
P05801,2026-06-05,2026-06-11,3
P05803,2026-06-11,2026-06-11,5
P05822,2026-06-10,2026-06-11,2
P05842,2026-06-03,2026-06-11,2
P05865,2026-06-11,2026-06-11,1
P05879,2026-06-04,2026-06-11,1
P05888,2026-06-05,2026-06-11,3
P05891,2026-06-09,2026-06-11,2
P05935,2026-06-08,2026-06-11,3
P05939,2026-06-09,2026-06-11,1
P06000,2026-06-11,2026-06-11,3
P06078,2026-06-08,2026-06-11,3
P06100,2026-06-11,2026-06-11,4
P06149,2026-06-08,2026-06-11,4
P06177,2026-06-10,2026-06-11,3
P06179,2026-06-07,2026-06-11,3
P06222,2026-06-07,2026-06-11,2
P06236,2026-06-11,2026-06-11,2
P06237,2026-06-09,2026-06-11,2
P06277,2026-06-04,2026-06-11,3
P06297,2026-06-07,2026-06-11,1
P06329,2026-06-11,2026-06-11,1
P06335,2026-06-09,2026-06-11,2
P06365,2026-06-11,2026-06-11,1
P06429,2026-06-11,2026-06-11,2
P06436,2026-06-07,2026-06-11,3
P06443,2026-06-11,2026-06-11,2
P06537,2026-06-11,2026-06-11,5
P06594,2026-06-02,2026-06-11,4
P06598,2026-06-11,2026-06-11,3
P06666,2026-06-02,2026-06-11,2
P06688,2026-06-11,2026-06-11,4
P06691,2026-06-03,2026-06-11,3
P06721,2026-06-05,2026-06-11,2
P06746,2026-06-06,2026-06-11,3
P06767,2026-06-11,2026-06-11,3
P06781,2026-06-11,2026-06-11,5
P06792,2026-06-08,2026-06-11,3
P06807,2026-06-11,2026-06-11,1
P06874,2026-06-06,2026-06-11,1
P06878,2026-06-10,2026-06-11,3
P06883,2026-06-09,2026-06-11,2
P06894,2026-06-11,2026-06-11,5
P06925,2026-06-07,2026-06-11,3
P06958,2026-06-11,2026-06-11,1
P06970,2026-06-04,2026-06-11,2
P07026,2026-06-10,2026-06-11,2
P07032,2026-06-11,2026-06-11,3
P07039,2026-06-11,2026-06-11,1
P07058,2026-06-02,2026-06-11,4
P07073,2026-06-11,2026-06-11,4
P07095,2026-06-10,2026-06-11,1
P07098,2026-06-11,2026-06-11,2
P07118,2026-06-01,2026-06-11,1
P07166,2026-06-11,2026-06-11,1
P07172,2026-06-04,2026-06-11,1
P07175,2026-06-01,2026-06-11,4
P07191,2026-06-05,2026-06-11,1
P07213,2026-06-11,2026-06-11,2
P07235,2026-06-04,2026-06-11,4
P07253,2026-06-11,2026-06-11,1
P07264,2026-06-10,2026-06-11,3
P07287,2026-06-08,2026-06-11,2
P07310,2026-06-11,2026-06-11,4
P07317,2026-06-09,2026-06-11,3
P07327,2026-06-11,2026-06-11,4
P07334,2026-06-10,2026-06-11,3
P07338,2026-06-10,2026-06-11,3
P07361,2026-06-10,2026-06-11,1
P07364,2026-06-11,2026-06-11,1
P07371,2026-06-09,2026-06-11,1
P07377,2026-06-05,2026-06-11,1
P07406,2026-06-03,2026-06-11,2
P07413,2026-06-11,2026-06-11,5
P07438,2026-06-11,2026-06-11,5
P07439,2026-06-11,2026-06-11,3
P07486,2026-06-11,2026-06-11,1
P07506,2026-06-10,2026-06-11,3
P07520,2026-06-11,2026-06-11,3
P07541,2026-06-11,2026-06-11,2
P07547,2026-06-11,2026-06-11,3
P07551,2026-06-05,2026-06-11,1
P07559,2026-06-08,2026-06-11,3
P07560,2026-06-04,2026-06-11,2
P07562,2026-06-11,2026-06-11,3
P07563,2026-06-11,2026-06-11,2
P07573,2026-06-09,2026-06-11,3
P07666,2026-06-08,2026-06-11,3
P07723,2026-06-04,2026-06-11,1
P07835,2026-06-01,2026-06-11,4
P07849,2026-06-10,2026-06-11,2
P07926,2026-06-10,2026-06-11,2
P07935,2026-06-11,2026-06-11,1
P07942,2026-06-10,2026-06-11,1
P07947,2026-06-10,2026-06-11,4
P07986,2026-06-11,2026-06-11,4
P07989,2026-06-11,2026-06-11,4
P00029,2026-06-12,2026-06-12,5
P00035,2026-06-12,2026-06-12,5
P00045,2026-06-12,2026-06-12,1
P00054,2026-06-11,2026-06-12,1
P00131,2026-06-12,2026-06-12,4
P00132,2026-06-09,2026-06-12,4
P00138,2026-06-07,2026-06-12,2
P00174,2026-06-06,2026-06-12,4
P00179,2026-06-06,2026-06-12,2
P00232,2026-06-12,2026-06-12,2
P00240,2026-06-11,2026-06-12,4
P00286,2026-06-03,2026-06-12,1
P00311,2026-06-12,2026-06-12,5
P00324,2026-06-06,2026-06-12,2
P00332,2026-06-12,2026-06-12,4
P00374,2026-06-12,2026-06-12,2
P00398,2026-06-09,2026-06-12,3
P00425,2026-06-12,2026-06-12,1
P00455,2026-06-08,2026-06-12,2
P00456,2026-06-12,2026-06-12,2
P00466,2026-06-10,2026-06-12,2
P00480,2026-06-08,2026-06-12,4
P00481,2026-06-12,2026-06-12,5
P00511,2026-06-10,2026-06-12,4
P00524,2026-06-12,2026-06-12,4
P00541,2026-06-03,2026-06-12,1
P00567,2026-06-12,2026-06-12,3
P00625,2026-06-11,2026-06-12,4
P00652,2026-06-03,2026-06-12,2
P00661,2026-06-11,2026-06-12,1
P00706,2026-06-11,2026-06-12,2
P00731,2026-06-12,2026-06-12,5
P00738,2026-06-12,2026-06-12,4
P00798,2026-06-03,2026-06-12,4
P00819,2026-06-11,2026-06-12,2
P00821,2026-06-12,2026-06-12,1
P00828,2026-06-12,2026-06-12,1
P00850,2026-06-10,2026-06-12,4
P00874,2026-06-12,2026-06-12,4
P00881,2026-06-12,2026-06-12,5
P00910,2026-06-08,2026-06-12,3
P00916,2026-06-10,2026-06-12,3
P00934,2026-06-12,2026-06-12,3
P00956,2026-06-12,2026-06-12,2
P00993,2026-06-11,2026-06-12,2
P00994,2026-06-12,2026-06-12,1
P00996,2026-06-06,2026-06-12,4
P01027,2026-06-04,2026-06-12,4
P01052,2026-06-11,2026-06-12,3
P01098,2026-06-12,2026-06-12,5
P01132,2026-06-07,2026-06-12,4
P01136,2026-06-12,2026-06-12,5
P01140,2026-06-10,2026-06-12,4
P01154,2026-06-09,2026-06-12,4
P01162,2026-06-12,2026-06-12,5
P01191,2026-06-05,2026-06-12,2
P01195,2026-06-05,2026-06-12,1
P01229,2026-06-06,2026-06-12,2
P01292,2026-06-07,2026-06-12,4
P01327,2026-06-01,2026-06-12,4
P01358,2026-06-11,2026-06-12,4
P01423,2026-06-01,2026-06-12,2
P01424,2026-06-01,2026-06-12,1
P01431,2026-06-07,2026-06-12,4
P01435,2026-06-10,2026-06-12,1
P01526,2026-06-11,2026-06-12,4
P01529,2026-06-12,2026-06-12,3
P01537,2026-06-12,2026-06-12,1
P01569,2026-06-12,2026-06-12,4
P01573,2026-06-04,2026-06-12,1
P01579,2026-06-12,2026-06-12,3
P01603,2026-06-08,2026-06-12,2
P01635,2026-06-10,2026-06-12,2
P01691,2026-06-09,2026-06-12,1
P01692,2026-06-11,2026-06-12,3
P01717,2026-06-07,2026-06-12,4
P01739,2026-06-12,2026-06-12,1
P01769,2026-06-03,2026-06-12,2
P01775,2026-06-01,2026-06-12,3
P01789,2026-06-12,2026-06-12,5
P01821,2026-06-10,2026-06-12,2
P01834,2026-06-12,2026-06-12,1
P01848,2026-06-12,2026-06-12,3
P01851,2026-06-12,2026-06-12,1
P01942,2026-06-07,2026-06-12,3
P01960,2026-06-12,2026-06-12,1
P01974,2026-06-05,2026-06-12,3
P01986,2026-06-10,2026-06-12,2
P01998,2026-06-12,2026-06-12,4
P02004,2026-06-07,2026-06-12,2
P02047,2026-06-12,2026-06-12,1
P02073,2026-06-12,2026-06-12,1
P02078,2026-06-04,2026-06-12,3
P02098,2026-06-12,2026-06-12,5
P02134,2026-06-09,2026-06-12,2
P02147,2026-06-12,2026-06-12,1
P02206,2026-06-12,2026-06-12,2
P02217,2026-06-12,2026-06-12,1
P02225,2026-06-12,2026-06-12,2
P02279,2026-06-10,2026-06-12,3
P02317,2026-06-04,2026-06-12,1
P02381,2026-06-12,2026-06-12,3
P02389,2026-06-08,2026-06-12,3
P02471,2026-06-07,2026-06-12,1
P02481,2026-06-12,2026-06-12,4
P02518,2026-06-12,2026-06-12,5
P02524,2026-06-12,2026-06-12,3
P02542,2026-06-08,2026-06-12,2
P02544,2026-06-12,2026-06-12,1
P02546,2026-06-09,2026-06-12,3
P02587,2026-06-12,2026-06-12,4
P02616,2026-06-12,2026-06-12,1
P02639,2026-06-12,2026-06-12,3
P02654,2026-06-07,2026-06-12,4
P02669,2026-06-12,2026-06-12,3
P02674,2026-06-12,2026-06-12,1
P02715,2026-06-06,2026-06-12,4
P02725,2026-06-07,2026-06-12,3
P02763,2026-06-12,2026-06-12,2
P02777,2026-06-12,2026-06-12,1
P02795,2026-06-10,2026-06-12,1
P02798,2026-06-09,2026-06-12,4
P02839,2026-06-07,2026-06-12,4
P02855,2026-06-12,2026-06-12,2
P02858,2026-06-12,2026-06-12,5
P02889,2026-06-11,2026-06-12,4
P02916,2026-06-12,2026-06-12,2
P02922,2026-06-12,2026-06-12,4
P02956,2026-06-07,2026-06-12,3
P02985,2026-06-12,2026-06-12,4
P03005,2026-06-12,2026-06-12,3
P03013,2026-06-09,2026-06-12,3
P03029,2026-06-11,2026-06-12,1
P03033,2026-06-12,2026-06-12,1
P03041,2026-06-12,2026-06-12,3
P03045,2026-06-12,2026-06-12,3
P03065,2026-06-12,2026-06-12,5
P03072,2026-06-12,2026-06-12,4
P03141,2026-06-10,2026-06-12,3
P03191,2026-06-12,2026-06-12,2
P03204,2026-06-08,2026-06-12,2
P03212,2026-06-09,2026-06-12,4
P03229,2026-06-02,2026-06-12,1
P03233,2026-06-04,2026-06-12,4
P03272,2026-06-08,2026-06-12,3
P03293,2026-06-11,2026-06-12,3
P03294,2026-06-07,2026-06-12,4
P03318,2026-06-05,2026-06-12,1
P03345,2026-06-12,2026-06-12,1
P03355,2026-06-05,2026-06-12,4
P03384,2026-06-10,2026-06-12,4
P03396,2026-06-12,2026-06-12,2
P03404,2026-06-12,2026-06-12,2
P03423,2026-06-05,2026-06-12,4
P03430,2026-06-11,2026-06-12,4
P03455,2026-06-05,2026-06-12,3
P03503,2026-06-05,2026-06-12,3
P03514,2026-06-12,2026-06-12,3
P03563,2026-06-12,2026-06-12,4
P03570,2026-06-12,2026-06-12,2
P03609,2026-06-06,2026-06-12,3
P03652,2026-06-06,2026-06-12,2
P03660,2026-06-12,2026-06-12,2
P03702,2026-06-11,2026-06-12,2
P03746,2026-06-12,2026-06-12,3
P03765,2026-06-12,2026-06-12,4
P03801,2026-06-08,2026-06-12,3
P03810,2026-06-08,2026-06-12,1
P03822,2026-06-12,2026-06-12,3
P03832,2026-06-12,2026-06-12,1
P03841,2026-06-03,2026-06-12,1
P03856,2026-06-01,2026-06-12,1
P03864,2026-06-01,2026-06-12,1
P03888,2026-06-12,2026-06-12,4
P03890,2026-06-12,2026-06-12,5
P03960,2026-06-12,2026-06-12,3
P03979,2026-06-12,2026-06-12,4
P03999,2026-06-12,2026-06-12,3
P04084,2026-06-12,2026-06-12,3
P04159,2026-06-12,2026-06-12,5
P04166,2026-06-08,2026-06-12,2
P04171,2026-06-07,2026-06-12,4
P04199,2026-06-12,2026-06-12,4
P04205,2026-06-12,2026-06-12,2
P04243,2026-06-12,2026-06-12,4
P04257,2026-06-12,2026-06-12,5
P04289,2026-06-11,2026-06-12,4
P04359,2026-06-12,2026-06-12,5
P04366,2026-06-11,2026-06-12,2
P04372,2026-06-12,2026-06-12,4
P04374,2026-06-11,2026-06-12,4
P04451,2026-06-12,2026-06-12,3
P04456,2026-06-01,2026-06-12,3
P04461,2026-06-08,2026-06-12,2
P04464,2026-06-12,2026-06-12,1
P04468,2026-06-12,2026-06-12,2
P04499,2026-06-11,2026-06-12,3
P04522,2026-06-12,2026-06-12,2
P04529,2026-06-08,2026-06-12,2
P04558,2026-06-08,2026-06-12,1
P04684,2026-06-12,2026-06-12,2
P04694,2026-06-12,2026-06-12,2
P04698,2026-06-12,2026-06-12,4
P04709,2026-06-10,2026-06-12,1
P04727,2026-06-12,2026-06-12,5
P04783,2026-06-12,2026-06-12,4
P04826,2026-06-05,2026-06-12,2
P04851,2026-06-12,2026-06-12,3
P04853,2026-06-05,2026-06-12,4
P04916,2026-06-12,2026-06-12,4
P04948,2026-06-12,2026-06-12,2
P05007,2026-06-03,2026-06-12,1
P05008,2026-06-10,2026-06-12,1
P05070,2026-06-09,2026-06-12,2
P05091,2026-06-12,2026-06-12,4
P05122,2026-06-06,2026-06-12,1
P05165,2026-06-05,2026-06-12,3
P05180,2026-06-12,2026-06-12,1
P05187,2026-06-07,2026-06-12,3
P05191,2026-06-12,2026-06-12,1
P05220,2026-06-12,2026-06-12,3
P05226,2026-06-12,2026-06-12,5
P05230,2026-06-09,2026-06-12,1
P05308,2026-06-12,2026-06-12,1
P05325,2026-06-12,2026-06-12,4
P05327,2026-06-07,2026-06-12,3
P05334,2026-06-11,2026-06-12,4
P05335,2026-06-10,2026-06-12,2
P05346,2026-06-05,2026-06-12,2
P05351,2026-06-10,2026-06-12,1
P05398,2026-06-11,2026-06-12,3
P05464,2026-06-11,2026-06-12,3
P05490,2026-06-12,2026-06-12,2
P05504,2026-06-09,2026-06-12,4
P05519,2026-06-12,2026-06-12,4
P05522,2026-06-11,2026-06-12,4
P05552,2026-06-11,2026-06-12,2
P05586,2026-06-08,2026-06-12,3
P05606,2026-06-10,2026-06-12,1
P05650,2026-06-03,2026-06-12,3
P05656,2026-06-07,2026-06-12,3
P05678,2026-06-07,2026-06-12,3
P05688,2026-06-12,2026-06-12,4
P05705,2026-06-04,2026-06-12,4
P05737,2026-06-12,2026-06-12,1
P05750,2026-06-01,2026-06-12,1
P05762,2026-06-09,2026-06-12,2
P05784,2026-06-12,2026-06-12,2
P05797,2026-06-12,2026-06-12,1
P05817,2026-06-12,2026-06-12,1
P05828,2026-06-10,2026-06-12,1
P05840,2026-06-12,2026-06-12,2
P05891,2026-06-09,2026-06-12,1
P05923,2026-06-07,2026-06-12,1
P05933,2026-06-12,2026-06-12,2
P05970,2026-06-12,2026-06-12,1
P06013,2026-06-12,2026-06-12,1
P06021,2026-06-02,2026-06-12,4
P06157,2026-06-08,2026-06-12,2
P06160,2026-06-07,2026-06-12,4
P06163,2026-06-09,2026-06-12,2
P06177,2026-06-10,2026-06-12,4
P06180,2026-06-07,2026-06-12,1
P06236,2026-06-11,2026-06-12,3
P06238,2026-06-12,2026-06-12,3
P06262,2026-06-12,2026-06-12,1
P06273,2026-06-12,2026-06-12,4
P06277,2026-06-04,2026-06-12,2
P06280,2026-06-07,2026-06-12,3
P06295,2026-06-07,2026-06-12,3
P06297,2026-06-07,2026-06-12,4
P06320,2026-06-09,2026-06-12,1
P06331,2026-06-09,2026-06-12,2
P06335,2026-06-09,2026-06-12,3
P06344,2026-06-12,2026-06-12,4
P06345,2026-06-04,2026-06-12,3
P06367,2026-06-12,2026-06-12,4
P06387,2026-06-10,2026-06-12,3
P06448,2026-06-12,2026-06-12,1
P06493,2026-06-12,2026-06-12,2
P06507,2026-06-04,2026-06-12,3
P06526,2026-06-12,2026-06-12,1
P06534,2026-06-12,2026-06-12,1
P06537,2026-06-11,2026-06-12,2
P06538,2026-06-03,2026-06-12,3
P06569,2026-06-06,2026-06-12,3
P06615,2026-06-12,2026-06-12,1
P06645,2026-06-02,2026-06-12,3
P06666,2026-06-02,2026-06-12,1
P06668,2026-06-08,2026-06-12,4
P06688,2026-06-11,2026-06-12,4
P06701,2026-06-05,2026-06-12,1
P06720,2026-06-12,2026-06-12,2
P06721,2026-06-05,2026-06-12,3
P06723,2026-06-06,2026-06-12,1
P06760,2026-06-07,2026-06-12,1
P06774,2026-06-12,2026-06-12,5
P06781,2026-06-11,2026-06-12,1
P06782,2026-06-03,2026-06-12,4
P06797,2026-06-05,2026-06-12,4
P06821,2026-06-07,2026-06-12,4
P06828,2026-06-12,2026-06-12,5
P06829,2026-06-12,2026-06-12,5
P06834,2026-06-12,2026-06-12,4
P06837,2026-06-12,2026-06-12,1
P06887,2026-06-12,2026-06-12,5
P06898,2026-06-08,2026-06-12,3
P06939,2026-06-02,2026-06-12,2
P07000,2026-06-10,2026-06-12,4
P07047,2026-06-06,2026-06-12,3
P07064,2026-06-12,2026-06-12,2
P07076,2026-06-12,2026-06-12,2
P07095,2026-06-10,2026-06-12,2
P07124,2026-06-12,2026-06-12,2
P07131,2026-06-08,2026-06-12,4
P07166,2026-06-11,2026-06-12,3
P07184,2026-06-04,2026-06-12,2
P07203,2026-06-12,2026-06-12,5
P07205,2026-06-12,2026-06-12,2
P07217,2026-06-05,2026-06-12,4
P07236,2026-06-08,2026-06-12,2
P07253,2026-06-11,2026-06-12,3
P07264,2026-06-10,2026-06-12,4
P07271,2026-06-06,2026-06-12,2
P07273,2026-06-01,2026-06-12,4
P07280,2026-06-12,2026-06-12,4
P07304,2026-06-12,2026-06-12,2
P07310,2026-06-11,2026-06-12,4
P07317,2026-06-09,2026-06-12,2
P07338,2026-06-10,2026-06-12,3
P07350,2026-06-12,2026-06-12,4
P07413,2026-06-11,2026-06-12,3
P07438,2026-06-11,2026-06-12,3
P07442,2026-06-05,2026-06-12,3
P07445,2026-06-09,2026-06-12,4
P07459,2026-06-07,2026-06-12,4
P07506,2026-06-10,2026-06-12,3
P07528,2026-06-12,2026-06-12,2
P07606,2026-06-07,2026-06-12,4
P07661,2026-06-06,2026-06-12,1
P07666,2026-06-08,2026-06-12,2
P07697,2026-06-12,2026-06-12,4
P07723,2026-06-04,2026-06-12,1
P07725,2026-06-10,2026-06-12,2
P07741,2026-06-09,2026-06-12,3
P07768,2026-06-08,2026-06-12,4
P07784,2026-06-12,2026-06-12,4
P07796,2026-06-03,2026-06-12,4
P07817,2026-06-12,2026-06-12,2
P07850,2026-06-05,2026-06-12,2
P07851,2026-06-12,2026-06-12,5
P07859,2026-06-07,2026-06-12,2
P07868,2026-06-12,2026-06-12,5
P07926,2026-06-10,2026-06-12,3
P07950,2026-06-03,2026-06-12,3
P07970,2026-06-06,2026-06-12,1
P07978,2026-06-06,2026-06-12,3
P00006,2026-06-06,2026-06-13,2
P00024,2026-06-07,2026-06-13,1
P00029,2026-06-12,2026-06-13,1
P00056,2026-06-04,2026-06-13,3
P00083,2026-06-13,2026-06-13,1
P00092,2026-06-13,2026-06-13,4
P00104,2026-06-06,2026-06-13,3
P00151,2026-06-03,2026-06-13,2
P00155,2026-06-13,2026-06-13,4
P00192,2026-06-13,2026-06-13,5
P00201,2026-06-13,2026-06-13,1
P00264,2026-06-02,2026-06-13,1
P00278,2026-06-01,2026-06-13,3
P00289,2026-06-02,2026-06-13,2
P00311,2026-06-12,2026-06-13,3
P00324,2026-06-06,2026-06-13,2
P00352,2026-06-10,2026-06-13,1
P00387,2026-06-13,2026-06-13,5
P00398,2026-06-09,2026-06-13,3
P00399,2026-06-06,2026-06-13,1
P00400,2026-06-10,2026-06-13,2
P00416,2026-06-03,2026-06-13,1
P00453,2026-06-03,2026-06-13,2
P00492,2026-06-13,2026-06-13,5
P00541,2026-06-03,2026-06-13,1
P00543,2026-06-13,2026-06-13,2
P00560,2026-06-01,2026-06-13,4
P00591,2026-06-05,2026-06-13,2
P00598,2026-06-02,2026-06-13,3
P00638,2026-06-07,2026-06-13,4
P00647,2026-06-13,2026-06-13,1
P00657,2026-06-09,2026-06-13,4
P00660,2026-06-08,2026-06-13,3
P00731,2026-06-12,2026-06-13,4
P00805,2026-06-13,2026-06-13,1
P00850,2026-06-10,2026-06-13,1
P00871,2026-06-13,2026-06-13,5
P00872,2026-06-11,2026-06-13,3
P00916,2026-06-10,2026-06-13,4
P00934,2026-06-12,2026-06-13,2
P00942,2026-06-03,2026-06-13,1
P00954,2026-06-05,2026-06-13,2
P00956,2026-06-12,2026-06-13,1
P00984,2026-06-13,2026-06-13,2
P00990,2026-06-13,2026-06-13,3
P00998,2026-06-10,2026-06-13,3
P01015,2026-06-07,2026-06-13,1
P01132,2026-06-07,2026-06-13,1
P01140,2026-06-10,2026-06-13,1
P01141,2026-06-13,2026-06-13,3
P01154,2026-06-09,2026-06-13,3
P01195,2026-06-05,2026-06-13,2
P01272,2026-06-05,2026-06-13,2
P01274,2026-06-13,2026-06-13,1
P01335,2026-06-13,2026-06-13,3
P01358,2026-06-11,2026-06-13,4
P01365,2026-06-13,2026-06-13,5
P01372,2026-06-03,2026-06-13,1
P01375,2026-06-01,2026-06-13,4
P01395,2026-06-03,2026-06-13,1
P01399,2026-06-13,2026-06-13,2
P01416,2026-06-07,2026-06-13,1
P01456,2026-06-13,2026-06-13,1
P01536,2026-06-04,2026-06-13,4
P01543,2026-06-09,2026-06-13,1
P01549,2026-06-10,2026-06-13,3
P01557,2026-06-13,2026-06-13,2
P01569,2026-06-12,2026-06-13,4
P01583,2026-06-11,2026-06-13,4
P01635,2026-06-10,2026-06-13,4
P01670,2026-06-10,2026-06-13,2
P01692,2026-06-11,2026-06-13,4
P01713,2026-06-08,2026-06-13,2
P01717,2026-06-07,2026-06-13,3
P01739,2026-06-12,2026-06-13,4
P01740,2026-06-13,2026-06-13,4
P01759,2026-06-07,2026-06-13,4
P01773,2026-06-13,2026-06-13,3
P01790,2026-06-06,2026-06-13,1
P01808,2026-06-13,2026-06-13,5
P01811,2026-06-03,2026-06-13,3
P01851,2026-06-12,2026-06-13,3
P01867,2026-06-13,2026-06-13,1
P01893,2026-06-13,2026-06-13,1
P01924,2026-06-02,2026-06-13,1
P01953,2026-06-08,2026-06-13,1
P01996,2026-06-04,2026-06-13,3
P02024,2026-06-13,2026-06-13,3
P02030,2026-06-07,2026-06-13,2
P02047,2026-06-12,2026-06-13,1
P02075,2026-06-07,2026-06-13,1
P02095,2026-06-13,2026-06-13,2
P02099,2026-06-13,2026-06-13,2
P02161,2026-06-13,2026-06-13,1
P02202,2026-06-13,2026-06-13,2
P02208,2026-06-08,2026-06-13,4
P02217,2026-06-12,2026-06-13,4
P02226,2026-06-09,2026-06-13,2
P02230,2026-06-02,2026-06-13,4
P02250,2026-06-06,2026-06-13,4
P02265,2026-06-13,2026-06-13,2
P02317,2026-06-04,2026-06-13,3
P02336,2026-06-08,2026-06-13,1
P02403,2026-06-11,2026-06-13,4
P02411,2026-06-04,2026-06-13,3
P02443,2026-06-09,2026-06-13,4
P02475,2026-06-07,2026-06-13,3
P02481,2026-06-12,2026-06-13,4
P02483,2026-06-13,2026-06-13,3
P02507,2026-06-13,2026-06-13,1
P02542,2026-06-08,2026-06-13,4
P02553,2026-06-07,2026-06-13,1
P02574,2026-06-13,2026-06-13,2
P02590,2026-06-13,2026-06-13,2
P02600,2026-06-02,2026-06-13,1
P02606,2026-06-09,2026-06-13,2
P02685,2026-06-13,2026-06-13,3
P02696,2026-06-13,2026-06-13,4
P02707,2026-06-02,2026-06-13,2
P02715,2026-06-06,2026-06-13,4
P02718,2026-06-13,2026-06-13,1
P02725,2026-06-07,2026-06-13,1
P02763,2026-06-12,2026-06-13,3
P02777,2026-06-12,2026-06-13,1
P02808,2026-06-13,2026-06-13,2
P02823,2026-06-11,2026-06-13,4
P02867,2026-06-07,2026-06-13,1
P02889,2026-06-11,2026-06-13,2
P02922,2026-06-12,2026-06-13,4
P02936,2026-06-13,2026-06-13,2
P02942,2026-06-13,2026-06-13,4
P02956,2026-06-07,2026-06-13,2
P02979,2026-06-03,2026-06-13,1
P02985,2026-06-12,2026-06-13,3
P02987,2026-06-13,2026-06-13,4
P03023,2026-06-13,2026-06-13,5
P03041,2026-06-12,2026-06-13,1
P03055,2026-06-06,2026-06-13,4
P03065,2026-06-12,2026-06-13,4
P03072,2026-06-12,2026-06-13,3
P03075,2026-06-06,2026-06-13,3
P03078,2026-06-05,2026-06-13,2
P03104,2026-06-13,2026-06-13,1
P03108,2026-06-13,2026-06-13,3
P03144,2026-06-11,2026-06-13,1
P03194,2026-06-13,2026-06-13,2
P03219,2026-06-13,2026-06-13,2
P03221,2026-06-13,2026-06-13,1
P03306,2026-06-13,2026-06-13,3
P03372,2026-06-02,2026-06-13,1
P03429,2026-06-10,2026-06-13,1
P03442,2026-06-10,2026-06-13,3
P03513,2026-06-13,2026-06-13,2
P03514,2026-06-12,2026-06-13,1
P03528,2026-06-13,2026-06-13,1
P03565,2026-06-13,2026-06-13,3
P03570,2026-06-12,2026-06-13,4
P03609,2026-06-06,2026-06-13,4
P03621,2026-06-09,2026-06-13,1
P03660,2026-06-12,2026-06-13,3
P03666,2026-06-07,2026-06-13,4
P03674,2026-06-13,2026-06-13,4
P03692,2026-06-10,2026-06-13,4
P03704,2026-06-01,2026-06-13,1
P03706,2026-06-07,2026-06-13,3
P03740,2026-06-11,2026-06-13,4
P03746,2026-06-12,2026-06-13,2
P03767,2026-06-13,2026-06-13,2
P03807,2026-06-03,2026-06-13,1
P03820,2026-06-13,2026-06-13,1
P03889,2026-06-13,2026-06-13,2
P03895,2026-06-06,2026-06-13,1
P03979,2026-06-12,2026-06-13,1
P04016,2026-06-06,2026-06-13,4
P04023,2026-06-13,2026-06-13,2
P04044,2026-06-13,2026-06-13,4
P04061,2026-06-05,2026-06-13,3
P04079,2026-06-08,2026-06-13,4
P04085,2026-06-13,2026-06-13,3
P04159,2026-06-12,2026-06-13,2
P04174,2026-06-03,2026-06-13,2
P04189,2026-06-09,2026-06-13,2
P04240,2026-06-13,2026-06-13,2
P04243,2026-06-12,2026-06-13,1
P04244,2026-06-11,2026-06-13,3
P04246,2026-06-03,2026-06-13,2
P04307,2026-06-13,2026-06-13,5
P04308,2026-06-13,2026-06-13,5
P04311,2026-06-13,2026-06-13,5
P04337,2026-06-04,2026-06-13,1
P04352,2026-06-04,2026-06-13,2
P04374,2026-06-11,2026-06-13,4
P04398,2026-06-08,2026-06-13,3
P04402,2026-06-13,2026-06-13,3
P04407,2026-06-13,2026-06-13,5
P04461,2026-06-08,2026-06-13,4
P04468,2026-06-12,2026-06-13,1
P04499,2026-06-11,2026-06-13,1
P04522,2026-06-12,2026-06-13,4
P04534,2026-06-13,2026-06-13,1
P04551,2026-06-13,2026-06-13,4
P04558,2026-06-08,2026-06-13,2
P04620,2026-06-11,2026-06-13,3
P04624,2026-06-03,2026-06-13,1
P04630,2026-06-08,2026-06-13,3
P04649,2026-06-13,2026-06-13,5
P04665,2026-06-13,2026-06-13,5
P04684,2026-06-12,2026-06-13,3
P04694,2026-06-12,2026-06-13,3
P04708,2026-06-11,2026-06-13,4
P04727,2026-06-12,2026-06-13,3
P04768,2026-06-02,2026-06-13,4
P04786,2026-06-07,2026-06-13,1
P04813,2026-06-10,2026-06-13,4
P04822,2026-06-10,2026-06-13,4
P04847,2026-06-13,2026-06-13,2
P04851,2026-06-12,2026-06-13,3
P04879,2026-06-04,2026-06-13,1
P04892,2026-06-06,2026-06-13,2
P04909,2026-06-10,2026-06-13,4
P04936,2026-06-13,2026-06-13,5
P04969,2026-06-13,2026-06-13,1
P04991,2026-06-02,2026-06-13,1
P04993,2026-06-07,2026-06-13,1
P05008,2026-06-10,2026-06-13,2
P05030,2026-06-13,2026-06-13,4
P05065,2026-06-13,2026-06-13,2
P05103,2026-06-13,2026-06-13,4
P05137,2026-06-13,2026-06-13,3
P05162,2026-06-09,2026-06-13,1
P05170,2026-06-13,2026-06-13,2
P05171,2026-06-13,2026-06-13,5
P05174,2026-06-06,2026-06-13,2
P05196,2026-06-09,2026-06-13,4
P05201,2026-06-02,2026-06-13,4
P05223,2026-06-06,2026-06-13,2
P05230,2026-06-09,2026-06-13,3
P05254,2026-06-02,2026-06-13,4
P05308,2026-06-12,2026-06-13,4
P05330,2026-06-13,2026-06-13,4
P05335,2026-06-10,2026-06-13,2
P05380,2026-06-13,2026-06-13,2
P05382,2026-06-13,2026-06-13,5
P05418,2026-06-13,2026-06-13,2
P05424,2026-06-13,2026-06-13,4
P05464,2026-06-11,2026-06-13,3
P05490,2026-06-12,2026-06-13,4
P05518,2026-06-01,2026-06-13,1
P05519,2026-06-12,2026-06-13,1
P05569,2026-06-08,2026-06-13,3
P05618,2026-06-11,2026-06-13,2
P05637,2026-06-07,2026-06-13,2
P05671,2026-06-08,2026-06-13,2
P05675,2026-06-11,2026-06-13,4
P05684,2026-06-13,2026-06-13,5
P05687,2026-06-13,2026-06-13,1
P05717,2026-06-08,2026-06-13,1
P05737,2026-06-12,2026-06-13,3
P05744,2026-06-03,2026-06-13,3
P05753,2026-06-10,2026-06-13,4
P05777,2026-06-09,2026-06-13,3
P05792,2026-06-02,2026-06-13,1
P05795,2026-06-06,2026-06-13,1
P05800,2026-06-05,2026-06-13,3
P05807,2026-06-13,2026-06-13,3
P05839,2026-06-13,2026-06-13,3
P05844,2026-06-10,2026-06-13,4
P05865,2026-06-11,2026-06-13,2
P05908,2026-06-13,2026-06-13,1
P05912,2026-06-02,2026-06-13,2
P05933,2026-06-12,2026-06-13,2
P06012,2026-06-10,2026-06-13,1
P06013,2026-06-12,2026-06-13,2
P06056,2026-06-10,2026-06-13,4
P06059,2026-06-07,2026-06-13,1
P06094,2026-06-13,2026-06-13,2
P06103,2026-06-09,2026-06-13,2
P06157,2026-06-08,2026-06-13,4
P06185,2026-06-13,2026-06-13,4
P06199,2026-06-08,2026-06-13,4
P06221,2026-06-13,2026-06-13,5
P06237,2026-06-09,2026-06-13,2
P06260,2026-06-08,2026-06-13,2
P06290,2026-06-01,2026-06-13,3
P06297,2026-06-07,2026-06-13,1
P06312,2026-06-13,2026-06-13,5
P06314,2026-06-13,2026-06-13,5
P06320,2026-06-09,2026-06-13,4
P06343,2026-06-13,2026-06-13,1
P06355,2026-06-06,2026-06-13,4
P06365,2026-06-11,2026-06-13,4
P06369,2026-06-05,2026-06-13,1
P06374,2026-06-13,2026-06-13,5
P06401,2026-06-07,2026-06-13,3
P06425,2026-06-09,2026-06-13,1
P06443,2026-06-11,2026-06-13,4
P06455,2026-06-13,2026-06-13,3
P06494,2026-06-03,2026-06-13,2
P06530,2026-06-06,2026-06-13,3
P06587,2026-06-13,2026-06-13,4
P06615,2026-06-12,2026-06-13,3
P06649,2026-06-07,2026-06-13,4
P06688,2026-06-11,2026-06-13,3
P06702,2026-06-07,2026-06-13,2
P06721,2026-06-05,2026-06-13,3
P06723,2026-06-06,2026-06-13,4
P06775,2026-06-04,2026-06-13,1
P06781,2026-06-11,2026-06-13,2
P06788,2026-06-10,2026-06-13,2
P06789,2026-06-04,2026-06-13,1
P06834,2026-06-12,2026-06-13,1
P06878,2026-06-10,2026-06-13,3
P06912,2026-06-05,2026-06-13,1
P06921,2026-06-13,2026-06-13,3
P06925,2026-06-07,2026-06-13,1
P06956,2026-06-13,2026-06-13,3
P06958,2026-06-11,2026-06-13,3
P06967,2026-06-13,2026-06-13,1
P07028,2026-06-02,2026-06-13,3
P07058,2026-06-02,2026-06-13,1
P07064,2026-06-12,2026-06-13,2
P07104,2026-06-07,2026-06-13,2
P07111,2026-06-01,2026-06-13,3
P07178,2026-06-13,2026-06-13,5
P07195,2026-06-04,2026-06-13,2
P07215,2026-06-13,2026-06-13,3
P07232,2026-06-01,2026-06-13,1
P07273,2026-06-01,2026-06-13,4
P07289,2026-06-13,2026-06-13,2
P07304,2026-06-12,2026-06-13,3
P07305,2026-06-13,2026-06-13,2
P07317,2026-06-09,2026-06-13,4
P07322,2026-06-13,2026-06-13,2
P07327,2026-06-11,2026-06-13,2
P07338,2026-06-10,2026-06-13,3
P07343,2026-06-13,2026-06-13,3
P07358,2026-06-13,2026-06-13,4
P07361,2026-06-10,2026-06-13,4
P07385,2026-06-03,2026-06-13,1
P07407,2026-06-03,2026-06-13,1
P07469,2026-06-13,2026-06-13,2
P07491,2026-06-06,2026-06-13,4
P07514,2026-06-13,2026-06-13,3
P07524,2026-06-13,2026-06-13,1
P07528,2026-06-12,2026-06-13,4
P07529,2026-06-13,2026-06-13,5
P07542,2026-06-07,2026-06-13,3
P07553,2026-06-13,2026-06-13,4
P07560,2026-06-04,2026-06-13,4
P07563,2026-06-11,2026-06-13,1
P07573,2026-06-09,2026-06-13,2
P07620,2026-06-13,2026-06-13,4
P07636,2026-06-09,2026-06-13,3
P07727,2026-06-10,2026-06-13,1
P07739,2026-06-08,2026-06-13,1
P07741,2026-06-09,2026-06-13,3
P07835,2026-06-01,2026-06-13,3
P07855,2026-06-13,2026-06-13,5
P07926,2026-06-10,2026-06-13,3
P07927,2026-06-07,2026-06-13,4
P07951,2026-06-04,2026-06-13,1
P07962,2026-06-13,2026-06-13,3
P07965,2026-06-13,2026-06-13,5
P07998,2026-06-06,2026-06-13,3
P00054,2026-06-11,2026-06-14,4
P00092,2026-06-13,2026-06-14,4
P00102,2026-06-14,2026-06-14,1
P00114,2026-06-01,2026-06-14,4
P00120,2026-06-04,2026-06-14,2
P00127,2026-06-01,2026-06-14,1
P00131,2026-06-12,2026-06-14,3
P00176,2026-06-14,2026-06-14,5
P00181,2026-06-14,2026-06-14,5
P00192,2026-06-13,2026-06-14,3
P00202,2026-06-08,2026-06-14,2
P00226,2026-06-14,2026-06-14,5
P00232,2026-06-12,2026-06-14,4
P00251,2026-06-03,2026-06-14,4
P00271,2026-06-08,2026-06-14,2
P00311,2026-06-12,2026-06-14,1
P00324,2026-06-06,2026-06-14,3
P00356,2026-06-14,2026-06-14,1
P00380,2026-06-14,2026-06-14,3
P00400,2026-06-10,2026-06-14,4
P00445,2026-06-02,2026-06-14,4
P00466,2026-06-10,2026-06-14,2
P00476,2026-06-10,2026-06-14,1
P00486,2026-06-14,2026-06-14,5
P00559,2026-06-03,2026-06-14,3
P00560,2026-06-01,2026-06-14,3
P00574,2026-06-02,2026-06-14,3
P00657,2026-06-09,2026-06-14,1
P00661,2026-06-11,2026-06-14,1
P00665,2026-06-14,2026-06-14,2
P00667,2026-06-14,2026-06-14,4
P00731,2026-06-12,2026-06-14,3
P00805,2026-06-13,2026-06-14,3
P00819,2026-06-11,2026-06-14,2
P00828,2026-06-12,2026-06-14,1
P00850,2026-06-10,2026-06-14,4
P00872,2026-06-11,2026-06-14,3
P00897,2026-06-07,2026-06-14,3
P00963,2026-06-04,2026-06-14,2
P00994,2026-06-12,2026-06-14,2
P01042,2026-06-14,2026-06-14,4
P01046,2026-06-07,2026-06-14,2
P01082,2026-06-05,2026-06-14,4
P01094,2026-06-02,2026-06-14,2
P01107,2026-06-14,2026-06-14,3
P01129,2026-06-14,2026-06-14,2
P01141,2026-06-13,2026-06-14,3
P01152,2026-06-14,2026-06-14,4
P01179,2026-06-14,2026-06-14,1
P01257,2026-06-06,2026-06-14,1
P01284,2026-06-14,2026-06-14,1
P01302,2026-06-08,2026-06-14,3
P01303,2026-06-14,2026-06-14,2
P01358,2026-06-11,2026-06-14,4
P01365,2026-06-13,2026-06-14,3
P01375,2026-06-01,2026-06-14,3
P01424,2026-06-01,2026-06-14,4
P01432,2026-06-02,2026-06-14,4
P01456,2026-06-13,2026-06-14,3
P01474,2026-06-07,2026-06-14,2
P01489,2026-06-11,2026-06-14,1
P01492,2026-06-11,2026-06-14,2
P01515,2026-06-11,2026-06-14,4
P01517,2026-06-11,2026-06-14,1
P01525,2026-06-14,2026-06-14,3
P01529,2026-06-12,2026-06-14,4
P01583,2026-06-11,2026-06-14,3
P01634,2026-06-03,2026-06-14,2
P01635,2026-06-10,2026-06-14,3
P01691,2026-06-09,2026-06-14,1
P01692,2026-06-11,2026-06-14,3
P01702,2026-06-03,2026-06-14,1
P01713,2026-06-08,2026-06-14,3
P01739,2026-06-12,2026-06-14,2
P01773,2026-06-13,2026-06-14,4
P01791,2026-06-04,2026-06-14,2
P01803,2026-06-10,2026-06-14,1
P01805,2026-06-14,2026-06-14,1
P01807,2026-06-14,2026-06-14,4
P01834,2026-06-12,2026-06-14,3
P01836,2026-06-14,2026-06-14,4
P01960,2026-06-12,2026-06-14,2
P01986,2026-06-10,2026-06-14,1
P01992,2026-06-09,2026-06-14,1
P01996,2026-06-04,2026-06-14,3
P02012,2026-06-09,2026-06-14,3
P02047,2026-06-12,2026-06-14,3
P02059,2026-06-05,2026-06-14,3
P02073,2026-06-12,2026-06-14,2
P02075,2026-06-07,2026-06-14,1
P02087,2026-06-06,2026-06-14,3
P02114,2026-06-10,2026-06-14,2
P02135,2026-06-09,2026-06-14,2
P02150,2026-06-02,2026-06-14,2
P02208,2026-06-08,2026-06-14,1
P02211,2026-06-05,2026-06-14,1
P02216,2026-06-07,2026-06-14,1
P02267,2026-06-05,2026-06-14,1
P02347,2026-06-14,2026-06-14,3
P02353,2026-06-11,2026-06-14,3
P02356,2026-06-10,2026-06-14,2
P02360,2026-06-14,2026-06-14,3
P02368,2026-06-14,2026-06-14,2
P02369,2026-06-07,2026-06-14,4
P02475,2026-06-07,2026-06-14,3
P02501,2026-06-14,2026-06-14,2
P02507,2026-06-13,2026-06-14,3
P02553,2026-06-07,2026-06-14,1
P02582,2026-06-14,2026-06-14,5
P02590,2026-06-13,2026-06-14,4
P02602,2026-06-14,2026-06-14,5
P02608,2026-06-14,2026-06-14,4
P02621,2026-06-03,2026-06-14,4
P02661,2026-06-09,2026-06-14,1
P02706,2026-06-14,2026-06-14,3
P02715,2026-06-06,2026-06-14,3
P02757,2026-06-14,2026-06-14,5
P02758,2026-06-14,2026-06-14,1
P02765,2026-06-14,2026-06-14,5
P02833,2026-06-14,2026-06-14,5
P02840,2026-06-14,2026-06-14,3
P02886,2026-06-14,2026-06-14,2
P02889,2026-06-11,2026-06-14,1
P02905,2026-06-14,2026-06-14,5
P02922,2026-06-12,2026-06-14,2
P02927,2026-06-03,2026-06-14,1
P02947,2026-06-10,2026-06-14,2
P02985,2026-06-12,2026-06-14,2
P02994,2026-06-06,2026-06-14,1
P03016,2026-06-14,2026-06-14,5
P03021,2026-06-10,2026-06-14,1
P03029,2026-06-11,2026-06-14,1
P03045,2026-06-12,2026-06-14,4
P03052,2026-06-07,2026-06-14,4
P03074,2026-06-14,2026-06-14,2
P03104,2026-06-13,2026-06-14,3
P03108,2026-06-13,2026-06-14,4
P03155,2026-06-10,2026-06-14,1
P03170,2026-06-14,2026-06-14,4
P03193,2026-06-14,2026-06-14,3
P03207,2026-06-14,2026-06-14,1
P03221,2026-06-13,2026-06-14,1
P03227,2026-06-14,2026-06-14,2
P03242,2026-06-01,2026-06-14,4
P03246,2026-06-05,2026-06-14,3
P03247,2026-06-07,2026-06-14,4
P03263,2026-06-09,2026-06-14,4
P03287,2026-06-11,2026-06-14,3
P03303,2026-06-11,2026-06-14,1
P03305,2026-06-02,2026-06-14,4
P03307,2026-06-10,2026-06-14,1
P03323,2026-06-02,2026-06-14,2
P03368,2026-06-14,2026-06-14,4
P03379,2026-06-05,2026-06-14,1
P03409,2026-06-14,2026-06-14,3
P03430,2026-06-11,2026-06-14,2
P03442,2026-06-10,2026-06-14,1
P03528,2026-06-13,2026-06-14,2
P03558,2026-06-14,2026-06-14,3
P03570,2026-06-12,2026-06-14,4
P03589,2026-06-08,2026-06-14,1
P03657,2026-06-14,2026-06-14,4
P03660,2026-06-12,2026-06-14,4
P03666,2026-06-07,2026-06-14,2
P03684,2026-06-14,2026-06-14,1
P03702,2026-06-11,2026-06-14,1
P03704,2026-06-01,2026-06-14,4
P03724,2026-06-08,2026-06-14,2
P03751,2026-06-14,2026-06-14,5
P03763,2026-06-14,2026-06-14,4
P03767,2026-06-13,2026-06-14,3
P03779,2026-06-14,2026-06-14,4
P03801,2026-06-08,2026-06-14,4
P03822,2026-06-12,2026-06-14,1
P03825,2026-06-06,2026-06-14,3
P03827,2026-06-02,2026-06-14,3
P03833,2026-06-14,2026-06-14,4
P03895,2026-06-06,2026-06-14,1
P03923,2026-06-14,2026-06-14,5
P03941,2026-06-06,2026-06-14,1
P03975,2026-06-14,2026-06-14,3
P03979,2026-06-12,2026-06-14,2
P04008,2026-06-04,2026-06-14,3
P04010,2026-06-03,2026-06-14,1
P04014,2026-06-11,2026-06-14,2
P04023,2026-06-13,2026-06-14,3
P04038,2026-06-09,2026-06-14,4
P04058,2026-06-05,2026-06-14,3
P04063,2026-06-14,2026-06-14,3
P04102,2026-06-14,2026-06-14,2
P04120,2026-06-14,2026-06-14,2
P04258,2026-06-14,2026-06-14,4
P04288,2026-06-14,2026-06-14,5
P04308,2026-06-13,2026-06-14,1
P04311,2026-06-13,2026-06-14,3
P04325,2026-06-14,2026-06-14,4
P04328,2026-06-14,2026-06-14,3
P04341,2026-06-14,2026-06-14,3
P04374,2026-06-11,2026-06-14,3
P04385,2026-06-02,2026-06-14,1
P04426,2026-06-14,2026-06-14,3
P04427,2026-06-14,2026-06-14,3
P04438,2026-06-14,2026-06-14,2
P04461,2026-06-08,2026-06-14,2
P04468,2026-06-12,2026-06-14,2
P04499,2026-06-11,2026-06-14,4
P04520,2026-06-14,2026-06-14,5
P04533,2026-06-08,2026-06-14,2
P04565,2026-06-03,2026-06-14,4
P04630,2026-06-08,2026-06-14,1
P04659,2026-06-14,2026-06-14,2
P04666,2026-06-14,2026-06-14,3
P04675,2026-06-14,2026-06-14,5
P04684,2026-06-12,2026-06-14,2
P04708,2026-06-11,2026-06-14,3
P04746,2026-06-14,2026-06-14,4
P04750,2026-06-11,2026-06-14,2
P04768,2026-06-02,2026-06-14,4
P04786,2026-06-07,2026-06-14,3
P04804,2026-06-14,2026-06-14,3
P04825,2026-06-09,2026-06-14,1
P04829,2026-06-08,2026-06-14,4
P04833,2026-06-03,2026-06-14,4
P04856,2026-06-14,2026-06-14,2
P04880,2026-06-14,2026-06-14,3
P04888,2026-06-05,2026-06-14,4
P04987,2026-06-08,2026-06-14,2
P04989,2026-06-09,2026-06-14,3
P04992,2026-06-14,2026-06-14,3
P05003,2026-06-09,2026-06-14,1
P05024,2026-06-14,2026-06-14,2
P05030,2026-06-13,2026-06-14,1
P05031,2026-06-14,2026-06-14,5
P05066,2026-06-05,2026-06-14,3
P05070,2026-06-09,2026-06-14,3
P05087,2026-06-14,2026-06-14,5
P05113,2026-06-14,2026-06-14,4
P05157,2026-06-07,2026-06-14,4
P05162,2026-06-09,2026-06-14,1
P05171,2026-06-13,2026-06-14,2
P05174,2026-06-06,2026-06-14,4
P05223,2026-06-06,2026-06-14,2
P05228,2026-06-14,2026-06-14,3
P05304,2026-06-14,2026-06-14,4
P05330,2026-06-13,2026-06-14,1
P05335,2026-06-10,2026-06-14,3
P05379,2026-06-14,2026-06-14,2
P05380,2026-06-13,2026-06-14,3
P05382,2026-06-13,2026-06-14,4
P05450,2026-06-02,2026-06-14,1
P05455,2026-06-14,2026-06-14,5
P05496,2026-06-08,2026-06-14,3
P05519,2026-06-12,2026-06-14,3
P05548,2026-06-14,2026-06-14,3
P05569,2026-06-08,2026-06-14,3
P05625,2026-06-14,2026-06-14,5
P05648,2026-06-14,2026-06-14,5
P05657,2026-06-14,2026-06-14,1
P05684,2026-06-13,2026-06-14,2
P05705,2026-06-04,2026-06-14,2
P05712,2026-06-11,2026-06-14,2
P05737,2026-06-12,2026-06-14,2
P05739,2026-06-07,2026-06-14,2
P05741,2026-06-01,2026-06-14,1
P05801,2026-06-05,2026-06-14,4
P05807,2026-06-13,2026-06-14,1
P05817,2026-06-12,2026-06-14,1
P05839,2026-06-13,2026-06-14,3
P05865,2026-06-11,2026-06-14,2
P05900,2026-06-02,2026-06-14,1
P05901,2026-06-14,2026-06-14,1
P05935,2026-06-08,2026-06-14,2
P05954,2026-06-09,2026-06-14,2
P06001,2026-06-07,2026-06-14,4
P06021,2026-06-02,2026-06-14,2
P06040,2026-06-14,2026-06-14,3
P06073,2026-06-07,2026-06-14,2
P06094,2026-06-13,2026-06-14,2
P06128,2026-06-08,2026-06-14,2
P06137,2026-06-14,2026-06-14,2
P06153,2026-06-14,2026-06-14,4
P06180,2026-06-07,2026-06-14,2
P06217,2026-06-14,2026-06-14,4
P06236,2026-06-11,2026-06-14,4
P06237,2026-06-09,2026-06-14,3
P06250,2026-06-07,2026-06-14,2
P06277,2026-06-04,2026-06-14,3
P06280,2026-06-07,2026-06-14,3
P06290,2026-06-01,2026-06-14,1
P06294,2026-06-14,2026-06-14,3
P06335,2026-06-09,2026-06-14,1
P06425,2026-06-09,2026-06-14,3
P06434,2026-06-07,2026-06-14,1
P06455,2026-06-13,2026-06-14,4
P06463,2026-06-04,2026-06-14,1
P06465,2026-06-14,2026-06-14,2
P06488,2026-06-14,2026-06-14,5
P06507,2026-06-04,2026-06-14,2
P06534,2026-06-12,2026-06-14,4
P06562,2026-06-14,2026-06-14,2
P06573,2026-06-05,2026-06-14,2
P06584,2026-06-14,2026-06-14,3
P06640,2026-06-14,2026-06-14,5
P06672,2026-06-14,2026-06-14,5
P06697,2026-06-14,2026-06-14,3
P06713,2026-06-14,2026-06-14,3
P06781,2026-06-11,2026-06-14,3
P06788,2026-06-10,2026-06-14,3
P06803,2026-06-14,2026-06-14,5
P06808,2026-06-14,2026-06-14,2
P06828,2026-06-12,2026-06-14,3
P06829,2026-06-12,2026-06-14,2
P06835,2026-06-14,2026-06-14,5
P06883,2026-06-09,2026-06-14,1
P06887,2026-06-12,2026-06-14,1
P06890,2026-06-14,2026-06-14,4
P06898,2026-06-08,2026-06-14,2
P06925,2026-06-07,2026-06-14,4
P06943,2026-06-02,2026-06-14,4
P06958,2026-06-11,2026-06-14,4
P06984,2026-06-06,2026-06-14,3
P07026,2026-06-10,2026-06-14,4
P07060,2026-06-14,2026-06-14,3
P07063,2026-06-14,2026-06-14,4
P07178,2026-06-13,2026-06-14,3
P07191,2026-06-05,2026-06-14,2
P07194,2026-06-14,2026-06-14,4
P07205,2026-06-12,2026-06-14,4
P07218,2026-06-08,2026-06-14,1
P07235,2026-06-04,2026-06-14,4
P07252,2026-06-14,2026-06-14,1
P07253,2026-06-11,2026-06-14,2
P07295,2026-06-14,2026-06-14,3
P07298,2026-06-08,2026-06-14,4
P07338,2026-06-10,2026-06-14,4
P07350,2026-06-12,2026-06-14,1
P07358,2026-06-13,2026-06-14,4
P07375,2026-06-14,2026-06-14,3
P07381,2026-06-14,2026-06-14,4
P07385,2026-06-03,2026-06-14,3
P07484,2026-06-14,2026-06-14,4
P07531,2026-06-04,2026-06-14,2
P07542,2026-06-07,2026-06-14,2
P07560,2026-06-04,2026-06-14,2
P07620,2026-06-13,2026-06-14,3
P07637,2026-06-14,2026-06-14,4
P07652,2026-06-14,2026-06-14,2
P07666,2026-06-08,2026-06-14,4
P07705,2026-06-14,2026-06-14,1
P07720,2026-06-14,2026-06-14,4
P07727,2026-06-10,2026-06-14,2
P07739,2026-06-08,2026-06-14,4
P07740,2026-06-14,2026-06-14,2
P07816,2026-06-14,2026-06-14,1
P07827,2026-06-14,2026-06-14,2
P07836,2026-06-14,2026-06-14,3
P07849,2026-06-10,2026-06-14,2
P07855,2026-06-13,2026-06-14,3
P07859,2026-06-07,2026-06-14,4
P07876,2026-06-14,2026-06-14,4
P07940,2026-06-14,2026-06-14,1
P07950,2026-06-03,2026-06-14,4
P07986,2026-06-11,2026-06-14,3
P07988,2026-06-14,2026-06-14,2
P07989,2026-06-11,2026-06-14,3
P00022,2026-06-15,2026-06-15,1
P00045,2026-06-12,2026-06-15,1
P00085,2026-06-15,2026-06-15,5
P00092,2026-06-13,2026-06-15,2
P00114,2026-06-01,2026-06-15,4
P00131,2026-06-12,2026-06-15,1
P00132,2026-06-09,2026-06-15,2
P00143,2026-06-08,2026-06-15,4
P00176,2026-06-14,2026-06-15,2
P00192,2026-06-13,2026-06-15,2
P00201,2026-06-13,2026-06-15,1
P00225,2026-06-15,2026-06-15,3
P00226,2026-06-14,2026-06-15,2
P00240,2026-06-11,2026-06-15,1
P00264,2026-06-02,2026-06-15,4
P00302,2026-06-02,2026-06-15,2
P00328,2026-06-15,2026-06-15,2
P00343,2026-06-15,2026-06-15,2
P00352,2026-06-10,2026-06-15,1
P00402,2026-06-15,2026-06-15,3
P00451,2026-06-15,2026-06-15,3
P00499,2026-06-15,2026-06-15,5
P00500,2026-06-15,2026-06-15,4
P00536,2026-06-04,2026-06-15,2
P00562,2026-06-15,2026-06-15,5
P00569,2026-06-15,2026-06-15,5
P00584,2026-06-03,2026-06-15,2
P00591,2026-06-05,2026-06-15,3
P00609,2026-06-11,2026-06-15,1
P00652,2026-06-03,2026-06-15,2
P00657,2026-06-09,2026-06-15,2
P00678,2026-06-15,2026-06-15,5
P00709,2026-06-02,2026-06-15,3
P00768,2026-06-15,2026-06-15,4
P00774,2026-06-15,2026-06-15,3
P00789,2026-06-15,2026-06-15,2
P00798,2026-06-03,2026-06-15,4
P00819,2026-06-11,2026-06-15,4
P00848,2026-06-10,2026-06-15,3
P00851,2026-06-15,2026-06-15,4
P00910,2026-06-08,2026-06-15,4
P00938,2026-06-04,2026-06-15,1
P00956,2026-06-12,2026-06-15,1
P00958,2026-06-15,2026-06-15,2
P00961,2026-06-15,2026-06-15,3
P00970,2026-06-09,2026-06-15,3
P00984,2026-06-13,2026-06-15,2
P01038,2026-06-15,2026-06-15,4
P01046,2026-06-07,2026-06-15,2
P01098,2026-06-12,2026-06-15,3
P01129,2026-06-14,2026-06-15,4
P01140,2026-06-10,2026-06-15,1
P01191,2026-06-05,2026-06-15,4
P01204,2026-06-15,2026-06-15,5
P01254,2026-06-15,2026-06-15,1
P01255,2026-06-15,2026-06-15,4
P01260,2026-06-08,2026-06-15,2
P01274,2026-06-13,2026-06-15,3
P01327,2026-06-01,2026-06-15,2
P01372,2026-06-03,2026-06-15,1
P01393,2026-06-15,2026-06-15,3
P01432,2026-06-02,2026-06-15,4
P01447,2026-06-15,2026-06-15,2
P01456,2026-06-13,2026-06-15,2
P01474,2026-06-07,2026-06-15,2
P01568,2026-06-07,2026-06-15,2
P01569,2026-06-12,2026-06-15,2
P01573,2026-06-04,2026-06-15,4
P01593,2026-06-15,2026-06-15,4
P01635,2026-06-10,2026-06-15,2
P01646,2026-06-08,2026-06-15,4
P01675,2026-06-09,2026-06-15,2
P01717,2026-06-07,2026-06-15,3
P01734,2026-06-09,2026-06-15,1
P01740,2026-06-13,2026-06-15,4
P01767,2026-06-11,2026-06-15,2
P01775,2026-06-01,2026-06-15,1
P01778,2026-06-15,2026-06-15,1
P01797,2026-06-15,2026-06-15,2
P01886,2026-06-15,2026-06-15,4
P01889,2026-06-15,2026-06-15,1
P01917,2026-06-15,2026-06-15,3
P01960,2026-06-12,2026-06-15,3
P01981,2026-06-08,2026-06-15,1
P02014,2026-06-02,2026-06-15,2
P02026,2026-06-15,2026-06-15,5
P02028,2026-06-15,2026-06-15,1
P02048,2026-06-15,2026-06-15,1
P02062,2026-06-01,2026-06-15,4
P02068,2026-06-07,2026-06-15,1
P02070,2026-06-05,2026-06-15,1
P02073,2026-06-12,2026-06-15,1
P02137,2026-06-08,2026-06-15,1
P02208,2026-06-08,2026-06-15,1
P02212,2026-06-15,2026-06-15,1
P02217,2026-06-12,2026-06-15,4
P02225,2026-06-12,2026-06-15,1
P02250,2026-06-06,2026-06-15,1
P02300,2026-06-15,2026-06-15,1
P02365,2026-06-15,2026-06-15,2
P02385,2026-06-01,2026-06-15,2
P02420,2026-06-15,2026-06-15,1
P02424,2026-06-06,2026-06-15,2
P02443,2026-06-09,2026-06-15,3
P02517,2026-06-06,2026-06-15,1
P02542,2026-06-08,2026-06-15,4
P02546,2026-06-09,2026-06-15,4
P02575,2026-06-10,2026-06-15,4
P02582,2026-06-14,2026-06-15,4
P02602,2026-06-14,2026-06-15,2
P02640,2026-06-15,2026-06-15,3
P02669,2026-06-12,2026-06-15,2
P02696,2026-06-13,2026-06-15,1
P02736,2026-06-03,2026-06-15,4
P02753,2026-06-15,2026-06-15,3
P02758,2026-06-14,2026-06-15,3
P02771,2026-06-05,2026-06-15,1
P02777,2026-06-12,2026-06-15,3
P02797,2026-06-15,2026-06-15,2
P02813,2026-06-08,2026-06-15,3
P02840,2026-06-14,2026-06-15,2
P02843,2026-06-15,2026-06-15,2
P02966,2026-06-15,2026-06-15,3
P02977,2026-06-03,2026-06-15,4
P02994,2026-06-06,2026-06-15,4
P03004,2026-06-05,2026-06-15,3
P03005,2026-06-12,2026-06-15,1
P03021,2026-06-10,2026-06-15,2
P03029,2026-06-11,2026-06-15,3
P03032,2026-06-15,2026-06-15,2
P03033,2026-06-12,2026-06-15,3
P03042,2026-06-15,2026-06-15,5
P03052,2026-06-07,2026-06-15,2
P03059,2026-06-15,2026-06-15,3
P03065,2026-06-12,2026-06-15,1
P03078,2026-06-05,2026-06-15,4
P03102,2026-06-09,2026-06-15,4
P03141,2026-06-10,2026-06-15,3
P03144,2026-06-11,2026-06-15,3
P03147,2026-06-08,2026-06-15,3
P03170,2026-06-14,2026-06-15,2
P03204,2026-06-08,2026-06-15,1
P03219,2026-06-13,2026-06-15,1
P03221,2026-06-13,2026-06-15,4
P03227,2026-06-14,2026-06-15,4
P03300,2026-06-11,2026-06-15,1
P03301,2026-06-15,2026-06-15,4
P03351,2026-06-15,2026-06-15,4
P03384,2026-06-10,2026-06-15,4
P03397,2026-06-08,2026-06-15,2
P03407,2026-06-09,2026-06-15,3
P03423,2026-06-05,2026-06-15,2
P03425,2026-06-06,2026-06-15,1
P03441,2026-06-15,2026-06-15,3
P03442,2026-06-10,2026-06-15,2
P03452,2026-06-09,2026-06-15,1
P03510,2026-06-07,2026-06-15,1
P03512,2026-06-06,2026-06-15,4
P03526,2026-06-09,2026-06-15,3
P03595,2026-06-02,2026-06-15,2
P03635,2026-06-15,2026-06-15,5
P03642,2026-06-04,2026-06-15,1
P03659,2026-06-15,2026-06-15,2
P03681,2026-06-06,2026-06-15,3
P03746,2026-06-12,2026-06-15,4
P03820,2026-06-13,2026-06-15,4
P03840,2026-06-15,2026-06-15,5
P03856,2026-06-01,2026-06-15,1
P03905,2026-06-15,2026-06-15,3
P03914,2026-06-11,2026-06-15,1
P03923,2026-06-14,2026-06-15,4
P03930,2026-06-15,2026-06-15,3
P03931,2026-06-15,2026-06-15,2
P03956,2026-06-02,2026-06-15,4
P03976,2026-06-05,2026-06-15,2
P03979,2026-06-12,2026-06-15,3
P03986,2026-06-15,2026-06-15,5
P03999,2026-06-12,2026-06-15,1
P04014,2026-06-11,2026-06-15,3
P04016,2026-06-06,2026-06-15,4
P04038,2026-06-09,2026-06-15,1
P04093,2026-06-15,2026-06-15,2
P04120,2026-06-14,2026-06-15,1
P04132,2026-06-15,2026-06-15,1
P04156,2026-06-15,2026-06-15,4
P04166,2026-06-08,2026-06-15,4
P04216,2026-06-15,2026-06-15,2
P04272,2026-06-09,2026-06-15,3
P04288,2026-06-14,2026-06-15,1
P04308,2026-06-13,2026-06-15,3
P04325,2026-06-14,2026-06-15,2
P04341,2026-06-14,2026-06-15,3
P04366,2026-06-11,2026-06-15,2
P04399,2026-06-10,2026-06-15,2
P04416,2026-06-04,2026-06-15,2
P04417,2026-06-15,2026-06-15,5
P04426,2026-06-14,2026-06-15,3
P04451,2026-06-12,2026-06-15,2
P04471,2026-06-05,2026-06-15,2
P04529,2026-06-08,2026-06-15,3
P04580,2026-06-15,2026-06-15,3
P04620,2026-06-11,2026-06-15,3
P04630,2026-06-08,2026-06-15,3
P04684,2026-06-12,2026-06-15,1
P04694,2026-06-12,2026-06-15,3
P04783,2026-06-12,2026-06-15,4
P04793,2026-06-01,2026-06-15,4
P04822,2026-06-10,2026-06-15,3
P04828,2026-06-15,2026-06-15,4
P04851,2026-06-12,2026-06-15,2
P04877,2026-06-15,2026-06-15,3
P04897,2026-06-15,2026-06-15,4
P04939,2026-06-15,2026-06-15,3
P04981,2026-06-15,2026-06-15,4
P04987,2026-06-08,2026-06-15,3
P04993,2026-06-07,2026-06-15,4
P05000,2026-06-15,2026-06-15,4
P05003,2026-06-09,2026-06-15,1
P05010,2026-06-15,2026-06-15,2
P05018,2026-06-15,2026-06-15,4
P05030,2026-06-13,2026-06-15,3
P05032,2026-06-15,2026-06-15,4
P05065,2026-06-13,2026-06-15,1
P05070,2026-06-09,2026-06-15,1
P05071,2026-06-15,2026-06-15,2
P05087,2026-06-14,2026-06-15,2
P05116,2026-06-15,2026-06-15,4
P05166,2026-06-15,2026-06-15,1
P05174,2026-06-06,2026-06-15,3
P05179,2026-06-06,2026-06-15,4
P05189,2026-06-11,2026-06-15,1
P05226,2026-06-12,2026-06-15,3
P05228,2026-06-14,2026-06-15,2
P05234,2026-06-07,2026-06-15,1
P05254,2026-06-02,2026-06-15,1
P05255,2026-06-04,2026-06-15,2
P05267,2026-06-15,2026-06-15,3
P05287,2026-06-15,2026-06-15,5
P05304,2026-06-14,2026-06-15,2
P05310,2026-06-04,2026-06-15,1
P05353,2026-06-15,2026-06-15,4
P05367,2026-06-06,2026-06-15,4
P05368,2026-06-15,2026-06-15,3
P05379,2026-06-14,2026-06-15,2
P05380,2026-06-13,2026-06-15,4
P05382,2026-06-13,2026-06-15,1
P05398,2026-06-11,2026-06-15,3
P05401,2026-06-15,2026-06-15,5
P05424,2026-06-13,2026-06-15,4
P05496,2026-06-08,2026-06-15,1
P05509,2026-06-15,2026-06-15,2
P05516,2026-06-10,2026-06-15,2
P05518,2026-06-01,2026-06-15,4
P05522,2026-06-11,2026-06-15,2
P05525,2026-06-03,2026-06-15,1
P05552,2026-06-11,2026-06-15,3
P05560,2026-06-15,2026-06-15,2
P05569,2026-06-08,2026-06-15,2
P05583,2026-06-15,2026-06-15,5
P05606,2026-06-10,2026-06-15,2
P05616,2026-06-10,2026-06-15,4
P05657,2026-06-14,2026-06-15,2
P05678,2026-06-07,2026-06-15,2
P05698,2026-06-15,2026-06-15,4
P05741,2026-06-01,2026-06-15,3
P05796,2026-06-15,2026-06-15,1
P05806,2026-06-15,2026-06-15,2
P05807,2026-06-13,2026-06-15,4
P05912,2026-06-02,2026-06-15,1
P05934,2026-06-07,2026-06-15,1
P05939,2026-06-09,2026-06-15,3
P06012,2026-06-10,2026-06-15,1
P06149,2026-06-08,2026-06-15,1
P06157,2026-06-08,2026-06-15,4
P06163,2026-06-09,2026-06-15,4
P06177,2026-06-10,2026-06-15,1
P06179,2026-06-07,2026-06-15,2
P06199,2026-06-08,2026-06-15,1
P06243,2026-06-15,2026-06-15,3
P06259,2026-06-10,2026-06-15,1
P06274,2026-06-07,2026-06-15,4
P06320,2026-06-09,2026-06-15,4
P06323,2026-06-06,2026-06-15,3
P06331,2026-06-09,2026-06-15,2
P06335,2026-06-09,2026-06-15,1
P06358,2026-06-15,2026-06-15,5
P06378,2026-06-15,2026-06-15,1
P06401,2026-06-07,2026-06-15,3
P06411,2026-06-15,2026-06-15,3
P06425,2026-06-09,2026-06-15,3
P06431,2026-06-04,2026-06-15,2
P06488,2026-06-14,2026-06-15,1
P06508,2026-06-15,2026-06-15,5
P06518,2026-06-09,2026-06-15,2
P06541,2026-06-08,2026-06-15,2
P06615,2026-06-12,2026-06-15,1
P06634,2026-06-15,2026-06-15,5
P06649,2026-06-07,2026-06-15,3
P06667,2026-06-15,2026-06-15,1
P06685,2026-06-15,2026-06-15,3
P06689,2026-06-05,2026-06-15,4
P06694,2026-06-15,2026-06-15,1
P06714,2026-06-06,2026-06-15,2
P06762,2026-06-15,2026-06-15,1
P06792,2026-06-08,2026-06-15,4
P06797,2026-06-05,2026-06-15,3
P06803,2026-06-14,2026-06-15,1
P06808,2026-06-14,2026-06-15,3
P06823,2026-06-15,2026-06-15,2
P06833,2026-06-08,2026-06-15,2
P06835,2026-06-14,2026-06-15,2
P06848,2026-06-15,2026-06-15,4
P06878,2026-06-10,2026-06-15,4
P06939,2026-06-02,2026-06-15,2
P06946,2026-06-15,2026-06-15,5
P07029,2026-06-03,2026-06-15,4
P07032,2026-06-11,2026-06-15,1
P07042,2026-06-15,2026-06-15,2
P07047,2026-06-06,2026-06-15,4
P07062,2026-06-15,2026-06-15,5
P07063,2026-06-14,2026-06-15,1
P07068,2026-06-09,2026-06-15,2
P07086,2026-06-05,2026-06-15,2
P07100,2026-06-15,2026-06-15,5
P07156,2026-06-10,2026-06-15,3
P07175,2026-06-01,2026-06-15,2
P07178,2026-06-13,2026-06-15,1
P07191,2026-06-05,2026-06-15,3
P07194,2026-06-14,2026-06-15,3
P07205,2026-06-12,2026-06-15,3
P07214,2026-06-15,2026-06-15,1
P07236,2026-06-08,2026-06-15,3
P07264,2026-06-10,2026-06-15,3
P07273,2026-06-01,2026-06-15,4
P07286,2026-06-02,2026-06-15,2
P07289,2026-06-13,2026-06-15,3
P07304,2026-06-12,2026-06-15,2
P07317,2026-06-09,2026-06-15,4
P07355,2026-06-15,2026-06-15,5
P07378,2026-06-10,2026-06-15,2
P07381,2026-06-14,2026-06-15,1
P07407,2026-06-03,2026-06-15,2
P07450,2026-06-15,2026-06-15,3
P07514,2026-06-13,2026-06-15,2
P07524,2026-06-13,2026-06-15,2
P07525,2026-06-15,2026-06-15,1
P07545,2026-06-15,2026-06-15,1
P07551,2026-06-05,2026-06-15,2
P07557,2026-06-15,2026-06-15,1
P07620,2026-06-13,2026-06-15,1
P07621,2026-06-08,2026-06-15,4
P07659,2026-06-06,2026-06-15,4
P07673,2026-06-15,2026-06-15,5
P07705,2026-06-14,2026-06-15,2
P07722,2026-06-15,2026-06-15,4
P07723,2026-06-04,2026-06-15,4
P07740,2026-06-14,2026-06-15,4
P07773,2026-06-15,2026-06-15,2
P07784,2026-06-12,2026-06-15,1
P07785,2026-06-15,2026-06-15,2
P07796,2026-06-03,2026-06-15,1
P07801,2026-06-03,2026-06-15,4
P07816,2026-06-14,2026-06-15,1
P07835,2026-06-01,2026-06-15,2
P07876,2026-06-14,2026-06-15,2
P07926,2026-06-10,2026-06-15,1
P07961,2026-06-15,2026-06-15,5
P00005,2026-06-16,2026-06-16,3
P00022,2026-06-15,2026-06-16,1
P00033,2026-06-11,2026-06-16,3
P00054,2026-06-11,2026-06-16,2
P00083,2026-06-13,2026-06-16,1
P00106,2026-06-04,2026-06-16,3
P00131,2026-06-12,2026-06-16,2
P00132,2026-06-09,2026-06-16,2
P00153,2026-06-07,2026-06-16,4
P00185,2026-06-16,2026-06-16,4
P00197,2026-06-05,2026-06-16,1
P00226,2026-06-14,2026-06-16,2
P00233,2026-06-16,2026-06-16,3
P00244,2026-06-11,2026-06-16,2
P00257,2026-06-16,2026-06-16,2
P00275,2026-06-16,2026-06-16,4
P00281,2026-06-16,2026-06-16,1
P00299,2026-06-16,2026-06-16,2
P00303,2026-06-16,2026-06-16,4
P00333,2026-06-16,2026-06-16,3
P00347,2026-06-16,2026-06-16,4
P00396,2026-06-04,2026-06-16,2
P00410,2026-06-16,2026-06-16,2
P00445,2026-06-02,2026-06-16,4
P00451,2026-06-15,2026-06-16,1
P00453,2026-06-03,2026-06-16,3
P00486,2026-06-14,2026-06-16,1
P00500,2026-06-15,2026-06-16,3
P00543,2026-06-13,2026-06-16,4
P00550,2026-06-16,2026-06-16,2
P00562,2026-06-15,2026-06-16,2
P00605,2026-06-06,2026-06-16,1
P00652,2026-06-03,2026-06-16,1
P00676,2026-06-08,2026-06-16,4
P00691,2026-06-16,2026-06-16,4
P00796,2026-06-09,2026-06-16,2
P00814,2026-06-09,2026-06-16,2
P00819,2026-06-11,2026-06-16,3
P00825,2026-06-16,2026-06-16,3
P00826,2026-06-16,2026-06-16,5
P00886,2026-06-09,2026-06-16,4
P00897,2026-06-07,2026-06-16,2
P00910,2026-06-08,2026-06-16,2
P00924,2026-06-02,2026-06-16,2
P00946,2026-06-16,2026-06-16,5
P00960,2026-06-16,2026-06-16,5
P00973,2026-06-16,2026-06-16,4
P00993,2026-06-11,2026-06-16,4
P01018,2026-06-16,2026-06-16,5
P01038,2026-06-15,2026-06-16,2
P01077,2026-06-16,2026-06-16,4
P01107,2026-06-14,2026-06-16,3
P01108,2026-06-04,2026-06-16,4
P01113,2026-06-08,2026-06-16,3
P01189,2026-06-16,2026-06-16,4
P01254,2026-06-15,2026-06-16,1
P01284,2026-06-14,2026-06-16,2
P01302,2026-06-08,2026-06-16,1
P01318,2026-06-16,2026-06-16,4
P01376,2026-06-16,2026-06-16,4
P01445,2026-06-08,2026-06-16,1
P01456,2026-06-13,2026-06-16,1
P01495,2026-06-16,2026-06-16,4
P01517,2026-06-11,2026-06-16,3
P01529,2026-06-12,2026-06-16,2
P01545,2026-06-16,2026-06-16,1
P01593,2026-06-15,2026-06-16,1
P01603,2026-06-08,2026-06-16,3
P01654,2026-06-16,2026-06-16,2
P01665,2026-06-16,2026-06-16,4
P01670,2026-06-10,2026-06-16,2
P01693,2026-06-16,2026-06-16,1
P01720,2026-06-16,2026-06-16,1
P01737,2026-06-04,2026-06-16,3
P01811,2026-06-03,2026-06-16,1
P01828,2026-06-16,2026-06-16,1
P01889,2026-06-15,2026-06-16,2
P01893,2026-06-13,2026-06-16,3
P01908,2026-06-16,2026-06-16,1
P01955,2026-06-16,2026-06-16,4
P01960,2026-06-12,2026-06-16,3
P02018,2026-06-16,2026-06-16,2
P02024,2026-06-13,2026-06-16,2
P02026,2026-06-15,2026-06-16,3
P02030,2026-06-07,2026-06-16,4
P02048,2026-06-15,2026-06-16,1
P02063,2026-06-16,2026-06-16,3
P02075,2026-06-07,2026-06-16,2
P02087,2026-06-06,2026-06-16,4
P02090,2026-06-09,2026-06-16,1
P02095,2026-06-13,2026-06-16,4
P02098,2026-06-12,2026-06-16,3
P02103,2026-06-10,2026-06-16,2
P02206,2026-06-12,2026-06-16,3
P02247,2026-06-16,2026-06-16,4
P02317,2026-06-04,2026-06-16,2
P02332,2026-06-16,2026-06-16,3
P02360,2026-06-14,2026-06-16,3
P02368,2026-06-14,2026-06-16,3
P02369,2026-06-07,2026-06-16,1
P02394,2026-06-16,2026-06-16,4
P02422,2026-06-10,2026-06-16,4
P02434,2026-06-16,2026-06-16,1
P02436,2026-06-16,2026-06-16,3
P02437,2026-06-06,2026-06-16,3
P02452,2026-06-16,2026-06-16,2
P02526,2026-06-06,2026-06-16,4
P02535,2026-06-16,2026-06-16,4
P02582,2026-06-14,2026-06-16,4
P02602,2026-06-14,2026-06-16,4
P02614,2026-06-11,2026-06-16,4
P02689,2026-06-06,2026-06-16,3
P02696,2026-06-13,2026-06-16,3
P02763,2026-06-12,2026-06-16,1
P02777,2026-06-12,2026-06-16,3
P02798,2026-06-09,2026-06-16,1
P02799,2026-06-07,2026-06-16,1
P02804,2026-06-16,2026-06-16,3
P02823,2026-06-11,2026-06-16,1
P02899,2026-06-05,2026-06-16,1
P02921,2026-06-16,2026-06-16,3
P02980,2026-06-16,2026-06-16,3
P03003,2026-06-16,2026-06-16,1
P03004,2026-06-05,2026-06-16,2
P03031,2026-06-16,2026-06-16,4
P03032,2026-06-15,2026-06-16,3
P03053,2026-06-04,2026-06-16,4
P03074,2026-06-14,2026-06-16,2
P03102,2026-06-09,2026-06-16,3
P03104,2026-06-13,2026-06-16,4
P03107,2026-06-07,2026-06-16,2
P03120,2026-06-06,2026-06-16,2
P03135,2026-06-16,2026-06-16,2
P03161,2026-06-16,2026-06-16,5
P03170,2026-06-14,2026-06-16,3
P03247,2026-06-07,2026-06-16,4
P03281,2026-06-16,2026-06-16,4
P03351,2026-06-15,2026-06-16,2
P03384,2026-06-10,2026-06-16,3
P03395,2026-06-16,2026-06-16,4
P03396,2026-06-12,2026-06-16,4
P03423,2026-06-05,2026-06-16,3
P03432,2026-06-02,2026-06-16,1
P03455,2026-06-05,2026-06-16,1
P03470,2026-06-16,2026-06-16,4
P03518,2026-06-16,2026-06-16,3
P03541,2026-06-03,2026-06-16,2
P03564,2026-06-04,2026-06-16,1
P03584,2026-06-16,2026-06-16,2
P03658,2026-06-16,2026-06-16,5
P03668,2026-06-08,2026-06-16,2
P03676,2026-06-08,2026-06-16,4
P03686,2026-06-16,2026-06-16,4
P03690,2026-06-16,2026-06-16,5
P03692,2026-06-10,2026-06-16,1
P03748,2026-06-16,2026-06-16,3
P03776,2026-06-11,2026-06-16,2
P03832,2026-06-12,2026-06-16,3
P03905,2026-06-15,2026-06-16,2
P03931,2026-06-15,2026-06-16,3
P04014,2026-06-11,2026-06-16,2
P04156,2026-06-15,2026-06-16,4
P04286,2026-06-16,2026-06-16,3
P04288,2026-06-14,2026-06-16,4
P04319,2026-06-05,2026-06-16,2
P04321,2026-06-16,2026-06-16,2
P04337,2026-06-04,2026-06-16,2
P04339,2026-06-16,2026-06-16,5
P04346,2026-06-16,2026-06-16,1
P04354,2026-06-16,2026-06-16,4
P04366,2026-06-11,2026-06-16,4
P04393,2026-06-16,2026-06-16,1
P04399,2026-06-10,2026-06-16,2
P04426,2026-06-14,2026-06-16,4
P04438,2026-06-14,2026-06-16,2
P04489,2026-06-16,2026-06-16,5
P04491,2026-06-16,2026-06-16,5
P04551,2026-06-13,2026-06-16,2
P04564,2026-06-16,2026-06-16,3
P04649,2026-06-13,2026-06-16,1
P04681,2026-06-16,2026-06-16,5
P04787,2026-06-16,2026-06-16,2
P04797,2026-06-16,2026-06-16,4
P04818,2026-06-02,2026-06-16,1
P04828,2026-06-15,2026-06-16,4
P04836,2026-06-04,2026-06-16,4
P04840,2026-06-16,2026-06-16,4
P04847,2026-06-13,2026-06-16,4
P04856,2026-06-14,2026-06-16,2
P04897,2026-06-15,2026-06-16,2
P04934,2026-06-16,2026-06-16,5
P04938,2026-06-04,2026-06-16,3
P04996,2026-06-16,2026-06-16,5
P05003,2026-06-09,2026-06-16,1
P05015,2026-06-16,2026-06-16,1
P05028,2026-06-16,2026-06-16,5
P05032,2026-06-15,2026-06-16,4
P05057,2026-06-16,2026-06-16,5
P05065,2026-06-13,2026-06-16,3
P05075,2026-06-06,2026-06-16,3
P05088,2026-06-16,2026-06-16,3
P05103,2026-06-13,2026-06-16,3
P05148,2026-06-07,2026-06-16,1
P05158,2026-06-16,2026-06-16,3
P05164,2026-06-16,2026-06-16,4
P05177,2026-06-16,2026-06-16,5
P05191,2026-06-12,2026-06-16,4
P05194,2026-06-16,2026-06-16,3
P05196,2026-06-09,2026-06-16,2
P05222,2026-06-02,2026-06-16,2
P05228,2026-06-14,2026-06-16,4
P05270,2026-06-16,2026-06-16,3
P05273,2026-06-03,2026-06-16,1
P05287,2026-06-15,2026-06-16,4
P05346,2026-06-05,2026-06-16,1
P05351,2026-06-10,2026-06-16,2
P05353,2026-06-15,2026-06-16,3
P05380,2026-06-13,2026-06-16,1
P05382,2026-06-13,2026-06-16,2
P05416,2026-06-16,2026-06-16,3
P05422,2026-06-16,2026-06-16,3
P05424,2026-06-13,2026-06-16,3
P05478,2026-06-11,2026-06-16,3
P05486,2026-06-07,2026-06-16,4
P05504,2026-06-09,2026-06-16,2
P05506,2026-06-16,2026-06-16,4
P05518,2026-06-01,2026-06-16,1
P05525,2026-06-03,2026-06-16,1
P05552,2026-06-11,2026-06-16,1
P05618,2026-06-11,2026-06-16,4
P05636,2026-06-16,2026-06-16,5
P05637,2026-06-07,2026-06-16,3
P05644,2026-06-05,2026-06-16,2
P05653,2026-06-04,2026-06-16,3
P05673,2026-06-10,2026-06-16,2
P05675,2026-06-11,2026-06-16,3
P05678,2026-06-07,2026-06-16,4
P05705,2026-06-04,2026-06-16,3
P05710,2026-06-16,2026-06-16,2
P05744,2026-06-03,2026-06-16,3
P05753,2026-06-10,2026-06-16,2
P05763,2026-06-16,2026-06-16,2
P05792,2026-06-02,2026-06-16,4
P05801,2026-06-05,2026-06-16,4
P05807,2026-06-13,2026-06-16,3
P05828,2026-06-10,2026-06-16,3
P05839,2026-06-13,2026-06-16,3
P05865,2026-06-11,2026-06-16,3
P05877,2026-06-16,2026-06-16,3
P05890,2026-06-16,2026-06-16,5
P05891,2026-06-09,2026-06-16,2
P05913,2026-06-16,2026-06-16,1
P05931,2026-06-16,2026-06-16,3
P05939,2026-06-09,2026-06-16,4
P05954,2026-06-09,2026-06-16,3
P05958,2026-06-16,2026-06-16,2
P06013,2026-06-12,2026-06-16,4
P06080,2026-06-16,2026-06-16,3
P06114,2026-06-16,2026-06-16,2
P06163,2026-06-09,2026-06-16,2
P06177,2026-06-10,2026-06-16,1
P06189,2026-06-16,2026-06-16,5
P06206,2026-06-16,2026-06-16,1
P06229,2026-06-16,2026-06-16,1
P06232,2026-06-16,2026-06-16,4
P06237,2026-06-09,2026-06-16,3
P06259,2026-06-10,2026-06-16,3
P06277,2026-06-04,2026-06-16,4
P06284,2026-06-06,2026-06-16,1
P06294,2026-06-14,2026-06-16,2
P06297,2026-06-07,2026-06-16,2
P06299,2026-06-16,2026-06-16,4
P06376,2026-06-05,2026-06-16,1
P06404,2026-06-16,2026-06-16,1
P06411,2026-06-15,2026-06-16,1
P06434,2026-06-07,2026-06-16,3
P06480,2026-06-03,2026-06-16,1
P06484,2026-06-16,2026-06-16,2
P06488,2026-06-14,2026-06-16,2
P06534,2026-06-12,2026-06-16,1
P06538,2026-06-03,2026-06-16,2
P06558,2026-06-08,2026-06-16,4
P06579,2026-06-16,2026-06-16,2
P06608,2026-06-16,2026-06-16,1
P06622,2026-06-08,2026-06-16,1
P06640,2026-06-14,2026-06-16,2
P06667,2026-06-15,2026-06-16,2
P06668,2026-06-08,2026-06-16,4
P06669,2026-06-16,2026-06-16,2
P06685,2026-06-15,2026-06-16,2
P06688,2026-06-11,2026-06-16,3
P06694,2026-06-15,2026-06-16,1
P06725,2026-06-16,2026-06-16,1
P06782,2026-06-03,2026-06-16,1
P06788,2026-06-10,2026-06-16,3
P06791,2026-06-16,2026-06-16,5
P06803,2026-06-14,2026-06-16,2
P06808,2026-06-14,2026-06-16,3
P06809,2026-06-16,2026-06-16,1
P06826,2026-06-08,2026-06-16,3
P06849,2026-06-05,2026-06-16,1
P06864,2026-06-16,2026-06-16,5
P06866,2026-06-16,2026-06-16,4
P06883,2026-06-09,2026-06-16,2
P06912,2026-06-05,2026-06-16,1
P06915,2026-06-16,2026-06-16,5
P06920,2026-06-16,2026-06-16,2
P06953,2026-06-16,2026-06-16,3
P06958,2026-06-11,2026-06-16,2
P06984,2026-06-06,2026-06-16,3
P07007,2026-06-16,2026-06-16,4
P07026,2026-06-10,2026-06-16,3
P07042,2026-06-15,2026-06-16,2
P07063,2026-06-14,2026-06-16,3
P07064,2026-06-12,2026-06-16,3
P07073,2026-06-11,2026-06-16,2
P07098,2026-06-11,2026-06-16,3
P07120,2026-06-16,2026-06-16,2
P07181,2026-06-16,2026-06-16,3
P07202,2026-06-16,2026-06-16,1
P07203,2026-06-12,2026-06-16,2
P07208,2026-06-16,2026-06-16,5
P07223,2026-06-16,2026-06-16,4
P07233,2026-06-05,2026-06-16,3
P07235,2026-06-04,2026-06-16,1
P07266,2026-06-01,2026-06-16,1
P07304,2026-06-12,2026-06-16,1
P07310,2026-06-11,2026-06-16,2
P07326,2026-06-16,2026-06-16,3
P07337,2026-06-16,2026-06-16,2
P07355,2026-06-15,2026-06-16,3
P07370,2026-06-16,2026-06-16,4
P07381,2026-06-14,2026-06-16,4
P07385,2026-06-03,2026-06-16,2
P07387,2026-06-16,2026-06-16,4
P07421,2026-06-16,2026-06-16,5
P07445,2026-06-09,2026-06-16,2
P07463,2026-06-16,2026-06-16,5
P07470,2026-06-16,2026-06-16,3
P07524,2026-06-13,2026-06-16,3
P07543,2026-06-16,2026-06-16,4
P07545,2026-06-15,2026-06-16,3
P07559,2026-06-08,2026-06-16,3
P07576,2026-06-16,2026-06-16,3
P07620,2026-06-13,2026-06-16,2
P07637,2026-06-14,2026-06-16,4
P07653,2026-06-16,2026-06-16,4
P07666,2026-06-08,2026-06-16,4
P07673,2026-06-15,2026-06-16,4
P07681,2026-06-16,2026-06-16,2
P07687,2026-06-16,2026-06-16,1
P07705,2026-06-14,2026-06-16,2
P07741,2026-06-09,2026-06-16,1
P07753,2026-06-16,2026-06-16,2
P07796,2026-06-03,2026-06-16,4
P07876,2026-06-14,2026-06-16,1
P07881,2026-06-16,2026-06-16,2
P07961,2026-06-15,2026-06-16,1
P07970,2026-06-06,2026-06-16,4
P07971,2026-06-16,2026-06-16,4
P00005,2026-06-16,2026-06-17,4
P00022,2026-06-15,2026-06-17,2
P00041,2026-06-09,2026-06-17,1
P00132,2026-06-09,2026-06-17,2
P00174,2026-06-06,2026-06-17,1
P00179,2026-06-06,2026-06-17,4
P00186,2026-06-17,2026-06-17,3
P00237,2026-06-06,2026-06-17,3
P00243,2026-06-17,2026-06-17,1
P00244,2026-06-11,2026-06-17,1
P00251,2026-06-03,2026-06-17,1
P00281,2026-06-16,2026-06-17,3
P00286,2026-06-03,2026-06-17,1
P00292,2026-06-17,2026-06-17,2
P00300,2026-06-17,2026-06-17,3
P00302,2026-06-02,2026-06-17,2
P00339,2026-06-17,2026-06-17,2
P00347,2026-06-16,2026-06-17,4
P00400,2026-06-10,2026-06-17,3
P00441,2026-06-01,2026-06-17,1
P00447,2026-06-17,2026-06-17,4
P00453,2026-06-03,2026-06-17,3
P00480,2026-06-08,2026-06-17,4
P00509,2026-06-17,2026-06-17,2
P00541,2026-06-03,2026-06-17,3
P00550,2026-06-16,2026-06-17,2
P00562,2026-06-15,2026-06-17,3
P00619,2026-06-17,2026-06-17,1
P00622,2026-06-17,2026-06-17,4
P00661,2026-06-11,2026-06-17,3
P00671,2026-06-17,2026-06-17,1
P00789,2026-06-15,2026-06-17,2
P00819,2026-06-11,2026-06-17,3
P00825,2026-06-16,2026-06-17,3
P00850,2026-06-10,2026-06-17,1
P00934,2026-06-12,2026-06-17,2
P00942,2026-06-03,2026-06-17,1
P00946,2026-06-16,2026-06-17,4
P00998,2026-06-10,2026-06-17,1
P01001,2026-06-06,2026-06-17,4
P01045,2026-06-17,2026-06-17,4
P01050,2026-06-01,2026-06-17,3
P01077,2026-06-16,2026-06-17,1
P01132,2026-06-07,2026-06-17,4
P01183,2026-06-17,2026-06-17,5
P01191,2026-06-05,2026-06-17,3
P01206,2026-06-10,2026-06-17,4
P01284,2026-06-14,2026-06-17,4
P01294,2026-06-17,2026-06-17,5
P01358,2026-06-11,2026-06-17,1
P01372,2026-06-03,2026-06-17,1
P01392,2026-06-17,2026-06-17,3
P01393,2026-06-15,2026-06-17,4
P01395,2026-06-03,2026-06-17,1
P01423,2026-06-01,2026-06-17,3
P01431,2026-06-07,2026-06-17,3
P01435,2026-06-10,2026-06-17,2
P01471,2026-06-17,2026-06-17,5
P01524,2026-06-17,2026-06-17,1
P01526,2026-06-11,2026-06-17,3
P01545,2026-06-16,2026-06-17,3
P01569,2026-06-12,2026-06-17,1
P01603,2026-06-08,2026-06-17,2
P01646,2026-06-08,2026-06-17,1
P01654,2026-06-16,2026-06-17,1
P01665,2026-06-16,2026-06-17,4
P01720,2026-06-16,2026-06-17,3
P01725,2026-06-17,2026-06-17,1
P01737,2026-06-04,2026-06-17,3
P01757,2026-06-17,2026-06-17,3
P01761,2026-06-17,2026-06-17,4
P01811,2026-06-03,2026-06-17,4
P01828,2026-06-16,2026-06-17,2
P01829,2026-06-17,2026-06-17,2
P01834,2026-06-12,2026-06-17,2
P01848,2026-06-12,2026-06-17,2
P01908,2026-06-16,2026-06-17,1
P01916,2026-06-17,2026-06-17,3
P01917,2026-06-15,2026-06-17,3
P01960,2026-06-12,2026-06-17,2
P01962,2026-06-17,2026-06-17,1
P01980,2026-06-17,2026-06-17,4
P01992,2026-06-09,2026-06-17,1
P01998,2026-06-12,2026-06-17,2
P02004,2026-06-07,2026-06-17,3
P02018,2026-06-16,2026-06-17,4
P02026,2026-06-15,2026-06-17,4
P02062,2026-06-01,2026-06-17,1
P02073,2026-06-12,2026-06-17,1
P02095,2026-06-13,2026-06-17,2
P02100,2026-06-17,2026-06-17,4
P02122,2026-06-17,2026-06-17,3
P02200,2026-06-17,2026-06-17,2
P02222,2026-06-17,2026-06-17,4
P02238,2026-06-17,2026-06-17,4
P02317,2026-06-04,2026-06-17,2
P02332,2026-06-16,2026-06-17,3
P02369,2026-06-07,2026-06-17,2
P02437,2026-06-06,2026-06-17,1
P02447,2026-06-17,2026-06-17,2
P02452,2026-06-16,2026-06-17,3
P02474,2026-06-17,2026-06-17,5
P02493,2026-06-02,2026-06-17,1
P02507,2026-06-13,2026-06-17,3
P02524,2026-06-12,2026-06-17,1
P02554,2026-06-09,2026-06-17,4
P02556,2026-06-07,2026-06-17,3
P02560,2026-06-07,2026-06-17,1
P02567,2026-06-17,2026-06-17,2
P02569,2026-06-10,2026-06-17,2
P02582,2026-06-14,2026-06-17,2
P02602,2026-06-14,2026-06-17,4
P02616,2026-06-12,2026-06-17,4
P02623,2026-06-17,2026-06-17,3
P02661,2026-06-09,2026-06-17,3
P02694,2026-06-17,2026-06-17,1
P02706,2026-06-14,2026-06-17,4
P02741,2026-06-17,2026-06-17,5
P02752,2026-06-10,2026-06-17,3
P02765,2026-06-14,2026-06-17,3
P02789,2026-06-17,2026-06-17,5
P02802,2026-06-17,2026-06-17,4
P02843,2026-06-15,2026-06-17,1
P02844,2026-06-17,2026-06-17,4
P02867,2026-06-07,2026-06-17,2
P02890,2026-06-17,2026-06-17,4
P02905,2026-06-14,2026-06-17,3
P02922,2026-06-12,2026-06-17,1
P02953,2026-06-17,2026-06-17,4
P02966,2026-06-15,2026-06-17,2
P02980,2026-06-16,2026-06-17,1
P03003,2026-06-16,2026-06-17,2
P03053,2026-06-04,2026-06-17,1
P03085,2026-06-17,2026-06-17,1
P03141,2026-06-10,2026-06-17,3
P03155,2026-06-10,2026-06-17,1
P03161,2026-06-16,2026-06-17,1
P03192,2026-06-17,2026-06-17,4
P03207,2026-06-14,2026-06-17,4
P03242,2026-06-01,2026-06-17,3
P03265,2026-06-17,2026-06-17,2
P03281,2026-06-16,2026-06-17,2
P03282,2026-06-17,2026-06-17,1
P03307,2026-06-10,2026-06-17,2
P03316,2026-06-17,2026-06-17,4
P03324,2026-06-17,2026-06-17,2
P03351,2026-06-15,2026-06-17,1
P03352,2026-06-17,2026-06-17,3
P03372,2026-06-02,2026-06-17,4
P03425,2026-06-06,2026-06-17,4
P03446,2026-06-17,2026-06-17,2
P03470,2026-06-16,2026-06-17,1
P03490,2026-06-10,2026-06-17,4
P03494,2026-06-17,2026-06-17,2
P03522,2026-06-17,2026-06-17,3
P03528,2026-06-13,2026-06-17,1
P03533,2026-06-17,2026-06-17,5
P03553,2026-06-17,2026-06-17,5
P03570,2026-06-12,2026-06-17,2
P03584,2026-06-16,2026-06-17,2
P03606,2026-06-02,2026-06-17,1
P03658,2026-06-16,2026-06-17,1
P03660,2026-06-12,2026-06-17,4
P03665,2026-06-11,2026-06-17,1
P03676,2026-06-08,2026-06-17,1
P03692,2026-06-10,2026-06-17,3
P03724,2026-06-08,2026-06-17,3
P03740,2026-06-11,2026-06-17,4
P03751,2026-06-14,2026-06-17,1
P03763,2026-06-14,2026-06-17,4
P03808,2026-06-17,2026-06-17,5
P03884,2026-06-17,2026-06-17,4
P03908,2026-06-17,2026-06-17,4
P03914,2026-06-11,2026-06-17,2
P03979,2026-06-12,2026-06-17,3
P04014,2026-06-11,2026-06-17,3
P04058,2026-06-05,2026-06-17,3
P04063,2026-06-14,2026-06-17,3
P04072,2026-06-17,2026-06-17,5
P04085,2026-06-13,2026-06-17,3
P04148,2026-06-17,2026-06-17,1
P04156,2026-06-15,2026-06-17,4
P04189,2026-06-09,2026-06-17,4
P04199,2026-06-12,2026-06-17,1
P04224,2026-06-17,2026-06-17,2
P04256,2026-06-04,2026-06-17,4
P04261,2026-06-17,2026-06-17,2
P04280,2026-06-17,2026-06-17,5
P04284,2026-06-17,2026-06-17,5
P04293,2026-06-17,2026-06-17,3
P04341,2026-06-14,2026-06-17,1
P04349,2026-06-17,2026-06-17,4
P04352,2026-06-04,2026-06-17,4
P04393,2026-06-16,2026-06-17,3
P04407,2026-06-13,2026-06-17,1
P04417,2026-06-15,2026-06-17,3
P04440,2026-06-17,2026-06-17,2
P04486,2026-06-17,2026-06-17,4
P04495,2026-06-17,2026-06-17,5
P04504,2026-06-17,2026-06-17,5
P04517,2026-06-17,2026-06-17,5
P04534,2026-06-13,2026-06-17,3
P04551,2026-06-13,2026-06-17,2
P04564,2026-06-16,2026-06-17,1
P04630,2026-06-08,2026-06-17,2
P04651,2026-06-17,2026-06-17,3
P04652,2026-06-17,2026-06-17,2
P04666,2026-06-14,2026-06-17,1
P04738,2026-06-08,2026-06-17,3
P04750,2026-06-11,2026-06-17,3
P04768,2026-06-02,2026-06-17,3
P04787,2026-06-16,2026-06-17,4
P04807,2026-06-17,2026-06-17,1
P04809,2026-06-17,2026-06-17,2
P04813,2026-06-10,2026-06-17,1
P04822,2026-06-10,2026-06-17,2
P04829,2026-06-08,2026-06-17,4
P04840,2026-06-16,2026-06-17,1
P04857,2026-06-17,2026-06-17,4
P04862,2026-06-17,2026-06-17,5
P04874,2026-06-17,2026-06-17,1
P04909,2026-06-10,2026-06-17,2
P04945,2026-06-09,2026-06-17,3
P05038,2026-06-17,2026-06-17,5
P05051,2026-06-10,2026-06-17,2
P05065,2026-06-13,2026-06-17,4
P05096,2026-06-06,2026-06-17,2
P05140,2026-06-05,2026-06-17,3
P05164,2026-06-16,2026-06-17,2
P05171,2026-06-13,2026-06-17,4
P05174,2026-06-06,2026-06-17,2
P05182,2026-06-17,2026-06-17,3
P05194,2026-06-16,2026-06-17,1
P05222,2026-06-02,2026-06-17,2
P05240,2026-06-17,2026-06-17,5
P05260,2026-06-01,2026-06-17,1
P05261,2026-06-17,2026-06-17,5
P05267,2026-06-15,2026-06-17,3
P05270,2026-06-16,2026-06-17,4
P05273,2026-06-03,2026-06-17,2
P05293,2026-06-17,2026-06-17,5
P05304,2026-06-14,2026-06-17,1
P05331,2026-06-03,2026-06-17,2
P05401,2026-06-15,2026-06-17,3
P05416,2026-06-16,2026-06-17,3
P05422,2026-06-16,2026-06-17,1
P05430,2026-06-11,2026-06-17,2
P05454,2026-06-01,2026-06-17,3
P05496,2026-06-08,2026-06-17,4
P05506,2026-06-16,2026-06-17,2
P05519,2026-06-12,2026-06-17,3
P05545,2026-06-17,2026-06-17,3
P05552,2026-06-11,2026-06-17,2
P05567,2026-06-17,2026-06-17,5
P05579,2026-06-04,2026-06-17,3
P05583,2026-06-15,2026-06-17,4
P05608,2026-06-17,2026-06-17,3
P05614,2026-06-06,2026-06-17,4
P05626,2026-06-17,2026-06-17,4
P05637,2026-06-07,2026-06-17,4
P05648,2026-06-14,2026-06-17,4
P05650,2026-06-03,2026-06-17,4
P05653,2026-06-04,2026-06-17,2
P05698,2026-06-15,2026-06-17,1
P05710,2026-06-16,2026-06-17,1
P05712,2026-06-11,2026-06-17,1
P05749,2026-06-17,2026-06-17,5
P05753,2026-06-10,2026-06-17,1
P05807,2026-06-13,2026-06-17,1
P05817,2026-06-12,2026-06-17,3
P05828,2026-06-10,2026-06-17,4
P05859,2026-06-17,2026-06-17,4
P05913,2026-06-16,2026-06-17,4
P05923,2026-06-07,2026-06-17,2
P05931,2026-06-16,2026-06-17,2
P05933,2026-06-12,2026-06-17,2
P05934,2026-06-07,2026-06-17,2
P05947,2026-06-17,2026-06-17,1
P06080,2026-06-16,2026-06-17,1
P06092,2026-06-17,2026-06-17,2
P06105,2026-06-02,2026-06-17,4
P06119,2026-06-17,2026-06-17,4
P06185,2026-06-13,2026-06-17,2
P06196,2026-06-17,2026-06-17,4
P06206,2026-06-16,2026-06-17,2
P06243,2026-06-15,2026-06-17,3
P06260,2026-06-08,2026-06-17,1
P06261,2026-06-17,2026-06-17,2
P06290,2026-06-01,2026-06-17,4
P06299,2026-06-16,2026-06-17,2
P06328,2026-06-05,2026-06-17,2
P06343,2026-06-13,2026-06-17,3
P06372,2026-06-09,2026-06-17,3
P06376,2026-06-05,2026-06-17,3
P06403,2026-06-09,2026-06-17,4
P06411,2026-06-15,2026-06-17,3
P06443,2026-06-11,2026-06-17,3
P06463,2026-06-04,2026-06-17,2
P06476,2026-06-17,2026-06-17,1
P06488,2026-06-14,2026-06-17,2
P06541,2026-06-08,2026-06-17,2
P06543,2026-06-17,2026-06-17,5
P06549,2026-06-01,2026-06-17,4
P06562,2026-06-14,2026-06-17,3
P06571,2026-06-17,2026-06-17,4
P06652,2026-06-17,2026-06-17,5
P06668,2026-06-08,2026-06-17,3
P06689,2026-06-05,2026-06-17,4
P06692,2026-06-17,2026-06-17,1
P06719,2026-06-07,2026-06-17,4
P06725,2026-06-16,2026-06-17,4
P06760,2026-06-07,2026-06-17,4
P06769,2026-06-17,2026-06-17,3
P06788,2026-06-10,2026-06-17,1
P06789,2026-06-04,2026-06-17,1
P06808,2026-06-14,2026-06-17,4
P06837,2026-06-12,2026-06-17,2
P06848,2026-06-15,2026-06-17,1
P06864,2026-06-16,2026-06-17,4
P06883,2026-06-09,2026-06-17,3
P06894,2026-06-11,2026-06-17,3
P06953,2026-06-16,2026-06-17,3
P06954,2026-06-17,2026-06-17,5
P06958,2026-06-11,2026-06-17,4
P06967,2026-06-13,2026-06-17,3
P07002,2026-06-17,2026-06-17,3
P07032,2026-06-11,2026-06-17,2
P07042,2026-06-15,2026-06-17,1
P07047,2026-06-06,2026-06-17,2
P07062,2026-06-15,2026-06-17,1
P07090,2026-06-03,2026-06-17,3
P07120,2026-06-16,2026-06-17,4
P07126,2026-06-17,2026-06-17,1
P07143,2026-06-17,2026-06-17,1
P07159,2026-06-17,2026-06-17,2
P07198,2026-06-17,2026-06-17,5
P07202,2026-06-16,2026-06-17,1
P07208,2026-06-16,2026-06-17,1
P07218,2026-06-08,2026-06-17,3
P07221,2026-06-17,2026-06-17,2
P07226,2026-06-17,2026-06-17,4
P07229,2026-06-17,2026-06-17,2
P07235,2026-06-04,2026-06-17,4
P07274,2026-06-04,2026-06-17,1
P07280,2026-06-12,2026-06-17,1
P07291,2026-06-17,2026-06-17,2
P07296,2026-06-09,2026-06-17,4
P07304,2026-06-12,2026-06-17,3
P07318,2026-06-17,2026-06-17,1
P07338,2026-06-10,2026-06-17,2
P07361,2026-06-10,2026-06-17,4
P07407,2026-06-03,2026-06-17,3
P07419,2026-06-17,2026-06-17,2
P07442,2026-06-05,2026-06-17,4
P07444,2026-06-17,2026-06-17,1
P07450,2026-06-15,2026-06-17,2
P07463,2026-06-16,2026-06-17,3
P07484,2026-06-14,2026-06-17,3
P07489,2026-06-17,2026-06-17,3
P07506,2026-06-10,2026-06-17,3
P07542,2026-06-07,2026-06-17,2
P07543,2026-06-16,2026-06-17,2
P07544,2026-06-17,2026-06-17,5
P07563,2026-06-11,2026-06-17,3
P07571,2026-06-04,2026-06-17,3
P07573,2026-06-09,2026-06-17,2
P07656,2026-06-02,2026-06-17,3
P07681,2026-06-16,2026-06-17,4
P07725,2026-06-10,2026-06-17,2
P07737,2026-06-17,2026-06-17,1
P07743,2026-06-17,2026-06-17,3
P07755,2026-06-17,2026-06-17,3
P07780,2026-06-17,2026-06-17,2
P07785,2026-06-15,2026-06-17,2
P07814,2026-06-17,2026-06-17,2
P07839,2026-06-17,2026-06-17,3
P07850,2026-06-05,2026-06-17,3
P07855,2026-06-13,2026-06-17,1
P07859,2026-06-07,2026-06-17,1
P07865,2026-06-17,2026-06-17,5
P07876,2026-06-14,2026-06-17,4
P07915,2026-06-17,2026-06-17,1
P07936,2026-06-17,2026-06-17,3
P07950,2026-06-03,2026-06-17,2
P07958,2026-06-17,2026-06-17,2
P07968,2026-06-17,2026-06-17,5
P07971,2026-06-16,2026-06-17,1
P07976,2026-06-05,2026-06-17,3
P07981,2026-06-17,2026-06-17,4
P00018,2026-06-09,2026-06-18,4
P00019,2026-06-11,2026-06-18,3
P00022,2026-06-15,2026-06-18,4
P00024,2026-06-07,2026-06-18,1
P00029,2026-06-12,2026-06-18,2
P00050,2026-06-07,2026-06-18,1
P00101,2026-06-18,2026-06-18,4
P00181,2026-06-14,2026-06-18,4
P00190,2026-06-11,2026-06-18,3
P00233,2026-06-16,2026-06-18,3
P00244,2026-06-11,2026-06-18,4
P00251,2026-06-03,2026-06-18,4
P00278,2026-06-01,2026-06-18,3
P00280,2026-06-05,2026-06-18,3
P00292,2026-06-17,2026-06-18,4
P00339,2026-06-17,2026-06-18,1
P00347,2026-06-16,2026-06-18,3
P00351,2026-06-18,2026-06-18,4
P00357,2026-06-18,2026-06-18,3
P00434,2026-06-18,2026-06-18,1
P00436,2026-06-18,2026-06-18,2
P00449,2026-06-18,2026-06-18,3
P00474,2026-06-04,2026-06-18,4
P00480,2026-06-08,2026-06-18,2
P00499,2026-06-15,2026-06-18,1
P00500,2026-06-15,2026-06-18,4
P00506,2026-06-18,2026-06-18,4
P00509,2026-06-17,2026-06-18,3
P00521,2026-06-10,2026-06-18,3
P00547,2026-06-18,2026-06-18,3
P00562,2026-06-15,2026-06-18,1
P00587,2026-06-18,2026-06-18,1
P00591,2026-06-05,2026-06-18,1
P00598,2026-06-02,2026-06-18,2
P00657,2026-06-09,2026-06-18,4
P00676,2026-06-08,2026-06-18,1
P00688,2026-06-18,2026-06-18,1
P00735,2026-06-18,2026-06-18,4
P00774,2026-06-15,2026-06-18,2
P00793,2026-06-18,2026-06-18,1
P00798,2026-06-03,2026-06-18,1
P00805,2026-06-13,2026-06-18,1
P00853,2026-06-18,2026-06-18,5
P00865,2026-06-18,2026-06-18,5
P00872,2026-06-11,2026-06-18,1
P00873,2026-06-18,2026-06-18,4
P00916,2026-06-10,2026-06-18,3
P00970,2026-06-09,2026-06-18,2
P01001,2026-06-06,2026-06-18,3
P01006,2026-06-18,2026-06-18,5
P01030,2026-06-18,2026-06-18,5
P01038,2026-06-15,2026-06-18,2
P01045,2026-06-17,2026-06-18,2
P01049,2026-06-03,2026-06-18,4
P01076,2026-06-09,2026-06-18,3
P01094,2026-06-02,2026-06-18,4
P01107,2026-06-14,2026-06-18,4
P01141,2026-06-13,2026-06-18,4
P01154,2026-06-09,2026-06-18,1
P01199,2026-06-18,2026-06-18,2
P01236,2026-06-05,2026-06-18,1
P01274,2026-06-13,2026-06-18,4
P01292,2026-06-07,2026-06-18,3
P01295,2026-06-18,2026-06-18,4
P01300,2026-06-05,2026-06-18,2
P01302,2026-06-08,2026-06-18,2
P01327,2026-06-01,2026-06-18,2
P01353,2026-06-10,2026-06-18,3
P01379,2026-06-18,2026-06-18,1
P01393,2026-06-15,2026-06-18,4
P01396,2026-06-04,2026-06-18,3
P01425,2026-06-18,2026-06-18,4
P01482,2026-06-18,2026-06-18,2
P01510,2026-06-18,2026-06-18,4
P01529,2026-06-12,2026-06-18,1
P01537,2026-06-12,2026-06-18,4
P01545,2026-06-16,2026-06-18,2
P01590,2026-06-18,2026-06-18,5
P01603,2026-06-08,2026-06-18,1
P01633,2026-06-18,2026-06-18,4
P01641,2026-06-18,2026-06-18,4
P01651,2026-06-01,2026-06-18,2
P01671,2026-06-09,2026-06-18,3
P01692,2026-06-11,2026-06-18,2
P01697,2026-06-18,2026-06-18,5
P01718,2026-06-04,2026-06-18,3
P01764,2026-06-06,2026-06-18,3
P01770,2026-06-18,2026-06-18,5
P01775,2026-06-01,2026-06-18,4
P01777,2026-06-18,2026-06-18,4
P01778,2026-06-15,2026-06-18,4
P01781,2026-06-03,2026-06-18,1
P01862,2026-06-18,2026-06-18,1
P01878,2026-06-18,2026-06-18,1
P01882,2026-06-10,2026-06-18,1
P01886,2026-06-15,2026-06-18,2
P01899,2026-06-18,2026-06-18,2
P01903,2026-06-18,2026-06-18,3
P01966,2026-06-18,2026-06-18,4
P01992,2026-06-09,2026-06-18,1
P02025,2026-06-04,2026-06-18,2
P02026,2026-06-15,2026-06-18,1
P02067,2026-06-18,2026-06-18,2
P02072,2026-06-18,2026-06-18,1
P02101,2026-06-18,2026-06-18,3
P02104,2026-06-18,2026-06-18,2
P02123,2026-06-18,2026-06-18,4
P02166,2026-06-06,2026-06-18,1
P02207,2026-06-08,2026-06-18,3
P02208,2026-06-08,2026-06-18,3
P02217,2026-06-12,2026-06-18,1
P02238,2026-06-17,2026-06-18,4
P02239,2026-06-18,2026-06-18,2
P02243,2026-06-02,2026-06-18,4
P02244,2026-06-18,2026-06-18,4
P02247,2026-06-16,2026-06-18,1
P02250,2026-06-06,2026-06-18,3
P02266,2026-06-18,2026-06-18,1
P02267,2026-06-05,2026-06-18,4
P02287,2026-06-10,2026-06-18,1
P02328,2026-06-18,2026-06-18,5
P02337,2026-06-18,2026-06-18,1
P02358,2026-06-03,2026-06-18,4
P02369,2026-06-07,2026-06-18,1
P02489,2026-06-18,2026-06-18,5
P02538,2026-06-18,2026-06-18,3
P02542,2026-06-08,2026-06-18,1
P02553,2026-06-07,2026-06-18,4
P02564,2026-06-18,2026-06-18,2
P02569,2026-06-10,2026-06-18,4
P02587,2026-06-12,2026-06-18,3
P02643,2026-06-18,2026-06-18,2
P02682,2026-06-04,2026-06-18,4
P02696,2026-06-13,2026-06-18,3
P02706,2026-06-14,2026-06-18,3
P02707,2026-06-02,2026-06-18,4
P02741,2026-06-17,2026-06-18,2
P02758,2026-06-14,2026-06-18,2
P02759,2026-06-18,2026-06-18,4
P02761,2026-06-18,2026-06-18,4
P02771,2026-06-05,2026-06-18,1
P02777,2026-06-12,2026-06-18,1
P02804,2026-06-16,2026-06-18,3
P02808,2026-06-13,2026-06-18,1
P02821,2026-06-18,2026-06-18,1
P02843,2026-06-15,2026-06-18,3
P02844,2026-06-17,2026-06-18,2
P02885,2026-06-18,2026-06-18,1
P02886,2026-06-14,2026-06-18,4
P02890,2026-06-17,2026-06-18,3
P02905,2026-06-14,2026-06-18,1
P02922,2026-06-12,2026-06-18,2
P02929,2026-06-18,2026-06-18,5
P02965,2026-06-18,2026-06-18,1
P02980,2026-06-16,2026-06-18,1
P03003,2026-06-16,2026-06-18,1
P03004,2026-06-05,2026-06-18,1
P03016,2026-06-14,2026-06-18,2
P03029,2026-06-11,2026-06-18,4
P03032,2026-06-15,2026-06-18,2
P03042,2026-06-15,2026-06-18,2
P03072,2026-06-12,2026-06-18,4
P03087,2026-06-06,2026-06-18,1
P03186,2026-06-18,2026-06-18,1
P03188,2026-06-04,2026-06-18,3
P03193,2026-06-14,2026-06-18,2
P03282,2026-06-17,2026-06-18,3
P03286,2026-06-02,2026-06-18,1
P03323,2026-06-02,2026-06-18,2
P03324,2026-06-17,2026-06-18,3
P03414,2026-06-18,2026-06-18,1
P03430,2026-06-11,2026-06-18,3
P03434,2026-06-05,2026-06-18,1
P03494,2026-06-17,2026-06-18,2
P03512,2026-06-06,2026-06-18,4
P03540,2026-06-18,2026-06-18,5
P03582,2026-06-18,2026-06-18,4
P03584,2026-06-16,2026-06-18,2
P03589,2026-06-08,2026-06-18,2
P03590,2026-06-18,2026-06-18,3
P03592,2026-06-18,2026-06-18,1
P03601,2026-06-18,2026-06-18,4
P03609,2026-06-06,2026-06-18,3
P03658,2026-06-16,2026-06-18,2
P03659,2026-06-15,2026-06-18,4
P03660,2026-06-12,2026-06-18,3
P03686,2026-06-16,2026-06-18,1
P03690,2026-06-16,2026-06-18,2
P03730,2026-06-08,2026-06-18,3
P03734,2026-06-18,2026-06-18,4
P03738,2026-06-08,2026-06-18,1
P03743,2026-06-02,2026-06-18,1
P03754,2026-06-18,2026-06-18,1
P03760,2026-06-18,2026-06-18,1
P03779,2026-06-14,2026-06-18,2
P03793,2026-06-18,2026-06-18,4
P03808,2026-06-17,2026-06-18,4
P03820,2026-06-13,2026-06-18,1
P03829,2026-06-18,2026-06-18,2
P03850,2026-06-18,2026-06-18,1
P03901,2026-06-18,2026-06-18,1
P03905,2026-06-15,2026-06-18,4
P03923,2026-06-14,2026-06-18,4
P03938,2026-06-18,2026-06-18,1
P03940,2026-06-01,2026-06-18,1
P03941,2026-06-06,2026-06-18,1
P03986,2026-06-15,2026-06-18,2
P04014,2026-06-11,2026-06-18,2
P04016,2026-06-06,2026-06-18,3
P04021,2026-06-04,2026-06-18,1
P04079,2026-06-08,2026-06-18,2
P04106,2026-06-18,2026-06-18,5
P04120,2026-06-14,2026-06-18,4
P04148,2026-06-17,2026-06-18,4
P04156,2026-06-15,2026-06-18,1
P04171,2026-06-07,2026-06-18,3
P04261,2026-06-17,2026-06-18,3
P04280,2026-06-17,2026-06-18,1
P04290,2026-06-18,2026-06-18,4
P04305,2026-06-09,2026-06-18,3
P04325,2026-06-14,2026-06-18,4
P04337,2026-06-04,2026-06-18,2
P04339,2026-06-16,2026-06-18,1
P04349,2026-06-17,2026-06-18,4
P04371,2026-06-18,2026-06-18,1
P04374,2026-06-11,2026-06-18,2
P04404,2026-06-18,2026-06-18,3
P04438,2026-06-14,2026-06-18,1
P04451,2026-06-12,2026-06-18,4
P04458,2026-06-18,2026-06-18,1
P04461,2026-06-08,2026-06-18,3
P04477,2026-06-04,2026-06-18,3
P04480,2026-06-18,2026-06-18,2
P04486,2026-06-17,2026-06-18,3
P04489,2026-06-16,2026-06-18,2
P04495,2026-06-17,2026-06-18,2
P04498,2026-06-18,2026-06-18,4
P04517,2026-06-17,2026-06-18,2
P04531,2026-06-18,2026-06-18,5
P04547,2026-06-03,2026-06-18,2
P04555,2026-06-18,2026-06-18,5
P04636,2026-06-18,2026-06-18,4
P04640,2026-06-18,2026-06-18,5
P04687,2026-06-18,2026-06-18,3
P04705,2026-06-18,2026-06-18,3
P04734,2026-06-18,2026-06-18,4
P04749,2026-06-18,2026-06-18,2
P04782,2026-06-18,2026-06-18,4
P04793,2026-06-01,2026-06-18,1
P04811,2026-06-18,2026-06-18,3
P04813,2026-06-10,2026-06-18,4
P04829,2026-06-08,2026-06-18,3
P04840,2026-06-16,2026-06-18,4
P04862,2026-06-17,2026-06-18,2
P04882,2026-06-18,2026-06-18,4
P04915,2026-06-18,2026-06-18,2
P04921,2026-06-18,2026-06-18,2
P04981,2026-06-15,2026-06-18,4
P04989,2026-06-09,2026-06-18,2
P05010,2026-06-15,2026-06-18,3
P05016,2026-06-18,2026-06-18,3
P05021,2026-06-09,2026-06-18,1
P05030,2026-06-13,2026-06-18,3
P05034,2026-06-18,2026-06-18,4
P05065,2026-06-13,2026-06-18,3
P05075,2026-06-06,2026-06-18,1
P05180,2026-06-12,2026-06-18,1
P05220,2026-06-12,2026-06-18,3
P05223,2026-06-06,2026-06-18,3
P05230,2026-06-09,2026-06-18,3
P05234,2026-06-07,2026-06-18,2
P05241,2026-06-18,2026-06-18,3
P05296,2026-06-18,2026-06-18,1
P05309,2026-06-18,2026-06-18,4
P05338,2026-06-18,2026-06-18,3
P05359,2026-06-18,2026-06-18,5
P05422,2026-06-16,2026-06-18,4
P05457,2026-06-18,2026-06-18,3
P05464,2026-06-11,2026-06-18,1
P05490,2026-06-12,2026-06-18,3
P05502,2026-06-18,2026-06-18,5
P05504,2026-06-09,2026-06-18,2
P05506,2026-06-16,2026-06-18,3
P05510,2026-06-06,2026-06-18,3
P05516,2026-06-10,2026-06-18,1
P05517,2026-06-18,2026-06-18,1
P05522,2026-06-11,2026-06-18,3
P05535,2026-06-18,2026-06-18,1
P05539,2026-06-04,2026-06-18,2
P05563,2026-06-18,2026-06-18,2
P05569,2026-06-08,2026-06-18,2
P05578,2026-06-18,2026-06-18,3
P05626,2026-06-17,2026-06-18,4
P05633,2026-06-08,2026-06-18,3
P05675,2026-06-11,2026-06-18,2
P05690,2026-06-18,2026-06-18,2
P05699,2026-06-04,2026-06-18,4
P05737,2026-06-12,2026-06-18,1
P05739,2026-06-07,2026-06-18,1
P05756,2026-06-18,2026-06-18,2
P05800,2026-06-05,2026-06-18,4
P05807,2026-06-13,2026-06-18,4
P05844,2026-06-10,2026-06-18,3
P05849,2026-06-18,2026-06-18,3
P05886,2026-06-18,2026-06-18,3
P05913,2026-06-16,2026-06-18,1
P05934,2026-06-07,2026-06-18,4
P05970,2026-06-12,2026-06-18,1
P06049,2026-06-18,2026-06-18,2
P06089,2026-06-18,2026-06-18,5
P06102,2026-06-18,2026-06-18,4
P06168,2026-06-18,2026-06-18,4
P06189,2026-06-16,2026-06-18,2
P06199,2026-06-08,2026-06-18,1
P06277,2026-06-04,2026-06-18,1
P06299,2026-06-16,2026-06-18,3
P06310,2026-06-10,2026-06-18,3
P06358,2026-06-15,2026-06-18,2
P06369,2026-06-05,2026-06-18,3
P06403,2026-06-09,2026-06-18,3
P06408,2026-06-18,2026-06-18,3
P06420,2026-06-18,2026-06-18,4
P06431,2026-06-04,2026-06-18,1
P06484,2026-06-16,2026-06-18,1
P06506,2026-06-18,2026-06-18,3
P06507,2026-06-04,2026-06-18,2
P06525,2026-06-18,2026-06-18,1
P06561,2026-06-18,2026-06-18,2
P06569,2026-06-06,2026-06-18,1
P06608,2026-06-16,2026-06-18,1
P06642,2026-06-18,2026-06-18,5
P06725,2026-06-16,2026-06-18,1
P06734,2026-06-18,2026-06-18,5
P06769,2026-06-17,2026-06-18,2
P06789,2026-06-04,2026-06-18,4
P06793,2026-06-18,2026-06-18,3
P06803,2026-06-14,2026-06-18,1
P06834,2026-06-12,2026-06-18,3
P06848,2026-06-15,2026-06-18,4
P06849,2026-06-05,2026-06-18,3
P06852,2026-06-08,2026-06-18,3
P06878,2026-06-10,2026-06-18,4
P06883,2026-06-09,2026-06-18,4
P06938,2026-06-18,2026-06-18,2
P06943,2026-06-02,2026-06-18,4
P06953,2026-06-16,2026-06-18,4
P06958,2026-06-11,2026-06-18,1
P06988,2026-06-18,2026-06-18,1
P07026,2026-06-10,2026-06-18,4
P07042,2026-06-15,2026-06-18,3
P07052,2026-06-18,2026-06-18,4
P07060,2026-06-14,2026-06-18,2
P07064,2026-06-12,2026-06-18,1
P07068,2026-06-09,2026-06-18,3
P07073,2026-06-11,2026-06-18,4
P07110,2026-06-18,2026-06-18,1
P07111,2026-06-01,2026-06-18,1
P07124,2026-06-12,2026-06-18,1
P07126,2026-06-17,2026-06-18,1
P07131,2026-06-08,2026-06-18,3
P07161,2026-06-18,2026-06-18,5
P07175,2026-06-01,2026-06-18,1
P07187,2026-06-18,2026-06-18,2
P07203,2026-06-12,2026-06-18,2
P07219,2026-06-18,2026-06-18,3
P07223,2026-06-16,2026-06-18,4
P07226,2026-06-17,2026-06-18,2
P07235,2026-06-04,2026-06-18,4
P07274,2026-06-04,2026-06-18,3
P07293,2026-06-08,2026-06-18,3
P07309,2026-06-03,2026-06-18,2
P07310,2026-06-11,2026-06-18,4
P07317,2026-06-09,2026-06-18,4
P07337,2026-06-16,2026-06-18,2
P07355,2026-06-15,2026-06-18,1
P07381,2026-06-14,2026-06-18,1
P07387,2026-06-16,2026-06-18,4
P07418,2026-06-18,2026-06-18,1
P07421,2026-06-16,2026-06-18,3
P07445,2026-06-09,2026-06-18,2
P07463,2026-06-16,2026-06-18,2
P07465,2026-06-18,2026-06-18,4
P07512,2026-06-18,2026-06-18,3
P07524,2026-06-13,2026-06-18,1
P07544,2026-06-17,2026-06-18,3
P07557,2026-06-15,2026-06-18,2
P07569,2026-06-18,2026-06-18,4
P07571,2026-06-04,2026-06-18,4
P07587,2026-06-18,2026-06-18,4
P07630,2026-06-18,2026-06-18,5
P07635,2026-06-18,2026-06-18,3
P07648,2026-06-18,2026-06-18,3
P07705,2026-06-14,2026-06-18,1
P07737,2026-06-17,2026-06-18,3
P07743,2026-06-17,2026-06-18,1
P07778,2026-06-18,2026-06-18,1
P07802,2026-06-18,2026-06-18,1
P07816,2026-06-14,2026-06-18,1
P07859,2026-06-07,2026-06-18,3
P07939,2026-06-18,2026-06-18,2
P07942,2026-06-10,2026-06-18,1
P07961,2026-06-15,2026-06-18,1
P07981,2026-06-17,2026-06-18,3
P07995,2026-06-18,2026-06-18,5
P00005,2026-06-16,2026-06-19,1
P00013,2026-06-19,2026-06-19,5
P00029,2026-06-12,2026-06-19,1
P00034,2026-06-19,2026-06-19,3
P00039,2026-06-08,2026-06-19,1
P00045,2026-06-12,2026-06-19,4
P00055,2026-06-19,2026-06-19,5
P00057,2026-06-19,2026-06-19,4
P00083,2026-06-13,2026-06-19,2
P00097,2026-06-05,2026-06-19,2
P00152,2026-06-01,2026-06-19,3
P00153,2026-06-07,2026-06-19,2
P00155,2026-06-13,2026-06-19,2
P00170,2026-06-19,2026-06-19,4
P00186,2026-06-17,2026-06-19,2
P00192,2026-06-13,2026-06-19,4
P00208,2026-06-02,2026-06-19,3
P00224,2026-06-19,2026-06-19,5
P00225,2026-06-15,2026-06-19,1
P00233,2026-06-16,2026-06-19,2
P00241,2026-06-19,2026-06-19,2
P00275,2026-06-16,2026-06-19,1
P00279,2026-06-19,2026-06-19,3
P00324,2026-06-06,2026-06-19,2
P00339,2026-06-17,2026-06-19,4
P00347,2026-06-16,2026-06-19,1
P00349,2026-06-06,2026-06-19,3
P00387,2026-06-13,2026-06-19,1
P00399,2026-06-06,2026-06-19,1
P00400,2026-06-10,2026-06-19,1
P00455,2026-06-08,2026-06-19,1
P00476,2026-06-10,2026-06-19,3
P00499,2026-06-15,2026-06-19,1
P00500,2026-06-15,2026-06-19,4
P00509,2026-06-17,2026-06-19,1
P00591,2026-06-05,2026-06-19,3
P00605,2026-06-06,2026-06-19,3
P00619,2026-06-17,2026-06-19,4
P00642,2026-06-19,2026-06-19,1
P00652,2026-06-03,2026-06-19,4
P00667,2026-06-14,2026-06-19,3
P00671,2026-06-17,2026-06-19,4
P00735,2026-06-18,2026-06-19,1
P00804,2026-06-19,2026-06-19,4
P00805,2026-06-13,2026-06-19,2
P00825,2026-06-16,2026-06-19,4
P00851,2026-06-15,2026-06-19,2
P00865,2026-06-18,2026-06-19,2
P00867,2026-06-19,2026-06-19,4
P00872,2026-06-11,2026-06-19,2
P00881,2026-06-12,2026-06-19,3
P00910,2026-06-08,2026-06-19,1
P00936,2026-06-19,2026-06-19,4
P00954,2026-06-05,2026-06-19,3
P00956,2026-06-12,2026-06-19,1
P01009,2026-06-19,2026-06-19,4
P01027,2026-06-04,2026-06-19,2
P01038,2026-06-15,2026-06-19,4
P01045,2026-06-17,2026-06-19,2
P01096,2026-06-19,2026-06-19,3
P01098,2026-06-12,2026-06-19,3
P01107,2026-06-14,2026-06-19,3
P01127,2026-06-19,2026-06-19,4
P01132,2026-06-07,2026-06-19,1
P01140,2026-06-10,2026-06-19,4
P01228,2026-06-03,2026-06-19,4
P01236,2026-06-05,2026-06-19,3
P01254,2026-06-15,2026-06-19,3
P01263,2026-06-19,2026-06-19,1
P01269,2026-06-02,2026-06-19,1
P01295,2026-06-18,2026-06-19,4
P01309,2026-06-19,2026-06-19,5
P01372,2026-06-03,2026-06-19,1
P01391,2026-06-02,2026-06-19,3
P01399,2026-06-13,2026-06-19,4
P01425,2026-06-18,2026-06-19,3
P01432,2026-06-02,2026-06-19,2
P01471,2026-06-17,2026-06-19,2
P01517,2026-06-11,2026-06-19,1
P01537,2026-06-12,2026-06-19,1
P01545,2026-06-16,2026-06-19,1
P01568,2026-06-07,2026-06-19,2
P01569,2026-06-12,2026-06-19,3
P01584,2026-06-19,2026-06-19,5
P01586,2026-06-19,2026-06-19,2
P01593,2026-06-15,2026-06-19,2
P01634,2026-06-03,2026-06-19,3
P01665,2026-06-16,2026-06-19,4
P01667,2026-06-19,2026-06-19,4
P01686,2026-06-19,2026-06-19,3
P01724,2026-06-19,2026-06-19,4
P01739,2026-06-12,2026-06-19,2
P01750,2026-06-19,2026-06-19,2
P01775,2026-06-01,2026-06-19,2
P01781,2026-06-03,2026-06-19,4
P01790,2026-06-06,2026-06-19,4
P01832,2026-06-08,2026-06-19,3
P01842,2026-06-09,2026-06-19,4
P01844,2026-06-19,2026-06-19,2
P01903,2026-06-18,2026-06-19,1
P01966,2026-06-18,2026-06-19,1
P01981,2026-06-08,2026-06-19,3
P01984,2026-06-19,2026-06-19,4
P01989,2026-06-19,2026-06-19,2
P01994,2026-06-19,2026-06-19,4
P02010,2026-06-19,2026-06-19,1
P02011,2026-06-19,2026-06-19,2
P02024,2026-06-13,2026-06-19,1
P02026,2026-06-15,2026-06-19,1
P02067,2026-06-18,2026-06-19,2
P02099,2026-06-13,2026-06-19,3
P02101,2026-06-18,2026-06-19,4
P02104,2026-06-18,2026-06-19,3
P02126,2026-06-11,2026-06-19,2
P02144,2026-06-19,2026-06-19,1
P02202,2026-06-13,2026-06-19,1
P02204,2026-06-19,2026-06-19,4
P02207,2026-06-08,2026-06-19,4
P02225,2026-06-12,2026-06-19,3
P02238,2026-06-17,2026-06-19,4
P02239,2026-06-18,2026-06-19,2
P02258,2026-06-19,2026-06-19,1
P02265,2026-06-13,2026-06-19,1
P02278,2026-06-19,2026-06-19,4
P02279,2026-06-10,2026-06-19,4
P02288,2026-06-19,2026-06-19,1
P02314,2026-06-19,2026-06-19,2
P02317,2026-06-04,2026-06-19,2
P02346,2026-06-01,2026-06-19,1
P02436,2026-06-16,2026-06-19,3
P02460,2026-06-03,2026-06-19,3
P02474,2026-06-17,2026-06-19,1
P02556,2026-06-07,2026-06-19,3
P02562,2026-06-19,2026-06-19,4
P02583,2026-06-19,2026-06-19,5
P02594,2026-06-19,2026-06-19,4
P02596,2026-06-19,2026-06-19,5
P02601,2026-06-19,2026-06-19,1
P02623,2026-06-17,2026-06-19,3
P02643,2026-06-18,2026-06-19,2
P02661,2026-06-09,2026-06-19,1
P02672,2026-06-02,2026-06-19,3
P02689,2026-06-06,2026-06-19,1
P02694,2026-06-17,2026-06-19,1
P02715,2026-06-06,2026-06-19,2
P02716,2026-06-05,2026-06-19,1
P02725,2026-06-07,2026-06-19,2
P02731,2026-06-19,2026-06-19,2
P02749,2026-06-07,2026-06-19,2
P02759,2026-06-18,2026-06-19,1
P02761,2026-06-18,2026-06-19,3
P02770,2026-06-19,2026-06-19,4
P02799,2026-06-07,2026-06-19,3
P02865,2026-06-02,2026-06-19,1
P02885,2026-06-18,2026-06-19,3
P02903,2026-06-19,2026-06-19,1
P02942,2026-06-13,2026-06-19,4
P02945,2026-06-19,2026-06-19,2
P02965,2026-06-18,2026-06-19,2
P02979,2026-06-03,2026-06-19,1
P02982,2026-06-19,2026-06-19,1
P02985,2026-06-12,2026-06-19,3
P02994,2026-06-06,2026-06-19,3
P03004,2026-06-05,2026-06-19,4
P03010,2026-06-19,2026-06-19,1
P03013,2026-06-09,2026-06-19,2
P03050,2026-06-19,2026-06-19,3
P03072,2026-06-12,2026-06-19,3
P03083,2026-06-19,2026-06-19,4
P03102,2026-06-09,2026-06-19,3
P03107,2026-06-07,2026-06-19,4
P03144,2026-06-11,2026-06-19,1
P03145,2026-06-19,2026-06-19,5
P03170,2026-06-14,2026-06-19,1
P03178,2026-06-03,2026-06-19,4
P03211,2026-06-19,2026-06-19,5
P03242,2026-06-01,2026-06-19,1
P03307,2026-06-10,2026-06-19,3
P03324,2026-06-17,2026-06-19,3
P03345,2026-06-12,2026-06-19,2
P03351,2026-06-15,2026-06-19,3
P03411,2026-06-19,2026-06-19,4
P03422,2026-06-19,2026-06-19,2
P03430,2026-06-11,2026-06-19,1
P03434,2026-06-05,2026-06-19,2
P03479,2026-06-19,2026-06-19,4
P03483,2026-06-10,2026-06-19,3
P03494,2026-06-17,2026-06-19,1
P03503,2026-06-05,2026-06-19,3
P03509,2026-06-19,2026-06-19,5
P03516,2026-06-19,2026-06-19,5
P03518,2026-06-16,2026-06-19,1
P03540,2026-06-18,2026-06-19,1
P03541,2026-06-03,2026-06-19,1
P03577,2026-06-19,2026-06-19,5
P03583,2026-06-19,2026-06-19,4
P03592,2026-06-18,2026-06-19,2
P03595,2026-06-02,2026-06-19,2
P03601,2026-06-18,2026-06-19,1
P03651,2026-06-19,2026-06-19,3
P03692,2026-06-10,2026-06-19,3
P03723,2026-06-03,2026-06-19,1
P03829,2026-06-18,2026-06-19,3
P03863,2026-06-19,2026-06-19,2
P03878,2026-06-19,2026-06-19,3
P03908,2026-06-17,2026-06-19,2
P03923,2026-06-14,2026-06-19,2
P03958,2026-06-19,2026-06-19,4
P03975,2026-06-14,2026-06-19,4
P03978,2026-06-19,2026-06-19,5
P04016,2026-06-06,2026-06-19,3
P04072,2026-06-17,2026-06-19,3
P04106,2026-06-18,2026-06-19,4
P04116,2026-06-19,2026-06-19,4
P04137,2026-06-07,2026-06-19,4
P04166,2026-06-08,2026-06-19,1
P04185,2026-06-19,2026-06-19,5
P04195,2026-06-19,2026-06-19,3
P04207,2026-06-19,2026-06-19,5
P04210,2026-06-19,2026-06-19,3
P04214,2026-06-19,2026-06-19,4
P04219,2026-06-05,2026-06-19,3
P04223,2026-06-19,2026-06-19,4
P04280,2026-06-17,2026-06-19,3
P04315,2026-06-19,2026-06-19,4
P04341,2026-06-14,2026-06-19,1
P04349,2026-06-17,2026-06-19,2
P04352,2026-06-04,2026-06-19,2
P04417,2026-06-15,2026-06-19,1
P04449,2026-06-08,2026-06-19,4
P04468,2026-06-12,2026-06-19,3
P04486,2026-06-17,2026-06-19,3
P04489,2026-06-16,2026-06-19,3
P04495,2026-06-17,2026-06-19,4
P04517,2026-06-17,2026-06-19,2
P04522,2026-06-12,2026-06-19,3
P04531,2026-06-18,2026-06-19,3
P04544,2026-06-19,2026-06-19,5
P04555,2026-06-18,2026-06-19,3
P04564,2026-06-16,2026-06-19,4
P04567,2026-06-19,2026-06-19,3
P04627,2026-06-19,2026-06-19,4
P04630,2026-06-08,2026-06-19,4
P04649,2026-06-13,2026-06-19,2
P04658,2026-06-19,2026-06-19,4
P04666,2026-06-14,2026-06-19,1
P04674,2026-06-19,2026-06-19,4
P04677,2026-06-19,2026-06-19,5
P04678,2026-06-19,2026-06-19,5
P04684,2026-06-12,2026-06-19,3
P04722,2026-06-19,2026-06-19,4
P04734,2026-06-18,2026-06-19,3
P04743,2026-06-19,2026-06-19,2
P04766,2026-06-19,2026-06-19,5
P04812,2026-06-19,2026-06-19,1
P04825,2026-06-09,2026-06-19,4
P04829,2026-06-08,2026-06-19,2
P04840,2026-06-16,2026-06-19,3
P04867,2026-06-04,2026-06-19,1
P04898,2026-06-19,2026-06-19,2
P04911,2026-06-02,2026-06-19,4
P04938,2026-06-04,2026-06-19,3
P04952,2026-06-19,2026-06-19,4
P04968,2026-06-06,2026-06-19,3
P05003,2026-06-09,2026-06-19,4
P05013,2026-06-19,2026-06-19,4
P05024,2026-06-14,2026-06-19,4
P05038,2026-06-17,2026-06-19,4
P05060,2026-06-19,2026-06-19,2
P05065,2026-06-13,2026-06-19,3
P05162,2026-06-09,2026-06-19,3
P05194,2026-06-16,2026-06-19,1
P05204,2026-06-02,2026-06-19,3
P05222,2026-06-02,2026-06-19,2
P05228,2026-06-14,2026-06-19,4
P05236,2026-06-07,2026-06-19,1
P05255,2026-06-04,2026-06-19,2
P05279,2026-06-19,2026-06-19,3
P05287,2026-06-15,2026-06-19,1
P05327,2026-06-07,2026-06-19,1
P05329,2026-06-19,2026-06-19,2
P05335,2026-06-10,2026-06-19,4
P05338,2026-06-18,2026-06-19,4
P05382,2026-06-13,2026-06-19,4
P05401,2026-06-15,2026-06-19,3
P05418,2026-06-13,2026-06-19,3
P05422,2026-06-16,2026-06-19,2
P05457,2026-06-18,2026-06-19,1
P05471,2026-06-19,2026-06-19,5
P05490,2026-06-12,2026-06-19,4
P05496,2026-06-08,2026-06-19,4
P05517,2026-06-18,2026-06-19,3
P05535,2026-06-18,2026-06-19,2
P05552,2026-06-11,2026-06-19,1
P05563,2026-06-18,2026-06-19,4
P05566,2026-06-19,2026-06-19,2
P05568,2026-06-07,2026-06-19,2
P05599,2026-06-07,2026-06-19,1
P05606,2026-06-10,2026-06-19,3
P05608,2026-06-17,2026-06-19,2
P05618,2026-06-11,2026-06-19,3
P05623,2026-06-19,2026-06-19,2
P05626,2026-06-17,2026-06-19,4
P05640,2026-06-07,2026-06-19,1
P05648,2026-06-14,2026-06-19,4
P05656,2026-06-07,2026-06-19,1
P05657,2026-06-14,2026-06-19,2
P05675,2026-06-11,2026-06-19,2
P05678,2026-06-07,2026-06-19,2
P05689,2026-06-19,2026-06-19,4
P05709,2026-06-19,2026-06-19,4
P05720,2026-06-19,2026-06-19,5
P05758,2026-06-06,2026-06-19,4
P05772,2026-06-06,2026-06-19,3
P05777,2026-06-09,2026-06-19,1
P05789,2026-06-09,2026-06-19,4
P05806,2026-06-15,2026-06-19,2
P05807,2026-06-13,2026-06-19,1
P05812,2026-06-19,2026-06-19,4
P05815,2026-06-19,2026-06-19,4
P05828,2026-06-10,2026-06-19,4
P05844,2026-06-10,2026-06-19,2
P05904,2026-06-19,2026-06-19,3
P05933,2026-06-12,2026-06-19,3
P05954,2026-06-09,2026-06-19,4
P06016,2026-06-19,2026-06-19,4
P06075,2026-06-19,2026-06-19,2
P06092,2026-06-17,2026-06-19,4
P06108,2026-06-19,2026-06-19,3
P06114,2026-06-16,2026-06-19,3
P06119,2026-06-17,2026-06-19,2
P06129,2026-06-19,2026-06-19,1
P06135,2026-06-19,2026-06-19,2
P06149,2026-06-08,2026-06-19,4
P06168,2026-06-18,2026-06-19,2
P06171,2026-06-19,2026-06-19,4
P06180,2026-06-07,2026-06-19,2
P06183,2026-06-19,2026-06-19,3
P06198,2026-06-19,2026-06-19,1
P06281,2026-06-19,2026-06-19,5
P06299,2026-06-16,2026-06-19,4
P06312,2026-06-13,2026-06-19,1
P06335,2026-06-09,2026-06-19,4
P06358,2026-06-15,2026-06-19,3
P06422,2026-06-19,2026-06-19,4
P06498,2026-06-19,2026-06-19,1
P06506,2026-06-18,2026-06-19,4
P06524,2026-06-19,2026-06-19,4
P06526,2026-06-12,2026-06-19,4
P06561,2026-06-18,2026-06-19,3
P06569,2026-06-06,2026-06-19,4
P06614,2026-06-19,2026-06-19,5
P06642,2026-06-18,2026-06-19,2
P06652,2026-06-17,2026-06-19,3
P06667,2026-06-15,2026-06-19,4
P06668,2026-06-08,2026-06-19,2
P06680,2026-06-19,2026-06-19,4
P06721,2026-06-05,2026-06-19,3
P06725,2026-06-16,2026-06-19,1
P06759,2026-06-19,2026-06-19,4
P06762,2026-06-15,2026-06-19,4
P06769,2026-06-17,2026-06-19,4
P06775,2026-06-04,2026-06-19,4
P06781,2026-06-11,2026-06-19,1
P06809,2026-06-16,2026-06-19,2
P06817,2026-06-19,2026-06-19,4
P06835,2026-06-14,2026-06-19,2
P06848,2026-06-15,2026-06-19,3
P06910,2026-06-08,2026-06-19,4
P06967,2026-06-13,2026-06-19,2
P06976,2026-06-19,2026-06-19,1
P07042,2026-06-15,2026-06-19,2
P07090,2026-06-03,2026-06-19,3
P07104,2026-06-07,2026-06-19,2
P07110,2026-06-18,2026-06-19,3
P07112,2026-06-19,2026-06-19,5
P07120,2026-06-16,2026-06-19,3
P07126,2026-06-17,2026-06-19,1
P07131,2026-06-08,2026-06-19,2
P07150,2026-06-19,2026-06-19,5
P07166,2026-06-11,2026-06-19,2
P07187,2026-06-18,2026-06-19,2
P07197,2026-06-19,2026-06-19,3
P07202,2026-06-16,2026-06-19,4
P07205,2026-06-12,2026-06-19,4
P07208,2026-06-16,2026-06-19,1
P07217,2026-06-05,2026-06-19,2
P07223,2026-06-16,2026-06-19,4
P07226,2026-06-17,2026-06-19,4
P07234,2026-06-19,2026-06-19,5
P07236,2026-06-08,2026-06-19,4
P07280,2026-06-12,2026-06-19,1
P07289,2026-06-13,2026-06-19,2
P07338,2026-06-10,2026-06-19,2
P07347,2026-06-19,2026-06-19,5
P07385,2026-06-03,2026-06-19,1
P07387,2026-06-16,2026-06-19,4
P07393,2026-06-19,2026-06-19,1
P07394,2026-06-19,2026-06-19,2
P07418,2026-06-18,2026-06-19,3
P07420,2026-06-19,2026-06-19,3
P07463,2026-06-16,2026-06-19,2
P07512,2026-06-18,2026-06-19,1
P07514,2026-06-13,2026-06-19,4
P07544,2026-06-17,2026-06-19,4
P07620,2026-06-13,2026-06-19,1
P07630,2026-06-18,2026-06-19,4
P07648,2026-06-18,2026-06-19,3
P07653,2026-06-16,2026-06-19,2
P07687,2026-06-16,2026-06-19,4
P07735,2026-06-19,2026-06-19,1
P07737,2026-06-17,2026-06-19,2
P07778,2026-06-18,2026-06-19,1
P07782,2026-06-19,2026-06-19,2
P07785,2026-06-15,2026-06-19,2
P07790,2026-06-19,2026-06-19,1
P07800,2026-06-19,2026-06-19,1
P07808,2026-06-19,2026-06-19,5
P07821,2026-06-19,2026-06-19,3
P07832,2026-06-19,2026-06-19,2
P07836,2026-06-14,2026-06-19,3
P07868,2026-06-12,2026-06-19,2
P07876,2026-06-14,2026-06-19,3
P07899,2026-06-19,2026-06-19,3
P07926,2026-06-10,2026-06-19,1
P07936,2026-06-17,2026-06-19,3
P07939,2026-06-18,2026-06-19,2
P07970,2026-06-06,2026-06-19,1
P07995,2026-06-18,2026-06-19,3
P00029,2026-06-12,2026-06-20,2
P00034,2026-06-19,2026-06-20,3
P00041,2026-06-09,2026-06-20,2
P00057,2026-06-19,2026-06-20,3
P00126,2026-06-20,2026-06-20,2
P00131,2026-06-12,2026-06-20,4
P00154,2026-06-20,2026-06-20,4
P00226,2026-06-14,2026-06-20,2
P00262,2026-06-20,2026-06-20,3
P00286,2026-06-03,2026-06-20,3
P00302,2026-06-02,2026-06-20,3
P00324,2026-06-06,2026-06-20,2
P00334,2026-06-20,2026-06-20,2
P00349,2026-06-06,2026-06-20,4
P00350,2026-06-20,2026-06-20,2
P00351,2026-06-18,2026-06-20,4
P00352,2026-06-10,2026-06-20,1
P00388,2026-06-20,2026-06-20,3
P00399,2026-06-06,2026-06-20,2
P00429,2026-06-20,2026-06-20,3
P00447,2026-06-17,2026-06-20,1
P00449,2026-06-18,2026-06-20,3
P00455,2026-06-08,2026-06-20,3
P00469,2026-06-20,2026-06-20,5
P00500,2026-06-15,2026-06-20,1
P00506,2026-06-18,2026-06-20,3
P00509,2026-06-17,2026-06-20,3
P00562,2026-06-15,2026-06-20,4
P00591,2026-06-05,2026-06-20,4
P00605,2026-06-06,2026-06-20,1
P00634,2026-06-20,2026-06-20,1
P00649,2026-06-20,2026-06-20,4
P00659,2026-06-20,2026-06-20,4
P00674,2026-06-20,2026-06-20,4
P00711,2026-06-20,2026-06-20,3
P00729,2026-06-20,2026-06-20,5
P00768,2026-06-15,2026-06-20,2
P00814,2026-06-09,2026-06-20,4
P00832,2026-06-20,2026-06-20,1
P00838,2026-06-20,2026-06-20,2
P00845,2026-06-20,2026-06-20,5
P00867,2026-06-19,2026-06-20,3
P00877,2026-06-09,2026-06-20,4
P00878,2026-06-20,2026-06-20,4
P00903,2026-06-20,2026-06-20,2
P00924,2026-06-02,2026-06-20,1
P00934,2026-06-12,2026-06-20,4
P00936,2026-06-19,2026-06-20,4
P00970,2026-06-09,2026-06-20,1
P00976,2026-06-20,2026-06-20,4
P00996,2026-06-06,2026-06-20,3
P01001,2026-06-06,2026-06-20,4
P01004,2026-06-04,2026-06-20,2
P01006,2026-06-18,2026-06-20,4
P01013,2026-06-20,2026-06-20,2
P01049,2026-06-03,2026-06-20,1
P01079,2026-06-20,2026-06-20,2
P01095,2026-06-20,2026-06-20,2
P01099,2026-06-20,2026-06-20,1
P01129,2026-06-14,2026-06-20,1
P01140,2026-06-10,2026-06-20,2
P01142,2026-06-08,2026-06-20,3
P01157,2026-06-20,2026-06-20,2
P01189,2026-06-16,2026-06-20,3
P01239,2026-06-20,2026-06-20,2
P01257,2026-06-06,2026-06-20,2
P01263,2026-06-19,2026-06-20,1
P01280,2026-06-20,2026-06-20,4
P01292,2026-06-07,2026-06-20,4
P01295,2026-06-18,2026-06-20,1
P01338,2026-06-20,2026-06-20,4
P01342,2026-06-03,2026-06-20,1
P01344,2026-06-20,2026-06-20,4
P01391,2026-06-02,2026-06-20,4
P01398,2026-06-20,2026-06-20,2
P01489,2026-06-11,2026-06-20,4
P01495,2026-06-16,2026-06-20,1
P01546,2026-06-20,2026-06-20,2
P01586,2026-06-19,2026-06-20,3
P01590,2026-06-18,2026-06-20,1
P01603,2026-06-08,2026-06-20,3
P01614,2026-06-20,2026-06-20,4
P01618,2026-06-07,2026-06-20,1
P01635,2026-06-10,2026-06-20,2
P01648,2026-06-20,2026-06-20,2
P01653,2026-06-20,2026-06-20,4
P01692,2026-06-11,2026-06-20,1
P01724,2026-06-19,2026-06-20,2
P01770,2026-06-18,2026-06-20,2
P01803,2026-06-10,2026-06-20,2
P01829,2026-06-17,2026-06-20,2
P01834,2026-06-12,2026-06-20,1
P01835,2026-06-20,2026-06-20,5
P01857,2026-06-20,2026-06-20,5
P01886,2026-06-15,2026-06-20,3
P01935,2026-06-20,2026-06-20,4
P01945,2026-06-20,2026-06-20,2
P01963,2026-06-20,2026-06-20,4
P01981,2026-06-08,2026-06-20,1
P01996,2026-06-04,2026-06-20,1
P01997,2026-06-20,2026-06-20,3
P02000,2026-06-20,2026-06-20,5
P02010,2026-06-19,2026-06-20,4
P02048,2026-06-15,2026-06-20,4
P02058,2026-06-20,2026-06-20,5
P02066,2026-06-08,2026-06-20,2
P02067,2026-06-18,2026-06-20,4
P02073,2026-06-12,2026-06-20,2
P02087,2026-06-06,2026-06-20,4
P02103,2026-06-10,2026-06-20,2
P02123,2026-06-18,2026-06-20,3
P02131,2026-06-20,2026-06-20,2
P02188,2026-06-20,2026-06-20,4
P02193,2026-06-20,2026-06-20,5
P02211,2026-06-05,2026-06-20,2
P02258,2026-06-19,2026-06-20,3
P02266,2026-06-18,2026-06-20,2
P02267,2026-06-05,2026-06-20,3
P02336,2026-06-08,2026-06-20,3
P02353,2026-06-11,2026-06-20,4
P02407,2026-06-20,2026-06-20,4
P02454,2026-06-09,2026-06-20,3
P02460,2026-06-03,2026-06-20,3
P02464,2026-06-20,2026-06-20,3
P02489,2026-06-18,2026-06-20,1
P02493,2026-06-02,2026-06-20,2
P02520,2026-06-20,2026-06-20,2
P02535,2026-06-16,2026-06-20,4
P02538,2026-06-18,2026-06-20,1
P02553,2026-06-07,2026-06-20,2
P02588,2026-06-20,2026-06-20,5
P02596,2026-06-19,2026-06-20,4
P02600,2026-06-02,2026-06-20,3
P02633,2026-06-09,2026-06-20,1
P02637,2026-06-06,2026-06-20,3
P02638,2026-06-20,2026-06-20,3
P02640,2026-06-15,2026-06-20,4
P02643,2026-06-18,2026-06-20,2
P02680,2026-06-20,2026-06-20,2
P02694,2026-06-17,2026-06-20,4
P02696,2026-06-13,2026-06-20,2
P02725,2026-06-07,2026-06-20,3
P02730,2026-06-20,2026-06-20,1
P02731,2026-06-19,2026-06-20,1
P02752,2026-06-10,2026-06-20,2
P02757,2026-06-14,2026-06-20,3
P02758,2026-06-14,2026-06-20,4
P02759,2026-06-18,2026-06-20,4
P02813,2026-06-08,2026-06-20,3
P02833,2026-06-14,2026-06-20,2
P02885,2026-06-18,2026-06-20,1
P02905,2026-06-14,2026-06-20,1
P02938,2026-06-20,2026-06-20,1
P02945,2026-06-19,2026-06-20,1
P02952,2026-06-20,2026-06-20,3
P03016,2026-06-14,2026-06-20,2
P03041,2026-06-12,2026-06-20,1
P03066,2026-06-20,2026-06-20,1
P03085,2026-06-17,2026-06-20,3
P03102,2026-06-09,2026-06-20,2
P03120,2026-06-06,2026-06-20,1
P03155,2026-06-10,2026-06-20,2
P03169,2026-06-20,2026-06-20,4
P03195,2026-06-07,2026-06-20,1
P03207,2026-06-14,2026-06-20,1
P03211,2026-06-19,2026-06-20,3
P03229,2026-06-02,2026-06-20,4
P03272,2026-06-08,2026-06-20,1
P03305,2026-06-02,2026-06-20,1
P03352,2026-06-17,2026-06-20,4
P03409,2026-06-14,2026-06-20,4
P03412,2026-06-20,2026-06-20,5
P03432,2026-06-02,2026-06-20,2
P03490,2026-06-10,2026-06-20,2
P03494,2026-06-17,2026-06-20,3
P03495,2026-06-20,2026-06-20,2
P03522,2026-06-17,2026-06-20,1
P03556,2026-06-20,2026-06-20,5
P03578,2026-06-20,2026-06-20,2
P03584,2026-06-16,2026-06-20,2
P03589,2026-06-08,2026-06-20,4
P03590,2026-06-18,2026-06-20,1
P03592,2026-06-18,2026-06-20,3
P03601,2026-06-18,2026-06-20,3
P03609,2026-06-06,2026-06-20,3
P03621,2026-06-09,2026-06-20,1
P03633,2026-06-07,2026-06-20,2
P03642,2026-06-04,2026-06-20,1
P03647,2026-06-20,2026-06-20,5
P03650,2026-06-20,2026-06-20,1
P03651,2026-06-19,2026-06-20,4
P03659,2026-06-15,2026-06-20,1
P03660,2026-06-12,2026-06-20,1
P03676,2026-06-08,2026-06-20,2
P03683,2026-06-20,2026-06-20,3
P03690,2026-06-16,2026-06-20,4
P03738,2026-06-08,2026-06-20,3
P03754,2026-06-18,2026-06-20,4
P03775,2026-06-10,2026-06-20,3
P03793,2026-06-18,2026-06-20,4
P03829,2026-06-18,2026-06-20,3
P03881,2026-06-20,2026-06-20,3
P03938,2026-06-18,2026-06-20,4
P03965,2026-06-20,2026-06-20,1
P03978,2026-06-19,2026-06-20,4
P03980,2026-06-20,2026-06-20,4
P04041,2026-06-08,2026-06-20,3
P04049,2026-06-20,2026-06-20,5
P04058,2026-06-05,2026-06-20,3
P04105,2026-06-20,2026-06-20,1
P04116,2026-06-19,2026-06-20,4
P04186,2026-06-20,2026-06-20,2
P04228,2026-06-20,2026-06-20,3
P04236,2026-06-20,2026-06-20,5
P04269,2026-06-20,2026-06-20,2
P04288,2026-06-14,2026-06-20,2
P04327,2026-06-20,2026-06-20,1
P04341,2026-06-14,2026-06-20,1
P04346,2026-06-16,2026-06-20,2
P04349,2026-06-17,2026-06-20,4
P04377,2026-06-20,2026-06-20,2
P04386,2026-06-20,2026-06-20,2
P04387,2026-06-20,2026-06-20,4
P04402,2026-06-13,2026-06-20,3
P04407,2026-06-13,2026-06-20,3
P04409,2026-06-01,2026-06-20,2
P04431,2026-06-20,2026-06-20,1
P04438,2026-06-14,2026-06-20,2
P04480,2026-06-18,2026-06-20,4
P04489,2026-06-16,2026-06-20,4
P04495,2026-06-17,2026-06-20,1
P04522,2026-06-12,2026-06-20,3
P04534,2026-06-13,2026-06-20,3
P04551,2026-06-13,2026-06-20,1
P04558,2026-06-08,2026-06-20,4
P04563,2026-06-20,2026-06-20,4
P04564,2026-06-16,2026-06-20,4
P04609,2026-06-20,2026-06-20,4
P04619,2026-06-20,2026-06-20,4
P04622,2026-06-03,2026-06-20,1
P04649,2026-06-13,2026-06-20,1
P04674,2026-06-19,2026-06-20,3
P04750,2026-06-11,2026-06-20,2
P04766,2026-06-19,2026-06-20,1
P04829,2026-06-08,2026-06-20,1
P04882,2026-06-18,2026-06-20,1
P04892,2026-06-06,2026-06-20,2
P04905,2026-06-20,2026-06-20,2
P04911,2026-06-02,2026-06-20,2
P04915,2026-06-18,2026-06-20,1
P04938,2026-06-04,2026-06-20,3
P05003,2026-06-09,2026-06-20,3
P05010,2026-06-15,2026-06-20,4
P05038,2026-06-17,2026-06-20,3
P05104,2026-06-08,2026-06-20,1
P05123,2026-06-20,2026-06-20,3
P05125,2026-06-03,2026-06-20,2
P05158,2026-06-16,2026-06-20,3
P05215,2026-06-07,2026-06-20,2
P05226,2026-06-12,2026-06-20,3
P05230,2026-06-09,2026-06-20,1
P05236,2026-06-07,2026-06-20,2
P05280,2026-06-20,2026-06-20,1
P05327,2026-06-07,2026-06-20,1
P05329,2026-06-19,2026-06-20,4
P05330,2026-06-13,2026-06-20,3
P05346,2026-06-05,2026-06-20,2
P05351,2026-06-10,2026-06-20,2
P05360,2026-06-20,2026-06-20,1
P05364,2026-06-20,2026-06-20,3
P05384,2026-06-09,2026-06-20,1
P05401,2026-06-15,2026-06-20,1
P05414,2026-06-09,2026-06-20,4
P05422,2026-06-16,2026-06-20,4
P05454,2026-06-01,2026-06-20,1
P05519,2026-06-12,2026-06-20,2
P05522,2026-06-11,2026-06-20,3
P05532,2026-06-20,2026-06-20,1
P05535,2026-06-18,2026-06-20,1
P05552,2026-06-11,2026-06-20,4
P05553,2026-06-20,2026-06-20,3
P05556,2026-06-20,2026-06-20,2
P05560,2026-06-15,2026-06-20,1
P05563,2026-06-18,2026-06-20,1
P05577,2026-06-20,2026-06-20,4
P05587,2026-06-06,2026-06-20,3
P05618,2026-06-11,2026-06-20,2
P05626,2026-06-17,2026-06-20,4
P05633,2026-06-08,2026-06-20,1
P05638,2026-06-20,2026-06-20,4
P05684,2026-06-13,2026-06-20,2
P05687,2026-06-13,2026-06-20,1
P05695,2026-06-07,2026-06-20,2
P05699,2026-06-04,2026-06-20,3
P05723,2026-06-20,2026-06-20,2
P05737,2026-06-12,2026-06-20,3
P05741,2026-06-01,2026-06-20,3
P05756,2026-06-18,2026-06-20,2
P05776,2026-06-09,2026-06-20,3
P05780,2026-06-20,2026-06-20,1
P05795,2026-06-06,2026-06-20,2
P05800,2026-06-05,2026-06-20,2
P05801,2026-06-05,2026-06-20,2
P05807,2026-06-13,2026-06-20,2
P05812,2026-06-19,2026-06-20,3
P05815,2026-06-19,2026-06-20,1
P05822,2026-06-10,2026-06-20,3
P05839,2026-06-13,2026-06-20,1
P05846,2026-06-20,2026-06-20,2
P05857,2026-06-06,2026-06-20,4
P05861,2026-06-20,2026-06-20,5
P05864,2026-06-20,2026-06-20,3
P05877,2026-06-16,2026-06-20,2
P05892,2026-06-20,2026-06-20,3
P05898,2026-06-20,2026-06-20,4
P05913,2026-06-16,2026-06-20,2
P05923,2026-06-07,2026-06-20,1
P05972,2026-06-20,2026-06-20,5
P05982,2026-06-20,2026-06-20,1
P05987,2026-06-06,2026-06-20,2
P06011,2026-06-01,2026-06-20,2
P06076,2026-06-20,2026-06-20,2
P06078,2026-06-08,2026-06-20,4
P06114,2026-06-16,2026-06-20,4
P06142,2026-06-20,2026-06-20,5
P06157,2026-06-08,2026-06-20,3
P06160,2026-06-07,2026-06-20,1
P06185,2026-06-13,2026-06-20,4
P06199,2026-06-08,2026-06-20,1
P06224,2026-06-20,2026-06-20,1
P06226,2026-06-03,2026-06-20,1
P06257,2026-06-20,2026-06-20,1
P06277,2026-06-04,2026-06-20,2
P06282,2026-06-20,2026-06-20,1
P06331,2026-06-09,2026-06-20,1
P06422,2026-06-19,2026-06-20,2
P06439,2026-06-20,2026-06-20,2
P06448,2026-06-12,2026-06-20,2
P06451,2026-06-09,2026-06-20,2
P06463,2026-06-04,2026-06-20,3
P06562,2026-06-14,2026-06-20,1
P06587,2026-06-13,2026-06-20,2
P06633,2026-06-20,2026-06-20,5
P06642,2026-06-18,2026-06-20,1
P06655,2026-06-20,2026-06-20,1
P06688,2026-06-11,2026-06-20,2
P06693,2026-06-20,2026-06-20,4
P06696,2026-06-20,2026-06-20,4
P06712,2026-06-20,2026-06-20,5
P06721,2026-06-05,2026-06-20,3
P06725,2026-06-16,2026-06-20,3
P06797,2026-06-05,2026-06-20,4
P06817,2026-06-19,2026-06-20,3
P06828,2026-06-12,2026-06-20,2
P06847,2026-06-20,2026-06-20,5
P06874,2026-06-06,2026-06-20,2
P06894,2026-06-11,2026-06-20,2
P06921,2026-06-13,2026-06-20,4
P06954,2026-06-17,2026-06-20,4
P06976,2026-06-19,2026-06-20,2
P06989,2026-06-20,2026-06-20,1
P06990,2026-06-20,2026-06-20,5
P07026,2026-06-10,2026-06-20,4
P07040,2026-06-20,2026-06-20,1
P07047,2026-06-06,2026-06-20,3
P07055,2026-06-20,2026-06-20,5
P07060,2026-06-14,2026-06-20,2
P07062,2026-06-15,2026-06-20,2
P07063,2026-06-14,2026-06-20,3
P07068,2026-06-09,2026-06-20,3
P07098,2026-06-11,2026-06-20,2
P07104,2026-06-07,2026-06-20,1
P07124,2026-06-12,2026-06-20,3
P07175,2026-06-01,2026-06-20,2
P07188,2026-06-02,2026-06-20,1
P07217,2026-06-05,2026-06-20,1
P07280,2026-06-12,2026-06-20,4
P07295,2026-06-14,2026-06-20,2
P07298,2026-06-08,2026-06-20,1
P07303,2026-06-20,2026-06-20,2
P07304,2026-06-12,2026-06-20,4
P07317,2026-06-09,2026-06-20,4
P07355,2026-06-15,2026-06-20,3
P07381,2026-06-14,2026-06-20,4
P07393,2026-06-19,2026-06-20,1
P07394,2026-06-19,2026-06-20,2
P07419,2026-06-17,2026-06-20,4
P07455,2026-06-20,2026-06-20,1
P07470,2026-06-16,2026-06-20,2
P07506,2026-06-10,2026-06-20,3
P07521,2026-06-20,2026-06-20,1
P07524,2026-06-13,2026-06-20,1
P07543,2026-06-16,2026-06-20,1
P07544,2026-06-17,2026-06-20,1
P07545,2026-06-15,2026-06-20,2
P07567,2026-06-20,2026-06-20,4
P07576,2026-06-16,2026-06-20,3
P07601,2026-06-20,2026-06-20,2
P07673,2026-06-15,2026-06-20,2
P07681,2026-06-16,2026-06-20,2
P07716,2026-06-20,2026-06-20,3
P07728,2026-06-20,2026-06-20,1
P07731,2026-06-06,2026-06-20,4
P07735,2026-06-19,2026-06-20,4
P07740,2026-06-14,2026-06-20,4
P07784,2026-06-12,2026-06-20,3
P07803,2026-06-20,2026-06-20,4
P07808,2026-06-19,2026-06-20,2
P07839,2026-06-17,2026-06-20,1
P07845,2026-06-20,2026-06-20,1
P07890,2026-06-20,2026-06-20,3
P07899,2026-06-19,2026-06-20,4
P07920,2026-06-20,2026-06-20,1
P07922,2026-06-20,2026-06-20,5
P07939,2026-06-18,2026-06-20,2
P07942,2026-06-10,2026-06-20,3
P07961,2026-06-15,2026-06-20,4
P07962,2026-06-13,2026-06-20,1
P07965,2026-06-13,2026-06-20,2
P07995,2026-06-18,2026-06-20,1
P00005,2026-06-16,2026-06-21,4
P00016,2026-06-21,2026-06-21,3
P00045,2026-06-12,2026-06-21,2
P00057,2026-06-19,2026-06-21,1
P00084,2026-06-21,2026-06-21,5
P00085,2026-06-15,2026-06-21,3
P00120,2026-06-04,2026-06-21,3
P00152,2026-06-01,2026-06-21,3
P00154,2026-06-20,2026-06-21,2
P00160,2026-06-08,2026-06-21,1
P00179,2026-06-06,2026-06-21,4
P00181,2026-06-14,2026-06-21,4
P00232,2026-06-12,2026-06-21,1
P00241,2026-06-19,2026-06-21,1
P00245,2026-06-21,2026-06-21,4
P00279,2026-06-19,2026-06-21,1
P00300,2026-06-17,2026-06-21,4
P00303,2026-06-16,2026-06-21,3
P00361,2026-06-21,2026-06-21,1
P00383,2026-06-21,2026-06-21,4
P00411,2026-06-21,2026-06-21,1
P00413,2026-06-21,2026-06-21,2
P00423,2026-06-21,2026-06-21,1
P00469,2026-06-20,2026-06-21,3
P00495,2026-06-21,2026-06-21,2
P00506,2026-06-18,2026-06-21,1
P00522,2026-06-21,2026-06-21,5
P00523,2026-06-06,2026-06-21,1
P00541,2026-06-03,2026-06-21,3
P00610,2026-06-21,2026-06-21,4
P00641,2026-06-21,2026-06-21,2
P00642,2026-06-19,2026-06-21,2
P00657,2026-06-09,2026-06-21,2
P00705,2026-06-21,2026-06-21,1
P00711,2026-06-20,2026-06-21,4
P00722,2026-06-21,2026-06-21,1
P00729,2026-06-20,2026-06-21,2
P00733,2026-06-21,2026-06-21,2
P00735,2026-06-18,2026-06-21,1
P00762,2026-06-10,2026-06-21,3
P00793,2026-06-18,2026-06-21,2
P00825,2026-06-16,2026-06-21,4
P00856,2026-06-21,2026-06-21,5
P00874,2026-06-12,2026-06-21,3
P00878,2026-06-20,2026-06-21,4
P00896,2026-06-06,2026-06-21,1
P00903,2026-06-20,2026-06-21,2
P00906,2026-06-21,2026-06-21,4
P00915,2026-06-21,2026-06-21,5
P00936,2026-06-19,2026-06-21,4
P00952,2026-06-21,2026-06-21,5
P00972,2026-06-03,2026-06-21,3
P00980,2026-06-21,2026-06-21,3
P00990,2026-06-13,2026-06-21,1
P00996,2026-06-06,2026-06-21,4
P01004,2026-06-04,2026-06-21,3
P01012,2026-06-05,2026-06-21,1
P01034,2026-06-21,2026-06-21,2
P01037,2026-06-21,2026-06-21,3
P01052,2026-06-11,2026-06-21,2
P01087,2026-06-04,2026-06-21,1
P01099,2026-06-20,2026-06-21,1
P01110,2026-06-21,2026-06-21,1
P01155,2026-06-21,2026-06-21,3
P01174,2026-06-21,2026-06-21,3
P01183,2026-06-17,2026-06-21,1
P01213,2026-06-08,2026-06-21,3
P01216,2026-06-21,2026-06-21,2
P01263,2026-06-19,2026-06-21,4
P01282,2026-06-21,2026-06-21,3
P01300,2026-06-05,2026-06-21,1
P01333,2026-06-21,2026-06-21,2
P01338,2026-06-20,2026-06-21,4
P01358,2026-06-11,2026-06-21,2
P01376,2026-06-16,2026-06-21,4
P01379,2026-06-18,2026-06-21,2
P01383,2026-06-21,2026-06-21,5
P01398,2026-06-20,2026-06-21,2
P01443,2026-06-21,2026-06-21,2
P01460,2026-06-21,2026-06-21,1
P01546,2026-06-20,2026-06-21,1
P01563,2026-06-21,2026-06-21,5
P01586,2026-06-19,2026-06-21,3
P01614,2026-06-20,2026-06-21,2
P01633,2026-06-18,2026-06-21,4
P01634,2026-06-03,2026-06-21,1
P01641,2026-06-18,2026-06-21,1
P01646,2026-06-08,2026-06-21,2
P01654,2026-06-16,2026-06-21,2
P01655,2026-06-21,2026-06-21,5
P01682,2026-06-05,2026-06-21,4
P01718,2026-06-04,2026-06-21,4
P01724,2026-06-19,2026-06-21,2
P01750,2026-06-19,2026-06-21,1
P01752,2026-06-21,2026-06-21,1
P01770,2026-06-18,2026-06-21,3
P01786,2026-06-21,2026-06-21,1
P01790,2026-06-06,2026-06-21,3
P01821,2026-06-10,2026-06-21,3
P01828,2026-06-16,2026-06-21,3
P01857,2026-06-20,2026-06-21,3
P01870,2026-06-21,2026-06-21,1
P01880,2026-06-21,2026-06-21,4
P01886,2026-06-15,2026-06-21,4
P01919,2026-06-21,2026-06-21,5
P01929,2026-06-21,2026-06-21,2
P01933,2026-06-21,2026-06-21,5
P01962,2026-06-17,2026-06-21,3
P01963,2026-06-20,2026-06-21,4
P01989,2026-06-19,2026-06-21,3
P01992,2026-06-09,2026-06-21,1
P01996,2026-06-04,2026-06-21,4
P01998,2026-06-12,2026-06-21,4
P02000,2026-06-20,2026-06-21,4
P02047,2026-06-12,2026-06-21,4
P02067,2026-06-18,2026-06-21,4
P02081,2026-06-21,2026-06-21,2
P02087,2026-06-06,2026-06-21,4
P02142,2026-06-21,2026-06-21,3
P02150,2026-06-02,2026-06-21,1
P02183,2026-06-21,2026-06-21,1
P02189,2026-06-21,2026-06-21,4
P02227,2026-06-21,2026-06-21,5
P02243,2026-06-02,2026-06-21,1
P02266,2026-06-18,2026-06-21,1
P02267,2026-06-05,2026-06-21,4
P02278,2026-06-19,2026-06-21,1
P02280,2026-06-21,2026-06-21,5
P02285,2026-06-21,2026-06-21,1
P02316,2026-06-21,2026-06-21,3
P02336,2026-06-08,2026-06-21,3
P02424,2026-06-06,2026-06-21,2
P02464,2026-06-20,2026-06-21,1
P02512,2026-06-21,2026-06-21,5
P02517,2026-06-06,2026-06-21,1
P02535,2026-06-16,2026-06-21,4
P02537,2026-06-21,2026-06-21,1
P02538,2026-06-18,2026-06-21,3
P02542,2026-06-08,2026-06-21,1
P02560,2026-06-07,2026-06-21,2
P02582,2026-06-14,2026-06-21,3
P02588,2026-06-20,2026-06-21,1
P02639,2026-06-12,2026-06-21,2
P02643,2026-06-18,2026-06-21,1
P02707,2026-06-02,2026-06-21,4
P02719,2026-06-21,2026-06-21,4
P02726,2026-06-04,2026-06-21,4
P02761,2026-06-18,2026-06-21,3
P02765,2026-06-14,2026-06-21,4
P02768,2026-06-21,2026-06-21,4
P02788,2026-06-21,2026-06-21,2
P02793,2026-06-21,2026-06-21,5
P02823,2026-06-11,2026-06-21,4
P02828,2026-06-21,2026-06-21,5
P02834,2026-06-21,2026-06-21,1
P02839,2026-06-07,2026-06-21,2
P02903,2026-06-19,2026-06-21,1
P02906,2026-06-21,2026-06-21,5
P02907,2026-06-21,2026-06-21,5
P02935,2026-06-21,2026-06-21,2
P02939,2026-06-21,2026-06-21,3
P02945,2026-06-19,2026-06-21,3
P02948,2026-06-21,2026-06-21,5
P02957,2026-06-21,2026-06-21,1
P02966,2026-06-15,2026-06-21,4
P02992,2026-06-21,2026-06-21,4
P02994,2026-06-06,2026-06-21,1
P03003,2026-06-16,2026-06-21,2
P03028,2026-06-21,2026-06-21,2
P03042,2026-06-15,2026-06-21,2
P03044,2026-06-21,2026-06-21,3
P03072,2026-06-12,2026-06-21,2
P03107,2026-06-07,2026-06-21,2
P03165,2026-06-21,2026-06-21,2
P03189,2026-06-21,2026-06-21,5
P03208,2026-06-21,2026-06-21,1
P03211,2026-06-19,2026-06-21,3
P03267,2026-06-21,2026-06-21,3
P03272,2026-06-08,2026-06-21,1
P03282,2026-06-17,2026-06-21,4
P03318,2026-06-05,2026-06-21,1
P03324,2026-06-17,2026-06-21,3
P03351,2026-06-15,2026-06-21,4
P03379,2026-06-05,2026-06-21,2
P03451,2026-06-21,2026-06-21,1
P03466,2026-06-07,2026-06-21,4
P03470,2026-06-16,2026-06-21,2
P03490,2026-06-10,2026-06-21,1
P03511,2026-06-03,2026-06-21,2
P03519,2026-06-04,2026-06-21,4
P03560,2026-06-21,2026-06-21,5
P03570,2026-06-12,2026-06-21,2
P03577,2026-06-19,2026-06-21,1
P03578,2026-06-20,2026-06-21,1
P03582,2026-06-18,2026-06-21,1
P03589,2026-06-08,2026-06-21,3
P03592,2026-06-18,2026-06-21,3
P03601,2026-06-18,2026-06-21,2
P03666,2026-06-07,2026-06-21,3
P03689,2026-06-21,2026-06-21,2
P03702,2026-06-11,2026-06-21,4
P03706,2026-06-07,2026-06-21,3
P03734,2026-06-18,2026-06-21,3
P03738,2026-06-08,2026-06-21,4
P03756,2026-06-21,2026-06-21,1
P03765,2026-06-12,2026-06-21,4
P03768,2026-06-21,2026-06-21,5
P03829,2026-06-18,2026-06-21,2
P03856,2026-06-01,2026-06-21,2
P03863,2026-06-19,2026-06-21,1
P03864,2026-06-01,2026-06-21,3
P03884,2026-06-17,2026-06-21,3
P03896,2026-06-21,2026-06-21,4
P03907,2026-06-21,2026-06-21,1
P03965,2026-06-20,2026-06-21,1
P03975,2026-06-14,2026-06-21,2
P04007,2026-06-21,2026-06-21,1
P04008,2026-06-04,2026-06-21,4
P04016,2026-06-06,2026-06-21,3
P04042,2026-06-06,2026-06-21,4
P04059,2026-06-21,2026-06-21,3
P04092,2026-06-21,2026-06-21,5
P04095,2026-06-21,2026-06-21,2
P04097,2026-06-21,2026-06-21,3
P04105,2026-06-20,2026-06-21,1
P04106,2026-06-18,2026-06-21,4
P04120,2026-06-14,2026-06-21,3
P04137,2026-06-07,2026-06-21,2
P04148,2026-06-17,2026-06-21,4
P04155,2026-06-21,2026-06-21,2
P04156,2026-06-15,2026-06-21,3
P04160,2026-06-21,2026-06-21,3
P04166,2026-06-08,2026-06-21,2
P04178,2026-06-21,2026-06-21,2
P04198,2026-06-21,2026-06-21,4
P04244,2026-06-11,2026-06-21,3
P04249,2026-06-08,2026-06-21,1
P04270,2026-06-21,2026-06-21,4
P04288,2026-06-14,2026-06-21,1
P04295,2026-06-21,2026-06-21,5
P04315,2026-06-19,2026-06-21,1
P04328,2026-06-14,2026-06-21,2
P04331,2026-06-21,2026-06-21,2
P04371,2026-06-18,2026-06-21,3
P04375,2026-06-10,2026-06-21,4
P04377,2026-06-20,2026-06-21,1
P04404,2026-06-18,2026-06-21,4
P04416,2026-06-04,2026-06-21,1
P04456,2026-06-01,2026-06-21,1
P04461,2026-06-08,2026-06-21,2
P04471,2026-06-05,2026-06-21,3
P04480,2026-06-18,2026-06-21,3
P04501,2026-06-21,2026-06-21,3
P04522,2026-06-12,2026-06-21,2
P04555,2026-06-18,2026-06-21,2
P04569,2026-06-21,2026-06-21,3
P04609,2026-06-20,2026-06-21,3
P04625,2026-06-21,2026-06-21,3
P04668,2026-06-21,2026-06-21,1
P04674,2026-06-19,2026-06-21,4
P04726,2026-06-21,2026-06-21,4
P04749,2026-06-18,2026-06-21,4
P04787,2026-06-16,2026-06-21,3
P04812,2026-06-19,2026-06-21,1
P04818,2026-06-02,2026-06-21,1
P04828,2026-06-15,2026-06-21,4
P04829,2026-06-08,2026-06-21,3
P04835,2026-06-21,2026-06-21,3
P04836,2026-06-04,2026-06-21,4
P04843,2026-06-21,2026-06-21,2
P04856,2026-06-14,2026-06-21,4
P04862,2026-06-17,2026-06-21,4
P04881,2026-06-21,2026-06-21,3
P04908,2026-06-21,2026-06-21,5
P04922,2026-06-02,2026-06-21,4
P04926,2026-06-21,2026-06-21,5
P04999,2026-06-21,2026-06-21,5
P05016,2026-06-18,2026-06-21,2
P05052,2026-06-21,2026-06-21,3
P05060,2026-06-19,2026-06-21,4
P05067,2026-06-21,2026-06-21,4
P05099,2026-06-21,2026-06-21,4
P05101,2026-06-21,2026-06-21,3
P05132,2026-06-21,2026-06-21,4
P05171,2026-06-13,2026-06-21,3
P05174,2026-06-06,2026-06-21,3
P05194,2026-06-16,2026-06-21,2
P05220,2026-06-12,2026-06-21,3
P05226,2026-06-12,2026-06-21,1
P05230,2026-06-09,2026-06-21,4
P05241,2026-06-18,2026-06-21,4
P05293,2026-06-17,2026-06-21,4
P05307,2026-06-21,2026-06-21,1
P05346,2026-06-05,2026-06-21,1
P05382,2026-06-13,2026-06-21,2
P05398,2026-06-11,2026-06-21,2
P05414,2026-06-09,2026-06-21,1
P05415,2026-06-05,2026-06-21,3
P05424,2026-06-13,2026-06-21,2
P05438,2026-06-21,2026-06-21,3
P05454,2026-06-01,2026-06-21,1
P05457,2026-06-18,2026-06-21,3
P05474,2026-06-21,2026-06-21,2
P05506,2026-06-16,2026-06-21,2
P05522,2026-06-11,2026-06-21,1
P05552,2026-06-11,2026-06-21,3
P05553,2026-06-20,2026-06-21,3
P05563,2026-06-18,2026-06-21,4
P05577,2026-06-20,2026-06-21,4
P05623,2026-06-19,2026-06-21,3
P05633,2026-06-08,2026-06-21,2
P05643,2026-06-21,2026-06-21,4
P05669,2026-06-21,2026-06-21,5
P05714,2026-06-21,2026-06-21,2
P05725,2026-06-21,2026-06-21,2
P05748,2026-06-21,2026-06-21,5
P05752,2026-06-21,2026-06-21,4
P05757,2026-06-21,2026-06-21,3
P05780,2026-06-20,2026-06-21,3
P05801,2026-06-05,2026-06-21,1
P05806,2026-06-15,2026-06-21,2
P05839,2026-06-13,2026-06-21,3
P05844,2026-06-10,2026-06-21,2
P05861,2026-06-20,2026-06-21,2
P05869,2026-06-21,2026-06-21,2
P05890,2026-06-16,2026-06-21,1
P05891,2026-06-09,2026-06-21,3
P05900,2026-06-02,2026-06-21,1
P05934,2026-06-07,2026-06-21,1
P05946,2026-06-21,2026-06-21,2
P06045,2026-06-21,2026-06-21,3
P06047,2026-06-21,2026-06-21,5
P06049,2026-06-18,2026-06-21,1
P06098,2026-06-21,2026-06-21,1
P06125,2026-06-21,2026-06-21,4
P06142,2026-06-20,2026-06-21,4
P06148,2026-06-21,2026-06-21,5
P06163,2026-06-09,2026-06-21,3
P06168,2026-06-18,2026-06-21,3
P06179,2026-06-07,2026-06-21,2
P06206,2026-06-16,2026-06-21,4
P06218,2026-06-21,2026-06-21,4
P06229,2026-06-16,2026-06-21,1
P06257,2026-06-20,2026-06-21,4
P06266,2026-06-21,2026-06-21,2
P06276,2026-06-21,2026-06-21,1
P06282,2026-06-20,2026-06-21,2
P06294,2026-06-14,2026-06-21,3
P06299,2026-06-16,2026-06-21,2
P06323,2026-06-06,2026-06-21,2
P06393,2026-06-21,2026-06-21,1
P06402,2026-06-21,2026-06-21,5
P06411,2026-06-15,2026-06-21,1
P06427,2026-06-21,2026-06-21,1
P06439,2026-06-20,2026-06-21,2
P06440,2026-06-21,2026-06-21,2
P06450,2026-06-05,2026-06-21,1
P06487,2026-06-21,2026-06-21,2
P06507,2026-06-04,2026-06-21,4
P06526,2026-06-12,2026-06-21,2
P06528,2026-06-10,2026-06-21,4
P06530,2026-06-06,2026-06-21,2
P06562,2026-06-14,2026-06-21,3
P06569,2026-06-06,2026-06-21,3
P06634,2026-06-15,2026-06-21,3
P06680,2026-06-19,2026-06-21,2
P06693,2026-06-20,2026-06-21,2
P06694,2026-06-15,2026-06-21,3
P06764,2026-06-21,2026-06-21,3
P06796,2026-06-21,2026-06-21,4
P06833,2026-06-08,2026-06-21,1
P06921,2026-06-13,2026-06-21,3
P06959,2026-06-21,2026-06-21,2
P06989,2026-06-20,2026-06-21,2
P06990,2026-06-20,2026-06-21,1
P06994,2026-06-21,2026-06-21,2
P07005,2026-06-21,2026-06-21,1
P07017,2026-06-21,2026-06-21,1
P07042,2026-06-15,2026-06-21,3
P07060,2026-06-14,2026-06-21,4
P07100,2026-06-15,2026-06-21,4
P07103,2026-06-07,2026-06-21,2
P07120,2026-06-16,2026-06-21,4
P07158,2026-06-21,2026-06-21,2
P07172,2026-06-04,2026-06-21,3
P07184,2026-06-04,2026-06-21,4
P07187,2026-06-18,2026-06-21,1
P07198,2026-06-17,2026-06-21,1
P07229,2026-06-17,2026-06-21,4
P07236,2026-06-08,2026-06-21,2
P07242,2026-06-21,2026-06-21,3
P07253,2026-06-11,2026-06-21,1
P07298,2026-06-08,2026-06-21,3
P07317,2026-06-09,2026-06-21,3
P07338,2026-06-10,2026-06-21,4
P07351,2026-06-03,2026-06-21,3
P07355,2026-06-15,2026-06-21,4
P07358,2026-06-13,2026-06-21,4
P07371,2026-06-09,2026-06-21,3
P07388,2026-06-21,2026-06-21,1
P07390,2026-06-21,2026-06-21,2
P07418,2026-06-18,2026-06-21,4
P07446,2026-06-21,2026-06-21,2
P07455,2026-06-20,2026-06-21,1
P07468,2026-06-21,2026-06-21,3
P07515,2026-06-04,2026-06-21,3
P07538,2026-06-21,2026-06-21,4
P07545,2026-06-15,2026-06-21,4
P07573,2026-06-09,2026-06-21,3
P07576,2026-06-16,2026-06-21,1
P07592,2026-06-05,2026-06-21,1
P07600,2026-06-21,2026-06-21,3
P07606,2026-06-07,2026-06-21,1
P07630,2026-06-18,2026-06-21,2
P07681,2026-06-16,2026-06-21,4
P07706,2026-06-21,2026-06-21,2
P07728,2026-06-20,2026-06-21,4
P07735,2026-06-19,2026-06-21,2
P07743,2026-06-17,2026-06-21,4
P07749,2026-06-21,2026-06-21,1
P07785,2026-06-15,2026-06-21,4
P07789,2026-06-21,2026-06-21,2
P07810,2026-06-03,2026-06-21,3
P07899,2026-06-19,2026-06-21,3
P07922,2026-06-20,2026-06-21,1
P07958,2026-06-17,2026-06-21,4
P07976,2026-06-05,2026-06-21,3
P07990,2026-06-21,2026-06-21,3
P00005,2026-06-16,2026-06-22,2
P00013,2026-06-19,2026-06-22,2
P00031,2026-06-22,2026-06-22,4
P00035,2026-06-12,2026-06-22,3
P00054,2026-06-11,2026-06-22,3
P00055,2026-06-19,2026-06-22,4
P00057,2026-06-19,2026-06-22,4
P00084,2026-06-21,2026-06-22,3
P00106,2026-06-04,2026-06-22,4
P00121,2026-06-22,2026-06-22,3
P00144,2026-06-22,2026-06-22,5
P00152,2026-06-01,2026-06-22,2
P00156,2026-06-01,2026-06-22,3
P00160,2026-06-08,2026-06-22,3
P00167,2026-06-22,2026-06-22,3
P00186,2026-06-17,2026-06-22,2
P00248,2026-06-22,2026-06-22,2
P00251,2026-06-03,2026-06-22,2
P00264,2026-06-02,2026-06-22,3
P00265,2026-06-08,2026-06-22,4
P00278,2026-06-01,2026-06-22,2
P00279,2026-06-19,2026-06-22,2
P00333,2026-06-16,2026-06-22,1
P00347,2026-06-16,2026-06-22,1
P00359,2026-06-22,2026-06-22,2
P00373,2026-06-03,2026-06-22,2
P00388,2026-06-20,2026-06-22,4
P00445,2026-06-02,2026-06-22,3
P00447,2026-06-17,2026-06-22,2
P00448,2026-06-22,2026-06-22,5
P00465,2026-06-22,2026-06-22,1
P00469,2026-06-20,2026-06-22,4
P00476,2026-06-10,2026-06-22,4
P00480,2026-06-08,2026-06-22,4
P00495,2026-06-21,2026-06-22,2
P00500,2026-06-15,2026-06-22,4
P00559,2026-06-03,2026-06-22,3
P00587,2026-06-18,2026-06-22,2
P00594,2026-06-22,2026-06-22,4
P00609,2026-06-11,2026-06-22,2
P00620,2026-06-22,2026-06-22,4
P00621,2026-06-01,2026-06-22,3
P00624,2026-06-22,2026-06-22,1
P00853,2026-06-18,2026-06-22,4
P00856,2026-06-21,2026-06-22,3
P00864,2026-06-22,2026-06-22,5
P00867,2026-06-19,2026-06-22,2
P00892,2026-06-22,2026-06-22,2
P00903,2026-06-20,2026-06-22,3
P00916,2026-06-10,2026-06-22,2
P00936,2026-06-19,2026-06-22,3
P00962,2026-06-22,2026-06-22,5
P00970,2026-06-09,2026-06-22,3
P00971,2026-06-22,2026-06-22,4
P00996,2026-06-06,2026-06-22,1
P01013,2026-06-20,2026-06-22,4
P01028,2026-06-22,2026-06-22,5
P01037,2026-06-21,2026-06-22,3
P01083,2026-06-22,2026-06-22,3
P01087,2026-06-04,2026-06-22,4
P01088,2026-06-22,2026-06-22,4
P01097,2026-06-22,2026-06-22,5
P01110,2026-06-21,2026-06-22,1
P01132,2026-06-07,2026-06-22,2
P01141,2026-06-13,2026-06-22,3
P01260,2026-06-08,2026-06-22,3
P01280,2026-06-20,2026-06-22,4
P01330,2026-06-22,2026-06-22,4
P01332,2026-06-22,2026-06-22,3
P01352,2026-06-22,2026-06-22,1
P01358,2026-06-11,2026-06-22,2
P01365,2026-06-13,2026-06-22,1
P01383,2026-06-21,2026-06-22,4
P01394,2026-06-09,2026-06-22,3
P01460,2026-06-21,2026-06-22,1
P01473,2026-06-22,2026-06-22,5
P01477,2026-06-04,2026-06-22,2
P01549,2026-06-10,2026-06-22,4
P01569,2026-06-12,2026-06-22,1
P01573,2026-06-04,2026-06-22,1
P01608,2026-06-22,2026-06-22,3
P01612,2026-06-22,2026-06-22,4
P01614,2026-06-20,2026-06-22,3
P01633,2026-06-18,2026-06-22,2
P01651,2026-06-01,2026-06-22,3
P01655,2026-06-21,2026-06-22,3
P01669,2026-06-22,2026-06-22,4
P01702,2026-06-03,2026-06-22,2
P01705,2026-06-22,2026-06-22,2
P01720,2026-06-16,2026-06-22,2
P01764,2026-06-06,2026-06-22,4
P01778,2026-06-15,2026-06-22,2
P01786,2026-06-21,2026-06-22,2
P01803,2026-06-10,2026-06-22,3
P01811,2026-06-03,2026-06-22,3
P01821,2026-06-10,2026-06-22,1
P01828,2026-06-16,2026-06-22,3
P01829,2026-06-17,2026-06-22,1
P01840,2026-06-22,2026-06-22,3
P01854,2026-06-22,2026-06-22,1
P01869,2026-06-22,2026-06-22,3
P01870,2026-06-21,2026-06-22,2
P01884,2026-06-22,2026-06-22,3
P01886,2026-06-15,2026-06-22,3
P01889,2026-06-15,2026-06-22,4
P01903,2026-06-18,2026-06-22,3
P01922,2026-06-22,2026-06-22,2
P01932,2026-06-22,2026-06-22,5
P01942,2026-06-07,2026-06-22,3
P01956,2026-06-22,2026-06-22,5
P01963,2026-06-20,2026-06-22,3
P01981,2026-06-08,2026-06-22,1
P01991,2026-06-22,2026-06-22,2
P01997,2026-06-20,2026-06-22,1
P02018,2026-06-16,2026-06-22,4
P02048,2026-06-15,2026-06-22,4
P02067,2026-06-18,2026-06-22,1
P02081,2026-06-21,2026-06-22,2
P02087,2026-06-06,2026-06-22,4
P02100,2026-06-17,2026-06-22,1
P02101,2026-06-18,2026-06-22,1
P02120,2026-06-22,2026-06-22,3
P02170,2026-06-22,2026-06-22,2
P02217,2026-06-12,2026-06-22,1
P02227,2026-06-21,2026-06-22,4
P02239,2026-06-18,2026-06-22,3
P02293,2026-06-22,2026-06-22,4
P02302,2026-06-22,2026-06-22,4
P02361,2026-06-04,2026-06-22,2
P02398,2026-06-22,2026-06-22,4
P02434,2026-06-16,2026-06-22,3
P02443,2026-06-09,2026-06-22,4
P02464,2026-06-20,2026-06-22,1
P02474,2026-06-17,2026-06-22,4
P02489,2026-06-18,2026-06-22,2
P02509,2026-06-22,2026-06-22,5
P02512,2026-06-21,2026-06-22,3
P02526,2026-06-06,2026-06-22,1
P02535,2026-06-16,2026-06-22,1
P02553,2026-06-07,2026-06-22,3
P02582,2026-06-14,2026-06-22,1
P02587,2026-06-12,2026-06-22,3
P02596,2026-06-19,2026-06-22,4
P02623,2026-06-17,2026-06-22,2
P02659,2026-06-22,2026-06-22,5
P02661,2026-06-09,2026-06-22,1
P02707,2026-06-02,2026-06-22,1
P02715,2026-06-06,2026-06-22,3
P02731,2026-06-19,2026-06-22,4
P02742,2026-06-22,2026-06-22,3
P02759,2026-06-18,2026-06-22,3
P02768,2026-06-21,2026-06-22,1
P02783,2026-06-22,2026-06-22,1
P02788,2026-06-21,2026-06-22,3
P02792,2026-06-09,2026-06-22,4
P02797,2026-06-15,2026-06-22,2
P02798,2026-06-09,2026-06-22,1
P02828,2026-06-21,2026-06-22,1
P02831,2026-06-22,2026-06-22,4
P02839,2026-06-07,2026-06-22,2
P02875,2026-06-22,2026-06-22,4
P02953,2026-06-17,2026-06-22,4
P02957,2026-06-21,2026-06-22,3
P02972,2026-06-07,2026-06-22,3
P02979,2026-06-03,2026-06-22,3
P02982,2026-06-19,2026-06-22,3
P02992,2026-06-21,2026-06-22,1
P03029,2026-06-11,2026-06-22,3
P03032,2026-06-15,2026-06-22,2
P03044,2026-06-21,2026-06-22,2
P03075,2026-06-06,2026-06-22,4
P03085,2026-06-17,2026-06-22,2
P03148,2026-06-22,2026-06-22,1
P03170,2026-06-14,2026-06-22,3
P03204,2026-06-08,2026-06-22,2
P03214,2026-06-07,2026-06-22,4
P03243,2026-06-22,2026-06-22,5
P03250,2026-06-22,2026-06-22,2
P03316,2026-06-17,2026-06-22,3
P03324,2026-06-17,2026-06-22,1
P03339,2026-06-22,2026-06-22,3
P03351,2026-06-15,2026-06-22,3
P03359,2026-06-03,2026-06-22,2
P03368,2026-06-14,2026-06-22,4
P03372,2026-06-02,2026-06-22,2
P03391,2026-06-22,2026-06-22,3
P03433,2026-06-22,2026-06-22,5
P03466,2026-06-07,2026-06-22,4
P03513,2026-06-13,2026-06-22,1
P03514,2026-06-12,2026-06-22,1
P03583,2026-06-19,2026-06-22,2
P03584,2026-06-16,2026-06-22,1
P03590,2026-06-18,2026-06-22,1
P03591,2026-06-22,2026-06-22,2
P03614,2026-06-22,2026-06-22,3
P03642,2026-06-04,2026-06-22,4
P03650,2026-06-20,2026-06-22,3
P03666,2026-06-07,2026-06-22,2
P03683,2026-06-20,2026-06-22,4
P03689,2026-06-21,2026-06-22,1
P03734,2026-06-18,2026-06-22,1
P03740,2026-06-11,2026-06-22,2
P03755,2026-06-22,2026-06-22,4
P03757,2026-06-22,2026-06-22,3
P03770,2026-06-22,2026-06-22,3
P03820,2026-06-13,2026-06-22,1
P03878,2026-06-19,2026-06-22,4
P03931,2026-06-15,2026-06-22,3
P03966,2026-06-22,2026-06-22,2
P03980,2026-06-20,2026-06-22,1
P03996,2026-06-22,2026-06-22,2
P04009,2026-06-22,2026-06-22,3
P04019,2026-06-22,2026-06-22,2
P04038,2026-06-09,2026-06-22,3
P04041,2026-06-08,2026-06-22,3
P04059,2026-06-21,2026-06-22,3
P04060,2026-06-22,2026-06-22,3
P04072,2026-06-17,2026-06-22,4
P04078,2026-06-22,2026-06-22,4
P04100,2026-06-22,2026-06-22,2
P04116,2026-06-19,2026-06-22,1
P04153,2026-06-04,2026-06-22,1
P04157,2026-06-22,2026-06-22,3
P04160,2026-06-21,2026-06-22,1
P04177,2026-06-22,2026-06-22,3
P04178,2026-06-21,2026-06-22,4
P04182,2026-06-22,2026-06-22,4
P04189,2026-06-09,2026-06-22,4
P04195,2026-06-19,2026-06-22,4
P04199,2026-06-12,2026-06-22,3
P04208,2026-06-22,2026-06-22,1
P04221,2026-06-22,2026-06-22,2
P04232,2026-06-22,2026-06-22,4
P04237,2026-06-22,2026-06-22,3
P04244,2026-06-11,2026-06-22,1
P04269,2026-06-20,2026-06-22,2
P04309,2026-06-22,2026-06-22,2
P04321,2026-06-16,2026-06-22,4
P04325,2026-06-14,2026-06-22,1
P04354,2026-06-16,2026-06-22,2
P04387,2026-06-20,2026-06-22,4
P04441,2026-06-07,2026-06-22,1
P04461,2026-06-08,2026-06-22,1
P04470,2026-06-22,2026-06-22,1
P04480,2026-06-18,2026-06-22,4
P04498,2026-06-18,2026-06-22,4
P04501,2026-06-21,2026-06-22,4
P04527,2026-06-09,2026-06-22,3
P04529,2026-06-08,2026-06-22,2
P04533,2026-06-08,2026-06-22,2
P04564,2026-06-16,2026-06-22,2
P04569,2026-06-21,2026-06-22,4
P04620,2026-06-11,2026-06-22,2
P04625,2026-06-21,2026-06-22,2
P04636,2026-06-18,2026-06-22,1
P04638,2026-06-22,2026-06-22,4
P04652,2026-06-17,2026-06-22,3
P04684,2026-06-12,2026-06-22,3
P04701,2026-06-11,2026-06-22,2
P04727,2026-06-12,2026-06-22,3
P04737,2026-06-22,2026-06-22,4
P04738,2026-06-08,2026-06-22,1
P04787,2026-06-16,2026-06-22,1
P04822,2026-06-10,2026-06-22,1
P04826,2026-06-05,2026-06-22,3
P04856,2026-06-14,2026-06-22,3
P04863,2026-06-22,2026-06-22,4
P04874,2026-06-17,2026-06-22,2
P04885,2026-06-05,2026-06-22,4
P04909,2026-06-10,2026-06-22,2
P04945,2026-06-09,2026-06-22,1
P04990,2026-06-22,2026-06-22,4
P04994,2026-06-22,2026-06-22,5
P05013,2026-06-19,2026-06-22,2
P05032,2026-06-15,2026-06-22,2
P05047,2026-06-22,2026-06-22,2
P05057,2026-06-16,2026-06-22,4
P05065,2026-06-13,2026-06-22,4
P05099,2026-06-21,2026-06-22,1
P05113,2026-06-14,2026-06-22,3
P05116,2026-06-15,2026-06-22,3
P05134,2026-06-22,2026-06-22,4
P05185,2026-06-22,2026-06-22,1
P05213,2026-06-10,2026-06-22,4
P05231,2026-06-22,2026-06-22,1
P05235,2026-06-07,2026-06-22,3
P05244,2026-06-22,2026-06-22,3
P05258,2026-06-04,2026-06-22,4
P05267,2026-06-15,2026-06-22,4
P05280,2026-06-20,2026-06-22,1
P05338,2026-06-18,2026-06-22,4
P05346,2026-06-05,2026-06-22,1
P05353,2026-06-15,2026-06-22,2
P05419,2026-06-22,2026-06-22,4
P05431,2026-06-22,2026-06-22,3
P05457,2026-06-18,2026-06-22,4
P05471,2026-06-19,2026-06-22,4
P05483,2026-06-22,2026-06-22,5
P05488,2026-06-22,2026-06-22,5
P05515,2026-06-22,2026-06-22,5
P05519,2026-06-12,2026-06-22,4
P05533,2026-06-22,2026-06-22,3
P05535,2026-06-18,2026-06-22,4
P05563,2026-06-18,2026-06-22,2
P05566,2026-06-19,2026-06-22,4
P05607,2026-06-03,2026-06-22,2
P05623,2026-06-19,2026-06-22,1
P05631,2026-06-03,2026-06-22,3
P05637,2026-06-07,2026-06-22,4
P05702,2026-06-22,2026-06-22,2
P05704,2026-06-22,2026-06-22,4
P05713,2026-06-22,2026-06-22,2
P05722,2026-06-22,2026-06-22,3
P05725,2026-06-21,2026-06-22,4
P05795,2026-06-06,2026-06-22,2
P05798,2026-06-22,2026-06-22,3
P05807,2026-06-13,2026-06-22,3
P05815,2026-06-19,2026-06-22,1
P05839,2026-06-13,2026-06-22,4
P05860,2026-06-22,2026-06-22,2
P05865,2026-06-11,2026-06-22,3
P05890,2026-06-16,2026-06-22,1
P05904,2026-06-19,2026-06-22,4
P05909,2026-06-22,2026-06-22,5
P05910,2026-06-22,2026-06-22,2
P05943,2026-06-22,2026-06-22,4
P05968,2026-06-01,2026-06-22,3
P06026,2026-06-22,2026-06-22,2
P06053,2026-06-22,2026-06-22,3
P06092,2026-06-17,2026-06-22,3
P06105,2026-06-02,2026-06-22,1
P06148,2026-06-21,2026-06-22,4
P06151,2026-06-22,2026-06-22,2
P06157,2026-06-08,2026-06-22,4
P06179,2026-06-07,2026-06-22,4
P06189,2026-06-16,2026-06-22,1
P06237,2026-06-09,2026-06-22,3
P06279,2026-06-22,2026-06-22,2
P06288,2026-06-22,2026-06-22,5
P06331,2026-06-09,2026-06-22,2
P06333,2026-06-22,2026-06-22,3
P06396,2026-06-22,2026-06-22,3
P06401,2026-06-07,2026-06-22,4
P06403,2026-06-09,2026-06-22,1
P06422,2026-06-19,2026-06-22,4
P06431,2026-06-04,2026-06-22,4
P06440,2026-06-21,2026-06-22,1
P06443,2026-06-11,2026-06-22,2
P06444,2026-06-01,2026-06-22,3
P06454,2026-06-02,2026-06-22,4
P06523,2026-06-22,2026-06-22,1
P06562,2026-06-14,2026-06-22,2
P06616,2026-06-22,2026-06-22,5
P06630,2026-06-22,2026-06-22,2
P06669,2026-06-16,2026-06-22,4
P06673,2026-06-07,2026-06-22,2
P06736,2026-06-22,2026-06-22,3
P06739,2026-06-22,2026-06-22,4
P06762,2026-06-15,2026-06-22,1
P06764,2026-06-21,2026-06-22,4
P06813,2026-06-22,2026-06-22,5
P06815,2026-06-22,2026-06-22,4
P06822,2026-06-22,2026-06-22,2
P06840,2026-06-22,2026-06-22,1
P06843,2026-06-22,2026-06-22,1
P06857,2026-06-22,2026-06-22,2
P06874,2026-06-06,2026-06-22,2
P06959,2026-06-21,2026-06-22,4
P06967,2026-06-13,2026-06-22,2
P07017,2026-06-21,2026-06-22,4
P07018,2026-06-22,2026-06-22,3
P07038,2026-06-04,2026-06-22,2
P07055,2026-06-20,2026-06-22,1
P07064,2026-06-12,2026-06-22,2
P07090,2026-06-03,2026-06-22,4
P07098,2026-06-11,2026-06-22,2
P07115,2026-06-22,2026-06-22,4
P07124,2026-06-12,2026-06-22,2
P07140,2026-06-22,2026-06-22,1
P07152,2026-06-22,2026-06-22,1
P07169,2026-06-03,2026-06-22,1
P07205,2026-06-12,2026-06-22,3
P07219,2026-06-18,2026-06-22,4
P07242,2026-06-21,2026-06-22,4
P07266,2026-06-01,2026-06-22,4
P07288,2026-06-22,2026-06-22,2
P07289,2026-06-13,2026-06-22,3
P07303,2026-06-20,2026-06-22,1
P07330,2026-06-22,2026-06-22,5
P07339,2026-06-04,2026-06-22,4
P07347,2026-06-19,2026-06-22,2
P07361,2026-06-10,2026-06-22,1
P07366,2026-06-22,2026-06-22,5
P07385,2026-06-03,2026-06-22,4
P07394,2026-06-19,2026-06-22,1
P07420,2026-06-19,2026-06-22,2
P07424,2026-06-01,2026-06-22,1
P07444,2026-06-17,2026-06-22,4
P07446,2026-06-21,2026-06-22,3
P07457,2026-06-22,2026-06-22,1
P07502,2026-06-22,2026-06-22,1
P07560,2026-06-04,2026-06-22,2
P07598,2026-06-22,2026-06-22,3
P07601,2026-06-20,2026-06-22,1
P07621,2026-06-08,2026-06-22,4
P07638,2026-06-22,2026-06-22,2
P07653,2026-06-16,2026-06-22,3
P07706,2026-06-21,2026-06-22,2
P07727,2026-06-10,2026-06-22,2
P07737,2026-06-17,2026-06-22,4
P07755,2026-06-17,2026-06-22,3
P07799,2026-06-22,2026-06-22,4
P07808,2026-06-19,2026-06-22,1
P07814,2026-06-17,2026-06-22,1
P07816,2026-06-14,2026-06-22,1
P07832,2026-06-19,2026-06-22,1
P07865,2026-06-17,2026-06-22,2
P07875,2026-06-22,2026-06-22,4
P07882,2026-06-22,2026-06-22,1
P07890,2026-06-20,2026-06-22,2
P07942,2026-06-10,2026-06-22,1
P07961,2026-06-15,2026-06-22,2
P07971,2026-06-16,2026-06-22,3
P07996,2026-06-22,2026-06-22,4
P00012,2026-06-23,2026-06-23,5
P00019,2026-06-11,2026-06-23,2
P00029,2026-06-12,2026-06-23,4
P00031,2026-06-22,2026-06-23,4
P00034,2026-06-19,2026-06-23,2
P00048,2026-06-23,2026-06-23,1
P00050,2026-06-07,2026-06-23,2
P00051,2026-06-23,2026-06-23,1
P00057,2026-06-19,2026-06-23,4
P00058,2026-06-23,2026-06-23,5
P00068,2026-06-23,2026-06-23,3
P00073,2026-06-23,2026-06-23,1
P00113,2026-06-23,2026-06-23,2
P00126,2026-06-20,2026-06-23,2
P00143,2026-06-08,2026-06-23,2
P00179,2026-06-06,2026-06-23,3
P00181,2026-06-14,2026-06-23,4
P00186,2026-06-17,2026-06-23,4
P00208,2026-06-02,2026-06-23,1
P00220,2026-06-01,2026-06-23,2
P00240,2026-06-11,2026-06-23,3
P00249,2026-06-23,2026-06-23,4
P00271,2026-06-08,2026-06-23,1
P00281,2026-06-16,2026-06-23,4
P00299,2026-06-16,2026-06-23,2
P00308,2026-06-23,2026-06-23,1
P00330,2026-06-23,2026-06-23,2
P00349,2026-06-06,2026-06-23,4
P00357,2026-06-18,2026-06-23,3
P00361,2026-06-21,2026-06-23,1
P00368,2026-06-23,2026-06-23,1
P00380,2026-06-14,2026-06-23,2
P00400,2026-06-10,2026-06-23,4
P00413,2026-06-21,2026-06-23,1
P00436,2026-06-18,2026-06-23,3
P00460,2026-06-23,2026-06-23,4
P00480,2026-06-08,2026-06-23,3
P00491,2026-06-23,2026-06-23,4
P00500,2026-06-15,2026-06-23,2
P00506,2026-06-18,2026-06-23,2
P00520,2026-06-03,2026-06-23,2
P00562,2026-06-15,2026-06-23,2
P00574,2026-06-02,2026-06-23,2
P00587,2026-06-18,2026-06-23,2
P00611,2026-06-06,2026-06-23,4
P00620,2026-06-22,2026-06-23,3
P00666,2026-06-23,2026-06-23,1
P00676,2026-06-08,2026-06-23,2
P00696,2026-06-23,2026-06-23,2
P00713,2026-06-23,2026-06-23,4
P00719,2026-06-23,2026-06-23,4
P00794,2026-06-01,2026-06-23,2
P00796,2026-06-09,2026-06-23,2
P00805,2026-06-13,2026-06-23,1
P00832,2026-06-20,2026-06-23,4
P00861,2026-06-23,2026-06-23,3
P00867,2026-06-19,2026-06-23,1
P00872,2026-06-11,2026-06-23,3
P00878,2026-06-20,2026-06-23,1
P00903,2026-06-20,2026-06-23,4
P00916,2026-06-10,2026-06-23,2
P00962,2026-06-22,2026-06-23,2
P01006,2026-06-18,2026-06-23,4
P01013,2026-06-20,2026-06-23,1
P01052,2026-06-11,2026-06-23,3
P01069,2026-06-23,2026-06-23,5
P01096,2026-06-19,2026-06-23,2
P01098,2026-06-12,2026-06-23,2
P01110,2026-06-21,2026-06-23,4
P01117,2026-06-23,2026-06-23,4
P01132,2026-06-07,2026-06-23,1
P01189,2026-06-16,2026-06-23,3
P01246,2026-06-09,2026-06-23,4
P01274,2026-06-13,2026-06-23,4
P01300,2026-06-05,2026-06-23,1
P01330,2026-06-22,2026-06-23,2
P01338,2026-06-20,2026-06-23,3
P01342,2026-06-03,2026-06-23,4
P01372,2026-06-03,2026-06-23,2
P01375,2026-06-01,2026-06-23,4
P01391,2026-06-02,2026-06-23,2
P01399,2026-06-13,2026-06-23,3
P01417,2026-06-03,2026-06-23,4
P01421,2026-06-01,2026-06-23,4
P01443,2026-06-21,2026-06-23,1
P01460,2026-06-21,2026-06-23,3
P01477,2026-06-04,2026-06-23,1
P01498,2026-06-23,2026-06-23,4
P01506,2026-06-23,2026-06-23,1
P01534,2026-06-23,2026-06-23,3
P01544,2026-06-23,2026-06-23,4
P01562,2026-06-23,2026-06-23,5
P01564,2026-06-23,2026-06-23,2
P01574,2026-06-23,2026-06-23,3
P01653,2026-06-20,2026-06-23,2
P01665,2026-06-16,2026-06-23,3
P01669,2026-06-22,2026-06-23,1
P01739,2026-06-12,2026-06-23,3
P01779,2026-06-23,2026-06-23,5
P01786,2026-06-21,2026-06-23,3
P01828,2026-06-16,2026-06-23,3
P01834,2026-06-12,2026-06-23,4
P01857,2026-06-20,2026-06-23,3
P01870,2026-06-21,2026-06-23,1
P01886,2026-06-15,2026-06-23,4
P01919,2026-06-21,2026-06-23,2
P01945,2026-06-20,2026-06-23,2
P01989,2026-06-19,2026-06-23,1
P01997,2026-06-20,2026-06-23,2
P02016,2026-06-23,2026-06-23,2
P02018,2026-06-16,2026-06-23,1
P02040,2026-06-23,2026-06-23,1
P02041,2026-06-23,2026-06-23,1
P02057,2026-06-23,2026-06-23,4
P02068,2026-06-07,2026-06-23,3
P02114,2026-06-10,2026-06-23,4
P02190,2026-06-23,2026-06-23,2
P02216,2026-06-07,2026-06-23,4
P02225,2026-06-12,2026-06-23,4
P02242,2026-06-23,2026-06-23,2
P02258,2026-06-19,2026-06-23,2
P02266,2026-06-18,2026-06-23,2
P02300,2026-06-15,2026-06-23,3
P02302,2026-06-22,2026-06-23,1
P02303,2026-06-23,2026-06-23,4
P02316,2026-06-21,2026-06-23,4
P02322,2026-06-23,2026-06-23,1
P02328,2026-06-18,2026-06-23,4
P02337,2026-06-18,2026-06-23,2
P02398,2026-06-22,2026-06-23,2
P02407,2026-06-20,2026-06-23,3
P02434,2026-06-16,2026-06-23,1
P02451,2026-06-23,2026-06-23,1
P02454,2026-06-09,2026-06-23,1
P02458,2026-06-23,2026-06-23,2
P02464,2026-06-20,2026-06-23,4
P02467,2026-06-23,2026-06-23,4
P02490,2026-06-23,2026-06-23,4
P02509,2026-06-22,2026-06-23,4
P02512,2026-06-21,2026-06-23,1
P02555,2026-06-23,2026-06-23,4
P02559,2026-06-23,2026-06-23,5
P02564,2026-06-18,2026-06-23,1
P02575,2026-06-10,2026-06-23,3
P02581,2026-06-23,2026-06-23,2
P02589,2026-06-23,2026-06-23,5
P02590,2026-06-13,2026-06-23,2
P02596,2026-06-19,2026-06-23,2
P02638,2026-06-20,2026-06-23,3
P02640,2026-06-15,2026-06-23,2
P02643,2026-06-18,2026-06-23,4
P02666,2026-06-23,2026-06-23,1
P02694,2026-06-17,2026-06-23,4
P02749,2026-06-07,2026-06-23,4
P02763,2026-06-12,2026-06-23,4
P02788,2026-06-21,2026-06-23,3
P02807,2026-06-23,2026-06-23,5
P02844,2026-06-17,2026-06-23,1
P02876,2026-06-23,2026-06-23,1
P02889,2026-06-11,2026-06-23,1
P02903,2026-06-19,2026-06-23,3
P02906,2026-06-21,2026-06-23,1
P02943,2026-06-23,2026-06-23,3
P02945,2026-06-19,2026-06-23,2
P02955,2026-06-23,2026-06-23,4
P02957,2026-06-21,2026-06-23,4
P02982,2026-06-19,2026-06-23,2
P02992,2026-06-21,2026-06-23,2
P02994,2026-06-06,2026-06-23,3
P03044,2026-06-21,2026-06-23,2
P03055,2026-06-06,2026-06-23,1
P03072,2026-06-12,2026-06-23,2
P03107,2026-06-07,2026-06-23,2
P03120,2026-06-06,2026-06-23,4
P03140,2026-06-23,2026-06-23,4
P03161,2026-06-16,2026-06-23,1
P03240,2026-06-23,2026-06-23,4
P03262,2026-06-23,2026-06-23,4
P03267,2026-06-21,2026-06-23,4
P03284,2026-06-23,2026-06-23,5
P03307,2026-06-10,2026-06-23,1
P03319,2026-06-23,2026-06-23,4
P03324,2026-06-17,2026-06-23,3
P03335,2026-06-23,2026-06-23,5
P03339,2026-06-22,2026-06-23,1
P03352,2026-06-17,2026-06-23,3
P03391,2026-06-22,2026-06-23,3
P03433,2026-06-22,2026-06-23,2
P03451,2026-06-21,2026-06-23,3
P03465,2026-06-23,2026-06-23,5
P03495,2026-06-20,2026-06-23,1
P03512,2026-06-06,2026-06-23,3
P03523,2026-06-23,2026-06-23,2
P03526,2026-06-09,2026-06-23,1
P03589,2026-06-08,2026-06-23,2
P03591,2026-06-22,2026-06-23,2
P03601,2026-06-18,2026-06-23,3
P03635,2026-06-15,2026-06-23,2
P03650,2026-06-20,2026-06-23,3
P03651,2026-06-19,2026-06-23,2
P03659,2026-06-15,2026-06-23,3
P03676,2026-06-08,2026-06-23,4
P03686,2026-06-16,2026-06-23,3
P03699,2026-06-23,2026-06-23,5
P03727,2026-06-23,2026-06-23,3
P03746,2026-06-12,2026-06-23,3
P03760,2026-06-18,2026-06-23,1
P03770,2026-06-22,2026-06-23,4
P03829,2026-06-18,2026-06-23,1
P03841,2026-06-03,2026-06-23,2
P03863,2026-06-19,2026-06-23,1
P03864,2026-06-01,2026-06-23,3
P03909,2026-06-06,2026-06-23,1
P03926,2026-06-23,2026-06-23,4
P03935,2026-06-23,2026-06-23,3
P03941,2026-06-06,2026-06-23,2
P03965,2026-06-20,2026-06-23,3
P03966,2026-06-22,2026-06-23,3
P04003,2026-06-11,2026-06-23,4
P04014,2026-06-11,2026-06-23,3
P04017,2026-06-23,2026-06-23,1
P04020,2026-06-23,2026-06-23,2
P04067,2026-06-23,2026-06-23,5
P04068,2026-06-23,2026-06-23,3
P04078,2026-06-22,2026-06-23,2
P04100,2026-06-22,2026-06-23,3
P04156,2026-06-15,2026-06-23,1
P04177,2026-06-22,2026-06-23,4
P04199,2026-06-12,2026-06-23,1
P04208,2026-06-22,2026-06-23,1
P04280,2026-06-17,2026-06-23,2
P04288,2026-06-14,2026-06-23,2
P04295,2026-06-21,2026-06-23,3
P04299,2026-06-23,2026-06-23,1
P04308,2026-06-13,2026-06-23,3
P04309,2026-06-22,2026-06-23,1
P04341,2026-06-14,2026-06-23,3
P04365,2026-06-23,2026-06-23,5
P04381,2026-06-23,2026-06-23,3
P04409,2026-06-01,2026-06-23,2
P04411,2026-06-23,2026-06-23,3
P04462,2026-06-23,2026-06-23,3
P04473,2026-06-23,2026-06-23,3
P04480,2026-06-18,2026-06-23,2
P04501,2026-06-21,2026-06-23,3
P04509,2026-06-23,2026-06-23,4
P04522,2026-06-12,2026-06-23,2
P04551,2026-06-13,2026-06-23,4
P04554,2026-06-23,2026-06-23,1
P04555,2026-06-18,2026-06-23,1
P04564,2026-06-16,2026-06-23,2
P04569,2026-06-21,2026-06-23,2
P04589,2026-06-23,2026-06-23,4
P04606,2026-06-23,2026-06-23,1
P04609,2026-06-20,2026-06-23,1
P04636,2026-06-18,2026-06-23,1
P04650,2026-06-23,2026-06-23,1
P04666,2026-06-14,2026-06-23,1
P04684,2026-06-12,2026-06-23,3
P04687,2026-06-18,2026-06-23,3
P04708,2026-06-11,2026-06-23,4
P04734,2026-06-18,2026-06-23,3
P04737,2026-06-22,2026-06-23,4
P04750,2026-06-11,2026-06-23,1
P04760,2026-06-08,2026-06-23,1
P04819,2026-06-23,2026-06-23,3
P04822,2026-06-10,2026-06-23,4
P04825,2026-06-09,2026-06-23,2
P04840,2026-06-16,2026-06-23,1
P04877,2026-06-15,2026-06-23,3
P04893,2026-06-23,2026-06-23,4
P04936,2026-06-13,2026-06-23,2
P04958,2026-06-08,2026-06-23,2
P04968,2026-06-06,2026-06-23,2
P05016,2026-06-18,2026-06-23,2
P05047,2026-06-22,2026-06-23,1
P05062,2026-06-23,2026-06-23,1
P05067,2026-06-21,2026-06-23,2
P05079,2026-06-23,2026-06-23,1
P05113,2026-06-14,2026-06-23,3
P05139,2026-06-23,2026-06-23,4
P05178,2026-06-23,2026-06-23,3
P05201,2026-06-02,2026-06-23,2
P05229,2026-06-02,2026-06-23,2
P05231,2026-06-22,2026-06-23,1
P05242,2026-06-23,2026-06-23,4
P05261,2026-06-17,2026-06-23,3
P05264,2026-06-23,2026-06-23,4
P05280,2026-06-20,2026-06-23,2
P05293,2026-06-17,2026-06-23,3
P05298,2026-06-23,2026-06-23,1
P05335,2026-06-10,2026-06-23,2
P05393,2026-06-23,2026-06-23,1
P05414,2026-06-09,2026-06-23,2
P05422,2026-06-16,2026-06-23,1
P05431,2026-06-22,2026-06-23,1
P05438,2026-06-21,2026-06-23,1
P05442,2026-06-23,2026-06-23,2
P05474,2026-06-21,2026-06-23,2
P05488,2026-06-22,2026-06-23,3
P05512,2026-06-23,2026-06-23,1
P05532,2026-06-20,2026-06-23,2
P05535,2026-06-18,2026-06-23,1
P05549,2026-06-23,2026-06-23,5
P05560,2026-06-15,2026-06-23,1
P05608,2026-06-17,2026-06-23,4
P05667,2026-06-23,2026-06-23,1
P05699,2026-06-04,2026-06-23,3
P05756,2026-06-18,2026-06-23,4
P05776,2026-06-09,2026-06-23,4
P05790,2026-06-23,2026-06-23,2
P05793,2026-06-23,2026-06-23,1
P05805,2026-06-23,2026-06-23,3
P05815,2026-06-19,2026-06-23,1
P05842,2026-06-03,2026-06-23,1
P05861,2026-06-20,2026-06-23,4
P05865,2026-06-11,2026-06-23,3
P05876,2026-06-23,2026-06-23,1
P05894,2026-06-23,2026-06-23,3
P05909,2026-06-22,2026-06-23,3
P05960,2026-06-23,2026-06-23,3
P05993,2026-06-23,2026-06-23,2
P06053,2026-06-22,2026-06-23,4
P06076,2026-06-20,2026-06-23,1
P06098,2026-06-21,2026-06-23,3
P06105,2026-06-02,2026-06-23,1
P06160,2026-06-07,2026-06-23,1
P06207,2026-06-23,2026-06-23,3
P06297,2026-06-07,2026-06-23,1
P06299,2026-06-16,2026-06-23,2
P06333,2026-06-22,2026-06-23,2
P06339,2026-06-01,2026-06-23,2
P06358,2026-06-15,2026-06-23,3
P06374,2026-06-13,2026-06-23,3
P06375,2026-06-08,2026-06-23,2
P06430,2026-06-23,2026-06-23,1
P06431,2026-06-04,2026-06-23,2
P06440,2026-06-21,2026-06-23,3
P06445,2026-06-23,2026-06-23,4
P06454,2026-06-02,2026-06-23,4
P06477,2026-06-23,2026-06-23,5
P06487,2026-06-21,2026-06-23,3
P06507,2026-06-04,2026-06-23,4
P06543,2026-06-17,2026-06-23,2
P06546,2026-06-23,2026-06-23,2
P06551,2026-06-23,2026-06-23,5
P06594,2026-06-02,2026-06-23,4
P06645,2026-06-02,2026-06-23,2
P06651,2026-06-23,2026-06-23,3
P06652,2026-06-17,2026-06-23,2
P06674,2026-06-23,2026-06-23,2
P06685,2026-06-15,2026-06-23,3
P06699,2026-06-23,2026-06-23,4
P06717,2026-06-23,2026-06-23,5
P06736,2026-06-22,2026-06-23,2
P06777,2026-06-23,2026-06-23,3
P06808,2026-06-14,2026-06-23,2
P06815,2026-06-22,2026-06-23,3
P06818,2026-06-23,2026-06-23,1
P06822,2026-06-22,2026-06-23,4
P06832,2026-06-23,2026-06-23,5
P06841,2026-06-23,2026-06-23,1
P06852,2026-06-08,2026-06-23,3
P06857,2026-06-22,2026-06-23,1
P06875,2026-06-23,2026-06-23,4
P06883,2026-06-09,2026-06-23,4
P06892,2026-06-23,2026-06-23,5
P06938,2026-06-18,2026-06-23,1
P06969,2026-06-23,2026-06-23,3
P06996,2026-06-23,2026-06-23,1
P06997,2026-06-07,2026-06-23,1
P07002,2026-06-17,2026-06-23,2
P07005,2026-06-21,2026-06-23,3
P07019,2026-06-23,2026-06-23,1
P07042,2026-06-15,2026-06-23,3
P07047,2026-06-06,2026-06-23,2
P07052,2026-06-18,2026-06-23,4
P07062,2026-06-15,2026-06-23,3
P07063,2026-06-14,2026-06-23,3
P07093,2026-06-23,2026-06-23,2
P07106,2026-06-23,2026-06-23,3
P07111,2026-06-01,2026-06-23,1
P07119,2026-06-23,2026-06-23,1
P07120,2026-06-16,2026-06-23,1
P07124,2026-06-12,2026-06-23,3
P07152,2026-06-22,2026-06-23,4
P07159,2026-06-17,2026-06-23,4
P07196,2026-06-23,2026-06-23,1
P07217,2026-06-05,2026-06-23,1
P07218,2026-06-08,2026-06-23,3
P07279,2026-06-06,2026-06-23,4
P07280,2026-06-12,2026-06-23,4
P07295,2026-06-14,2026-06-23,4
P07338,2026-06-10,2026-06-23,1
P07340,2026-06-23,2026-06-23,5
P07351,2026-06-03,2026-06-23,2
P07355,2026-06-15,2026-06-23,2
P07361,2026-06-10,2026-06-23,4
P07371,2026-06-09,2026-06-23,3
P07385,2026-06-03,2026-06-23,1
P07394,2026-06-19,2026-06-23,4
P07419,2026-06-17,2026-06-23,4
P07438,2026-06-11,2026-06-23,1
P07445,2026-06-09,2026-06-23,2
P07455,2026-06-20,2026-06-23,3
P07482,2026-06-23,2026-06-23,2
P07508,2026-06-23,2026-06-23,4
P07512,2026-06-18,2026-06-23,1
P07514,2026-06-13,2026-06-23,2
P07515,2026-06-04,2026-06-23,3
P07518,2026-06-03,2026-06-23,2
P07521,2026-06-20,2026-06-23,2
P07527,2026-06-23,2026-06-23,3
P07556,2026-06-23,2026-06-23,4
P07601,2026-06-20,2026-06-23,4
P07672,2026-06-23,2026-06-23,4
P07703,2026-06-23,2026-06-23,4
P07725,2026-06-10,2026-06-23,1
P07733,2026-06-23,2026-06-23,3
P07734,2026-06-23,2026-06-23,1
P07735,2026-06-19,2026-06-23,4
P07743,2026-06-17,2026-06-23,2
P07801,2026-06-03,2026-06-23,2
P07802,2026-06-18,2026-06-23,1
P07839,2026-06-17,2026-06-23,4
P07865,2026-06-17,2026-06-23,3
P07868,2026-06-12,2026-06-23,1
P07940,2026-06-14,2026-06-23,2
P07962,2026-06-13,2026-06-23,1
P07995,2026-06-18,2026-06-23,3
P07998,2026-06-06,2026-06-23,4
P00010,2026-06-24,2026-06-24,4
P00024,2026-06-07,2026-06-24,4
P00031,2026-06-22,2026-06-24,3
P00034,2026-06-19,2026-06-24,4
P00057,2026-06-19,2026-06-24,4
P00058,2026-06-23,2026-06-24,1
P00073,2026-06-23,2026-06-24,4
P00092,2026-06-13,2026-06-24,1
P00144,2026-06-22,2026-06-24,2
P00151,2026-06-03,2026-06-24,3
P00162,2026-06-08,2026-06-24,2
P00182,2026-06-24,2026-06-24,4
P00186,2026-06-17,2026-06-24,1
P00192,2026-06-13,2026-06-24,3
P00202,2026-06-08,2026-06-24,4
P00225,2026-06-15,2026-06-24,4
P00248,2026-06-22,2026-06-24,4
P00261,2026-06-24,2026-06-24,4
P00284,2026-06-07,2026-06-24,1
P00311,2026-06-12,2026-06-24,1
P00342,2026-06-24,2026-06-24,3
P00357,2026-06-18,2026-06-24,4
P00367,2026-06-05,2026-06-24,2
P00372,2026-06-24,2026-06-24,2
P00389,2026-06-24,2026-06-24,5
P00395,2026-06-24,2026-06-24,5
P00399,2026-06-06,2026-06-24,3
P00437,2026-06-24,2026-06-24,4
P00453,2026-06-03,2026-06-24,2
P00460,2026-06-23,2026-06-24,3
P00575,2026-06-24,2026-06-24,5
P00610,2026-06-21,2026-06-24,4
P00616,2026-06-05,2026-06-24,4
P00620,2026-06-22,2026-06-24,2
P00634,2026-06-20,2026-06-24,2
P00743,2026-06-11,2026-06-24,4
P00814,2026-06-09,2026-06-24,3
P00820,2026-06-24,2026-06-24,3
P00867,2026-06-19,2026-06-24,2
P00880,2026-06-24,2026-06-24,1
P00884,2026-06-24,2026-06-24,1
P00906,2026-06-21,2026-06-24,3
P00916,2026-06-10,2026-06-24,3
P00936,2026-06-19,2026-06-24,2
P00948,2026-06-24,2026-06-24,2
P00959,2026-06-24,2026-06-24,3
P00982,2026-06-24,2026-06-24,3
P01027,2026-06-04,2026-06-24,4
P01037,2026-06-21,2026-06-24,4
P01045,2026-06-17,2026-06-24,3
P01069,2026-06-23,2026-06-24,1
P01096,2026-06-19,2026-06-24,3
P01098,2026-06-12,2026-06-24,2
P01154,2026-06-09,2026-06-24,1
P01161,2026-06-24,2026-06-24,1
P01178,2026-06-24,2026-06-24,3
P01189,2026-06-16,2026-06-24,3
P01194,2026-06-24,2026-06-24,3
P01201,2026-06-04,2026-06-24,3
P01263,2026-06-19,2026-06-24,2
P01272,2026-06-05,2026-06-24,1
P01274,2026-06-13,2026-06-24,4
P01326,2026-06-05,2026-06-24,3
P01332,2026-06-22,2026-06-24,3
P01344,2026-06-20,2026-06-24,3
P01396,2026-06-04,2026-06-24,1
P01421,2026-06-01,2026-06-24,4
P01425,2026-06-18,2026-06-24,1
P01456,2026-06-13,2026-06-24,2
P01460,2026-06-21,2026-06-24,1
P01501,2026-06-24,2026-06-24,1
P01506,2026-06-23,2026-06-24,4
P01557,2026-06-13,2026-06-24,2
P01603,2026-06-08,2026-06-24,4
P01608,2026-06-22,2026-06-24,2
P01635,2026-06-10,2026-06-24,4
P01653,2026-06-20,2026-06-24,1
P01709,2026-06-24,2026-06-24,5
P01723,2026-06-24,2026-06-24,4
P01732,2026-06-08,2026-06-24,1
P01739,2026-06-12,2026-06-24,4
P01786,2026-06-21,2026-06-24,3
P01812,2026-06-24,2026-06-24,2
P01816,2026-06-24,2026-06-24,1
P01844,2026-06-19,2026-06-24,3
P01856,2026-06-24,2026-06-24,3
P01858,2026-06-24,2026-06-24,1
P01870,2026-06-21,2026-06-24,4
P01889,2026-06-15,2026-06-24,4
P01890,2026-06-24,2026-06-24,3
P01929,2026-06-21,2026-06-24,4
P01936,2026-06-24,2026-06-24,3
P01979,2026-06-24,2026-06-24,4
P02017,2026-06-24,2026-06-24,2
P02021,2026-06-24,2026-06-24,5
P02041,2026-06-23,2026-06-24,3
P02087,2026-06-06,2026-06-24,2
P02103,2026-06-10,2026-06-24,1
P02119,2026-06-05,2026-06-24,4
P02120,2026-06-22,2026-06-24,3
P02142,2026-06-21,2026-06-24,4
P02157,2026-06-24,2026-06-24,4
P02165,2026-06-24,2026-06-24,2
P02171,2026-06-24,2026-06-24,5
P02204,2026-06-19,2026-06-24,2
P02211,2026-06-05,2026-06-24,4
P02212,2026-06-15,2026-06-24,4
P02227,2026-06-21,2026-06-24,3
P02228,2026-06-24,2026-06-24,3
P02235,2026-06-24,2026-06-24,1
P02236,2026-06-24,2026-06-24,5
P02239,2026-06-18,2026-06-24,4
P02240,2026-06-03,2026-06-24,1
P02242,2026-06-23,2026-06-24,1
P02262,2026-06-24,2026-06-24,4
P02264,2026-06-24,2026-06-24,4
P02302,2026-06-22,2026-06-24,4
P02317,2026-06-04,2026-06-24,3
P02320,2026-06-24,2026-06-24,1
P02322,2026-06-23,2026-06-24,4
P02340,2026-06-24,2026-06-24,4
P02386,2026-06-05,2026-06-24,4
P02398,2026-06-22,2026-06-24,1
P02452,2026-06-16,2026-06-24,2
P02506,2026-06-24,2026-06-24,3
P02521,2026-06-24,2026-06-24,1
P02538,2026-06-18,2026-06-24,4
P02565,2026-06-24,2026-06-24,4
P02581,2026-06-23,2026-06-24,4
P02582,2026-06-14,2026-06-24,4
P02586,2026-06-24,2026-06-24,2
P02588,2026-06-20,2026-06-24,1
P02620,2026-06-24,2026-06-24,2
P02648,2026-06-24,2026-06-24,1
P02662,2026-06-24,2026-06-24,1
P02666,2026-06-23,2026-06-24,3
P02729,2026-06-24,2026-06-24,5
P02738,2026-06-24,2026-06-24,4
P02745,2026-06-05,2026-06-24,3
P02759,2026-06-18,2026-06-24,1
P02768,2026-06-21,2026-06-24,4
P02775,2026-06-24,2026-06-24,1
P02798,2026-06-09,2026-06-24,2
P02807,2026-06-23,2026-06-24,2
P02808,2026-06-13,2026-06-24,3
P02813,2026-06-08,2026-06-24,2
P02828,2026-06-21,2026-06-24,1
P02875,2026-06-22,2026-06-24,3
P02878,2026-06-24,2026-06-24,3
P02885,2026-06-18,2026-06-24,2
P02922,2026-06-12,2026-06-24,3
P02932,2026-06-24,2026-06-24,5
P02935,2026-06-21,2026-06-24,3
P02955,2026-06-23,2026-06-24,2
P02992,2026-06-21,2026-06-24,2
P02996,2026-06-24,2026-06-24,4
P03011,2026-06-24,2026-06-24,4
P03016,2026-06-14,2026-06-24,2
P03027,2026-06-24,2026-06-24,5
P03034,2026-06-24,2026-06-24,4
P03041,2026-06-12,2026-06-24,2
P03042,2026-06-15,2026-06-24,4
P03044,2026-06-21,2026-06-24,4
P03075,2026-06-06,2026-06-24,2
P03104,2026-06-13,2026-06-24,4
P03120,2026-06-06,2026-06-24,2
P03124,2026-06-24,2026-06-24,5
P03141,2026-06-10,2026-06-24,1
P03200,2026-06-24,2026-06-24,2
P03211,2026-06-19,2026-06-24,3
P03227,2026-06-14,2026-06-24,4
P03237,2026-06-24,2026-06-24,1
P03262,2026-06-23,2026-06-24,3
P03282,2026-06-17,2026-06-24,2
P03305,2026-06-02,2026-06-24,4
P03335,2026-06-23,2026-06-24,2
P03338,2026-06-24,2026-06-24,1
P03339,2026-06-22,2026-06-24,3
P03358,2026-06-24,2026-06-24,1
P03362,2026-06-24,2026-06-24,4
P03391,2026-06-22,2026-06-24,3
P03441,2026-06-15,2026-06-24,2
P03450,2026-06-24,2026-06-24,1
P03513,2026-06-13,2026-06-24,2
P03524,2026-06-01,2026-06-24,4
P03530,2026-06-24,2026-06-24,1
P03560,2026-06-21,2026-06-24,4
P03590,2026-06-18,2026-06-24,4
P03629,2026-06-24,2026-06-24,3
P03647,2026-06-20,2026-06-24,3
P03660,2026-06-12,2026-06-24,2
P03666,2026-06-07,2026-06-24,2
P03686,2026-06-16,2026-06-24,2
P03689,2026-06-21,2026-06-24,2
P03728,2026-06-24,2026-06-24,3
P03740,2026-06-11,2026-06-24,1
P03746,2026-06-12,2026-06-24,2
P03756,2026-06-21,2026-06-24,4
P03768,2026-06-21,2026-06-24,4
P03793,2026-06-18,2026-06-24,3
P03817,2026-06-24,2026-06-24,4
P03825,2026-06-06,2026-06-24,4
P03829,2026-06-18,2026-06-24,3
P03834,2026-06-24,2026-06-24,1
P03841,2026-06-03,2026-06-24,1
P03878,2026-06-19,2026-06-24,3
P03935,2026-06-23,2026-06-24,2
P03939,2026-06-24,2026-06-24,5
P03940,2026-06-01,2026-06-24,4
P04008,2026-06-04,2026-06-24,1
P04040,2026-06-24,2026-06-24,3
P04059,2026-06-21,2026-06-24,4
P04071,2026-06-24,2026-06-24,3
P04097,2026-06-21,2026-06-24,2
P04100,2026-06-22,2026-06-24,4
P04118,2026-06-24,2026-06-24,3
P04131,2026-06-24,2026-06-24,2
P04132,2026-06-15,2026-06-24,4
P04174,2026-06-03,2026-06-24,4
P04188,2026-06-24,2026-06-24,4
P04195,2026-06-19,2026-06-24,3
P04197,2026-06-24,2026-06-24,4
P04228,2026-06-20,2026-06-24,1
P04232,2026-06-22,2026-06-24,1
P04237,2026-06-22,2026-06-24,4
P04283,2026-06-24,2026-06-24,3
P04288,2026-06-14,2026-06-24,4
P04289,2026-06-11,2026-06-24,3
P04295,2026-06-21,2026-06-24,1
P04299,2026-06-23,2026-06-24,1
P04309,2026-06-22,2026-06-24,4
P04328,2026-06-14,2026-06-24,3
P04339,2026-06-16,2026-06-24,4
P04365,2026-06-23,2026-06-24,4
P04381,2026-06-23,2026-06-24,2
P04417,2026-06-15,2026-06-24,3
P04462,2026-06-23,2026-06-24,1
P04489,2026-06-16,2026-06-24,4
P04501,2026-06-21,2026-06-24,1
P04517,2026-06-17,2026-06-24,3
P04564,2026-06-16,2026-06-24,1
P04606,2026-06-23,2026-06-24,3
P04638,2026-06-22,2026-06-24,2
P04651,2026-06-17,2026-06-24,1
P04674,2026-06-19,2026-06-24,3
P04681,2026-06-16,2026-06-24,1
P04687,2026-06-18,2026-06-24,4
P04694,2026-06-12,2026-06-24,1
P04769,2026-06-24,2026-06-24,5
P04793,2026-06-01,2026-06-24,3
P04813,2026-06-10,2026-06-24,2
P04822,2026-06-10,2026-06-24,1
P04835,2026-06-21,2026-06-24,2
P04836,2026-06-04,2026-06-24,3
P04853,2026-06-05,2026-06-24,4
P04856,2026-06-14,2026-06-24,2
P04959,2026-06-24,2026-06-24,2
P04970,2026-06-24,2026-06-24,3
P04999,2026-06-21,2026-06-24,2
P05004,2026-06-24,2026-06-24,5
P05008,2026-06-10,2026-06-24,3
P05012,2026-06-24,2026-06-24,4
P05014,2026-06-03,2026-06-24,1
P05016,2026-06-18,2026-06-24,2
P05032,2026-06-15,2026-06-24,4
P05099,2026-06-21,2026-06-24,2
P05108,2026-06-24,2026-06-24,1
P05116,2026-06-15,2026-06-24,4
P05142,2026-06-24,2026-06-24,2
P05161,2026-06-24,2026-06-24,1
P05170,2026-06-13,2026-06-24,4
P05178,2026-06-23,2026-06-24,3
P05188,2026-06-24,2026-06-24,3
P05222,2026-06-02,2026-06-24,2
P05226,2026-06-12,2026-06-24,3
P05228,2026-06-14,2026-06-24,2
P05235,2026-06-07,2026-06-24,4
P05255,2026-06-04,2026-06-24,1
P05267,2026-06-15,2026-06-24,1
P05280,2026-06-20,2026-06-24,1
P05293,2026-06-17,2026-06-24,2
P05299,2026-06-24,2026-06-24,1
P05300,2026-06-24,2026-06-24,2
P05331,2026-06-03,2026-06-24,2
P05358,2026-06-24,2026-06-24,5
P05399,2026-06-24,2026-06-24,1
P05424,2026-06-13,2026-06-24,2
P05431,2026-06-22,2026-06-24,4
P05442,2026-06-23,2026-06-24,1
P05457,2026-06-18,2026-06-24,3
P05462,2026-06-24,2026-06-24,3
P05464,2026-06-11,2026-06-24,3
P05480,2026-06-24,2026-06-24,5
P05486,2026-06-07,2026-06-24,1
P05518,2026-06-01,2026-06-24,1
P05522,2026-06-11,2026-06-24,1
P05547,2026-06-24,2026-06-24,5
P05552,2026-06-11,2026-06-24,3
P05578,2026-06-18,2026-06-24,1
P05583,2026-06-15,2026-06-24,2
P05605,2026-06-04,2026-06-24,2
P05606,2026-06-10,2026-06-24,2
P05607,2026-06-03,2026-06-24,3
P05608,2026-06-17,2026-06-24,4
P05618,2026-06-11,2026-06-24,2
P05629,2026-06-24,2026-06-24,1
P05653,2026-06-04,2026-06-24,3
P05656,2026-06-07,2026-06-24,1
P05684,2026-06-13,2026-06-24,3
P05690,2026-06-18,2026-06-24,4
P05693,2026-06-24,2026-06-24,1
P05722,2026-06-22,2026-06-24,2
P05738,2026-06-24,2026-06-24,5
P05740,2026-06-24,2026-06-24,2
P05748,2026-06-21,2026-06-24,1
P05763,2026-06-16,2026-06-24,4
P05785,2026-06-24,2026-06-24,2
P05805,2026-06-23,2026-06-24,4
P05822,2026-06-10,2026-06-24,4
P05828,2026-06-10,2026-06-24,4
P05839,2026-06-13,2026-06-24,1
P05872,2026-06-24,2026-06-24,5
P05879,2026-06-04,2026-06-24,2
P05894,2026-06-23,2026-06-24,3
P05910,2026-06-22,2026-06-24,2
P05913,2026-06-16,2026-06-24,3
P05937,2026-06-24,2026-06-24,3
P05946,2026-06-21,2026-06-24,4
P05950,2026-06-24,2026-06-24,5
P05985,2026-06-24,2026-06-24,1
P05993,2026-06-23,2026-06-24,3
P06011,2026-06-01,2026-06-24,4
P06049,2026-06-18,2026-06-24,3
P06059,2026-06-07,2026-06-24,2
P06070,2026-06-24,2026-06-24,3
P06081,2026-06-24,2026-06-24,5
P06085,2026-06-24,2026-06-24,1
P06125,2026-06-21,2026-06-24,3
P06135,2026-06-19,2026-06-24,3
P06142,2026-06-20,2026-06-24,3
P06168,2026-06-18,2026-06-24,4
P06194,2026-06-24,2026-06-24,5
P06199,2026-06-08,2026-06-24,4
P06218,2026-06-21,2026-06-24,4
P06223,2026-06-24,2026-06-24,1
P06250,2026-06-07,2026-06-24,4
P06257,2026-06-20,2026-06-24,1
P06280,2026-06-07,2026-06-24,3
P06288,2026-06-22,2026-06-24,4
P06289,2026-06-24,2026-06-24,1
P06290,2026-06-01,2026-06-24,4
P06305,2026-06-24,2026-06-24,5
P06307,2026-06-24,2026-06-24,1
P06345,2026-06-04,2026-06-24,2
P06355,2026-06-06,2026-06-24,2
P06358,2026-06-15,2026-06-24,2
P06365,2026-06-11,2026-06-24,4
P06386,2026-06-24,2026-06-24,5
P06387,2026-06-10,2026-06-24,4
P06404,2026-06-16,2026-06-24,1
P06414,2026-06-24,2026-06-24,1
P06422,2026-06-19,2026-06-24,3
P06430,2026-06-23,2026-06-24,1
P06434,2026-06-07,2026-06-24,3
P06436,2026-06-07,2026-06-24,1
P06438,2026-06-24,2026-06-24,4
P06444,2026-06-01,2026-06-24,1
P06485,2026-06-24,2026-06-24,2
P06487,2026-06-21,2026-06-24,4
P06518,2026-06-09,2026-06-24,3
P06529,2026-06-24,2026-06-24,1
P06541,2026-06-08,2026-06-24,3
P06544,2026-06-24,2026-06-24,3
P06546,2026-06-23,2026-06-24,2
P06551,2026-06-23,2026-06-24,2
P06553,2026-06-24,2026-06-24,4
P06561,2026-06-18,2026-06-24,4
P06594,2026-06-02,2026-06-24,4
P06630,2026-06-22,2026-06-24,4
P06634,2026-06-15,2026-06-24,3
P06657,2026-06-24,2026-06-24,4
P06670,2026-06-06,2026-06-24,1
P06671,2026-06-24,2026-06-24,1
P06674,2026-06-23,2026-06-24,3
P06699,2026-06-23,2026-06-24,3
P06759,2026-06-19,2026-06-24,2
P06764,2026-06-21,2026-06-24,2
P06773,2026-06-24,2026-06-24,1
P06781,2026-06-11,2026-06-24,2
P06799,2026-06-24,2026-06-24,1
P06833,2026-06-08,2026-06-24,1
P06857,2026-06-22,2026-06-24,3
P06892,2026-06-23,2026-06-24,4
P06894,2026-06-11,2026-06-24,1
P06974,2026-06-24,2026-06-24,1
P06985,2026-06-24,2026-06-24,2
P06987,2026-06-04,2026-06-24,2
P07002,2026-06-17,2026-06-24,2
P07019,2026-06-23,2026-06-24,3
P07042,2026-06-15,2026-06-24,2
P07047,2026-06-06,2026-06-24,1
P07052,2026-06-18,2026-06-24,2
P07064,2026-06-12,2026-06-24,3
P07093,2026-06-23,2026-06-24,4
P07101,2026-06-24,2026-06-24,4
P07120,2026-06-16,2026-06-24,4
P07137,2026-06-24,2026-06-24,5
P07159,2026-06-17,2026-06-24,4
P07172,2026-06-04,2026-06-24,3
P07208,2026-06-16,2026-06-24,1
P07213,2026-06-11,2026-06-24,2
P07247,2026-06-24,2026-06-24,5
P07257,2026-06-24,2026-06-24,2
P07266,2026-06-01,2026-06-24,2
P07269,2026-06-10,2026-06-24,4
P07286,2026-06-02,2026-06-24,1
P07288,2026-06-22,2026-06-24,1
P07295,2026-06-14,2026-06-24,3
P07343,2026-06-13,2026-06-24,2
P07361,2026-06-10,2026-06-24,2
P07381,2026-06-14,2026-06-24,2
P07418,2026-06-18,2026-06-24,3
P07430,2026-06-24,2026-06-24,1
P07445,2026-06-09,2026-06-24,4
P07463,2026-06-16,2026-06-24,4
P07521,2026-06-20,2026-06-24,1
P07522,2026-06-24,2026-06-24,3
P07541,2026-06-11,2026-06-24,1
P07569,2026-06-18,2026-06-24,2
P07580,2026-06-24,2026-06-24,3
P07620,2026-06-13,2026-06-24,1
P07648,2026-06-18,2026-06-24,4
P07672,2026-06-23,2026-06-24,2
P07696,2026-06-24,2026-06-24,4
P07706,2026-06-21,2026-06-24,1
P07720,2026-06-14,2026-06-24,4
P07725,2026-06-10,2026-06-24,4
P07735,2026-06-19,2026-06-24,4
P07743,2026-06-17,2026-06-24,1
P07749,2026-06-21,2026-06-24,3
P07763,2026-06-24,2026-06-24,5
P07785,2026-06-15,2026-06-24,1
P07795,2026-06-24,2026-06-24,3
P07808,2026-06-19,2026-06-24,1
P07832,2026-06-19,2026-06-24,2
P07859,2026-06-07,2026-06-24,1
P07865,2026-06-17,2026-06-24,3
P07915,2026-06-17,2026-06-24,1
P07940,2026-06-14,2026-06-24,4
P07942,2026-06-10,2026-06-24,3
P07947,2026-06-10,2026-06-24,4
P07965,2026-06-13,2026-06-24,2
P07989,2026-06-11,2026-06-24,1
P07990,2026-06-21,2026-06-24,3
P07995,2026-06-18,2026-06-24,4
P00005,2026-06-16,2026-06-25,4
P00024,2026-06-07,2026-06-25,1
P00048,2026-06-23,2026-06-25,3
P00054,2026-06-11,2026-06-25,4
P00055,2026-06-19,2026-06-25,4
P00058,2026-06-23,2026-06-25,4
P00069,2026-06-25,2026-06-25,4
P00115,2026-06-25,2026-06-25,3
P00133,2026-06-25,2026-06-25,2
P00135,2026-06-25,2026-06-25,5
P00144,2026-06-22,2026-06-25,3
P00230,2026-06-01,2026-06-25,1
P00233,2026-06-16,2026-06-25,3
P00248,2026-06-22,2026-06-25,3
P00249,2026-06-23,2026-06-25,3
P00286,2026-06-03,2026-06-25,4
P00318,2026-06-25,2026-06-25,5
P00331,2026-06-03,2026-06-25,4
P00400,2026-06-10,2026-06-25,2
P00416,2026-06-03,2026-06-25,4
P00425,2026-06-12,2026-06-25,2
P00437,2026-06-24,2026-06-25,1
P00455,2026-06-08,2026-06-25,1
P00472,2026-06-11,2026-06-25,1
P00480,2026-06-08,2026-06-25,1
P00548,2026-06-25,2026-06-25,3
P00577,2026-06-25,2026-06-25,5
P00582,2026-06-25,2026-06-25,2
P00605,2026-06-06,2026-06-25,4
P00634,2026-06-20,2026-06-25,2
P00675,2026-06-25,2026-06-25,2
P00676,2026-06-08,2026-06-25,3
P00732,2026-06-05,2026-06-25,3
P00733,2026-06-21,2026-06-25,4
P00752,2026-06-02,2026-06-25,4
P00789,2026-06-15,2026-06-25,2
P00805,2026-06-13,2026-06-25,2
P00813,2026-06-25,2026-06-25,4
P00873,2026-06-18,2026-06-25,1
P00878,2026-06-20,2026-06-25,2
P00890,2026-06-25,2026-06-25,2
P00892,2026-06-22,2026-06-25,1
P00903,2026-06-20,2026-06-25,4
P00975,2026-06-25,2026-06-25,2
P01001,2026-06-06,2026-06-25,1
P01013,2026-06-20,2026-06-25,2
P01085,2026-06-25,2026-06-25,2
P01097,2026-06-22,2026-06-25,2
P01098,2026-06-12,2026-06-25,2
P01110,2026-06-21,2026-06-25,3
P01117,2026-06-23,2026-06-25,1
P01154,2026-06-09,2026-06-25,4
P01155,2026-06-21,2026-06-25,3
P01163,2026-06-25,2026-06-25,4
P01199,2026-06-18,2026-06-25,2
P01220,2026-06-06,2026-06-25,2
P01228,2026-06-03,2026-06-25,4
P01256,2026-06-25,2026-06-25,3
P01260,2026-06-08,2026-06-25,3
P01268,2026-06-25,2026-06-25,4
P01271,2026-06-25,2026-06-25,5
P01274,2026-06-13,2026-06-25,3
P01289,2026-06-25,2026-06-25,5
P01292,2026-06-07,2026-06-25,4
P01306,2026-06-25,2026-06-25,1
P01319,2026-06-25,2026-06-25,2
P01338,2026-06-20,2026-06-25,4
P01348,2026-06-25,2026-06-25,2
P01355,2026-06-25,2026-06-25,1
P01381,2026-06-25,2026-06-25,5
P01394,2026-06-09,2026-06-25,2
P01399,2026-06-13,2026-06-25,1
P01405,2026-06-25,2026-06-25,1
P01419,2026-06-25,2026-06-25,4
P01432,2026-06-02,2026-06-25,1
P01463,2026-06-25,2026-06-25,1
P01473,2026-06-22,2026-06-25,4
P01476,2026-06-25,2026-06-25,3
P01480,2026-06-25,2026-06-25,5
P01484,2026-06-25,2026-06-25,1
P01489,2026-06-11,2026-06-25,2
P01492,2026-06-11,2026-06-25,2
P01515,2026-06-11,2026-06-25,3
P01517,2026-06-11,2026-06-25,3
P01529,2026-06-12,2026-06-25,4
P01537,2026-06-12,2026-06-25,4
P01546,2026-06-20,2026-06-25,1
P01549,2026-06-10,2026-06-25,1
P01565,2026-06-25,2026-06-25,1
P01572,2026-06-25,2026-06-25,4
P01574,2026-06-23,2026-06-25,2
P01594,2026-06-25,2026-06-25,3
P01650,2026-06-25,2026-06-25,3
P01683,2026-06-25,2026-06-25,5
P01692,2026-06-11,2026-06-25,1
P01731,2026-06-25,2026-06-25,3
P01779,2026-06-23,2026-06-25,3
P01786,2026-06-21,2026-06-25,2
P01816,2026-06-24,2026-06-25,4
P01835,2026-06-20,2026-06-25,4
P01844,2026-06-19,2026-06-25,2
P01856,2026-06-24,2026-06-25,3
P01870,2026-06-21,2026-06-25,4
P01885,2026-06-25,2026-06-25,4
P01903,2026-06-18,2026-06-25,4
P01906,2026-06-25,2026-06-25,3
P01927,2026-06-25,2026-06-25,3
P01936,2026-06-24,2026-06-25,4
P01945,2026-06-20,2026-06-25,4
P01946,2026-06-25,2026-06-25,3
P01962,2026-06-17,2026-06-25,4
P01979,2026-06-24,2026-06-25,1
P01986,2026-06-10,2026-06-25,1
P02017,2026-06-24,2026-06-25,1
P02018,2026-06-16,2026-06-25,4
P02032,2026-06-25,2026-06-25,5
P02041,2026-06-23,2026-06-25,1
P02063,2026-06-16,2026-06-25,2
P02073,2026-06-12,2026-06-25,3
P02076,2026-06-25,2026-06-25,5
P02120,2026-06-22,2026-06-25,4
P02134,2026-06-09,2026-06-25,3
P02135,2026-06-09,2026-06-25,3
P02144,2026-06-19,2026-06-25,4
P02186,2026-06-25,2026-06-25,4
P02199,2026-06-25,2026-06-25,3
P02206,2026-06-12,2026-06-25,3
P02217,2026-06-12,2026-06-25,4
P02225,2026-06-12,2026-06-25,2
P02233,2026-06-25,2026-06-25,1
P02236,2026-06-24,2026-06-25,3
P02242,2026-06-23,2026-06-25,3
P02262,2026-06-24,2026-06-25,2
P02285,2026-06-21,2026-06-25,4
P02299,2026-06-25,2026-06-25,1
P02300,2026-06-15,2026-06-25,2
P02316,2026-06-21,2026-06-25,4
P02325,2026-06-25,2026-06-25,1
P02340,2026-06-24,2026-06-25,3
P02354,2026-06-25,2026-06-25,3
P02360,2026-06-14,2026-06-25,4
P02393,2026-06-25,2026-06-25,1
P02436,2026-06-16,2026-06-25,3
P02451,2026-06-23,2026-06-25,2
P02452,2026-06-16,2026-06-25,1
P02457,2026-06-25,2026-06-25,1
P02458,2026-06-23,2026-06-25,3
P02475,2026-06-07,2026-06-25,4
P02480,2026-06-25,2026-06-25,5
P02489,2026-06-18,2026-06-25,3
P02506,2026-06-24,2026-06-25,1
P02535,2026-06-16,2026-06-25,1
P02555,2026-06-23,2026-06-25,3
P02582,2026-06-14,2026-06-25,2
P02590,2026-06-13,2026-06-25,2
P02609,2026-06-25,2026-06-25,4
P02633,2026-06-09,2026-06-25,1
P02641,2026-06-25,2026-06-25,5
P02706,2026-06-14,2026-06-25,2
P02722,2026-06-25,2026-06-25,3
P02729,2026-06-24,2026-06-25,3
P02733,2026-06-25,2026-06-25,1
P02757,2026-06-14,2026-06-25,4
P02771,2026-06-05,2026-06-25,1
P02797,2026-06-15,2026-06-25,2
P02799,2026-06-07,2026-06-25,2
P02826,2026-06-25,2026-06-25,3
P02834,2026-06-21,2026-06-25,2
P02875,2026-06-22,2026-06-25,1
P02892,2026-06-25,2026-06-25,5
P02894,2026-06-25,2026-06-25,4
P02903,2026-06-19,2026-06-25,4
P02938,2026-06-20,2026-06-25,2
P02940,2026-06-25,2026-06-25,4
P02943,2026-06-23,2026-06-25,2
P02972,2026-06-07,2026-06-25,1
P02979,2026-06-03,2026-06-25,2
P02983,2026-06-25,2026-06-25,1
P02987,2026-06-13,2026-06-25,1
P03021,2026-06-10,2026-06-25,2
P03027,2026-06-24,2026-06-25,3
P03034,2026-06-24,2026-06-25,4
P03042,2026-06-15,2026-06-25,4
P03049,2026-06-25,2026-06-25,2
P03053,2026-06-04,2026-06-25,4
P03065,2026-06-12,2026-06-25,2
P03098,2026-06-25,2026-06-25,4
P03105,2026-06-25,2026-06-25,1
P03124,2026-06-24,2026-06-25,4
P03143,2026-06-25,2026-06-25,1
P03219,2026-06-13,2026-06-25,2
P03229,2026-06-02,2026-06-25,1
P03262,2026-06-23,2026-06-25,1
P03284,2026-06-23,2026-06-25,1
P03287,2026-06-11,2026-06-25,3
P03291,2026-06-25,2026-06-25,4
P03294,2026-06-07,2026-06-25,2
P03303,2026-06-11,2026-06-25,4
P03316,2026-06-17,2026-06-25,2
P03362,2026-06-24,2026-06-25,1
P03384,2026-06-10,2026-06-25,1
P03391,2026-06-22,2026-06-25,3
P03396,2026-06-12,2026-06-25,3
P03412,2026-06-20,2026-06-25,1
P03442,2026-06-10,2026-06-25,2
P03450,2026-06-24,2026-06-25,1
P03454,2026-06-25,2026-06-25,3
P03494,2026-06-17,2026-06-25,4
P03522,2026-06-17,2026-06-25,3
P03540,2026-06-18,2026-06-25,4
P03582,2026-06-18,2026-06-25,3
P03590,2026-06-18,2026-06-25,2
P03592,2026-06-18,2026-06-25,4
P03601,2026-06-18,2026-06-25,2
P03629,2026-06-24,2026-06-25,2
P03642,2026-06-04,2026-06-25,3
P03651,2026-06-19,2026-06-25,3
P03683,2026-06-20,2026-06-25,1
P03686,2026-06-16,2026-06-25,3
P03734,2026-06-18,2026-06-25,1
P03751,2026-06-14,2026-06-25,3
P03754,2026-06-18,2026-06-25,2
P03765,2026-06-12,2026-06-25,3
P03820,2026-06-13,2026-06-25,1
P03839,2026-06-25,2026-06-25,3
P03894,2026-06-25,2026-06-25,2
P03907,2026-06-21,2026-06-25,1
P03912,2026-06-25,2026-06-25,3
P03926,2026-06-23,2026-06-25,4
P03976,2026-06-05,2026-06-25,2
P03980,2026-06-20,2026-06-25,4
P04000,2026-06-25,2026-06-25,4
P04011,2026-06-25,2026-06-25,4
P04025,2026-06-25,2026-06-25,2
P04037,2026-06-25,2026-06-25,1
P04040,2026-06-24,2026-06-25,1
P04061,2026-06-05,2026-06-25,4
P04067,2026-06-23,2026-06-25,2
P04077,2026-06-25,2026-06-25,5
P04078,2026-06-22,2026-06-25,4
P04081,2026-06-25,2026-06-25,3
P04085,2026-06-13,2026-06-25,4
P04133,2026-06-25,2026-06-25,1
P04144,2026-06-25,2026-06-25,1
P04152,2026-06-25,2026-06-25,4
P04177,2026-06-22,2026-06-25,4
P04182,2026-06-22,2026-06-25,1
P04188,2026-06-24,2026-06-25,1
P04197,2026-06-24,2026-06-25,3
P04208,2026-06-22,2026-06-25,2
P04221,2026-06-22,2026-06-25,3
P04236,2026-06-20,2026-06-25,4
P04255,2026-06-25,2026-06-25,2
P04259,2026-06-25,2026-06-25,2
P04263,2026-06-25,2026-06-25,5
P04264,2026-06-25,2026-06-25,4
P04276,2026-06-25,2026-06-25,4
P04289,2026-06-11,2026-06-25,1
P04299,2026-06-23,2026-06-25,3
P04324,2026-06-05,2026-06-25,1
P04346,2026-06-16,2026-06-25,3
P04347,2026-06-25,2026-06-25,3
P04366,2026-06-11,2026-06-25,4
P04380,2026-06-25,2026-06-25,3
P04398,2026-06-08,2026-06-25,2
P04399,2026-06-10,2026-06-25,4
P04411,2026-06-23,2026-06-25,1
P04436,2026-06-25,2026-06-25,5
P04438,2026-06-14,2026-06-25,4
P04486,2026-06-17,2026-06-25,1
P04489,2026-06-16,2026-06-25,3
P04499,2026-06-11,2026-06-25,1
P04509,2026-06-23,2026-06-25,2
P04527,2026-06-09,2026-06-25,3
P04531,2026-06-18,2026-06-25,2
P04554,2026-06-23,2026-06-25,2
P04577,2026-06-25,2026-06-25,3
P04594,2026-06-10,2026-06-25,4
P04603,2026-06-25,2026-06-25,3
P04625,2026-06-21,2026-06-25,1
P04738,2026-06-08,2026-06-25,1
P04750,2026-06-11,2026-06-25,4
P04768,2026-06-02,2026-06-25,1
P04771,2026-06-25,2026-06-25,3
P04774,2026-06-25,2026-06-25,4
P04821,2026-06-25,2026-06-25,4
P04823,2026-06-02,2026-06-25,1
P04829,2026-06-08,2026-06-25,3
P04836,2026-06-04,2026-06-25,2
P04873,2026-06-25,2026-06-25,3
P04946,2026-06-25,2026-06-25,1
P05012,2026-06-24,2026-06-25,1
P05028,2026-06-16,2026-06-25,4
P05032,2026-06-15,2026-06-25,2
P05073,2026-06-25,2026-06-25,1
P05075,2026-06-06,2026-06-25,3
P05079,2026-06-23,2026-06-25,2
P05099,2026-06-21,2026-06-25,1
P05108,2026-06-24,2026-06-25,3
P05117,2026-06-25,2026-06-25,1
P05139,2026-06-23,2026-06-25,2
P05144,2026-06-25,2026-06-25,1
P05171,2026-06-13,2026-06-25,2
P05177,2026-06-16,2026-06-25,4
P05178,2026-06-23,2026-06-25,2
P05195,2026-06-25,2026-06-25,1
P05215,2026-06-07,2026-06-25,4
P05228,2026-06-14,2026-06-25,3
P05229,2026-06-02,2026-06-25,3
P05265,2026-06-25,2026-06-25,2
P05280,2026-06-20,2026-06-25,4
P05300,2026-06-24,2026-06-25,4
P05304,2026-06-14,2026-06-25,2
P05306,2026-06-25,2026-06-25,1
P05326,2026-06-11,2026-06-25,2
P05335,2026-06-10,2026-06-25,1
P05353,2026-06-15,2026-06-25,3
P05358,2026-06-24,2026-06-25,1
P05384,2026-06-09,2026-06-25,1
P05396,2026-06-04,2026-06-25,3
P05471,2026-06-19,2026-06-25,4
P05477,2026-06-25,2026-06-25,1
P05488,2026-06-22,2026-06-25,3
P05512,2026-06-23,2026-06-25,4
P05525,2026-06-03,2026-06-25,2
P05532,2026-06-20,2026-06-25,3
P05535,2026-06-18,2026-06-25,1
P05556,2026-06-20,2026-06-25,3
P05577,2026-06-20,2026-06-25,1
P05589,2026-06-25,2026-06-25,2
P05648,2026-06-14,2026-06-25,1
P05652,2026-06-25,2026-06-25,2
P05659,2026-06-25,2026-06-25,2
P05690,2026-06-18,2026-06-25,1
P05693,2026-06-24,2026-06-25,4
P05705,2026-06-04,2026-06-25,4
P05726,2026-06-25,2026-06-25,2
P05732,2026-06-25,2026-06-25,5
P05753,2026-06-10,2026-06-25,2
P05786,2026-06-25,2026-06-25,3
P05790,2026-06-23,2026-06-25,3
P05807,2026-06-13,2026-06-25,1
P05810,2026-06-25,2026-06-25,5
P05828,2026-06-10,2026-06-25,4
P05848,2026-06-01,2026-06-25,2
P05852,2026-06-25,2026-06-25,2
P05853,2026-06-01,2026-06-25,3
P05859,2026-06-17,2026-06-25,4
P05865,2026-06-11,2026-06-25,2
P05876,2026-06-23,2026-06-25,2
P05894,2026-06-23,2026-06-25,1
P05909,2026-06-22,2026-06-25,4
P05910,2026-06-22,2026-06-25,2
P05950,2026-06-24,2026-06-25,3
P05970,2026-06-12,2026-06-25,3
P05993,2026-06-23,2026-06-25,4
P06026,2026-06-22,2026-06-25,4
P06027,2026-06-25,2026-06-25,1
P06029,2026-06-25,2026-06-25,5
P06036,2026-06-25,2026-06-25,2
P06038,2026-06-25,2026-06-25,3
P06049,2026-06-18,2026-06-25,2
P06054,2026-06-25,2026-06-25,3
P06072,2026-06-25,2026-06-25,3
P06085,2026-06-24,2026-06-25,2
P06091,2026-06-25,2026-06-25,2
P06098,2026-06-21,2026-06-25,2
P06140,2026-06-25,2026-06-25,2
P06142,2026-06-20,2026-06-25,3
P06155,2026-06-25,2026-06-25,5
P06190,2026-06-25,2026-06-25,4
P06194,2026-06-24,2026-06-25,3
P06223,2026-06-24,2026-06-25,3
P06237,2026-06-09,2026-06-25,3
P06249,2026-06-25,2026-06-25,5
P06255,2026-06-25,2026-06-25,3
P06261,2026-06-17,2026-06-25,2
P06290,2026-06-01,2026-06-25,3
P06294,2026-06-14,2026-06-25,3
P06323,2026-06-06,2026-06-25,1
P06328,2026-06-05,2026-06-25,3
P06333,2026-06-22,2026-06-25,1
P06335,2026-06-09,2026-06-25,1
P06370,2026-06-25,2026-06-25,4
P06388,2026-06-25,2026-06-25,2
P06403,2026-06-09,2026-06-25,3
P06405,2026-06-25,2026-06-25,1
P06427,2026-06-21,2026-06-25,1
P06432,2026-06-25,2026-06-25,3
P06438,2026-06-24,2026-06-25,4
P06454,2026-06-02,2026-06-25,4
P06455,2026-06-13,2026-06-25,2
P06474,2026-06-25,2026-06-25,1
P06487,2026-06-21,2026-06-25,4
P06488,2026-06-14,2026-06-25,3
P06523,2026-06-22,2026-06-25,2
P06525,2026-06-18,2026-06-25,4
P06541,2026-06-08,2026-06-25,4
P06543,2026-06-17,2026-06-25,2
P06544,2026-06-24,2026-06-25,3
P06546,2026-06-23,2026-06-25,2
P06549,2026-06-01,2026-06-25,1
P06565,2026-06-25,2026-06-25,3
P06568,2026-06-25,2026-06-25,3
P06570,2026-06-25,2026-06-25,2
P06604,2026-06-25,2026-06-25,4
P06627,2026-06-25,2026-06-25,2
P06633,2026-06-20,2026-06-25,2
P06644,2026-06-25,2026-06-25,2
P06674,2026-06-23,2026-06-25,4
P06691,2026-06-03,2026-06-25,1
P06696,2026-06-20,2026-06-25,4
P06698,2026-06-25,2026-06-25,5
P06699,2026-06-23,2026-06-25,2
P06706,2026-06-25,2026-06-25,1
P06708,2026-06-25,2026-06-25,2
P06759,2026-06-19,2026-06-25,4
P06799,2026-06-24,2026-06-25,3
P06803,2026-06-14,2026-06-25,2
P06817,2026-06-19,2026-06-25,1
P06818,2026-06-23,2026-06-25,4
P06857,2026-06-22,2026-06-25,3
P06870,2026-06-25,2026-06-25,4
P06874,2026-06-06,2026-06-25,3
P06894,2026-06-11,2026-06-25,2
P06898,2026-06-08,2026-06-25,3
P06904,2026-06-25,2026-06-25,5
P06921,2026-06-13,2026-06-25,4
P06925,2026-06-07,2026-06-25,1
P06942,2026-06-25,2026-06-25,5
P06957,2026-06-25,2026-06-25,1
P06969,2026-06-23,2026-06-25,4
P06976,2026-06-19,2026-06-25,3
P06980,2026-06-25,2026-06-25,4
P06989,2026-06-20,2026-06-25,4
P07018,2026-06-22,2026-06-25,2
P07019,2026-06-23,2026-06-25,2
P07021,2026-06-25,2026-06-25,2
P07042,2026-06-15,2026-06-25,4
P07052,2026-06-18,2026-06-25,4
P07073,2026-06-11,2026-06-25,4
P07119,2026-06-23,2026-06-25,2
P07137,2026-06-24,2026-06-25,3
P07140,2026-06-22,2026-06-25,4
P07152,2026-06-22,2026-06-25,4
P07158,2026-06-21,2026-06-25,1
P07159,2026-06-17,2026-06-25,2
P07175,2026-06-01,2026-06-25,2
P07177,2026-06-10,2026-06-25,1
P07196,2026-06-23,2026-06-25,1
P07214,2026-06-15,2026-06-25,2
P07240,2026-06-25,2026-06-25,2
P07263,2026-06-25,2026-06-25,3
P07266,2026-06-01,2026-06-25,1
P07273,2026-06-01,2026-06-25,3
P07280,2026-06-12,2026-06-25,4
P07303,2026-06-20,2026-06-25,2
P07326,2026-06-16,2026-06-25,3
P07350,2026-06-12,2026-06-25,4
P07359,2026-06-25,2026-06-25,4
P07365,2026-06-25,2026-06-25,4
P07381,2026-06-14,2026-06-25,1
P07394,2026-06-19,2026-06-25,4
P07415,2026-06-04,2026-06-25,1
P07430,2026-06-24,2026-06-25,2
P07438,2026-06-11,2026-06-25,2
P07443,2026-06-25,2026-06-25,3
P07445,2026-06-09,2026-06-25,4
P07446,2026-06-21,2026-06-25,2
P07461,2026-06-25,2026-06-25,2
P07463,2026-06-16,2026-06-25,1
P07483,2026-06-04,2026-06-25,2
P07519,2026-06-25,2026-06-25,4
P07522,2026-06-24,2026-06-25,1
P07535,2026-06-25,2026-06-25,3
P07536,2026-06-25,2026-06-25,4
P07556,2026-06-23,2026-06-25,3
P07591,2026-06-25,2026-06-25,3
P07630,2026-06-18,2026-06-25,2
P07662,2026-06-08,2026-06-25,3
P07705,2026-06-14,2026-06-25,3
P07725,2026-06-10,2026-06-25,3
P07727,2026-06-10,2026-06-25,4
P07832,2026-06-19,2026-06-25,1
P07865,2026-06-17,2026-06-25,4
P07869,2026-06-25,2026-06-25,1
P07913,2026-06-25,2026-06-25,5
P07947,2026-06-10,2026-06-25,1
P07965,2026-06-13,2026-06-25,1
P07967,2026-06-25,2026-06-25,4
P00006,2026-06-06,2026-06-26,3
P00012,2026-06-23,2026-06-26,2
P00029,2026-06-12,2026-06-26,4
P00039,2026-06-08,2026-06-26,2
P00056,2026-06-04,2026-06-26,4
P00064,2026-06-26,2026-06-26,4
P00068,2026-06-23,2026-06-26,1
P00069,2026-06-25,2026-06-26,2
P00083,2026-06-13,2026-06-26,1
P00133,2026-06-25,2026-06-26,4
P00156,2026-06-01,2026-06-26,2
P00166,2026-06-26,2026-06-26,2
P00179,2026-06-06,2026-06-26,3
P00181,2026-06-14,2026-06-26,2
P00186,2026-06-17,2026-06-26,3
P00192,2026-06-13,2026-06-26,3
P00232,2026-06-12,2026-06-26,3
P00233,2026-06-16,2026-06-26,3
P00237,2026-06-06,2026-06-26,4
P00245,2026-06-21,2026-06-26,1
P00264,2026-06-02,2026-06-26,1
P00275,2026-06-16,2026-06-26,4
P00279,2026-06-19,2026-06-26,2
P00284,2026-06-07,2026-06-26,3
P00308,2026-06-23,2026-06-26,2
P00318,2026-06-25,2026-06-26,3
P00339,2026-06-17,2026-06-26,4
P00342,2026-06-24,2026-06-26,2
P00389,2026-06-24,2026-06-26,4
P00413,2026-06-21,2026-06-26,3
P00433,2026-06-26,2026-06-26,3
P00437,2026-06-24,2026-06-26,1
P00439,2026-06-26,2026-06-26,5
P00453,2026-06-03,2026-06-26,3
P00468,2026-06-26,2026-06-26,5
P00480,2026-06-08,2026-06-26,4
P00500,2026-06-15,2026-06-26,4
P00506,2026-06-18,2026-06-26,1
P00533,2026-06-26,2026-06-26,5
P00562,2026-06-15,2026-06-26,4
P00587,2026-06-18,2026-06-26,4
P00591,2026-06-05,2026-06-26,3
P00667,2026-06-14,2026-06-26,1
P00671,2026-06-17,2026-06-26,2
P00710,2026-06-26,2026-06-26,5
P00805,2026-06-13,2026-06-26,3
P00841,2026-06-26,2026-06-26,1
P00867,2026-06-19,2026-06-26,4
P00878,2026-06-20,2026-06-26,1
P00892,2026-06-22,2026-06-26,4
P00906,2026-06-21,2026-06-26,4
P00942,2026-06-03,2026-06-26,3
P00962,2026-06-22,2026-06-26,1
P00970,2026-06-09,2026-06-26,3
P00987,2026-06-26,2026-06-26,2
P00988,2026-06-26,2026-06-26,1
P00994,2026-06-12,2026-06-26,1
P00999,2026-06-07,2026-06-26,2
P01005,2026-06-09,2026-06-26,2
P01049,2026-06-03,2026-06-26,1
P01117,2026-06-23,2026-06-26,4
P01124,2026-06-26,2026-06-26,1
P01137,2026-06-03,2026-06-26,1
P01145,2026-06-03,2026-06-26,1
P01155,2026-06-21,2026-06-26,1
P01176,2026-06-26,2026-06-26,5
P01177,2026-06-26,2026-06-26,1
P01187,2026-06-26,2026-06-26,3
P01197,2026-06-26,2026-06-26,4
P01239,2026-06-20,2026-06-26,2
P01257,2026-06-06,2026-06-26,4
P01319,2026-06-25,2026-06-26,3
P01338,2026-06-20,2026-06-26,4
P01362,2026-06-26,2026-06-26,4
P01363,2026-06-26,2026-06-26,4
P01380,2026-06-26,2026-06-26,5
P01383,2026-06-21,2026-06-26,2
P01391,2026-06-02,2026-06-26,3
P01405,2026-06-25,2026-06-26,1
P01411,2026-06-26,2026-06-26,3
P01417,2026-06-03,2026-06-26,3
P01438,2026-06-26,2026-06-26,3
P01450,2026-06-26,2026-06-26,4
P01460,2026-06-21,2026-06-26,4
P01476,2026-06-25,2026-06-26,1
P01490,2026-06-04,2026-06-26,1
P01501,2026-06-24,2026-06-26,3
P01510,2026-06-18,2026-06-26,2
P01532,2026-06-26,2026-06-26,3
P01541,2026-06-26,2026-06-26,5
P01542,2026-06-26,2026-06-26,1
P01566,2026-06-26,2026-06-26,2
P01608,2026-06-22,2026-06-26,1
P01644,2026-06-26,2026-06-26,1
P01654,2026-06-16,2026-06-26,3
P01670,2026-06-10,2026-06-26,4
P01688,2026-06-26,2026-06-26,4
P01716,2026-06-26,2026-06-26,4
P01739,2026-06-12,2026-06-26,1
P01757,2026-06-17,2026-06-26,2
P01779,2026-06-23,2026-06-26,4
P01786,2026-06-21,2026-06-26,4
P01816,2026-06-24,2026-06-26,3
P01835,2026-06-20,2026-06-26,1
P01876,2026-06-26,2026-06-26,3
P01890,2026-06-24,2026-06-26,4
P01919,2026-06-21,2026-06-26,1
P01920,2026-06-26,2026-06-26,2
P01927,2026-06-25,2026-06-26,3
P01937,2026-06-26,2026-06-26,2
P01942,2026-06-07,2026-06-26,3
P01945,2026-06-20,2026-06-26,3
P01946,2026-06-25,2026-06-26,2
P01962,2026-06-17,2026-06-26,2
P01963,2026-06-20,2026-06-26,4
P01989,2026-06-19,2026-06-26,4
P02000,2026-06-20,2026-06-26,3
P02018,2026-06-16,2026-06-26,3
P02025,2026-06-04,2026-06-26,3
P02049,2026-06-26,2026-06-26,2
P02058,2026-06-20,2026-06-26,3
P02070,2026-06-05,2026-06-26,3
P02092,2026-06-26,2026-06-26,5
P02109,2026-06-26,2026-06-26,3
P02140,2026-06-26,2026-06-26,2
P02187,2026-06-26,2026-06-26,3
P02217,2026-06-12,2026-06-26,4
P02225,2026-06-12,2026-06-26,3
P02233,2026-06-25,2026-06-26,4
P02242,2026-06-23,2026-06-26,4
P02262,2026-06-24,2026-06-26,1
P02288,2026-06-19,2026-06-26,3
P02302,2026-06-22,2026-06-26,3
P02316,2026-06-21,2026-06-26,2
P02328,2026-06-18,2026-06-26,4
P02354,2026-06-25,2026-06-26,3
P02360,2026-06-14,2026-06-26,2
P02375,2026-06-26,2026-06-26,3
P02386,2026-06-05,2026-06-26,1
P02393,2026-06-25,2026-06-26,3
P02407,2026-06-20,2026-06-26,1
P02411,2026-06-04,2026-06-26,2
P02419,2026-06-26,2026-06-26,3
P02451,2026-06-23,2026-06-26,1
P02458,2026-06-23,2026-06-26,3
P02490,2026-06-23,2026-06-26,2
P02495,2026-06-26,2026-06-26,4
P02505,2026-06-26,2026-06-26,5
P02527,2026-06-26,2026-06-26,3
P02533,2026-06-26,2026-06-26,5
P02538,2026-06-18,2026-06-26,1
P02539,2026-06-26,2026-06-26,1
P02552,2026-06-26,2026-06-26,5
P02557,2026-06-26,2026-06-26,3
P02581,2026-06-23,2026-06-26,4
P02592,2026-06-26,2026-06-26,4
P02609,2026-06-25,2026-06-26,2
P02648,2026-06-24,2026-06-26,3
P02671,2026-06-26,2026-06-26,4
P02763,2026-06-12,2026-06-26,1
P02797,2026-06-15,2026-06-26,2
P02799,2026-06-07,2026-06-26,1
P02807,2026-06-23,2026-06-26,1
P02831,2026-06-22,2026-06-26,3
P02894,2026-06-25,2026-06-26,2
P02921,2026-06-16,2026-06-26,4
P02931,2026-06-26,2026-06-26,3
P02940,2026-06-25,2026-06-26,1
P02962,2026-06-08,2026-06-26,4
P03004,2026-06-05,2026-06-26,2
P03011,2026-06-24,2026-06-26,1
P03065,2026-06-12,2026-06-26,4
P03081,2026-06-26,2026-06-26,3
P03097,2026-06-26,2026-06-26,4
P03105,2026-06-25,2026-06-26,1
P03117,2026-06-26,2026-06-26,4
P03129,2026-06-26,2026-06-26,4
P03143,2026-06-25,2026-06-26,3
P03145,2026-06-19,2026-06-26,2
P03169,2026-06-20,2026-06-26,3
P03192,2026-06-17,2026-06-26,2
P03218,2026-06-26,2026-06-26,1
P03227,2026-06-14,2026-06-26,3
P03250,2026-06-22,2026-06-26,4
P03262,2026-06-23,2026-06-26,1
P03272,2026-06-08,2026-06-26,1
P03280,2026-06-03,2026-06-26,2
P03320,2026-06-26,2026-06-26,2
P03339,2026-06-22,2026-06-26,2
P03343,2026-06-26,2026-06-26,4
P03345,2026-06-12,2026-06-26,3
P03354,2026-06-26,2026-06-26,3
P03356,2026-06-26,2026-06-26,2
P03362,2026-06-24,2026-06-26,2
P03374,2026-06-26,2026-06-26,5
P03400,2026-06-26,2026-06-26,3
P03451,2026-06-21,2026-06-26,4
P03465,2026-06-23,2026-06-26,1
P03479,2026-06-19,2026-06-26,1
P03495,2026-06-20,2026-06-26,3
P03585,2026-06-26,2026-06-26,3
P03594,2026-06-26,2026-06-26,1
P03614,2026-06-22,2026-06-26,3
P03629,2026-06-24,2026-06-26,3
P03630,2026-06-26,2026-06-26,1
P03643,2026-06-26,2026-06-26,3
P03644,2026-06-26,2026-06-26,2
P03651,2026-06-19,2026-06-26,2
P03660,2026-06-12,2026-06-26,2
P03676,2026-06-08,2026-06-26,3
P03692,2026-06-10,2026-06-26,4
P03765,2026-06-12,2026-06-26,3
P03770,2026-06-22,2026-06-26,2
P03809,2026-06-26,2026-06-26,5
P03840,2026-06-15,2026-06-26,3
P03884,2026-06-17,2026-06-26,4
P03914,2026-06-11,2026-06-26,1
P03923,2026-06-14,2026-06-26,4
P03935,2026-06-23,2026-06-26,4
P03939,2026-06-24,2026-06-26,3
P03943,2026-06-26,2026-06-26,4
P03965,2026-06-20,2026-06-26,2
P03990,2026-06-26,2026-06-26,3
P04011,2026-06-25,2026-06-26,3
P04037,2026-06-25,2026-06-26,4
P04081,2026-06-25,2026-06-26,4
P04091,2026-06-26,2026-06-26,2
P04092,2026-06-21,2026-06-26,3
P04169,2026-06-26,2026-06-26,1
P04177,2026-06-22,2026-06-26,1
P04182,2026-06-22,2026-06-26,4
P04185,2026-06-19,2026-06-26,3
P04197,2026-06-24,2026-06-26,1
P04198,2026-06-21,2026-06-26,2
P04258,2026-06-14,2026-06-26,2
P04283,2026-06-24,2026-06-26,3
P04285,2026-06-03,2026-06-26,4
P04289,2026-06-11,2026-06-26,1
P04299,2026-06-23,2026-06-26,1
P04300,2026-06-26,2026-06-26,1
P04303,2026-06-01,2026-06-26,3
P04325,2026-06-14,2026-06-26,1
P04374,2026-06-11,2026-06-26,4
P04380,2026-06-25,2026-06-26,1
P04386,2026-06-20,2026-06-26,2
P04437,2026-06-26,2026-06-26,1
P04458,2026-06-18,2026-06-26,2
P04475,2026-06-26,2026-06-26,3
P04486,2026-06-17,2026-06-26,3
P04490,2026-06-26,2026-06-26,3
P04501,2026-06-21,2026-06-26,1
P04512,2026-06-26,2026-06-26,1
P04513,2026-06-26,2026-06-26,2
P04554,2026-06-23,2026-06-26,1
P04569,2026-06-21,2026-06-26,2
P04617,2026-06-26,2026-06-26,4
P04650,2026-06-23,2026-06-26,1
P04683,2026-06-26,2026-06-26,5
P04687,2026-06-18,2026-06-26,1
P04695,2026-06-03,2026-06-26,2
P04699,2026-06-26,2026-06-26,5
P04708,2026-06-11,2026-06-26,4
P04727,2026-06-12,2026-06-26,4
P04757,2026-06-26,2026-06-26,3
P04769,2026-06-24,2026-06-26,3
P04771,2026-06-25,2026-06-26,1
P04811,2026-06-18,2026-06-26,1
P04812,2026-06-19,2026-06-26,4
P04822,2026-06-10,2026-06-26,1
P04853,2026-06-05,2026-06-26,1
P04856,2026-06-14,2026-06-26,2
P04900,2026-06-26,2026-06-26,2
P04943,2026-06-26,2026-06-26,5
P04946,2026-06-25,2026-06-26,2
P04947,2026-06-26,2026-06-26,3
P04966,2026-06-26,2026-06-26,3
P04977,2026-06-26,2026-06-26,5
P04997,2026-06-26,2026-06-26,2
P05004,2026-06-24,2026-06-26,1
P05012,2026-06-24,2026-06-26,1
P05045,2026-06-04,2026-06-26,1
P05052,2026-06-21,2026-06-26,1
P05064,2026-06-08,2026-06-26,2
P05066,2026-06-05,2026-06-26,1
P05067,2026-06-21,2026-06-26,4
P05099,2026-06-21,2026-06-26,3
P05108,2026-06-24,2026-06-26,2
P05110,2026-06-26,2026-06-26,1
P05145,2026-06-26,2026-06-26,2
P05147,2026-06-26,2026-06-26,2
P05164,2026-06-16,2026-06-26,2
P05170,2026-06-13,2026-06-26,1
P05171,2026-06-13,2026-06-26,3
P05178,2026-06-23,2026-06-26,1
P05188,2026-06-24,2026-06-26,1
P05189,2026-06-11,2026-06-26,1
P05213,2026-06-10,2026-06-26,3
P05214,2026-06-26,2026-06-26,2
P05224,2026-06-26,2026-06-26,3
P05277,2026-06-26,2026-06-26,3
P05300,2026-06-24,2026-06-26,1
P05406,2026-06-26,2026-06-26,4
P05425,2026-06-26,2026-06-26,5
P05437,2026-06-26,2026-06-26,2
P05454,2026-06-01,2026-06-26,4
P05466,2026-06-09,2026-06-26,4
P05483,2026-06-22,2026-06-26,1
P05512,2026-06-23,2026-06-26,2
P05517,2026-06-18,2026-06-26,3
P05547,2026-06-24,2026-06-26,3
P05556,2026-06-20,2026-06-26,4
P05563,2026-06-18,2026-06-26,2
P05568,2026-06-07,2026-06-26,1
P05608,2026-06-17,2026-06-26,3
P05623,2026-06-19,2026-06-26,1
P05630,2026-06-26,2026-06-26,3
P05659,2026-06-25,2026-06-26,4
P05687,2026-06-13,2026-06-26,4
P05722,2026-06-22,2026-06-26,1
P05723,2026-06-20,2026-06-26,2
P05726,2026-06-25,2026-06-26,3
P05732,2026-06-25,2026-06-26,3
P05793,2026-06-23,2026-06-26,1
P05804,2026-06-26,2026-06-26,4
P05805,2026-06-23,2026-06-26,2
P05828,2026-06-10,2026-06-26,3
P05838,2026-06-26,2026-06-26,3
P05846,2026-06-20,2026-06-26,3
P05857,2026-06-06,2026-06-26,3
P05864,2026-06-20,2026-06-26,3
P05894,2026-06-23,2026-06-26,1
P05910,2026-06-22,2026-06-26,4
P05923,2026-06-07,2026-06-26,2
P05924,2026-06-26,2026-06-26,4
P05935,2026-06-08,2026-06-26,3
P05946,2026-06-21,2026-06-26,3
P05960,2026-06-23,2026-06-26,1
P05976,2026-06-26,2026-06-26,2
P05980,2026-06-26,2026-06-26,3
P06014,2026-06-26,2026-06-26,5
P06027,2026-06-25,2026-06-26,1
P06044,2026-06-26,2026-06-26,3
P06052,2026-06-26,2026-06-26,3
P06054,2026-06-25,2026-06-26,1
P06074,2026-06-26,2026-06-26,3
P06091,2026-06-25,2026-06-26,1
P06142,2026-06-20,2026-06-26,2
P06148,2026-06-21,2026-06-26,4
P06163,2026-06-09,2026-06-26,2
P06177,2026-06-10,2026-06-26,4
P06190,2026-06-25,2026-06-26,4
P06194,2026-06-24,2026-06-26,1
P06227,2026-06-26,2026-06-26,2
P06237,2026-06-09,2026-06-26,3
P06249,2026-06-25,2026-06-26,2
P06299,2026-06-16,2026-06-26,2
P06305,2026-06-24,2026-06-26,2
P06344,2026-06-12,2026-06-26,4
P06358,2026-06-15,2026-06-26,3
P06364,2026-06-26,2026-06-26,5
P06382,2026-06-26,2026-06-26,4
P06399,2026-06-26,2026-06-26,5
P06415,2026-06-26,2026-06-26,5
P06417,2026-06-26,2026-06-26,4
P06439,2026-06-20,2026-06-26,2
P06440,2026-06-21,2026-06-26,2
P06460,2026-06-26,2026-06-26,1
P06467,2026-06-26,2026-06-26,1
P06523,2026-06-22,2026-06-26,3
P06538,2026-06-03,2026-06-26,2
P06565,2026-06-25,2026-06-26,1
P06576,2026-06-26,2026-06-26,3
P06580,2026-06-26,2026-06-26,1
P06607,2026-06-07,2026-06-26,1
P06661,2026-06-26,2026-06-26,5
P06667,2026-06-15,2026-06-26,1
P06670,2026-06-06,2026-06-26,1
P06674,2026-06-23,2026-06-26,2
P06676,2026-06-26,2026-06-26,2
P06677,2026-06-26,2026-06-26,3
P06683,2026-06-26,2026-06-26,1
P06698,2026-06-25,2026-06-26,3
P06706,2026-06-25,2026-06-26,1
P06717,2026-06-23,2026-06-26,3
P06746,2026-06-06,2026-06-26,4
P06769,2026-06-17,2026-06-26,1
P06776,2026-06-26,2026-06-26,1
P06808,2026-06-14,2026-06-26,4
P06854,2026-06-26,2026-06-26,1
P06865,2026-06-26,2026-06-26,2
P06870,2026-06-25,2026-06-26,3
P06880,2026-06-26,2026-06-26,1
P06892,2026-06-23,2026-06-26,4
P06904,2026-06-25,2026-06-26,2
P06910,2026-06-08,2026-06-26,1
P06925,2026-06-07,2026-06-26,2
P06989,2026-06-20,2026-06-26,4
P07038,2026-06-04,2026-06-26,1
P07042,2026-06-15,2026-06-26,3
P07047,2026-06-06,2026-06-26,1
P07071,2026-06-26,2026-06-26,3
P07114,2026-06-26,2026-06-26,1
P07117,2026-06-26,2026-06-26,2
P07120,2026-06-16,2026-06-26,4
P07123,2026-06-02,2026-06-26,1
P07131,2026-06-08,2026-06-26,1
P07184,2026-06-04,2026-06-26,2
P07187,2026-06-18,2026-06-26,4
P07202,2026-06-16,2026-06-26,3
P07208,2026-06-16,2026-06-26,2
P07214,2026-06-15,2026-06-26,3
P07217,2026-06-05,2026-06-26,2
P07218,2026-06-08,2026-06-26,3
P07223,2026-06-16,2026-06-26,4
P07240,2026-06-25,2026-06-26,1
P07263,2026-06-25,2026-06-26,4
P07265,2026-06-26,2026-06-26,1
P07296,2026-06-09,2026-06-26,1
P07340,2026-06-23,2026-06-26,4
P07350,2026-06-12,2026-06-26,3
P07355,2026-06-15,2026-06-26,4
P07387,2026-06-16,2026-06-26,3
P07389,2026-06-26,2026-06-26,1
P07398,2026-06-26,2026-06-26,4
P07417,2026-06-26,2026-06-26,5
P07437,2026-06-26,2026-06-26,1
P07445,2026-06-09,2026-06-26,1
P07456,2026-06-26,2026-06-26,1
P07457,2026-06-22,2026-06-26,4
P07475,2026-06-26,2026-06-26,4
P07487,2026-06-26,2026-06-26,1
P07508,2026-06-23,2026-06-26,3
P07519,2026-06-25,2026-06-26,3
P07527,2026-06-23,2026-06-26,3
P07536,2026-06-25,2026-06-26,4
P07552,2026-06-03,2026-06-26,4
P07576,2026-06-16,2026-06-26,3
P07591,2026-06-25,2026-06-26,3
P07598,2026-06-22,2026-06-26,2
P07600,2026-06-21,2026-06-26,2
P07601,2026-06-20,2026-06-26,2
P07620,2026-06-13,2026-06-26,1
P07665,2026-06-26,2026-06-26,4
P07696,2026-06-24,2026-06-26,2
P07734,2026-06-23,2026-06-26,4
P07788,2026-06-06,2026-06-26,2
P07802,2026-06-18,2026-06-26,4
P07827,2026-06-14,2026-06-26,1
P07835,2026-06-01,2026-06-26,1
P07872,2026-06-26,2026-06-26,1
P07895,2026-06-26,2026-06-26,4
P07909,2026-06-26,2026-06-26,3
P07922,2026-06-20,2026-06-26,2
P07946,2026-06-26,2026-06-26,5
P07961,2026-06-15,2026-06-26,4
P07965,2026-06-13,2026-06-26,4
P07969,2026-06-26,2026-06-26,3
P07986,2026-06-11,2026-06-26,4
P00001,2026-06-07,2026-06-27,3
P00010,2026-06-24,2026-06-27,3
P00016,2026-06-21,2026-06-27,2
P00018,2026-06-09,2026-06-27,4
P00021,2026-06-27,2026-06-27,2
P00039,2026-06-08,2026-06-27,2
P00083,2026-06-13,2026-06-27,3
P00084,2026-06-21,2026-06-27,4
P00133,2026-06-25,2026-06-27,3
P00181,2026-06-14,2026-06-27,4
P00182,2026-06-24,2026-06-27,4
P00214,2026-06-07,2026-06-27,4
P00249,2026-06-23,2026-06-27,3
P00250,2026-06-27,2026-06-27,2
P00264,2026-06-02,2026-06-27,2
P00286,2026-06-03,2026-06-27,3
P00296,2026-06-09,2026-06-27,4
P00339,2026-06-17,2026-06-27,3
P00389,2026-06-24,2026-06-27,3
P00402,2026-06-15,2026-06-27,1
P00408,2026-06-04,2026-06-27,2
P00428,2026-06-09,2026-06-27,4
P00447,2026-06-17,2026-06-27,1
P00454,2026-06-27,2026-06-27,4
P00468,2026-06-26,2026-06-27,4
P00476,2026-06-10,2026-06-27,1
P00480,2026-06-08,2026-06-27,4
P00500,2026-06-15,2026-06-27,3
P00507,2026-06-27,2026-06-27,2
P00522,2026-06-21,2026-06-27,3
P00533,2026-06-26,2026-06-27,1
P00575,2026-06-24,2026-06-27,4
P00652,2026-06-03,2026-06-27,2
P00659,2026-06-20,2026-06-27,3
P00675,2026-06-25,2026-06-27,4
P00696,2026-06-23,2026-06-27,3
P00719,2026-06-23,2026-06-27,4
P00732,2026-06-05,2026-06-27,4
P00741,2026-06-27,2026-06-27,3
P00784,2026-06-27,2026-06-27,2
P00802,2026-06-27,2026-06-27,2
P00814,2026-06-09,2026-06-27,3
P00841,2026-06-26,2026-06-27,4
P00886,2026-06-09,2026-06-27,4
P00893,2026-06-27,2026-06-27,1
P00899,2026-06-27,2026-06-27,1
P00911,2026-06-27,2026-06-27,5
P00916,2026-06-10,2026-06-27,3
P00947,2026-06-27,2026-06-27,2
P01026,2026-06-27,2026-06-27,4
P01029,2026-06-27,2026-06-27,3
P01036,2026-06-27,2026-06-27,2
P01083,2026-06-22,2026-06-27,2
P01084,2026-06-27,2026-06-27,2
P01087,2026-06-04,2026-06-27,4
P01105,2026-06-27,2026-06-27,5
P01111,2026-06-27,2026-06-27,5
P01142,2026-06-08,2026-06-27,2
P01155,2026-06-21,2026-06-27,3
P01160,2026-06-27,2026-06-27,2
P01166,2026-06-11,2026-06-27,1
P01196,2026-06-27,2026-06-27,3
P01200,2026-06-27,2026-06-27,3
P01201,2026-06-04,2026-06-27,1
P01223,2026-06-27,2026-06-27,1
P01228,2026-06-03,2026-06-27,4
P01242,2026-06-27,2026-06-27,3
P01247,2026-06-27,2026-06-27,3
P01255,2026-06-15,2026-06-27,1
P01256,2026-06-25,2026-06-27,3
P01257,2026-06-06,2026-06-27,4
P01276,2026-06-27,2026-06-27,4
P01289,2026-06-25,2026-06-27,3
P01297,2026-06-27,2026-06-27,4
P01362,2026-06-26,2026-06-27,2
P01363,2026-06-26,2026-06-27,2
P01423,2026-06-01,2026-06-27,3
P01425,2026-06-18,2026-06-27,4
P01430,2026-06-27,2026-06-27,1
P01446,2026-06-27,2026-06-27,5
P01476,2026-06-25,2026-06-27,3
P01489,2026-06-11,2026-06-27,2
P01506,2026-06-23,2026-06-27,1
P01518,2026-06-27,2026-06-27,4
P01534,2026-06-23,2026-06-27,2
P01545,2026-06-16,2026-06-27,1
P01557,2026-06-13,2026-06-27,3
P01569,2026-06-12,2026-06-27,2
P01574,2026-06-23,2026-06-27,3
P01586,2026-06-19,2026-06-27,3
P01628,2026-06-27,2026-06-27,5
P01632,2026-06-27,2026-06-27,5
P01634,2026-06-03,2026-06-27,3
P01648,2026-06-20,2026-06-27,2
P01653,2026-06-20,2026-06-27,2
P01661,2026-06-27,2026-06-27,5
P01671,2026-06-09,2026-06-27,4
P01685,2026-06-27,2026-06-27,2
P01705,2026-06-22,2026-06-27,3
P01709,2026-06-24,2026-06-27,2
P01752,2026-06-21,2026-06-27,3
P01759,2026-06-07,2026-06-27,3
P01769,2026-06-03,2026-06-27,2
P01805,2026-06-14,2026-06-27,4
P01808,2026-06-13,2026-06-27,1
P01809,2026-06-27,2026-06-27,3
P01816,2026-06-24,2026-06-27,3
P01829,2026-06-17,2026-06-27,1
P01831,2026-06-27,2026-06-27,1
P01832,2026-06-08,2026-06-27,1
P01856,2026-06-24,2026-06-27,2
P01919,2026-06-21,2026-06-27,1
P01925,2026-06-27,2026-06-27,4
P01927,2026-06-25,2026-06-27,2
P01933,2026-06-21,2026-06-27,2
P01945,2026-06-20,2026-06-27,4
P01970,2026-06-27,2026-06-27,3
P01979,2026-06-24,2026-06-27,3
P01983,2026-06-27,2026-06-27,4
P01986,2026-06-10,2026-06-27,4
P01989,2026-06-19,2026-06-27,3
P01993,2026-06-27,2026-06-27,3
P01998,2026-06-12,2026-06-27,2
P02024,2026-06-13,2026-06-27,3
P02063,2026-06-16,2026-06-27,3
P02092,2026-06-26,2026-06-27,1
P02140,2026-06-26,2026-06-27,1
P02157,2026-06-24,2026-06-27,2
P02161,2026-06-13,2026-06-27,2
P02183,2026-06-21,2026-06-27,2
P02196,2026-06-27,2026-06-27,3
P02206,2026-06-12,2026-06-27,2
P02216,2026-06-07,2026-06-27,1
P02249,2026-06-27,2026-06-27,5
P02259,2026-06-27,2026-06-27,4
P02264,2026-06-24,2026-06-27,4
P02292,2026-06-27,2026-06-27,4
P02302,2026-06-22,2026-06-27,3
P02357,2026-06-27,2026-06-27,3
P02375,2026-06-26,2026-06-27,1
P02383,2026-06-27,2026-06-27,5
P02407,2026-06-20,2026-06-27,1
P02438,2026-06-27,2026-06-27,3
P02443,2026-06-09,2026-06-27,1
P02444,2026-06-04,2026-06-27,1
P02451,2026-06-23,2026-06-27,3
P02490,2026-06-23,2026-06-27,4
P02495,2026-06-26,2026-06-27,2
P02506,2026-06-24,2026-06-27,1
P02525,2026-06-27,2026-06-27,3
P02533,2026-06-26,2026-06-27,4
P02556,2026-06-07,2026-06-27,4
P02557,2026-06-26,2026-06-27,4
P02581,2026-06-23,2026-06-27,3
P02592,2026-06-26,2026-06-27,3
P02602,2026-06-14,2026-06-27,2
P02631,2026-06-27,2026-06-27,5
P02641,2026-06-25,2026-06-27,2
P02648,2026-06-24,2026-06-27,1
P02662,2026-06-24,2026-06-27,4
P02721,2026-06-27,2026-06-27,3
P02722,2026-06-25,2026-06-27,2
P02731,2026-06-19,2026-06-27,4
P02752,2026-06-10,2026-06-27,1
P02765,2026-06-14,2026-06-27,2
P02828,2026-06-21,2026-06-27,4
P02834,2026-06-21,2026-06-27,4
P02843,2026-06-15,2026-06-27,1
P02865,2026-06-02,2026-06-27,4
P02888,2026-06-27,2026-06-27,1
P02919,2026-06-27,2026-06-27,1
P02926,2026-06-27,2026-06-27,1
P02927,2026-06-03,2026-06-27,3
P02940,2026-06-25,2026-06-27,4
P02942,2026-06-13,2026-06-27,4
P02948,2026-06-21,2026-06-27,2
P02953,2026-06-17,2026-06-27,1
P02955,2026-06-23,2026-06-27,2
P02957,2026-06-21,2026-06-27,4
P02961,2026-06-27,2026-06-27,2
P02979,2026-06-03,2026-06-27,2
P03003,2026-06-16,2026-06-27,2
P03010,2026-06-19,2026-06-27,1
P03018,2026-06-27,2026-06-27,2
P03028,2026-06-21,2026-06-27,2
P03036,2026-06-27,2026-06-27,5
P03040,2026-06-27,2026-06-27,5
P03044,2026-06-21,2026-06-27,1
P03074,2026-06-14,2026-06-27,3
P03117,2026-06-26,2026-06-27,2
P03124,2026-06-24,2026-06-27,1
P03160,2026-06-27,2026-06-27,5
P03193,2026-06-14,2026-06-27,3
P03221,2026-06-13,2026-06-27,4
P03231,2026-06-27,2026-06-27,2
P03250,2026-06-22,2026-06-27,3
P03267,2026-06-21,2026-06-27,1
P03294,2026-06-07,2026-06-27,1
P03305,2026-06-02,2026-06-27,2
P03307,2026-06-10,2026-06-27,3
P03342,2026-06-27,2026-06-27,1
P03384,2026-06-10,2026-06-27,3
P03400,2026-06-26,2026-06-27,1
P03423,2026-06-05,2026-06-27,2
P03439,2026-06-27,2026-06-27,2
P03442,2026-06-10,2026-06-27,3
P03446,2026-06-17,2026-06-27,2
P03450,2026-06-24,2026-06-27,4
P03465,2026-06-23,2026-06-27,3
P03524,2026-06-01,2026-06-27,3
P03578,2026-06-20,2026-06-27,3
P03589,2026-06-08,2026-06-27,2
P03590,2026-06-18,2026-06-27,4
P03629,2026-06-24,2026-06-27,2
P03652,2026-06-06,2026-06-27,3
P03659,2026-06-15,2026-06-27,1
P03688,2026-06-27,2026-06-27,4
P03743,2026-06-02,2026-06-27,4
P03753,2026-06-27,2026-06-27,2
P03808,2026-06-17,2026-06-27,4
P03855,2026-06-27,2026-06-27,3
P03857,2026-06-27,2026-06-27,5
P03902,2026-06-27,2026-06-27,4
P03912,2026-06-25,2026-06-27,2
P03925,2026-06-27,2026-06-27,1
P03931,2026-06-15,2026-06-27,2
P03932,2026-06-27,2026-06-27,2
P03935,2026-06-23,2026-06-27,2
P03998,2026-06-27,2026-06-27,3
P04007,2026-06-21,2026-06-27,1
P04011,2026-06-25,2026-06-27,2
P04014,2026-06-11,2026-06-27,2
P04101,2026-06-27,2026-06-27,3
P04116,2026-06-19,2026-06-27,1
P04157,2026-06-22,2026-06-27,3
P04223,2026-06-19,2026-06-27,3
P04237,2026-06-22,2026-06-27,3
P04258,2026-06-14,2026-06-27,3
P04280,2026-06-17,2026-06-27,1
P04288,2026-06-14,2026-06-27,2
P04295,2026-06-21,2026-06-27,3
P04311,2026-06-13,2026-06-27,3
P04315,2026-06-19,2026-06-27,2
P04325,2026-06-14,2026-06-27,4
P04327,2026-06-20,2026-06-27,4
P04339,2026-06-16,2026-06-27,4
P04341,2026-06-14,2026-06-27,3
P04349,2026-06-17,2026-06-27,3
P04356,2026-06-27,2026-06-27,4
P04387,2026-06-20,2026-06-27,1
P04402,2026-06-13,2026-06-27,1
P04409,2026-06-01,2026-06-27,1
P04411,2026-06-23,2026-06-27,2
P04444,2026-06-27,2026-06-27,5
P04450,2026-06-27,2026-06-27,3
P04471,2026-06-05,2026-06-27,1
P04486,2026-06-17,2026-06-27,3
P04522,2026-06-12,2026-06-27,3
P04527,2026-06-09,2026-06-27,1
P04531,2026-06-18,2026-06-27,3
P04539,2026-06-27,2026-06-27,2
P04558,2026-06-08,2026-06-27,1
P04559,2026-06-27,2026-06-27,4
P04564,2026-06-16,2026-06-27,4
P04567,2026-06-19,2026-06-27,4
P04617,2026-06-26,2026-06-27,1
P04633,2026-06-27,2026-06-27,5
P04640,2026-06-18,2026-06-27,2
P04665,2026-06-13,2026-06-27,4
P04672,2026-06-27,2026-06-27,1
P04683,2026-06-26,2026-06-27,2
P04687,2026-06-18,2026-06-27,3
P04694,2026-06-12,2026-06-27,1
P04729,2026-06-27,2026-06-27,5
P04731,2026-06-27,2026-06-27,3
P04750,2026-06-11,2026-06-27,4
P04757,2026-06-26,2026-06-27,1
P04771,2026-06-25,2026-06-27,1
P04783,2026-06-12,2026-06-27,1
P04818,2026-06-02,2026-06-27,3
P04829,2026-06-08,2026-06-27,3
P04835,2026-06-21,2026-06-27,2
P04862,2026-06-17,2026-06-27,4
P04882,2026-06-18,2026-06-27,4
P04936,2026-06-13,2026-06-27,2
P04943,2026-06-26,2026-06-27,2
P04976,2026-06-27,2026-06-27,2
P04992,2026-06-14,2026-06-27,4
P05005,2026-06-27,2026-06-27,5
P05012,2026-06-24,2026-06-27,4
P05016,2026-06-18,2026-06-27,4
P05036,2026-06-27,2026-06-27,1
P05047,2026-06-22,2026-06-27,2
P05067,2026-06-21,2026-06-27,4
P05073,2026-06-25,2026-06-27,3
P05117,2026-06-25,2026-06-27,3
P05122,2026-06-06,2026-06-27,1
P05136,2026-06-27,2026-06-27,5
P05142,2026-06-24,2026-06-27,4
P05145,2026-06-26,2026-06-27,2
P05147,2026-06-26,2026-06-27,1
P05162,2026-06-09,2026-06-27,1
P05189,2026-06-11,2026-06-27,3
P05194,2026-06-16,2026-06-27,2
P05201,2026-06-02,2026-06-27,4
P05224,2026-06-26,2026-06-27,4
P05230,2026-06-09,2026-06-27,2
P05246,2026-06-27,2026-06-27,1
P05262,2026-06-27,2026-06-27,4
P05267,2026-06-15,2026-06-27,4
P05280,2026-06-20,2026-06-27,4
P05282,2026-06-27,2026-06-27,4
P05287,2026-06-15,2026-06-27,2
P05293,2026-06-17,2026-06-27,3
P05304,2026-06-14,2026-06-27,4
P05306,2026-06-25,2026-06-27,1
P05318,2026-06-08,2026-06-27,4
P05320,2026-06-27,2026-06-27,3
P05358,2026-06-24,2026-06-27,4
P05382,2026-06-13,2026-06-27,1
P05384,2026-06-09,2026-06-27,1
P05424,2026-06-13,2026-06-27,3
P05450,2026-06-02,2026-06-27,3
P05454,2026-06-01,2026-06-27,3
P05477,2026-06-25,2026-06-27,1
P05483,2026-06-22,2026-06-27,2
P05518,2026-06-01,2026-06-27,3
P05532,2026-06-20,2026-06-27,2
P05535,2026-06-18,2026-06-27,2
P05541,2026-06-27,2026-06-27,2
P05548,2026-06-14,2026-06-27,3
P05568,2026-06-07,2026-06-27,2
P05580,2026-06-27,2026-06-27,1
P05583,2026-06-15,2026-06-27,4
P05606,2026-06-10,2026-06-27,3
P05633,2026-06-08,2026-06-27,1
P05657,2026-06-14,2026-06-27,4
P05659,2026-06-25,2026-06-27,4
P05667,2026-06-23,2026-06-27,1
P05713,2026-06-22,2026-06-27,4
P05714,2026-06-21,2026-06-27,4
P05720,2026-06-19,2026-06-27,2
P05732,2026-06-25,2026-06-27,1
P05741,2026-06-01,2026-06-27,1
P05762,2026-06-09,2026-06-27,4
P05785,2026-06-24,2026-06-27,4
P05795,2026-06-06,2026-06-27,2
P05807,2026-06-13,2026-06-27,1
P05810,2026-06-25,2026-06-27,4
P05848,2026-06-01,2026-06-27,1
P05886,2026-06-18,2026-06-27,4
P05907,2026-06-27,2026-06-27,2
P05909,2026-06-22,2026-06-27,3
P05910,2026-06-22,2026-06-27,3
P05937,2026-06-24,2026-06-27,1
P05970,2026-06-12,2026-06-27,3
P05980,2026-06-26,2026-06-27,2
P05995,2026-06-27,2026-06-27,2
P06028,2026-06-27,2026-06-27,5
P06047,2026-06-21,2026-06-27,2
P06052,2026-06-26,2026-06-27,4
P06054,2026-06-25,2026-06-27,2
P06063,2026-06-27,2026-06-27,2
P06085,2026-06-24,2026-06-27,1
P06090,2026-06-27,2026-06-27,2
P06091,2026-06-25,2026-06-27,1
P06092,2026-06-17,2026-06-27,2
P06098,2026-06-21,2026-06-27,1
P06111,2026-06-27,2026-06-27,3
P06114,2026-06-16,2026-06-27,3
P06136,2026-06-27,2026-06-27,2
P06194,2026-06-24,2026-06-27,4
P06223,2026-06-24,2026-06-27,3
P06227,2026-06-26,2026-06-27,4
P06231,2026-06-27,2026-06-27,4
P06282,2026-06-20,2026-06-27,4
P06288,2026-06-22,2026-06-27,4
P06307,2026-06-24,2026-06-27,2
P06318,2026-06-01,2026-06-27,1
P06355,2026-06-06,2026-06-27,2
P06364,2026-06-26,2026-06-27,2
P06370,2026-06-25,2026-06-27,2
P06382,2026-06-26,2026-06-27,1
P06383,2026-06-27,2026-06-27,3
P06393,2026-06-21,2026-06-27,2
P06399,2026-06-26,2026-06-27,4
P06403,2026-06-09,2026-06-27,2
P06412,2026-06-27,2026-06-27,2
P06436,2026-06-07,2026-06-27,2
P06452,2026-06-03,2026-06-27,3
P06455,2026-06-13,2026-06-27,1
P06458,2026-06-27,2026-06-27,5
P06463,2026-06-04,2026-06-27,1
P06467,2026-06-26,2026-06-27,2
P06509,2026-06-27,2026-06-27,2
P06530,2026-06-06,2026-06-27,3
P06566,2026-06-27,2026-06-27,2
P06576,2026-06-26,2026-06-27,2
P06589,2026-06-27,2026-06-27,1
P06617,2026-06-27,2026-06-27,1
P06628,2026-06-27,2026-06-27,3
P06671,2026-06-24,2026-06-27,1
P06686,2026-06-27,2026-06-27,4
P06699,2026-06-23,2026-06-27,1
P06739,2026-06-22,2026-06-27,1
P06746,2026-06-06,2026-06-27,3
P06762,2026-06-15,2026-06-27,4
P06773,2026-06-24,2026-06-27,3
P06781,2026-06-11,2026-06-27,4
P06782,2026-06-03,2026-06-27,2
P06857,2026-06-22,2026-06-27,2
P06865,2026-06-26,2026-06-27,4
P06879,2026-06-27,2026-06-27,4
P06892,2026-06-23,2026-06-27,3
P06899,2026-06-27,2026-06-27,4
P06941,2026-06-27,2026-06-27,4
P06942,2026-06-25,2026-06-27,1
P06957,2026-06-25,2026-06-27,3
P06971,2026-06-27,2026-06-27,3
P06976,2026-06-19,2026-06-27,1
P06987,2026-06-04,2026-06-27,4
P07007,2026-06-16,2026-06-27,1
P07009,2026-06-27,2026-06-27,4
P07032,2026-06-11,2026-06-27,2
P07040,2026-06-20,2026-06-27,1
P07042,2026-06-15,2026-06-27,4
P07063,2026-06-14,2026-06-27,4
P07085,2026-06-27,2026-06-27,4
P07100,2026-06-15,2026-06-27,3
P07113,2026-06-27,2026-06-27,5
P07120,2026-06-16,2026-06-27,1
P07126,2026-06-17,2026-06-27,3
P07137,2026-06-24,2026-06-27,1
P07170,2026-06-27,2026-06-27,3
P07181,2026-06-16,2026-06-27,1
P07187,2026-06-18,2026-06-27,3
P07191,2026-06-05,2026-06-27,1
P07203,2026-06-12,2026-06-27,2
P07235,2026-06-04,2026-06-27,1
P07240,2026-06-25,2026-06-27,3
P07293,2026-06-08,2026-06-27,3
P07294,2026-06-27,2026-06-27,3
P07300,2026-06-01,2026-06-27,2
P07318,2026-06-17,2026-06-27,3
P07329,2026-06-27,2026-06-27,2
P07378,2026-06-10,2026-06-27,3
P07387,2026-06-16,2026-06-27,1
P07416,2026-06-27,2026-06-27,1
P07417,2026-06-26,2026-06-27,1
P07418,2026-06-18,2026-06-27,4
P07436,2026-06-27,2026-06-27,2
P07440,2026-06-27,2026-06-27,1
P07450,2026-06-15,2026-06-27,2
P07455,2026-06-20,2026-06-27,2
P07456,2026-06-26,2026-06-27,1
P07469,2026-06-13,2026-06-27,1
P07476,2026-06-27,2026-06-27,4
P07485,2026-06-27,2026-06-27,1
P07499,2026-06-27,2026-06-27,2
P07512,2026-06-18,2026-06-27,3
P07536,2026-06-25,2026-06-27,2
P07542,2026-06-07,2026-06-27,3
P07559,2026-06-08,2026-06-27,4
P07571,2026-06-04,2026-06-27,3
P07595,2026-06-27,2026-06-27,4
P07601,2026-06-20,2026-06-27,1
P07620,2026-06-13,2026-06-27,4
P07623,2026-06-27,2026-06-27,4
P07649,2026-06-27,2026-06-27,2
P07673,2026-06-15,2026-06-27,3
P07678,2026-06-27,2026-06-27,1
P07683,2026-06-27,2026-06-27,1
P07691,2026-06-27,2026-06-27,1
P07696,2026-06-24,2026-06-27,3
P07740,2026-06-14,2026-06-27,2
P07744,2026-06-27,2026-06-27,2
P07749,2026-06-21,2026-06-27,3
P07762,2026-06-27,2026-06-27,1
P07801,2026-06-03,2026-06-27,2
P07806,2026-06-27,2026-06-27,4
P07825,2026-06-27,2026-06-27,4
P07837,2026-06-27,2026-06-27,4
P07865,2026-06-17,2026-06-27,3
P07869,2026-06-25,2026-06-27,4
P07870,2026-06-27,2026-06-27,1
P07890,2026-06-20,2026-06-27,4
P07895,2026-06-26,2026-06-27,4
P07922,2026-06-20,2026-06-27,4
P07936,2026-06-17,2026-06-27,3
P07945,2026-06-27,2026-06-27,3
P07961,2026-06-15,2026-06-27,2
P07979,2026-06-27,2026-06-27,3
P00010,2026-06-24,2026-06-28,1
P00013,2026-06-19,2026-06-28,4
P00021,2026-06-27,2026-06-28,1
P00055,2026-06-19,2026-06-28,1
P00057,2026-06-19,2026-06-28,1
P00069,2026-06-25,2026-06-28,3
P00084,2026-06-21,2026-06-28,4
P00127,2026-06-01,2026-06-28,4
P00132,2026-06-09,2026-06-28,4
P00134,2026-06-28,2026-06-28,5
P00139,2026-06-02,2026-06-28,2
P00145,2026-06-02,2026-06-28,3
P00182,2026-06-24,2026-06-28,4
P00186,2026-06-17,2026-06-28,1
P00192,2026-06-13,2026-06-28,4
P00230,2026-06-01,2026-06-28,4
P00233,2026-06-16,2026-06-28,1
P00292,2026-06-17,2026-06-28,3
P00327,2026-06-28,2026-06-28,3
P00347,2026-06-16,2026-06-28,1
P00372,2026-06-24,2026-06-28,1
P00408,2026-06-04,2026-06-28,3
P00411,2026-06-21,2026-06-28,1
P00413,2026-06-21,2026-06-28,1
P00433,2026-06-26,2026-06-28,2
P00442,2026-06-28,2026-06-28,1
P00468,2026-06-26,2026-06-28,2
P00469,2026-06-20,2026-06-28,4
P00485,2026-06-28,2026-06-28,2
P00487,2026-06-28,2026-06-28,1
P00491,2026-06-23,2026-06-28,4
P00509,2026-06-17,2026-06-28,3
P00513,2026-06-28,2026-06-28,2
P00522,2026-06-21,2026-06-28,3
P00533,2026-06-26,2026-06-28,1
P00561,2026-06-28,2026-06-28,2
P00570,2026-06-28,2026-06-28,4
P00575,2026-06-24,2026-06-28,4
P00609,2026-06-11,2026-06-28,4
P00614,2026-06-28,2026-06-28,2
P00618,2026-06-28,2026-06-28,2
P00630,2026-06-28,2026-06-28,2
P00632,2026-06-28,2026-06-28,3
P00642,2026-06-19,2026-06-28,2
P00657,2026-06-09,2026-06-28,3
P00659,2026-06-20,2026-06-28,4
P00666,2026-06-23,2026-06-28,2
P00674,2026-06-20,2026-06-28,2
P00675,2026-06-25,2026-06-28,4
P00676,2026-06-08,2026-06-28,1
P00741,2026-06-27,2026-06-28,4
P00813,2026-06-25,2026-06-28,1
P00840,2026-06-05,2026-06-28,2
P00892,2026-06-22,2026-06-28,2
P00893,2026-06-27,2026-06-28,1
P00908,2026-06-02,2026-06-28,2
P00916,2026-06-10,2026-06-28,4
P00987,2026-06-26,2026-06-28,4
P01005,2026-06-09,2026-06-28,3
P01032,2026-06-28,2026-06-28,2
P01038,2026-06-15,2026-06-28,3
P01046,2026-06-07,2026-06-28,2
P01049,2026-06-03,2026-06-28,4
P01059,2026-06-28,2026-06-28,5
P01083,2026-06-22,2026-06-28,1
P01105,2026-06-27,2026-06-28,4
P01120,2026-06-28,2026-06-28,2
P01140,2026-06-10,2026-06-28,2
P01160,2026-06-27,2026-06-28,1
P01189,2026-06-16,2026-06-28,4
P01196,2026-06-27,2026-06-28,1
P01223,2026-06-27,2026-06-28,4
P01237,2026-06-28,2026-06-28,2
P01247,2026-06-27,2026-06-28,3
P01267,2026-06-28,2026-06-28,5
P01268,2026-06-25,2026-06-28,2
P01276,2026-06-27,2026-06-28,3
P01306,2026-06-25,2026-06-28,2
P01333,2026-06-21,2026-06-28,1
P01344,2026-06-20,2026-06-28,3
P01347,2026-06-28,2026-06-28,3
P01363,2026-06-26,2026-06-28,1
P01371,2026-06-28,2026-06-28,1
P01372,2026-06-03,2026-06-28,1
P01377,2026-06-28,2026-06-28,5
P01384,2026-06-28,2026-06-28,5
P01394,2026-06-09,2026-06-28,3
P01395,2026-06-03,2026-06-28,1
P01421,2026-06-01,2026-06-28,1
P01492,2026-06-11,2026-06-28,4
P01506,2026-06-23,2026-06-28,2
P01546,2026-06-20,2026-06-28,4
P01610,2026-06-28,2026-06-28,2
P01616,2026-06-28,2026-06-28,1
P01628,2026-06-27,2026-06-28,1
P01630,2026-06-28,2026-06-28,5
P01632,2026-06-27,2026-06-28,2
P01670,2026-06-10,2026-06-28,2
P01679,2026-06-28,2026-06-28,1
P01697,2026-06-18,2026-06-28,2
P01705,2026-06-22,2026-06-28,4
P01718,2026-06-04,2026-06-28,1
P01724,2026-06-19,2026-06-28,1
P01764,2026-06-06,2026-06-28,2
P01790,2026-06-06,2026-06-28,4
P01791,2026-06-04,2026-06-28,2
P01811,2026-06-03,2026-06-28,1
P01828,2026-06-16,2026-06-28,1
P01831,2026-06-27,2026-06-28,3
P01880,2026-06-21,2026-06-28,1
P01881,2026-06-28,2026-06-28,1
P01889,2026-06-15,2026-06-28,2
P01894,2026-06-28,2026-06-28,3
P01933,2026-06-21,2026-06-28,4
P01983,2026-06-27,2026-06-28,1
P01996,2026-06-04,2026-06-28,1
P02016,2026-06-23,2026-06-28,4
P02017,2026-06-24,2026-06-28,1
P02018,2026-06-16,2026-06-28,3
P02037,2026-06-28,2026-06-28,5
P02047,2026-06-12,2026-06-28,2
P02058,2026-06-20,2026-06-28,1
P02092,2026-06-26,2026-06-28,2
P02101,2026-06-18,2026-06-28,3
P02120,2026-06-22,2026-06-28,4
P02127,2026-06-28,2026-06-28,3
P02157,2026-06-24,2026-06-28,4
P02161,2026-06-13,2026-06-28,2
P02201,2026-06-28,2026-06-28,4
P02223,2026-06-28,2026-06-28,5
P02230,2026-06-02,2026-06-28,4
P02242,2026-06-23,2026-06-28,1
P02257,2026-06-28,2026-06-28,2
P02259,2026-06-27,2026-06-28,2
P02280,2026-06-21,2026-06-28,1
P02281,2026-06-28,2026-06-28,4
P02286,2026-06-28,2026-06-28,5
P02298,2026-06-28,2026-06-28,5
P02317,2026-06-04,2026-06-28,3
P02320,2026-06-24,2026-06-28,4
P02340,2026-06-24,2026-06-28,3
P02357,2026-06-27,2026-06-28,2
P02360,2026-06-14,2026-06-28,2
P02365,2026-06-15,2026-06-28,3
P02391,2026-06-28,2026-06-28,1
P02393,2026-06-25,2026-06-28,4
P02398,2026-06-22,2026-06-28,4
P02407,2026-06-20,2026-06-28,3
P02412,2026-06-28,2026-06-28,1
P02443,2026-06-09,2026-06-28,1
P02444,2026-06-04,2026-06-28,2
P02458,2026-06-23,2026-06-28,2
P02474,2026-06-17,2026-06-28,3
P02484,2026-06-28,2026-06-28,5
P02494,2026-06-28,2026-06-28,2
P02508,2026-06-28,2026-06-28,5
P02517,2026-06-06,2026-06-28,2
P02540,2026-06-28,2026-06-28,3
P02552,2026-06-26,2026-06-28,1
P02553,2026-06-07,2026-06-28,1
P02563,2026-06-28,2026-06-28,5
P02567,2026-06-17,2026-06-28,4
P02581,2026-06-23,2026-06-28,3
P02596,2026-06-19,2026-06-28,4
P02601,2026-06-19,2026-06-28,1
P02604,2026-06-28,2026-06-28,5
P02605,2026-06-28,2026-06-28,1
P02609,2026-06-25,2026-06-28,1
P02624,2026-06-28,2026-06-28,1
P02648,2026-06-24,2026-06-28,2
P02663,2026-06-28,2026-06-28,3
P02683,2026-06-28,2026-06-28,1
P02685,2026-06-13,2026-06-28,1
P02693,2026-06-28,2026-06-28,2
P02713,2026-06-28,2026-06-28,4
P02728,2026-06-28,2026-06-28,5
P02765,2026-06-14,2026-06-28,2
P02777,2026-06-12,2026-06-28,2
P02789,2026-06-17,2026-06-28,2
P02813,2026-06-08,2026-06-28,4
P02821,2026-06-18,2026-06-28,4
P02843,2026-06-15,2026-06-28,1
P02861,2026-06-28,2026-06-28,4
P02888,2026-06-27,2026-06-28,2
P02892,2026-06-25,2026-06-28,3
P02894,2026-06-25,2026-06-28,1
P02919,2026-06-27,2026-06-28,2
P02942,2026-06-13,2026-06-28,1
P02948,2026-06-21,2026-06-28,2
P02983,2026-06-25,2026-06-28,1
P03003,2026-06-16,2026-06-28,2
P03011,2026-06-24,2026-06-28,3
P03027,2026-06-24,2026-06-28,1
P03036,2026-06-27,2026-06-28,4
P03066,2026-06-20,2026-06-28,1
P03100,2026-06-28,2026-06-28,1
P03134,2026-06-09,2026-06-28,3
P03160,2026-06-27,2026-06-28,4
P03165,2026-06-21,2026-06-28,2
P03184,2026-06-28,2026-06-28,5
P03202,2026-06-28,2026-06-28,2
P03208,2026-06-21,2026-06-28,2
P03211,2026-06-19,2026-06-28,3
P03218,2026-06-26,2026-06-28,4
P03222,2026-06-28,2026-06-28,4
P03229,2026-06-02,2026-06-28,1
P03231,2026-06-27,2026-06-28,3
P03242,2026-06-01,2026-06-28,2
P03250,2026-06-22,2026-06-28,2
P03267,2026-06-21,2026-06-28,4
P03316,2026-06-17,2026-06-28,3
P03343,2026-06-26,2026-06-28,2
P03345,2026-06-12,2026-06-28,1
P03354,2026-06-26,2026-06-28,1
P03374,2026-06-26,2026-06-28,4
P03383,2026-06-11,2026-06-28,1
P03434,2026-06-05,2026-06-28,1
P03450,2026-06-24,2026-06-28,3
P03465,2026-06-23,2026-06-28,1
P03470,2026-06-16,2026-06-28,2
P03494,2026-06-17,2026-06-28,1
P03503,2026-06-05,2026-06-28,2
P03511,2026-06-03,2026-06-28,1
P03513,2026-06-13,2026-06-28,2
P03524,2026-06-01,2026-06-28,1
P03577,2026-06-19,2026-06-28,1
P03583,2026-06-19,2026-06-28,2
P03584,2026-06-16,2026-06-28,2
P03595,2026-06-02,2026-06-28,1
P03600,2026-06-28,2026-06-28,2
P03612,2026-06-28,2026-06-28,4
P03630,2026-06-26,2026-06-28,3
P03664,2026-06-07,2026-06-28,3
P03681,2026-06-06,2026-06-28,2
P03688,2026-06-27,2026-06-28,4
P03698,2026-06-28,2026-06-28,2
P03700,2026-06-28,2026-06-28,4
P03706,2026-06-07,2026-06-28,1
P03708,2026-06-28,2026-06-28,2
P03715,2026-06-28,2026-06-28,2
P03719,2026-06-28,2026-06-28,1
P03727,2026-06-23,2026-06-28,1
P03753,2026-06-27,2026-06-28,2
P03774,2026-06-28,2026-06-28,5
P03840,2026-06-15,2026-06-28,3
P03901,2026-06-18,2026-06-28,2
P03908,2026-06-17,2026-06-28,3
P03909,2026-06-06,2026-06-28,3
P03930,2026-06-15,2026-06-28,2
P03932,2026-06-27,2026-06-28,2
P03938,2026-06-18,2026-06-28,3
P03975,2026-06-14,2026-06-28,3
P03978,2026-06-19,2026-06-28,4
P03998,2026-06-27,2026-06-28,3
P04011,2026-06-25,2026-06-28,1
P04037,2026-06-25,2026-06-28,1
P04050,2026-06-28,2026-06-28,1
P04061,2026-06-05,2026-06-28,4
P04101,2026-06-27,2026-06-28,3
P04126,2026-06-28,2026-06-28,2
P04144,2026-06-25,2026-06-28,2
P04172,2026-06-28,2026-06-28,3
P04180,2026-06-28,2026-06-28,3
P04182,2026-06-22,2026-06-28,3
P04197,2026-06-24,2026-06-28,2
P04201,2026-06-28,2026-06-28,3
P04203,2026-06-28,2026-06-28,1
P04237,2026-06-22,2026-06-28,4
P04252,2026-06-28,2026-06-28,5
P04260,2026-06-28,2026-06-28,4
P04288,2026-06-14,2026-06-28,3
P04300,2026-06-26,2026-06-28,1
P04356,2026-06-27,2026-06-28,3
P04370,2026-06-28,2026-06-28,4
P04399,2026-06-10,2026-06-28,1
P04451,2026-06-12,2026-06-28,1
P04486,2026-06-17,2026-06-28,3
P04490,2026-06-26,2026-06-28,3
P04509,2026-06-23,2026-06-28,3
P04512,2026-06-26,2026-06-28,2
P04513,2026-06-26,2026-06-28,3
P04527,2026-06-09,2026-06-28,2
P04547,2026-06-03,2026-06-28,2
P04548,2026-06-28,2026-06-28,1
P04558,2026-06-08,2026-06-28,1
P04581,2026-06-28,2026-06-28,1
P04606,2026-06-23,2026-06-28,4
P04630,2026-06-08,2026-06-28,4
P04666,2026-06-14,2026-06-28,3
P04703,2026-06-28,2026-06-28,3
P04714,2026-06-04,2026-06-28,4
P04738,2026-06-08,2026-06-28,2
P04782,2026-06-18,2026-06-28,4
P04787,2026-06-16,2026-06-28,4
P04811,2026-06-18,2026-06-28,1
P04813,2026-06-10,2026-06-28,1
P04824,2026-06-28,2026-06-28,5
P04829,2026-06-08,2026-06-28,3
P04853,2026-06-05,2026-06-28,2
P04862,2026-06-17,2026-06-28,3
P04923,2026-06-28,2026-06-28,4
P04929,2026-06-28,2026-06-28,3
P04936,2026-06-13,2026-06-28,1
P04970,2026-06-24,2026-06-28,4
P04985,2026-06-28,2026-06-28,5
P04990,2026-06-22,2026-06-28,2
P05004,2026-06-24,2026-06-28,2
P05005,2026-06-27,2026-06-28,4
P05023,2026-06-28,2026-06-28,5
P05030,2026-06-13,2026-06-28,4
P05032,2026-06-15,2026-06-28,1
P05064,2026-06-08,2026-06-28,4
P05065,2026-06-13,2026-06-28,4
P05067,2026-06-21,2026-06-28,1
P05074,2026-06-28,2026-06-28,1
P05079,2026-06-23,2026-06-28,2
P05096,2026-06-06,2026-06-28,2
P05108,2026-06-24,2026-06-28,3
P05122,2026-06-06,2026-06-28,4
P05142,2026-06-24,2026-06-28,1
P05146,2026-06-28,2026-06-28,1
P05151,2026-06-28,2026-06-28,2
P05164,2026-06-16,2026-06-28,3
P05165,2026-06-05,2026-06-28,4
P05178,2026-06-23,2026-06-28,1
P05182,2026-06-17,2026-06-28,1
P05237,2026-06-28,2026-06-28,5
P05246,2026-06-27,2026-06-28,3
P05250,2026-06-28,2026-06-28,1
P05259,2026-06-28,2026-06-28,4
P05270,2026-06-16,2026-06-28,1
P05313,2026-06-03,2026-06-28,4
P05318,2026-06-08,2026-06-28,2
P05335,2026-06-10,2026-06-28,4
P05353,2026-06-15,2026-06-28,2
P05388,2026-06-28,2026-06-28,3
P05393,2026-06-23,2026-06-28,1
P05401,2026-06-15,2026-06-28,4
P05403,2026-06-06,2026-06-28,2
P05425,2026-06-26,2026-06-28,1
P05467,2026-06-28,2026-06-28,5
P05484,2026-06-28,2026-06-28,2
P05490,2026-06-12,2026-06-28,2
P05512,2026-06-23,2026-06-28,3
P05525,2026-06-03,2026-06-28,1
P05526,2026-06-28,2026-06-28,1
P05535,2026-06-18,2026-06-28,4
P05546,2026-06-28,2026-06-28,1
P05568,2026-06-07,2026-06-28,3
P05614,2026-06-06,2026-06-28,4
P05637,2026-06-07,2026-06-28,1
P05648,2026-06-14,2026-06-28,4
P05655,2026-06-28,2026-06-28,4
P05659,2026-06-25,2026-06-28,4
P05673,2026-06-10,2026-06-28,2
P05702,2026-06-22,2026-06-28,3
P05705,2026-06-04,2026-06-28,4
P05720,2026-06-19,2026-06-28,2
P05732,2026-06-25,2026-06-28,3
P05745,2026-06-28,2026-06-28,1
P05748,2026-06-21,2026-06-28,3
P05769,2026-06-28,2026-06-28,4
P05773,2026-06-28,2026-06-28,2
P05783,2026-06-28,2026-06-28,5
P05846,2026-06-20,2026-06-28,4
P05886,2026-06-18,2026-06-28,4
P05910,2026-06-22,2026-06-28,1
P05924,2026-06-26,2026-06-28,3
P05950,2026-06-24,2026-06-28,1
P05954,2026-06-09,2026-06-28,2
P05960,2026-06-23,2026-06-28,3
P05980,2026-06-26,2026-06-28,2
P05995,2026-06-27,2026-06-28,1
P06027,2026-06-25,2026-06-28,3
P06050,2026-06-01,2026-06-28,1
P06052,2026-06-26,2026-06-28,2
P06054,2026-06-25,2026-06-28,2
P06063,2026-06-27,2026-06-28,2
P06080,2026-06-16,2026-06-28,1
P06085,2026-06-24,2026-06-28,2
P06096,2026-06-28,2026-06-28,1
P06105,2026-06-02,2026-06-28,1
P06111,2026-06-27,2026-06-28,4
P06119,2026-06-17,2026-06-28,2
P06145,2026-06-28,2026-06-28,4
P06147,2026-06-28,2026-06-28,4
P06155,2026-06-25,2026-06-28,1
P06160,2026-06-07,2026-06-28,3
P06209,2026-06-28,2026-06-28,4
P06218,2026-06-21,2026-06-28,4
P06223,2026-06-24,2026-06-28,3
P06259,2026-06-10,2026-06-28,3
P06280,2026-06-07,2026-06-28,1
P06311,2026-06-28,2026-06-28,4
P06355,2026-06-06,2026-06-28,1
P06383,2026-06-27,2026-06-28,1
P06399,2026-06-26,2026-06-28,2
P06408,2026-06-18,2026-06-28,3
P06415,2026-06-26,2026-06-28,1
P06425,2026-06-09,2026-06-28,3
P06430,2026-06-23,2026-06-28,3
P06439,2026-06-20,2026-06-28,1
P06460,2026-06-26,2026-06-28,2
P06466,2026-06-28,2026-06-28,5
P06490,2026-06-28,2026-06-28,2
P06544,2026-06-24,2026-06-28,4
P06546,2026-06-23,2026-06-28,4
P06573,2026-06-05,2026-06-28,4
P06594,2026-06-02,2026-06-28,1
P06617,2026-06-27,2026-06-28,2
P06642,2026-06-18,2026-06-28,4
P06664,2026-06-28,2026-06-28,3
P06665,2026-06-28,2026-06-28,5
P06668,2026-06-08,2026-06-28,4
P06669,2026-06-16,2026-06-28,4
P06674,2026-06-23,2026-06-28,2
P06677,2026-06-26,2026-06-28,4
P06688,2026-06-11,2026-06-28,1
P06690,2026-06-28,2026-06-28,3
P06693,2026-06-20,2026-06-28,2
P06723,2026-06-06,2026-06-28,4
P06746,2026-06-06,2026-06-28,4
P06782,2026-06-03,2026-06-28,1
P06801,2026-06-28,2026-06-28,4
P06813,2026-06-22,2026-06-28,3
P06826,2026-06-08,2026-06-28,4
P06829,2026-06-12,2026-06-28,4
P06870,2026-06-25,2026-06-28,2
P06879,2026-06-27,2026-06-28,4
P06894,2026-06-11,2026-06-28,4
P06899,2026-06-27,2026-06-28,3
P06912,2026-06-05,2026-06-28,4
P06943,2026-06-02,2026-06-28,1
P06953,2026-06-16,2026-06-28,4
P06957,2026-06-25,2026-06-28,3
P06971,2026-06-27,2026-06-28,4
P06976,2026-06-19,2026-06-28,1
P07009,2026-06-27,2026-06-28,1
P07029,2026-06-03,2026-06-28,3
P07042,2026-06-15,2026-06-28,3
P07047,2026-06-06,2026-06-28,1
P07052,2026-06-18,2026-06-28,4
P07053,2026-06-28,2026-06-28,4
P07055,2026-06-20,2026-06-28,1
P07093,2026-06-23,2026-06-28,1
P07120,2026-06-16,2026-06-28,3
P07155,2026-06-28,2026-06-28,4
P07158,2026-06-21,2026-06-28,1
P07214,2026-06-15,2026-06-28,4
P07251,2026-06-28,2026-06-28,1
P07263,2026-06-25,2026-06-28,4
P07288,2026-06-22,2026-06-28,4
P07317,2026-06-09,2026-06-28,1
P07334,2026-06-10,2026-06-28,2
P07346,2026-06-28,2026-06-28,1
P07347,2026-06-19,2026-06-28,1
P07379,2026-06-28,2026-06-28,1
P07394,2026-06-19,2026-06-28,3
P07399,2026-06-28,2026-06-28,3
P07420,2026-06-19,2026-06-28,3
P07446,2026-06-21,2026-06-28,4
P07456,2026-06-26,2026-06-28,4
P07476,2026-06-27,2026-06-28,2
P07484,2026-06-14,2026-06-28,3
P07485,2026-06-27,2026-06-28,3
P07535,2026-06-25,2026-06-28,3
P07554,2026-06-28,2026-06-28,2
P07580,2026-06-24,2026-06-28,3
P07582,2026-06-28,2026-06-28,2
P07611,2026-06-28,2026-06-28,1
P07623,2026-06-27,2026-06-28,2
P07649,2026-06-27,2026-06-28,1
P07659,2026-06-06,2026-06-28,3
P07660,2026-06-28,2026-06-28,5
P07665,2026-06-26,2026-06-28,3
P07672,2026-06-23,2026-06-28,3
P07701,2026-06-28,2026-06-28,5
P07705,2026-06-14,2026-06-28,1
P07706,2026-06-21,2026-06-28,4
P07713,2026-06-28,2026-06-28,1
P07720,2026-06-14,2026-06-28,1
P07762,2026-06-27,2026-06-28,1
P07793,2026-06-28,2026-06-28,3
P07803,2026-06-20,2026-06-28,4
P07806,2026-06-27,2026-06-28,2
P07825,2026-06-27,2026-06-28,1
P07835,2026-06-01,2026-06-28,3
P07842,2026-06-07,2026-06-28,2
P07850,2026-06-05,2026-06-28,4
P07855,2026-06-13,2026-06-28,2
P07871,2026-06-28,2026-06-28,4
P07872,2026-06-26,2026-06-28,3
P07879,2026-06-06,2026-06-28,3
P07883,2026-06-28,2026-06-28,1
P07895,2026-06-26,2026-06-28,1
P07897,2026-06-28,2026-06-28,3
P07899,2026-06-19,2026-06-28,3
P07926,2026-06-10,2026-06-28,2
P07951,2026-06-04,2026-06-28,1
P07961,2026-06-15,2026-06-28,3
P07965,2026-06-13,2026-06-28,2
P07967,2026-06-25,2026-06-28,2
P07985,2026-06-28,2026-06-28,4
P07990,2026-06-21,2026-06-28,3
P07996,2026-06-22,2026-06-28,4
P00023,2026-06-29,2026-06-29,3
P00057,2026-06-19,2026-06-29,2
P00114,2026-06-01,2026-06-29,2
P00115,2026-06-25,2026-06-29,3
P00144,2026-06-22,2026-06-29,4
P00148,2026-06-29,2026-06-29,4
P00153,2026-06-07,2026-06-29,1
P00189,2026-06-29,2026-06-29,1
P00219,2026-06-04,2026-06-29,1
P00220,2026-06-01,2026-06-29,1
P00240,2026-06-11,2026-06-29,2
P00249,2026-06-23,2026-06-29,4
P00261,2026-06-24,2026-06-29,2
P00279,2026-06-19,2026-06-29,4
P00361,2026-06-21,2026-06-29,1
P00373,2026-06-03,2026-06-29,1
P00408,2026-06-04,2026-06-29,3
P00439,2026-06-26,2026-06-29,2
P00453,2026-06-03,2026-06-29,3
P00454,2026-06-27,2026-06-29,2
P00455,2026-06-08,2026-06-29,4
P00468,2026-06-26,2026-06-29,1
P00499,2026-06-15,2026-06-29,1
P00522,2026-06-21,2026-06-29,1
P00533,2026-06-26,2026-06-29,2
P00548,2026-06-25,2026-06-29,3
P00562,2026-06-15,2026-06-29,4
P00577,2026-06-25,2026-06-29,3
P00582,2026-06-25,2026-06-29,3
P00591,2026-06-05,2026-06-29,4
P00592,2026-06-29,2026-06-29,1
P00614,2026-06-28,2026-06-29,3
P00630,2026-06-28,2026-06-29,2
P00657,2026-06-09,2026-06-29,1
P00669,2026-06-29,2026-06-29,1
P00675,2026-06-25,2026-06-29,2
P00695,2026-06-29,2026-06-29,5
P00717,2026-06-29,2026-06-29,3
P00735,2026-06-18,2026-06-29,1
P00757,2026-06-29,2026-06-29,3
P00772,2026-06-29,2026-06-29,5
P00774,2026-06-15,2026-06-29,1
P00776,2026-06-29,2026-06-29,1
P00783,2026-06-29,2026-06-29,5
P00785,2026-06-29,2026-06-29,2
P00793,2026-06-18,2026-06-29,4
P00794,2026-06-01,2026-06-29,4
P00805,2026-06-13,2026-06-29,3
P00819,2026-06-11,2026-06-29,3
P00836,2026-06-29,2026-06-29,2
P00840,2026-06-05,2026-06-29,1
P00841,2026-06-26,2026-06-29,2
P00848,2026-06-10,2026-06-29,2
P00858,2026-06-29,2026-06-29,4
P00867,2026-06-19,2026-06-29,1
P00877,2026-06-09,2026-06-29,4
P00884,2026-06-24,2026-06-29,3
P00890,2026-06-25,2026-06-29,1
P00899,2026-06-27,2026-06-29,3
P00931,2026-06-10,2026-06-29,1
P00953,2026-06-29,2026-06-29,2
P00973,2026-06-16,2026-06-29,4
P00982,2026-06-24,2026-06-29,1
P00996,2026-06-06,2026-06-29,1
P01005,2026-06-09,2026-06-29,1
P01019,2026-06-29,2026-06-29,3
P01025,2026-06-29,2026-06-29,4
P01032,2026-06-28,2026-06-29,2
P01035,2026-06-29,2026-06-29,5
P01038,2026-06-15,2026-06-29,4
P01045,2026-06-17,2026-06-29,1
P01046,2026-06-07,2026-06-29,2
P01059,2026-06-28,2026-06-29,1
P01063,2026-06-29,2026-06-29,3
P01088,2026-06-22,2026-06-29,2
P01095,2026-06-20,2026-06-29,2
P01105,2026-06-27,2026-06-29,2
P01111,2026-06-27,2026-06-29,3
P01147,2026-06-29,2026-06-29,3
P01182,2026-06-29,2026-06-29,2
P01225,2026-06-29,2026-06-29,1
P01235,2026-06-29,2026-06-29,2
P01242,2026-06-27,2026-06-29,2
P01250,2026-06-29,2026-06-29,3
P01267,2026-06-28,2026-06-29,3
P01268,2026-06-25,2026-06-29,1
P01289,2026-06-25,2026-06-29,1
P01300,2026-06-05,2026-06-29,3
P01319,2026-06-25,2026-06-29,2
P01347,2026-06-28,2026-06-29,3
P01363,2026-06-26,2026-06-29,3
P01367,2026-06-29,2026-06-29,2
P01376,2026-06-16,2026-06-29,4
P01386,2026-06-29,2026-06-29,1
P01401,2026-06-29,2026-06-29,4
P01411,2026-06-26,2026-06-29,1
P01426,2026-06-29,2026-06-29,1
P01482,2026-06-18,2026-06-29,1
P01486,2026-06-29,2026-06-29,1
P01520,2026-06-29,2026-06-29,2
P01528,2026-06-29,2026-06-29,5
P01532,2026-06-26,2026-06-29,1
P01610,2026-06-28,2026-06-29,3
P01613,2026-06-29,2026-06-29,1
P01614,2026-06-20,2026-06-29,3
P01618,2026-06-07,2026-06-29,4
P01631,2026-06-29,2026-06-29,4
P01634,2026-06-03,2026-06-29,3
P01638,2026-06-29,2026-06-29,5
P01644,2026-06-26,2026-06-29,1
P01650,2026-06-25,2026-06-29,1
P01661,2026-06-27,2026-06-29,2
P01672,2026-06-29,2026-06-29,5
P01679,2026-06-28,2026-06-29,4
P01704,2026-06-29,2026-06-29,1
P01720,2026-06-16,2026-06-29,4
P01760,2026-06-29,2026-06-29,4
P01766,2026-06-29,2026-06-29,1
P01770,2026-06-18,2026-06-29,2
P01771,2026-06-08,2026-06-29,3
P01808,2026-06-13,2026-06-29,2
P01894,2026-06-28,2026-06-29,4
P01903,2026-06-18,2026-06-29,1
P01906,2026-06-25,2026-06-29,2
P01907,2026-06-29,2026-06-29,3
P01911,2026-06-29,2026-06-29,4
P01939,2026-06-29,2026-06-29,4
P01945,2026-06-20,2026-06-29,3
P01983,2026-06-27,2026-06-29,1
P01998,2026-06-12,2026-06-29,2
P02000,2026-06-20,2026-06-29,4
P02006,2026-06-29,2026-06-29,3
P02018,2026-06-16,2026-06-29,1
P02067,2026-06-18,2026-06-29,4
P02101,2026-06-18,2026-06-29,4
P02138,2026-06-29,2026-06-29,4
P02190,2026-06-23,2026-06-29,3
P02235,2026-06-24,2026-06-29,1
P02239,2026-06-18,2026-06-29,2
P02259,2026-06-27,2026-06-29,4
P02298,2026-06-28,2026-06-29,3
P02302,2026-06-22,2026-06-29,3
P02306,2026-06-29,2026-06-29,4
P02315,2026-06-29,2026-06-29,2
P02318,2026-06-29,2026-06-29,5
P02322,2026-06-23,2026-06-29,2
P02354,2026-06-25,2026-06-29,2
P02370,2026-06-29,2026-06-29,3
P02375,2026-06-26,2026-06-29,1
P02390,2026-06-29,2026-06-29,1
P02391,2026-06-28,2026-06-29,1
P02407,2026-06-20,2026-06-29,4
P02412,2026-06-28,2026-06-29,2
P02437,2026-06-06,2026-06-29,2
P02451,2026-06-23,2026-06-29,4
P02476,2026-06-29,2026-06-29,5
P02490,2026-06-23,2026-06-29,1
P02497,2026-06-29,2026-06-29,2
P02498,2026-06-01,2026-06-29,1
P02512,2026-06-21,2026-06-29,2
P02524,2026-06-12,2026-06-29,1
P02555,2026-06-23,2026-06-29,1
P02557,2026-06-26,2026-06-29,3
P02571,2026-06-29,2026-06-29,1
P02572,2026-06-29,2026-06-29,3
P02581,2026-06-23,2026-06-29,4
P02582,2026-06-14,2026-06-29,4
P02621,2026-06-03,2026-06-29,3
P02633,2026-06-09,2026-06-29,2
P02643,2026-06-18,2026-06-29,4
P02648,2026-06-24,2026-06-29,4
P02661,2026-06-09,2026-06-29,4
P02752,2026-06-10,2026-06-29,4
P02772,2026-06-29,2026-06-29,5
P02790,2026-06-29,2026-06-29,2
P02813,2026-06-08,2026-06-29,4
P02821,2026-06-18,2026-06-29,1
P02840,2026-06-14,2026-06-29,4
P02842,2026-06-29,2026-06-29,3
P02843,2026-06-15,2026-06-29,1
P02847,2026-06-29,2026-06-29,3
P02861,2026-06-28,2026-06-29,3
P02875,2026-06-22,2026-06-29,1
P02889,2026-06-11,2026-06-29,4
P02892,2026-06-25,2026-06-29,4
P02894,2026-06-25,2026-06-29,4
P02915,2026-06-29,2026-06-29,1
P02919,2026-06-27,2026-06-29,3
P02942,2026-06-13,2026-06-29,3
P02943,2026-06-23,2026-06-29,1
P02955,2026-06-23,2026-06-29,2
P02961,2026-06-27,2026-06-29,4
P02966,2026-06-15,2026-06-29,3
P02977,2026-06-03,2026-06-29,3
P02992,2026-06-21,2026-06-29,3
P02993,2026-06-29,2026-06-29,5
P02994,2026-06-06,2026-06-29,2
P03027,2026-06-24,2026-06-29,3
P03042,2026-06-15,2026-06-29,1
P03072,2026-06-12,2026-06-29,1
P03097,2026-06-26,2026-06-29,4
P03100,2026-06-28,2026-06-29,3
P03105,2026-06-25,2026-06-29,1
P03157,2026-06-29,2026-06-29,1
P03165,2026-06-21,2026-06-29,4
P03170,2026-06-14,2026-06-29,3
P03218,2026-06-26,2026-06-29,2
P03222,2026-06-28,2026-06-29,2
P03226,2026-06-29,2026-06-29,3
P03231,2026-06-27,2026-06-29,2
P03237,2026-06-24,2026-06-29,3
P03249,2026-06-29,2026-06-29,2
P03250,2026-06-22,2026-06-29,1
P03253,2026-06-29,2026-06-29,5
P03267,2026-06-21,2026-06-29,2
P03295,2026-06-09,2026-06-29,1
P03316,2026-06-17,2026-06-29,4
P03320,2026-06-26,2026-06-29,4
P03323,2026-06-02,2026-06-29,4
P03339,2026-06-22,2026-06-29,1
P03351,2026-06-15,2026-06-29,1
P03372,2026-06-02,2026-06-29,1
P03400,2026-06-26,2026-06-29,4
P03414,2026-06-18,2026-06-29,3
P03433,2026-06-22,2026-06-29,2
P03450,2026-06-24,2026-06-29,4
P03454,2026-06-25,2026-06-29,3
P03461,2026-06-29,2026-06-29,4
P03479,2026-06-19,2026-06-29,2
P03494,2026-06-17,2026-06-29,3
P03514,2026-06-12,2026-06-29,2
P03522,2026-06-17,2026-06-29,2
P03560,2026-06-21,2026-06-29,2
P03589,2026-06-08,2026-06-29,3
P03591,2026-06-22,2026-06-29,1
P03594,2026-06-26,2026-06-29,3
P03601,2026-06-18,2026-06-29,2
P03612,2026-06-28,2026-06-29,1
P03613,2026-06-29,2026-06-29,1
P03616,2026-06-29,2026-06-29,2
P03638,2026-06-29,2026-06-29,4
P03651,2026-06-19,2026-06-29,4
P03666,2026-06-07,2026-06-29,3
P03688,2026-06-27,2026-06-29,2
P03689,2026-06-21,2026-06-29,1
P03690,2026-06-16,2026-06-29,3
P03692,2026-06-10,2026-06-29,4
P03704,2026-06-01,2026-06-29,2
P03705,2026-06-29,2026-06-29,1
P03728,2026-06-24,2026-06-29,1
P03748,2026-06-16,2026-06-29,4
P03751,2026-06-14,2026-06-29,4
P03753,2026-06-27,2026-06-29,1
P03770,2026-06-22,2026-06-29,4
P03774,2026-06-28,2026-06-29,4
P03819,2026-06-29,2026-06-29,5
P03840,2026-06-15,2026-06-29,2
P03852,2026-06-29,2026-06-29,2
P03878,2026-06-19,2026-06-29,2
P03924,2026-06-29,2026-06-29,2
P03949,2026-06-29,2026-06-29,3
P03981,2026-06-01,2026-06-29,3
P03998,2026-06-27,2026-06-29,4
P03999,2026-06-12,2026-06-29,1
P04000,2026-06-25,2026-06-29,3
P04001,2026-06-29,2026-06-29,5
P04007,2026-06-21,2026-06-29,1
P04019,2026-06-22,2026-06-29,2
P04036,2026-06-29,2026-06-29,5
P04042,2026-06-06,2026-06-29,2
P04052,2026-06-08,2026-06-29,4
P04098,2026-06-29,2026-06-29,5
P04101,2026-06-27,2026-06-29,4
P04107,2026-06-29,2026-06-29,4
P04145,2026-06-29,2026-06-29,3
P04147,2026-06-29,2026-06-29,3
P04149,2026-06-29,2026-06-29,2
P04152,2026-06-25,2026-06-29,1
P04153,2026-06-04,2026-06-29,1
P04172,2026-06-28,2026-06-29,3
P04177,2026-06-22,2026-06-29,1
P04188,2026-06-24,2026-06-29,3
P04197,2026-06-24,2026-06-29,1
P04201,2026-06-28,2026-06-29,1
P04246,2026-06-03,2026-06-29,4
P04266,2026-06-29,2026-06-29,2
P04278,2026-06-29,2026-06-29,3
P04282,2026-06-29,2026-06-29,5
P04304,2026-06-29,2026-06-29,2
P04374,2026-06-11,2026-06-29,4
P04377,2026-06-20,2026-06-29,4
P04390,2026-06-29,2026-06-29,5
P04439,2026-06-29,2026-06-29,4
P04446,2026-06-10,2026-06-29,4
P04453,2026-06-08,2026-06-29,2
P04456,2026-06-01,2026-06-29,3
P04463,2026-06-10,2026-06-29,2
P04480,2026-06-18,2026-06-29,1
P04507,2026-06-29,2026-06-29,3
P04519,2026-06-29,2026-06-29,1
P04545,2026-06-29,2026-06-29,4
P04581,2026-06-28,2026-06-29,2
P04605,2026-06-10,2026-06-29,1
P04638,2026-06-22,2026-06-29,1
P04688,2026-06-05,2026-06-29,3
P04699,2026-06-26,2026-06-29,2
P04703,2026-06-28,2026-06-29,4
P04734,2026-06-18,2026-06-29,4
P04738,2026-06-08,2026-06-29,2
P04765,2026-06-29,2026-06-29,4
P04769,2026-06-24,2026-06-29,1
P04813,2026-06-10,2026-06-29,1
P04818,2026-06-02,2026-06-29,4
P04863,2026-06-22,2026-06-29,1
P04868,2026-06-29,2026-06-29,1
P04915,2026-06-18,2026-06-29,2
P04916,2026-06-12,2026-06-29,1
P04921,2026-06-18,2026-06-29,4
P04943,2026-06-26,2026-06-29,3
P04950,2026-06-29,2026-06-29,2
P04993,2026-06-07,2026-06-29,3
P04994,2026-06-22,2026-06-29,2
P05007,2026-06-03,2026-06-29,1
P05023,2026-06-28,2026-06-29,3
P05034,2026-06-18,2026-06-29,2
P05042,2026-06-29,2026-06-29,5
P05065,2026-06-13,2026-06-29,1
P05073,2026-06-25,2026-06-29,2
P05079,2026-06-23,2026-06-29,3
P05103,2026-06-13,2026-06-29,3
P05110,2026-06-26,2026-06-29,2
P05130,2026-06-29,2026-06-29,5
P05138,2026-06-29,2026-06-29,1
P05145,2026-06-26,2026-06-29,1
P05147,2026-06-26,2026-06-29,4
P05151,2026-06-28,2026-06-29,3
P05178,2026-06-23,2026-06-29,3
P05193,2026-06-29,2026-06-29,4
P05201,2026-06-02,2026-06-29,1
P05204,2026-06-02,2026-06-29,4
P05209,2026-06-01,2026-06-29,3
P05235,2026-06-07,2026-06-29,4
P05258,2026-06-04,2026-06-29,4
P05267,2026-06-15,2026-06-29,3
P05277,2026-06-26,2026-06-29,4
P05300,2026-06-24,2026-06-29,2
P05317,2026-06-29,2026-06-29,4
P05345,2026-06-29,2026-06-29,2
P05371,2026-06-29,2026-06-29,1
P05388,2026-06-28,2026-06-29,2
P05393,2026-06-23,2026-06-29,2
P05410,2026-06-29,2026-06-29,2
P05433,2026-06-29,2026-06-29,1
P05446,2026-06-29,2026-06-29,4
P05450,2026-06-02,2026-06-29,4
P05484,2026-06-28,2026-06-29,1
P05503,2026-06-29,2026-06-29,5
P05519,2026-06-12,2026-06-29,4
P05551,2026-06-29,2026-06-29,5
P05556,2026-06-20,2026-06-29,4
P05563,2026-06-18,2026-06-29,2
P05568,2026-06-07,2026-06-29,4
P05571,2026-06-29,2026-06-29,3
P05587,2026-06-06,2026-06-29,2
P05623,2026-06-19,2026-06-29,2
P05636,2026-06-16,2026-06-29,4
P05661,2026-06-29,2026-06-29,1
P05676,2026-06-29,2026-06-29,1
P05706,2026-06-29,2026-06-29,3
P05722,2026-06-22,2026-06-29,3
P05723,2026-06-20,2026-06-29,3
P05739,2026-06-07,2026-06-29,1
P05740,2026-06-24,2026-06-29,1
P05745,2026-06-28,2026-06-29,2
P05762,2026-06-09,2026-06-29,4
P05785,2026-06-24,2026-06-29,4
P05800,2026-06-05,2026-06-29,3
P05810,2026-06-25,2026-06-29,1
P05817,2026-06-12,2026-06-29,3
P05825,2026-06-29,2026-06-29,5
P05844,2026-06-10,2026-06-29,2
P05852,2026-06-25,2026-06-29,4
P05856,2026-06-29,2026-06-29,5
P05861,2026-06-20,2026-06-29,4
P05865,2026-06-11,2026-06-29,2
P05886,2026-06-18,2026-06-29,3
P05903,2026-06-29,2026-06-29,3
P05909,2026-06-22,2026-06-29,3
P05910,2026-06-22,2026-06-29,3
P05913,2026-06-16,2026-06-29,1
P05924,2026-06-26,2026-06-29,4
P05946,2026-06-21,2026-06-29,4
P05967,2026-06-29,2026-06-29,2
P05969,2026-06-29,2026-06-29,4
P05980,2026-06-26,2026-06-29,2
P05993,2026-06-23,2026-06-29,1
P06005,2026-06-29,2026-06-29,5
P06027,2026-06-25,2026-06-29,3
P06052,2026-06-26,2026-06-29,2
P06054,2026-06-25,2026-06-29,2
P06063,2026-06-27,2026-06-29,2
P06085,2026-06-24,2026-06-29,4
P06090,2026-06-27,2026-06-29,1
P06091,2026-06-25,2026-06-29,3
P06111,2026-06-27,2026-06-29,4
P06129,2026-06-19,2026-06-29,3
P06169,2026-06-29,2026-06-29,1
P06205,2026-06-29,2026-06-29,4
P06235,2026-06-29,2026-06-29,5
P06244,2026-06-29,2026-06-29,1
P06253,2026-06-29,2026-06-29,4
P06306,2026-06-29,2026-06-29,4
P06328,2026-06-05,2026-06-29,2
P06358,2026-06-15,2026-06-29,2
P06389,2026-06-29,2026-06-29,5
P06397,2026-06-29,2026-06-29,4
P06399,2026-06-26,2026-06-29,4
P06412,2026-06-27,2026-06-29,4
P06415,2026-06-26,2026-06-29,2
P06429,2026-06-11,2026-06-29,1
P06438,2026-06-24,2026-06-29,1
P06443,2026-06-11,2026-06-29,4
P06452,2026-06-03,2026-06-29,2
P06458,2026-06-27,2026-06-29,3
P06466,2026-06-28,2026-06-29,1
P06467,2026-06-26,2026-06-29,4
P06487,2026-06-21,2026-06-29,1
P06498,2026-06-19,2026-06-29,3
P06509,2026-06-27,2026-06-29,1
P06529,2026-06-24,2026-06-29,2
P06534,2026-06-12,2026-06-29,4
P06565,2026-06-25,2026-06-29,1
P06570,2026-06-25,2026-06-29,4
P06576,2026-06-26,2026-06-29,4
P06580,2026-06-26,2026-06-29,3
P06581,2026-06-29,2026-06-29,1
P06617,2026-06-27,2026-06-29,2
P06645,2026-06-02,2026-06-29,2
P06662,2026-06-29,2026-06-29,3
P06665,2026-06-28,2026-06-29,4
P06672,2026-06-14,2026-06-29,1
P06686,2026-06-27,2026-06-29,2
P06698,2026-06-25,2026-06-29,3
P06701,2026-06-05,2026-06-29,3
P06702,2026-06-07,2026-06-29,2
P06706,2026-06-25,2026-06-29,4
P06714,2026-06-06,2026-06-29,2
P06715,2026-06-29,2026-06-29,3
P06717,2026-06-23,2026-06-29,4
P06773,2026-06-24,2026-06-29,4
P06786,2026-06-29,2026-06-29,2
P06789,2026-06-04,2026-06-29,2
P06793,2026-06-18,2026-06-29,1
P06801,2026-06-28,2026-06-29,3
P06808,2026-06-14,2026-06-29,1
P06811,2026-06-29,2026-06-29,1
P06833,2026-06-08,2026-06-29,1
P06844,2026-06-29,2026-06-29,2
P06864,2026-06-16,2026-06-29,2
P06865,2026-06-26,2026-06-29,3
P06870,2026-06-25,2026-06-29,4
P06879,2026-06-27,2026-06-29,4
P06905,2026-06-29,2026-06-29,5
P06945,2026-06-29,2026-06-29,2
P06950,2026-06-29,2026-06-29,1
P06957,2026-06-25,2026-06-29,4
P06966,2026-06-29,2026-06-29,5
P06976,2026-06-19,2026-06-29,1
P07009,2026-06-27,2026-06-29,1
P07019,2026-06-23,2026-06-29,2
P07021,2026-06-25,2026-06-29,4
P07027,2026-06-29,2026-06-29,4
P07062,2026-06-15,2026-06-29,4
P07089,2026-06-29,2026-06-29,2
P07093,2026-06-23,2026-06-29,1
P07096,2026-06-02,2026-06-29,2
P07115,2026-06-22,2026-06-29,3
P07117,2026-06-26,2026-06-29,2
P07119,2026-06-23,2026-06-29,4
P07131,2026-06-08,2026-06-29,4
P07145,2026-06-29,2026-06-29,4
P07159,2026-06-17,2026-06-29,2
P07175,2026-06-01,2026-06-29,3
P07188,2026-06-02,2026-06-29,2
P07218,2026-06-08,2026-06-29,2
P07232,2026-06-01,2026-06-29,4
P07263,2026-06-25,2026-06-29,2
P07265,2026-06-26,2026-06-29,1
P07273,2026-06-01,2026-06-29,3
P07283,2026-06-29,2026-06-29,5
P07287,2026-06-08,2026-06-29,2
P07301,2026-06-29,2026-06-29,4
P07304,2026-06-12,2026-06-29,4
P07330,2026-06-22,2026-06-29,3
P07337,2026-06-16,2026-06-29,1
P07347,2026-06-19,2026-06-29,1
P07358,2026-06-13,2026-06-29,2
P07361,2026-06-10,2026-06-29,3
P07362,2026-06-29,2026-06-29,2
P07379,2026-06-28,2026-06-29,1
P07380,2026-06-29,2026-06-29,2
P07387,2026-06-16,2026-06-29,3
P07388,2026-06-21,2026-06-29,2
P07389,2026-06-26,2026-06-29,3
P07393,2026-06-19,2026-06-29,1
P07396,2026-06-10,2026-06-29,1
P07398,2026-06-26,2026-06-29,3
P07418,2026-06-18,2026-06-29,1
P07443,2026-06-25,2026-06-29,4
P07461,2026-06-25,2026-06-29,4
P07463,2026-06-16,2026-06-29,4
P07476,2026-06-27,2026-06-29,3
P07490,2026-06-29,2026-06-29,5
P07514,2026-06-13,2026-06-29,3
P07516,2026-06-29,2026-06-29,2
P07521,2026-06-20,2026-06-29,1
P07536,2026-06-25,2026-06-29,2
P07543,2026-06-16,2026-06-29,3
P07554,2026-06-28,2026-06-29,2
P07580,2026-06-24,2026-06-29,4
P07611,2026-06-28,2026-06-29,2
P07649,2026-06-27,2026-06-29,1
P07663,2026-06-29,2026-06-29,1
P07665,2026-06-26,2026-06-29,2
P07681,2026-06-16,2026-06-29,2
P07691,2026-06-27,2026-06-29,2
P07700,2026-06-29,2026-06-29,2
P07735,2026-06-19,2026-06-29,3
P07741,2026-06-09,2026-06-29,4
P07782,2026-06-19,2026-06-29,3
P07793,2026-06-28,2026-06-29,1
P07795,2026-06-24,2026-06-29,3
P07799,2026-06-22,2026-06-29,2
P07802,2026-06-18,2026-06-29,2
P07806,2026-06-27,2026-06-29,4
P07822,2026-06-29,2026-06-29,3
P07840,2026-06-29,2026-06-29,5
P07882,2026-06-22,2026-06-29,3
P07883,2026-06-28,2026-06-29,4
P07895,2026-06-26,2026-06-29,4
P07897,2026-06-28,2026-06-29,1
P07933,2026-06-29,2026-06-29,5
P07979,2026-06-27,2026-06-29,4
P07982,2026-06-29,2026-06-29,2
P07998,2026-06-06,2026-06-29,4
P00004,2026-06-30,2026-06-30,5
P00023,2026-06-29,2026-06-30,2
P00035,2026-06-12,2026-06-30,4
P00044,2026-06-30,2026-06-30,3
P00057,2026-06-19,2026-06-30,2
P00058,2026-06-23,2026-06-30,3
P00129,2026-06-30,2026-06-30,2
P00134,2026-06-28,2026-06-30,4
P00181,2026-06-14,2026-06-30,4
P00189,2026-06-29,2026-06-30,4
P00208,2026-06-02,2026-06-30,4
P00226,2026-06-14,2026-06-30,4
P00239,2026-06-30,2026-06-30,3
P00324,2026-06-06,2026-06-30,4
P00327,2026-06-28,2026-06-30,3
P00333,2026-06-16,2026-06-30,2
P00337,2026-06-30,2026-06-30,5
P00378,2026-06-30,2026-06-30,1
P00389,2026-06-24,2026-06-30,4
P00397,2026-06-30,2026-06-30,5
P00432,2026-06-30,2026-06-30,2
P00437,2026-06-24,2026-06-30,3
P00439,2026-06-26,2026-06-30,1
P00440,2026-06-04,2026-06-30,2
P00450,2026-06-30,2026-06-30,5
P00473,2026-06-30,2026-06-30,3
P00490,2026-06-30,2026-06-30,3
P00497,2026-06-30,2026-06-30,4
P00498,2026-06-30,2026-06-30,5
P00500,2026-06-15,2026-06-30,4
P00523,2026-06-06,2026-06-30,4
P00532,2026-06-30,2026-06-30,2
P00550,2026-06-16,2026-06-30,1
P00555,2026-06-30,2026-06-30,5
P00567,2026-06-12,2026-06-30,2
P00575,2026-06-24,2026-06-30,1
P00608,2026-06-11,2026-06-30,4
P00614,2026-06-28,2026-06-30,4
P00621,2026-06-01,2026-06-30,3
P00632,2026-06-28,2026-06-30,4
P00639,2026-06-30,2026-06-30,4
P00644,2026-06-30,2026-06-30,5
P00659,2026-06-20,2026-06-30,4
P00660,2026-06-08,2026-06-30,2
P00666,2026-06-23,2026-06-30,4
P00668,2026-06-30,2026-06-30,5
P00669,2026-06-29,2026-06-30,4
P00676,2026-06-08,2026-06-30,3
P00696,2026-06-23,2026-06-30,1
P00729,2026-06-20,2026-06-30,4
P00735,2026-06-18,2026-06-30,2
P00743,2026-06-11,2026-06-30,2
P00759,2026-06-30,2026-06-30,1
P00764,2026-06-30,2026-06-30,5
P00793,2026-06-18,2026-06-30,3
P00808,2026-06-30,2026-06-30,3
P00825,2026-06-16,2026-06-30,1
P00828,2026-06-12,2026-06-30,3
P00842,2026-06-30,2026-06-30,5
P00848,2026-06-10,2026-06-30,2
P00859,2026-06-30,2026-06-30,5
P00866,2026-06-30,2026-06-30,1
P00892,2026-06-22,2026-06-30,2
P00899,2026-06-27,2026-06-30,4
P00916,2026-06-10,2026-06-30,2
P00953,2026-06-29,2026-06-30,2
P00970,2026-06-09,2026-06-30,2
P00972,2026-06-03,2026-06-30,2
P01000,2026-06-30,2026-06-30,2
P01012,2026-06-05,2026-06-30,3
P01015,2026-06-07,2026-06-30,1
P01017,2026-06-30,2026-06-30,4
P01018,2026-06-16,2026-06-30,2
P01023,2026-06-30,2026-06-30,4
P01032,2026-06-28,2026-06-30,2
P01038,2026-06-15,2026-06-30,2
P01059,2026-06-28,2026-06-30,2
P01063,2026-06-29,2026-06-30,3
P01087,2026-06-04,2026-06-30,3
P01103,2026-06-30,2026-06-30,1
P01105,2026-06-27,2026-06-30,1
P01115,2026-06-30,2026-06-30,1
P01155,2026-06-21,2026-06-30,4
P01158,2026-06-30,2026-06-30,3
P01181,2026-06-30,2026-06-30,2
P01229,2026-06-06,2026-06-30,2
P01235,2026-06-29,2026-06-30,2
P01239,2026-06-20,2026-06-30,1
P01242,2026-06-27,2026-06-30,2
P01249,2026-06-30,2026-06-30,3
P01254,2026-06-15,2026-06-30,2
P01257,2026-06-06,2026-06-30,3
P01276,2026-06-27,2026-06-30,1
P01315,2026-06-30,2026-06-30,4
P01319,2026-06-25,2026-06-30,4
P01342,2026-06-03,2026-06-30,4
P01356,2026-06-30,2026-06-30,4
P01358,2026-06-11,2026-06-30,4
P01399,2026-06-13,2026-06-30,1
P01403,2026-06-30,2026-06-30,3
P01411,2026-06-26,2026-06-30,4
P01419,2026-06-25,2026-06-30,3
P01426,2026-06-29,2026-06-30,2
P01430,2026-06-27,2026-06-30,1
P01436,2026-06-30,2026-06-30,4
P01460,2026-06-21,2026-06-30,1
P01469,2026-06-30,2026-06-30,1
P01495,2026-06-16,2026-06-30,2
P01496,2026-06-30,2026-06-30,5
P01518,2026-06-27,2026-06-30,3
P01520,2026-06-29,2026-06-30,1
P01538,2026-06-30,2026-06-30,3
P01553,2026-06-30,2026-06-30,4
P01573,2026-06-04,2026-06-30,4
P01574,2026-06-23,2026-06-30,2
P01583,2026-06-11,2026-06-30,4
P01613,2026-06-29,2026-06-30,1
P01628,2026-06-27,2026-06-30,2
P01642,2026-06-30,2026-06-30,1
P01644,2026-06-26,2026-06-30,1
P01648,2026-06-20,2026-06-30,2
P01665,2026-06-16,2026-06-30,2
P01679,2026-06-28,2026-06-30,4
P01702,2026-06-03,2026-06-30,2
P01704,2026-06-29,2026-06-30,4
P01716,2026-06-26,2026-06-30,3
P01724,2026-06-19,2026-06-30,1
P01737,2026-06-04,2026-06-30,4
P01756,2026-06-30,2026-06-30,5
P01775,2026-06-01,2026-06-30,4
P01790,2026-06-06,2026-06-30,4
P01794,2026-06-30,2026-06-30,3
P01805,2026-06-14,2026-06-30,2
P01853,2026-06-30,2026-06-30,1
P01889,2026-06-15,2026-06-30,4
P01894,2026-06-28,2026-06-30,1
P01916,2026-06-17,2026-06-30,2
P01920,2026-06-26,2026-06-30,4
P01925,2026-06-27,2026-06-30,1
P01926,2026-06-30,2026-06-30,5
P01927,2026-06-25,2026-06-30,4
P01948,2026-06-30,2026-06-30,5
P01953,2026-06-08,2026-06-30,2
P01984,2026-06-19,2026-06-30,2
P01993,2026-06-27,2026-06-30,2
P02000,2026-06-20,2026-06-30,2
P02017,2026-06-24,2026-06-30,2
P02044,2026-06-30,2026-06-30,5
P02052,2026-06-30,2026-06-30,1
P02092,2026-06-26,2026-06-30,2
P02103,2026-06-10,2026-06-30,2
P02107,2026-06-30,2026-06-30,4
P02119,2026-06-05,2026-06-30,1
P02131,2026-06-20,2026-06-30,1
P02140,2026-06-26,2026-06-30,1
P02156,2026-06-30,2026-06-30,2
P02176,2026-06-30,2026-06-30,2
P02181,2026-06-30,2026-06-30,2
P02208,2026-06-08,2026-06-30,3
P02242,2026-06-23,2026-06-30,2
P02249,2026-06-27,2026-06-30,1
P02259,2026-06-27,2026-06-30,3
P02286,2026-06-28,2026-06-30,2
P02299,2026-06-25,2026-06-30,4
P02302,2026-06-22,2026-06-30,2
P02307,2026-06-30,2026-06-30,4
P02332,2026-06-16,2026-06-30,1
P02354,2026-06-25,2026-06-30,2
P02357,2026-06-27,2026-06-30,3
P02368,2026-06-14,2026-06-30,4
P02379,2026-06-30,2026-06-30,2
P02381,2026-06-12,2026-06-30,4
P02390,2026-06-29,2026-06-30,1
P02416,2026-06-30,2026-06-30,1
P02429,2026-06-30,2026-06-30,2
P02451,2026-06-23,2026-06-30,1
P02458,2026-06-23,2026-06-30,4
P02475,2026-06-07,2026-06-30,4
P02490,2026-06-23,2026-06-30,1
P02497,2026-06-29,2026-06-30,3
P02568,2026-06-30,2026-06-30,4
P02586,2026-06-24,2026-06-30,4
P02590,2026-06-13,2026-06-30,3
P02620,2026-06-24,2026-06-30,1
P02640,2026-06-15,2026-06-30,1
P02642,2026-06-30,2026-06-30,5
P02648,2026-06-24,2026-06-30,3
P02696,2026-06-13,2026-06-30,1
P02702,2026-06-30,2026-06-30,5
P02705,2026-06-30,2026-06-30,3
P02715,2026-06-06,2026-06-30,2
P02752,2026-06-10,2026-06-30,2
P02777,2026-06-12,2026-06-30,1
P02807,2026-06-23,2026-06-30,2
P02817,2026-06-30,2026-06-30,3
P02843,2026-06-15,2026-06-30,3
P02855,2026-06-12,2026-06-30,1
P02900,2026-06-30,2026-06-30,4
P02915,2026-06-29,2026-06-30,2
P02922,2026-06-12,2026-06-30,2
P02942,2026-06-13,2026-06-30,1
P02952,2026-06-20,2026-06-30,3
P02957,2026-06-21,2026-06-30,2
P02979,2026-06-03,2026-06-30,4
P02983,2026-06-25,2026-06-30,3
P03004,2026-06-05,2026-06-30,4
P03011,2026-06-24,2026-06-30,2
P03016,2026-06-14,2026-06-30,4
P03027,2026-06-24,2026-06-30,4
P03102,2026-06-09,2026-06-30,3
P03105,2026-06-25,2026-06-30,2
P03128,2026-06-30,2026-06-30,5
P03143,2026-06-25,2026-06-30,1
P03155,2026-06-10,2026-06-30,3
P03157,2026-06-29,2026-06-30,2
P03208,2026-06-21,2026-06-30,4
P03222,2026-06-28,2026-06-30,4
P03240,2026-06-23,2026-06-30,3
P03253,2026-06-29,2026-06-30,1
P03316,2026-06-17,2026-06-30,3
P03332,2026-06-04,2026-06-30,3
P03356,2026-06-26,2026-06-30,2
P03364,2026-06-30,2026-06-30,1
P03372,2026-06-02,2026-06-30,3
P03422,2026-06-19,2026-06-30,1
P03434,2026-06-05,2026-06-30,4
P03480,2026-06-30,2026-06-30,4
P03487,2026-06-30,2026-06-30,1
P03491,2026-06-30,2026-06-30,3
P03524,2026-06-01,2026-06-30,2
P03572,2026-06-30,2026-06-30,2
P03591,2026-06-22,2026-06-30,3
P03613,2026-06-29,2026-06-30,4
P03623,2026-06-07,2026-06-30,4
P03629,2026-06-24,2026-06-30,4
P03634,2026-06-30,2026-06-30,5
P03650,2026-06-20,2026-06-30,2
P03704,2026-06-01,2026-06-30,2
P03708,2026-06-28,2026-06-30,3
P03725,2026-06-30,2026-06-30,4
P03770,2026-06-22,2026-06-30,4
P03781,2026-06-30,2026-06-30,3
P03842,2026-06-30,2026-06-30,1
P03843,2026-06-30,2026-06-30,5
P03852,2026-06-29,2026-06-30,4
P03857,2026-06-27,2026-06-30,2
P03867,2026-06-30,2026-06-30,5
P03874,2026-06-30,2026-06-30,3
P03878,2026-06-19,2026-06-30,2
P03886,2026-06-30,2026-06-30,1
P03901,2026-06-18,2026-06-30,3
P03902,2026-06-27,2026-06-30,1
P03903,2026-06-30,2026-06-30,3
P03924,2026-06-29,2026-06-30,3
P03932,2026-06-27,2026-06-30,2
P03980,2026-06-20,2026-06-30,2
P04001,2026-06-29,2026-06-30,4
P04007,2026-06-21,2026-06-30,3
P04019,2026-06-22,2026-06-30,1
P04036,2026-06-29,2026-06-30,4
P04043,2026-06-30,2026-06-30,1
P04046,2026-06-30,2026-06-30,1
P04059,2026-06-21,2026-06-30,1
P04061,2026-06-05,2026-06-30,4
P04071,2026-06-24,2026-06-30,1
P04101,2026-06-27,2026-06-30,2
P04107,2026-06-29,2026-06-30,1
P04119,2026-06-30,2026-06-30,3
P04131,2026-06-24,2026-06-30,1
P04138,2026-06-30,2026-06-30,1
P04147,2026-06-29,2026-06-30,3
P04149,2026-06-29,2026-06-30,3
P04165,2026-06-30,2026-06-30,5
P04168,2026-06-30,2026-06-30,2
P04174,2026-06-03,2026-06-30,3
P04193,2026-06-30,2026-06-30,5
P04266,2026-06-29,2026-06-30,4
P04295,2026-06-21,2026-06-30,4
P04305,2026-06-09,2026-06-30,1
P04309,2026-06-22,2026-06-30,3
P04324,2026-06-05,2026-06-30,3
P04329,2026-06-30,2026-06-30,4
P04334,2026-06-30,2026-06-30,5
P04339,2026-06-16,2026-06-30,1
P04347,2026-06-25,2026-06-30,3
P04362,2026-06-30,2026-06-30,1
P04370,2026-06-28,2026-06-30,2
P04377,2026-06-20,2026-06-30,3
P04414,2026-06-30,2026-06-30,4
P04437,2026-06-26,2026-06-30,2
P04438,2026-06-14,2026-06-30,2
P04439,2026-06-29,2026-06-30,2
P04441,2026-06-07,2026-06-30,3
P04444,2026-06-27,2026-06-30,4
P04461,2026-06-08,2026-06-30,2
P04474,2026-06-30,2026-06-30,4
P04497,2026-06-10,2026-06-30,2
P04501,2026-06-21,2026-06-30,1
P04509,2026-06-23,2026-06-30,1
P04548,2026-06-28,2026-06-30,4
P04554,2026-06-23,2026-06-30,4
P04581,2026-06-28,2026-06-30,3
P04625,2026-06-21,2026-06-30,1
P04638,2026-06-22,2026-06-30,4
P04685,2026-06-30,2026-06-30,4
P04699,2026-06-26,2026-06-30,1
P04714,2026-06-04,2026-06-30,1
P04739,2026-06-30,2026-06-30,3
P04811,2026-06-18,2026-06-30,2
P04818,2026-06-02,2026-06-30,3
P04821,2026-06-25,2026-06-30,2
P04838,2026-06-30,2026-06-30,5
P04867,2026-06-04,2026-06-30,1
P04879,2026-06-04,2026-06-30,2
P04902,2026-06-30,2026-06-30,5
P04907,2026-06-30,2026-06-30,2
P04981,2026-06-15,2026-06-30,4
P04993,2026-06-07,2026-06-30,3
P05003,2026-06-09,2026-06-30,2
P05004,2026-06-24,2026-06-30,2
P05011,2026-06-30,2026-06-30,1
P05012,2026-06-24,2026-06-30,3
P05014,2026-06-03,2026-06-30,1
P05018,2026-06-15,2026-06-30,3
P05023,2026-06-28,2026-06-30,2
P05036,2026-06-27,2026-06-30,3
P05054,2026-06-30,2026-06-30,5
P05065,2026-06-13,2026-06-30,2
P05099,2026-06-21,2026-06-30,1
P05135,2026-06-30,2026-06-30,2
P05138,2026-06-29,2026-06-30,3
P05141,2026-06-30,2026-06-30,4
P05159,2026-06-30,2026-06-30,5
P05178,2026-06-23,2026-06-30,1
P05180,2026-06-12,2026-06-30,3
P05220,2026-06-12,2026-06-30,3
P05250,2026-06-28,2026-06-30,4
P05259,2026-06-28,2026-06-30,2
P05270,2026-06-16,2026-06-30,4
P05277,2026-06-26,2026-06-30,2
P05278,2026-06-30,2026-06-30,1
P05286,2026-06-30,2026-06-30,2
P05317,2026-06-29,2026-06-30,2
P05338,2026-06-18,2026-06-30,2
P05345,2026-06-29,2026-06-30,1
P05388,2026-06-28,2026-06-30,3
P05393,2026-06-23,2026-06-30,1
P05450,2026-06-02,2026-06-30,2
P05464,2026-06-11,2026-06-30,4
P05484,2026-06-28,2026-06-30,4
P05496,2026-06-08,2026-06-30,3
P05516,2026-06-10,2026-06-30,4
P05525,2026-06-03,2026-06-30,2
P05577,2026-06-20,2026-06-30,1
P05601,2026-06-30,2026-06-30,1
P05603,2026-06-30,2026-06-30,2
P05607,2026-06-03,2026-06-30,3
P05633,2026-06-08,2026-06-30,3
P05656,2026-06-07,2026-06-30,1
P05661,2026-06-29,2026-06-30,2
P05693,2026-06-24,2026-06-30,3
P05722,2026-06-22,2026-06-30,4
P05726,2026-06-25,2026-06-30,2
P05745,2026-06-28,2026-06-30,1
P05786,2026-06-25,2026-06-30,3
P05821,2026-06-30,2026-06-30,2
P05825,2026-06-29,2026-06-30,3
P05864,2026-06-20,2026-06-30,2
P05891,2026-06-09,2026-06-30,4
P05893,2026-06-30,2026-06-30,4
P05903,2026-06-29,2026-06-30,3
P05909,2026-06-22,2026-06-30,4
P05910,2026-06-22,2026-06-30,2
P05939,2026-06-09,2026-06-30,3
P05967,2026-06-29,2026-06-30,4
P05969,2026-06-29,2026-06-30,3
P05980,2026-06-26,2026-06-30,3
P06052,2026-06-26,2026-06-30,4
P06062,2026-06-30,2026-06-30,3
P06072,2026-06-25,2026-06-30,2
P06075,2026-06-19,2026-06-30,1
P06089,2026-06-18,2026-06-30,2
P06091,2026-06-25,2026-06-30,3
P06092,2026-06-17,2026-06-30,2
P06141,2026-06-30,2026-06-30,2
P06145,2026-06-28,2026-06-30,3
P06149,2026-06-08,2026-06-30,3
P06176,2026-06-30,2026-06-30,5
P06177,2026-06-10,2026-06-30,4
P06189,2026-06-16,2026-06-30,2
P06195,2026-06-30,2026-06-30,3
P06200,2026-06-30,2026-06-30,4
P06235,2026-06-29,2026-06-30,1
P06248,2026-06-30,2026-06-30,3
P06255,2026-06-25,2026-06-30,3
P06260,2026-06-08,2026-06-30,3
P06284,2026-06-06,2026-06-30,2
P06288,2026-06-22,2026-06-30,1
P06290,2026-06-01,2026-06-30,2
P06299,2026-06-16,2026-06-30,1
P06347,2026-06-30,2026-06-30,2
P06349,2026-06-30,2026-06-30,3
P06351,2026-06-30,2026-06-30,5
P06389,2026-06-29,2026-06-30,2
P06412,2026-06-27,2026-06-30,1
P06413,2026-06-30,2026-06-30,1
P06430,2026-06-23,2026-06-30,3
P06436,2026-06-07,2026-06-30,3
P06438,2026-06-24,2026-06-30,3
P06482,2026-06-30,2026-06-30,4
P06484,2026-06-16,2026-06-30,1
P06522,2026-06-30,2026-06-30,2
P06531,2026-06-30,2026-06-30,3
P06565,2026-06-25,2026-06-30,1
P06636,2026-06-30,2026-06-30,5
P06650,2026-06-30,2026-06-30,2
P06661,2026-06-26,2026-06-30,3
P06666,2026-06-02,2026-06-30,2
P06677,2026-06-26,2026-06-30,2
P06704,2026-06-30,2026-06-30,5
P06707,2026-06-30,2026-06-30,1
P06715,2026-06-29,2026-06-30,3
P06742,2026-06-30,2026-06-30,5
P06748,2026-06-30,2026-06-30,5
P06788,2026-06-10,2026-06-30,4
P06801,2026-06-28,2026-06-30,1
P06807,2026-06-11,2026-06-30,1
P06809,2026-06-16,2026-06-30,1
P06832,2026-06-23,2026-06-30,1
P06838,2026-06-30,2026-06-30,2
P06844,2026-06-29,2026-06-30,4
P06854,2026-06-26,2026-06-30,2
P06866,2026-06-16,2026-06-30,4
P06870,2026-06-25,2026-06-30,3
P06887,2026-06-12,2026-06-30,4
P06892,2026-06-23,2026-06-30,3
P06899,2026-06-27,2026-06-30,3
P06905,2026-06-29,2026-06-30,4
P06941,2026-06-27,2026-06-30,2
P06969,2026-06-23,2026-06-30,3
P06992,2026-06-07,2026-06-30,3
P06996,2026-06-23,2026-06-30,4
P07009,2026-06-27,2026-06-30,2
P07012,2026-06-30,2026-06-30,3
P07017,2026-06-21,2026-06-30,3
P07100,2026-06-15,2026-06-30,2
P07119,2026-06-23,2026-06-30,1
P07126,2026-06-17,2026-06-30,1
P07140,2026-06-22,2026-06-30,1
P07187,2026-06-18,2026-06-30,4
P07191,2026-06-05,2026-06-30,3
P07193,2026-06-30,2026-06-30,4
P07201,2026-06-30,2026-06-30,1
P07208,2026-06-16,2026-06-30,4
P07212,2026-06-04,2026-06-30,3
P07255,2026-06-30,2026-06-30,4
P07264,2026-06-10,2026-06-30,3
P07266,2026-06-01,2026-06-30,2
P07283,2026-06-29,2026-06-30,3
P07284,2026-06-30,2026-06-30,2
P07287,2026-06-08,2026-06-30,2
P07327,2026-06-11,2026-06-30,2
P07340,2026-06-23,2026-06-30,3
P07355,2026-06-15,2026-06-30,3
P07361,2026-06-10,2026-06-30,4
P07385,2026-06-03,2026-06-30,2
P07388,2026-06-21,2026-06-30,1
P07394,2026-06-19,2026-06-30,3
P07430,2026-06-24,2026-06-30,3
P07437,2026-06-26,2026-06-30,2
P07476,2026-06-27,2026-06-30,3
P07497,2026-06-30,2026-06-30,4
P07501,2026-06-30,2026-06-30,3
P07516,2026-06-29,2026-06-30,4
P07536,2026-06-25,2026-06-30,4
P07542,2026-06-07,2026-06-30,4
P07551,2026-06-05,2026-06-30,1
P07579,2026-06-30,2026-06-30,1
P07600,2026-06-21,2026-06-30,1
P07608,2026-06-30,2026-06-30,4
P07609,2026-06-30,2026-06-30,5
P07620,2026-06-13,2026-06-30,2
P07648,2026-06-18,2026-06-30,3
P07649,2026-06-27,2026-06-30,3
P07651,2026-06-30,2026-06-30,1
P07669,2026-06-30,2026-06-30,5
P07672,2026-06-23,2026-06-30,2
P07677,2026-06-30,2026-06-30,2
P07678,2026-06-27,2026-06-30,4
P07684,2026-06-30,2026-06-30,4
P07743,2026-06-17,2026-06-30,4
P07787,2026-06-02,2026-06-30,1
P07788,2026-06-06,2026-06-30,1
P07789,2026-06-21,2026-06-30,1
P07824,2026-06-30,2026-06-30,1
P07840,2026-06-29,2026-06-30,2
P07859,2026-06-07,2026-06-30,1
P07883,2026-06-28,2026-06-30,1
P07908,2026-06-30,2026-06-30,4
P07913,2026-06-25,2026-06-30,3
P07939,2026-06-18,2026-06-30,3
P00004,2026-06-30,2026-07-01,2
P00021,2026-06-27,2026-07-01,2
P00023,2026-06-29,2026-07-01,3
P00024,2026-06-07,2026-07-01,4
P00026,2026-07-01,2026-07-01,4
P00030,2026-06-02,2026-07-01,1
P00065,2026-07-01,2026-07-01,4
P00069,2026-06-25,2026-07-01,2
P00086,2026-07-01,2026-07-01,2
P00096,2026-07-01,2026-07-01,4
P00106,2026-06-04,2026-07-01,2
P00109,2026-07-01,2026-07-01,2
P00113,2026-06-23,2026-07-01,2
P00135,2026-06-25,2026-07-01,4
P00155,2026-06-13,2026-07-01,1
P00171,2026-07-01,2026-07-01,5
P00175,2026-07-01,2026-07-01,2
P00195,2026-07-01,2026-07-01,2
P00200,2026-07-01,2026-07-01,4
P00202,2026-06-08,2026-07-01,2
P00208,2026-06-02,2026-07-01,3
P00237,2026-06-06,2026-07-01,2
P00245,2026-06-21,2026-07-01,2
P00248,2026-06-22,2026-07-01,1
P00259,2026-07-01,2026-07-01,4
P00276,2026-07-01,2026-07-01,5
P00318,2026-06-25,2026-07-01,1
P00333,2026-06-16,2026-07-01,2
P00339,2026-06-17,2026-07-01,2
P00373,2026-06-03,2026-07-01,1
P00389,2026-06-24,2026-07-01,1
P00400,2026-06-10,2026-07-01,2
P00403,2026-07-01,2026-07-01,1
P00423,2026-06-21,2026-07-01,1
P00433,2026-06-26,2026-07-01,1
P00442,2026-06-28,2026-07-01,2
P00450,2026-06-30,2026-07-01,1
P00452,2026-07-01,2026-07-01,1
P00453,2026-06-03,2026-07-01,4
P00455,2026-06-08,2026-07-01,2
P00463,2026-07-01,2026-07-01,2
P00468,2026-06-26,2026-07-01,4
P00473,2026-06-30,2026-07-01,2
P00499,2026-06-15,2026-07-01,2
P00500,2026-06-15,2026-07-01,4
P00522,2026-06-21,2026-07-01,3
P00528,2026-07-01,2026-07-01,2
P00530,2026-07-01,2026-07-01,2
P00533,2026-06-26,2026-07-01,4
P00550,2026-06-16,2026-07-01,2
P00562,2026-06-15,2026-07-01,3
P00575,2026-06-24,2026-07-01,3
P00576,2026-07-01,2026-07-01,1
P00577,2026-06-25,2026-07-01,3
P00586,2026-07-01,2026-07-01,4
P00591,2026-06-05,2026-07-01,3
P00601,2026-07-01,2026-07-01,5
P00614,2026-06-28,2026-07-01,2
P00620,2026-06-22,2026-07-01,1
P00639,2026-06-30,2026-07-01,2
P00649,2026-06-20,2026-07-01,1
P00654,2026-07-01,2026-07-01,1
P00659,2026-06-20,2026-07-01,1
P00695,2026-06-29,2026-07-01,1
P00741,2026-06-27,2026-07-01,4
P00759,2026-06-30,2026-07-01,1
P00765,2026-07-01,2026-07-01,3
P00776,2026-06-29,2026-07-01,3
P00808,2026-06-30,2026-07-01,3
P00810,2026-07-01,2026-07-01,4
P00828,2026-06-12,2026-07-01,3
P00841,2026-06-26,2026-07-01,2
P00844,2026-06-01,2026-07-01,3
P00873,2026-06-18,2026-07-01,4
P00875,2026-07-01,2026-07-01,1
P00878,2026-06-20,2026-07-01,1
P00910,2026-06-08,2026-07-01,3
P00944,2026-07-01,2026-07-01,3
P00962,2026-06-22,2026-07-01,4
P00982,2026-06-24,2026-07-01,1
P00983,2026-06-06,2026-07-01,2
P01005,2026-06-09,2026-07-01,4
P01023,2026-06-30,2026-07-01,1
P01059,2026-06-28,2026-07-01,2
P01097,2026-06-22,2026-07-01,3
P01099,2026-06-20,2026-07-01,1
P01115,2026-06-30,2026-07-01,1
P01120,2026-06-28,2026-07-01,1
P01131,2026-07-01,2026-07-01,5
P01192,2026-07-01,2026-07-01,5
P01200,2026-06-27,2026-07-01,2
P01225,2026-06-29,2026-07-01,2
P01257,2026-06-06,2026-07-01,2
P01258,2026-07-01,2026-07-01,3
P01293,2026-07-01,2026-07-01,3
P01315,2026-06-30,2026-07-01,3
P01327,2026-06-01,2026-07-01,2
P01330,2026-06-22,2026-07-01,2
P01332,2026-06-22,2026-07-01,2
P01344,2026-06-20,2026-07-01,1
P01347,2026-06-28,2026-07-01,1
P01349,2026-07-01,2026-07-01,2
P01356,2026-06-30,2026-07-01,1
P01375,2026-06-01,2026-07-01,2
P01386,2026-06-29,2026-07-01,3
P01393,2026-06-15,2026-07-01,1
P01492,2026-06-11,2026-07-01,2
P01518,2026-06-27,2026-07-01,4
P01553,2026-06-30,2026-07-01,4
P01579,2026-06-12,2026-07-01,2
P01586,2026-06-19,2026-07-01,2
P01609,2026-07-01,2026-07-01,5
P01632,2026-06-27,2026-07-01,4
P01641,2026-06-18,2026-07-01,1
P01642,2026-06-30,2026-07-01,4
P01644,2026-06-26,2026-07-01,3
P01662,2026-07-01,2026-07-01,3
P01679,2026-06-28,2026-07-01,2
P01692,2026-06-11,2026-07-01,2
P01697,2026-06-18,2026-07-01,1
P01714,2026-07-01,2026-07-01,5
P01760,2026-06-29,2026-07-01,4
P01770,2026-06-18,2026-07-01,1
P01816,2026-06-24,2026-07-01,4
P01847,2026-07-01,2026-07-01,4
P01853,2026-06-30,2026-07-01,4
P01885,2026-06-25,2026-07-01,3
P01888,2026-07-01,2026-07-01,3
P01894,2026-06-28,2026-07-01,4
P01904,2026-07-01,2026-07-01,3
P01926,2026-06-30,2026-07-01,3
P01927,2026-06-25,2026-07-01,2
P01948,2026-06-30,2026-07-01,4
P01960,2026-06-12,2026-07-01,3
P01971,2026-07-01,2026-07-01,1
P01986,2026-06-10,2026-07-01,2
P01992,2026-06-09,2026-07-01,2
P01993,2026-06-27,2026-07-01,4
P02010,2026-06-19,2026-07-01,2
P02013,2026-07-01,2026-07-01,3
P02034,2026-07-01,2026-07-01,5
P02073,2026-06-12,2026-07-01,4
P02074,2026-07-01,2026-07-01,1
P02122,2026-06-17,2026-07-01,3
P02131,2026-06-20,2026-07-01,1
P02146,2026-07-01,2026-07-01,4
P02159,2026-07-01,2026-07-01,2
P02171,2026-06-24,2026-07-01,4
P02200,2026-06-17,2026-07-01,4
P02241,2026-07-01,2026-07-01,1
P02242,2026-06-23,2026-07-01,1
P02264,2026-06-24,2026-07-01,2
P02266,2026-06-18,2026-07-01,4
P02281,2026-06-28,2026-07-01,1
P02299,2026-06-25,2026-07-01,2
P02316,2026-06-21,2026-07-01,3
P02354,2026-06-25,2026-07-01,1
P02357,2026-06-27,2026-07-01,3
P02369,2026-06-07,2026-07-01,3
P02383,2026-06-27,2026-07-01,2
P02443,2026-06-09,2026-07-01,3
P02449,2026-07-01,2026-07-01,5
P02458,2026-06-23,2026-07-01,4
P02520,2026-06-20,2026-07-01,3
P02525,2026-06-27,2026-07-01,1
P02540,2026-06-28,2026-07-01,2
P02571,2026-06-29,2026-07-01,3
P02596,2026-06-19,2026-07-01,2
P02605,2026-06-28,2026-07-01,1
P02609,2026-06-25,2026-07-01,3
P02611,2026-07-01,2026-07-01,2
P02633,2026-06-09,2026-07-01,1
P02640,2026-06-15,2026-07-01,3
P02677,2026-07-01,2026-07-01,2
P02678,2026-07-01,2026-07-01,4
P02683,2026-06-28,2026-07-01,1
P02691,2026-06-03,2026-07-01,4
P02715,2026-06-06,2026-07-01,2
P02721,2026-06-27,2026-07-01,4
P02741,2026-06-17,2026-07-01,1
P02760,2026-06-02,2026-07-01,2
P02779,2026-07-01,2026-07-01,5
P02783,2026-06-22,2026-07-01,4
P02801,2026-07-01,2026-07-01,5
P02821,2026-06-18,2026-07-01,4
P02839,2026-06-07,2026-07-01,1
P02861,2026-06-28,2026-07-01,3
P02864,2026-06-04,2026-07-01,1
P02889,2026-06-11,2026-07-01,2
P02924,2026-06-08,2026-07-01,1
P02946,2026-07-01,2026-07-01,1
P02961,2026-06-27,2026-07-01,2
P02970,2026-07-01,2026-07-01,4
P03036,2026-06-27,2026-07-01,2
P03044,2026-06-21,2026-07-01,3
P03061,2026-07-01,2026-07-01,1
P03070,2026-07-01,2026-07-01,5
P03072,2026-06-12,2026-07-01,2
P03081,2026-06-26,2026-07-01,2
P03107,2026-06-07,2026-07-01,1
P03188,2026-06-04,2026-07-01,3
P03222,2026-06-28,2026-07-01,3
P03226,2026-06-29,2026-07-01,3
P03237,2026-06-24,2026-07-01,1
P03244,2026-07-01,2026-07-01,1
P03252,2026-07-01,2026-07-01,4
P03253,2026-06-29,2026-07-01,1
P03276,2026-07-01,2026-07-01,4
P03294,2026-06-07,2026-07-01,4
P03307,2026-06-10,2026-07-01,4
P03359,2026-06-03,2026-07-01,3
P03362,2026-06-24,2026-07-01,4
P03379,2026-06-05,2026-07-01,1
P03398,2026-07-01,2026-07-01,3
P03414,2026-06-18,2026-07-01,3
P03417,2026-06-09,2026-07-01,4
P03419,2026-07-01,2026-07-01,4
P03451,2026-06-21,2026-07-01,3
P03487,2026-06-30,2026-07-01,1
P03491,2026-06-30,2026-07-01,4
P03532,2026-07-01,2026-07-01,2
P03540,2026-06-18,2026-07-01,4
P03541,2026-06-03,2026-07-01,3
P03554,2026-07-01,2026-07-01,4
P03582,2026-06-18,2026-07-01,3
P03594,2026-06-26,2026-07-01,2
P03642,2026-06-04,2026-07-01,4
P03650,2026-06-20,2026-07-01,3
P03657,2026-06-14,2026-07-01,3
P03659,2026-06-15,2026-07-01,2
P03700,2026-06-28,2026-07-01,2
P03708,2026-06-28,2026-07-01,3
P03714,2026-07-01,2026-07-01,2
P03725,2026-06-30,2026-07-01,2
P03737,2026-07-01,2026-07-01,5
P03758,2026-06-02,2026-07-01,4
P03768,2026-06-21,2026-07-01,4
P03780,2026-07-01,2026-07-01,5
P03809,2026-06-26,2026-07-01,3
P03820,2026-06-13,2026-07-01,2
P03842,2026-06-30,2026-07-01,4
P03843,2026-06-30,2026-07-01,2
P03852,2026-06-29,2026-07-01,3
P03864,2026-06-01,2026-07-01,4
P03875,2026-07-01,2026-07-01,2
P03886,2026-06-30,2026-07-01,2
P03898,2026-07-01,2026-07-01,3
P03912,2026-06-25,2026-07-01,1
P03916,2026-07-01,2026-07-01,1
P03920,2026-07-01,2026-07-01,2
P03970,2026-07-01,2026-07-01,3
P03989,2026-07-01,2026-07-01,5
P04011,2026-06-25,2026-07-01,2
P04036,2026-06-29,2026-07-01,2
P04038,2026-06-09,2026-07-01,2
P04043,2026-06-30,2026-07-01,4
P04048,2026-07-01,2026-07-01,5
P04061,2026-06-05,2026-07-01,1
P04071,2026-06-24,2026-07-01,1
P04078,2026-06-22,2026-07-01,2
P04097,2026-06-21,2026-07-01,1
P04110,2026-07-01,2026-07-01,5
P04115,2026-07-01,2026-07-01,1
P04152,2026-06-25,2026-07-01,3
P04174,2026-06-03,2026-07-01,4
P04190,2026-07-01,2026-07-01,3
P04192,2026-06-11,2026-07-01,1
P04193,2026-06-30,2026-07-01,1
P04225,2026-07-01,2026-07-01,2
P04230,2026-07-01,2026-07-01,4
P04266,2026-06-29,2026-07-01,4
P04300,2026-06-26,2026-07-01,3
P04315,2026-06-19,2026-07-01,4
P04322,2026-07-01,2026-07-01,5
P04334,2026-06-30,2026-07-01,4
P04342,2026-07-01,2026-07-01,1
P04349,2026-06-17,2026-07-01,4
P04356,2026-06-27,2026-07-01,1
P04380,2026-06-25,2026-07-01,4
P04386,2026-06-20,2026-07-01,1
P04407,2026-06-13,2026-07-01,1
P04451,2026-06-12,2026-07-01,3
P04461,2026-06-08,2026-07-01,3
P04462,2026-06-23,2026-07-01,1
P04473,2026-06-23,2026-07-01,1
P04474,2026-06-30,2026-07-01,2
P04501,2026-06-21,2026-07-01,2
P04544,2026-06-19,2026-07-01,1
P04554,2026-06-23,2026-07-01,4
P04558,2026-06-08,2026-07-01,2
P04560,2026-07-01,2026-07-01,1
P04579,2026-07-01,2026-07-01,5
P04617,2026-06-26,2026-07-01,2
P04620,2026-06-11,2026-07-01,1
P04625,2026-06-21,2026-07-01,1
P04636,2026-06-18,2026-07-01,2
P04696,2026-07-01,2026-07-01,5
P04701,2026-06-11,2026-07-01,4
P04738,2026-06-08,2026-07-01,3
P04742,2026-07-01,2026-07-01,1
P04758,2026-07-01,2026-07-01,3
P04771,2026-06-25,2026-07-01,4
P04811,2026-06-18,2026-07-01,3
P04818,2026-06-02,2026-07-01,3
P04822,2026-06-10,2026-07-01,1
P04838,2026-06-30,2026-07-01,3
P04858,2026-07-01,2026-07-01,4
P04877,2026-06-15,2026-07-01,1
P04888,2026-06-05,2026-07-01,2
P04897,2026-06-15,2026-07-01,4
P04899,2026-07-01,2026-07-01,2
P04973,2026-07-01,2026-07-01,4
P04984,2026-07-01,2026-07-01,5
P04987,2026-06-08,2026-07-01,3
P04999,2026-06-21,2026-07-01,1
P05001,2026-07-01,2026-07-01,3
P05003,2026-06-09,2026-07-01,3
P05012,2026-06-24,2026-07-01,2
P05023,2026-06-28,2026-07-01,1
P05038,2026-06-17,2026-07-01,4
P05042,2026-06-29,2026-07-01,4
P05065,2026-06-13,2026-07-01,2
P05073,2026-06-25,2026-07-01,1
P05075,2026-06-06,2026-07-01,4
P05079,2026-06-23,2026-07-01,1
P05102,2026-07-01,2026-07-01,1
P05108,2026-06-24,2026-07-01,1
P05110,2026-06-26,2026-07-01,1
P05118,2026-07-01,2026-07-01,1
P05130,2026-06-29,2026-07-01,3
P05141,2026-06-30,2026-07-01,3
P05147,2026-06-26,2026-07-01,3
P05151,2026-06-28,2026-07-01,2
P05222,2026-06-02,2026-07-01,3
P05227,2026-07-01,2026-07-01,4
P05230,2026-06-09,2026-07-01,2
P05250,2026-06-28,2026-07-01,3
P05255,2026-06-04,2026-07-01,3
P05304,2026-06-14,2026-07-01,3
P05326,2026-06-11,2026-07-01,1
P05360,2026-06-20,2026-07-01,3
P05361,2026-06-05,2026-07-01,2
P05398,2026-06-11,2026-07-01,2
P05399,2026-06-24,2026-07-01,2
P05401,2026-06-15,2026-07-01,2
P05409,2026-07-01,2026-07-01,5
P05418,2026-06-13,2026-07-01,2
P05437,2026-06-26,2026-07-01,2
P05454,2026-06-01,2026-07-01,1
P05467,2026-06-28,2026-07-01,4
P05480,2026-06-24,2026-07-01,2
P05488,2026-06-22,2026-07-01,1
P05535,2026-06-18,2026-07-01,2
P05542,2026-07-01,2026-07-01,3
P05573,2026-07-01,2026-07-01,1
P05601,2026-06-30,2026-07-01,2
P05661,2026-06-29,2026-07-01,4
P05676,2026-06-29,2026-07-01,3
P05684,2026-06-13,2026-07-01,3
P05703,2026-07-01,2026-07-01,3
P05717,2026-06-08,2026-07-01,3
P05723,2026-06-20,2026-07-01,3
P05733,2026-07-01,2026-07-01,4
P05769,2026-06-28,2026-07-01,1
P05778,2026-07-01,2026-07-01,3
P05798,2026-06-22,2026-07-01,1
P05812,2026-06-19,2026-07-01,2
P05850,2026-07-01,2026-07-01,3
P05854,2026-07-01,2026-07-01,5
P05855,2026-07-01,2026-07-01,3
P05857,2026-06-06,2026-07-01,1
P05869,2026-06-21,2026-07-01,3
P05879,2026-06-04,2026-07-01,4
P05972,2026-06-20,2026-07-01,3
P05992,2026-07-01,2026-07-01,1
P06009,2026-07-01,2026-07-01,3
P06027,2026-06-25,2026-07-01,2
P06052,2026-06-26,2026-07-01,4
P06054,2026-06-25,2026-07-01,2
P06064,2026-06-04,2026-07-01,4
P06076,2026-06-20,2026-07-01,4
P06078,2026-06-08,2026-07-01,3
P06085,2026-06-24,2026-07-01,3
P06098,2026-06-21,2026-07-01,3
P06111,2026-06-27,2026-07-01,3
P06114,2026-06-16,2026-07-01,3
P06118,2026-07-01,2026-07-01,5
P06138,2026-06-06,2026-07-01,4
P06141,2026-06-30,2026-07-01,4
P06145,2026-06-28,2026-07-01,3
P06157,2026-06-08,2026-07-01,4
P06160,2026-06-07,2026-07-01,4
P06167,2026-07-01,2026-07-01,4
P06176,2026-06-30,2026-07-01,1
P06177,2026-06-10,2026-07-01,1
P06184,2026-07-01,2026-07-01,1
P06188,2026-07-01,2026-07-01,4
P06195,2026-06-30,2026-07-01,1
P06199,2026-06-08,2026-07-01,3
P06200,2026-06-30,2026-07-01,2
P06206,2026-06-16,2026-07-01,2
P06236,2026-06-11,2026-07-01,4
P06248,2026-06-30,2026-07-01,2
P06251,2026-07-01,2026-07-01,5
P06260,2026-06-08,2026-07-01,2
P06297,2026-06-07,2026-07-01,2
P06313,2026-07-01,2026-07-01,2
P06316,2026-07-01,2026-07-01,2
P06323,2026-06-06,2026-07-01,3
P06330,2026-07-01,2026-07-01,2
P06343,2026-06-13,2026-07-01,2
P06345,2026-06-04,2026-07-01,1
P06347,2026-06-30,2026-07-01,2
P06351,2026-06-30,2026-07-01,3
P06365,2026-06-11,2026-07-01,4
P06376,2026-06-05,2026-07-01,3
P06389,2026-06-29,2026-07-01,4
P06399,2026-06-26,2026-07-01,1
P06412,2026-06-27,2026-07-01,2
P06413,2026-06-30,2026-07-01,2
P06438,2026-06-24,2026-07-01,2
P06451,2026-06-09,2026-07-01,4
P06455,2026-06-13,2026-07-01,1
P06466,2026-06-28,2026-07-01,4
P06468,2026-07-01,2026-07-01,1
P06482,2026-06-30,2026-07-01,4
P06488,2026-06-14,2026-07-01,2
P06505,2026-07-01,2026-07-01,1
P06506,2026-06-18,2026-07-01,2
P06531,2026-06-30,2026-07-01,2
P06542,2026-07-01,2026-07-01,4
P06544,2026-06-24,2026-07-01,1
P06551,2026-06-23,2026-07-01,4
P06591,2026-07-01,2026-07-01,5
P06622,2026-06-08,2026-07-01,4
P06634,2026-06-15,2026-07-01,3
P06644,2026-06-25,2026-07-01,3
P06652,2026-06-17,2026-07-01,3
P06674,2026-06-23,2026-07-01,1
P06742,2026-06-30,2026-07-01,2
P06751,2026-07-01,2026-07-01,5
P06803,2026-06-14,2026-07-01,3
P06811,2026-06-29,2026-07-01,1
P06822,2026-06-22,2026-07-01,3
P06844,2026-06-29,2026-07-01,4
P06853,2026-07-01,2026-07-01,2
P06870,2026-06-25,2026-07-01,4
P06897,2026-07-01,2026-07-01,2
P06898,2026-06-08,2026-07-01,3
P06903,2026-07-01,2026-07-01,5
P06912,2026-06-05,2026-07-01,4
P06971,2026-06-27,2026-07-01,2
P06995,2026-07-01,2026-07-01,5
P07036,2026-07-01,2026-07-01,4
P07051,2026-07-01,2026-07-01,5
P07063,2026-06-14,2026-07-01,1
P07106,2026-06-23,2026-07-01,3
P07113,2026-06-27,2026-07-01,4
P07120,2026-06-16,2026-07-01,3
P07133,2026-07-01,2026-07-01,1
P07175,2026-06-01,2026-07-01,2
P07198,2026-06-17,2026-07-01,2
P07228,2026-07-01,2026-07-01,1
P07240,2026-06-25,2026-07-01,4
P07263,2026-06-25,2026-07-01,1
P07270,2026-07-01,2026-07-01,3
P07288,2026-06-22,2026-07-01,3
P07304,2026-06-12,2026-07-01,3
P07336,2026-07-01,2026-07-01,2
P07346,2026-06-28,2026-07-01,3
P07358,2026-06-13,2026-07-01,2
P07366,2026-06-22,2026-07-01,4
P07382,2026-07-01,2026-07-01,3
P07385,2026-06-03,2026-07-01,2
P07455,2026-06-20,2026-07-01,1
P07456,2026-06-26,2026-07-01,3
P07497,2026-06-30,2026-07-01,2
P07536,2026-06-25,2026-07-01,1
P07544,2026-06-17,2026-07-01,2
P07546,2026-07-01,2026-07-01,5
P07580,2026-06-24,2026-07-01,2
P07593,2026-07-01,2026-07-01,5
P07595,2026-06-27,2026-07-01,4
P07623,2026-06-27,2026-07-01,1
P07630,2026-06-18,2026-07-01,2
P07646,2026-07-01,2026-07-01,3
P07651,2026-06-30,2026-07-01,1
P07674,2026-07-01,2026-07-01,3
P07738,2026-07-01,2026-07-01,2
P07740,2026-06-14,2026-07-01,2
P07771,2026-06-02,2026-07-01,1
P07793,2026-06-28,2026-07-01,2
P07812,2026-07-01,2026-07-01,4
P07817,2026-06-12,2026-07-01,4
P07821,2026-06-19,2026-07-01,4
P07824,2026-06-30,2026-07-01,2
P07840,2026-06-29,2026-07-01,4
P07849,2026-06-10,2026-07-01,4
P07850,2026-06-05,2026-07-01,3
P07871,2026-06-28,2026-07-01,1
P07883,2026-06-28,2026-07-01,1
P07890,2026-06-20,2026-07-01,1
P07893,2026-07-01,2026-07-01,2
P07894,2026-07-01,2026-07-01,4
P07906,2026-07-01,2026-07-01,4
P07913,2026-06-25,2026-07-01,1
P07928,2026-07-01,2026-07-01,5
P07929,2026-06-01,2026-07-01,4
P07939,2026-06-18,2026-07-01,1
P07942,2026-06-10,2026-07-01,4
P07970,2026-06-06,2026-07-01,1
P07976,2026-06-05,2026-07-01,4
P07979,2026-06-27,2026-07-01,2
P07985,2026-06-28,2026-07-01,2
P07986,2026-06-11,2026-07-01,4
P07990,2026-06-21,2026-07-01,1
P00018,2026-06-09,2026-07-02,4
P00020,2026-07-02,2026-07-02,3
P00023,2026-06-29,2026-07-02,4
P00035,2026-06-12,2026-07-02,2
P00041,2026-06-09,2026-07-02,3
P00053,2026-07-02,2026-07-02,5
P00057,2026-06-19,2026-07-02,1
P00059,2026-07-02,2026-07-02,4
P00065,2026-07-01,2026-07-02,1
P00094,2026-07-02,2026-07-02,3
P00099,2026-07-02,2026-07-02,5
P00108,2026-07-02,2026-07-02,2
P00115,2026-06-25,2026-07-02,2
P00116,2026-07-02,2026-07-02,1
P00119,2026-06-10,2026-07-02,3
P00141,2026-07-02,2026-07-02,3
P00143,2026-06-08,2026-07-02,3
P00154,2026-06-20,2026-07-02,1
P00165,2026-07-02,2026-07-02,3
P00175,2026-07-01,2026-07-02,2
P00200,2026-07-01,2026-07-02,3
P00208,2026-06-02,2026-07-02,2
P00226,2026-06-14,2026-07-02,1
P00244,2026-06-11,2026-07-02,2
P00264,2026-06-02,2026-07-02,2
P00342,2026-06-24,2026-07-02,3
P00352,2026-06-10,2026-07-02,2
P00376,2026-07-02,2026-07-02,2
P00417,2026-07-02,2026-07-02,3
P00418,2026-07-02,2026-07-02,3
P00433,2026-06-26,2026-07-02,4
P00439,2026-06-26,2026-07-02,3
P00450,2026-06-30,2026-07-02,4
P00454,2026-06-27,2026-07-02,4
P00466,2026-06-10,2026-07-02,3
P00473,2026-06-30,2026-07-02,2
P00474,2026-06-04,2026-07-02,1
P00489,2026-07-02,2026-07-02,3
P00509,2026-06-17,2026-07-02,2
P00511,2026-06-10,2026-07-02,1
P00515,2026-07-02,2026-07-02,4
P00530,2026-07-01,2026-07-02,2
P00546,2026-07-02,2026-07-02,1
P00547,2026-06-18,2026-07-02,2
P00555,2026-06-30,2026-07-02,3
P00562,2026-06-15,2026-07-02,1
P00576,2026-07-01,2026-07-02,3
P00597,2026-07-02,2026-07-02,1
P00610,2026-06-21,2026-07-02,3
P00614,2026-06-28,2026-07-02,3
P00618,2026-06-28,2026-07-02,2
P00638,2026-06-07,2026-07-02,1
P00654,2026-07-01,2026-07-02,4
P00717,2026-06-29,2026-07-02,4
P00735,2026-06-18,2026-07-02,4
P00758,2026-07-02,2026-07-02,1
P00772,2026-06-29,2026-07-02,4
P00776,2026-06-29,2026-07-02,4
P00783,2026-06-29,2026-07-02,2
P00808,2026-06-30,2026-07-02,1
P00863,2026-07-02,2026-07-02,3
P00866,2026-06-30,2026-07-02,1
P00931,2026-06-10,2026-07-02,2
P00938,2026-06-04,2026-07-02,3
P00947,2026-06-27,2026-07-02,3
P00962,2026-06-22,2026-07-02,1
P00972,2026-06-03,2026-07-02,1
P00982,2026-06-24,2026-07-02,1
P00991,2026-07-02,2026-07-02,5
P01029,2026-06-27,2026-07-02,1
P01032,2026-06-28,2026-07-02,3
P01036,2026-06-27,2026-07-02,3
P01037,2026-06-21,2026-07-02,2
P01063,2026-06-29,2026-07-02,2
P01076,2026-06-09,2026-07-02,1
P01095,2026-06-20,2026-07-02,4
P01105,2026-06-27,2026-07-02,4
P01114,2026-07-02,2026-07-02,5
P01115,2026-06-30,2026-07-02,2
P01116,2026-07-02,2026-07-02,5
P01131,2026-07-01,2026-07-02,3
P01145,2026-06-03,2026-07-02,1
P01155,2026-06-21,2026-07-02,4
P01169,2026-07-02,2026-07-02,2
P01188,2026-07-02,2026-07-02,1
P01192,2026-07-01,2026-07-02,2
P01197,2026-06-26,2026-07-02,4
P01208,2026-07-02,2026-07-02,1
P01223,2026-06-27,2026-07-02,2
P01231,2026-07-02,2026-07-02,4
P01232,2026-07-02,2026-07-02,2
P01236,2026-06-05,2026-07-02,1
P01239,2026-06-20,2026-07-02,2
P01242,2026-06-27,2026-07-02,4
P01253,2026-07-02,2026-07-02,4
P01289,2026-06-25,2026-07-02,2
P01300,2026-06-05,2026-07-02,2
P01319,2026-06-25,2026-07-02,3
P01352,2026-06-22,2026-07-02,4
P01353,2026-06-10,2026-07-02,2
P01355,2026-06-25,2026-07-02,1
P01386,2026-06-29,2026-07-02,1
P01394,2026-06-09,2026-07-02,2
P01395,2026-06-03,2026-07-02,3
P01414,2026-07-02,2026-07-02,2
P01426,2026-06-29,2026-07-02,1
P01439,2026-07-02,2026-07-02,2
P01445,2026-06-08,2026-07-02,4
P01449,2026-07-02,2026-07-02,1
P01453,2026-07-02,2026-07-02,3
P01457,2026-07-02,2026-07-02,4
P01481,2026-07-02,2026-07-02,4
P01506,2026-06-23,2026-07-02,4
P01529,2026-06-12,2026-07-02,3
P01563,2026-06-21,2026-07-02,4
P01574,2026-06-23,2026-07-02,3
P01612,2026-06-22,2026-07-02,1
P01616,2026-06-28,2026-07-02,3
P01630,2026-06-28,2026-07-02,1
P01652,2026-07-02,2026-07-02,3
P01660,2026-07-02,2026-07-02,2
P01662,2026-07-01,2026-07-02,1
P01667,2026-06-19,2026-07-02,1
P01675,2026-06-09,2026-07-02,4
P01679,2026-06-28,2026-07-02,1
P01683,2026-06-25,2026-07-02,1
P01692,2026-06-11,2026-07-02,3
P01707,2026-06-08,2026-07-02,3
P01718,2026-06-04,2026-07-02,4
P01737,2026-06-04,2026-07-02,1
P01745,2026-07-02,2026-07-02,1
P01752,2026-06-21,2026-07-02,3
P01805,2026-06-14,2026-07-02,3
P01807,2026-06-14,2026-07-02,2
P01827,2026-07-02,2026-07-02,5
P01853,2026-06-30,2026-07-02,1
P01856,2026-06-24,2026-07-02,3
P01870,2026-06-21,2026-07-02,1
P01875,2026-06-06,2026-07-02,4
P01888,2026-07-01,2026-07-02,4
P01894,2026-06-28,2026-07-02,2
P01905,2026-06-07,2026-07-02,1
P01927,2026-06-25,2026-07-02,1
P01937,2026-06-26,2026-07-02,2
P01943,2026-07-02,2026-07-02,4
P01962,2026-06-17,2026-07-02,4
P02058,2026-06-20,2026-07-02,3
P02067,2026-06-18,2026-07-02,4
P02074,2026-07-01,2026-07-02,4
P02100,2026-06-17,2026-07-02,2
P02101,2026-06-18,2026-07-02,2
P02122,2026-06-17,2026-07-02,4
P02128,2026-07-02,2026-07-02,1
P02131,2026-06-20,2026-07-02,4
P02159,2026-07-01,2026-07-02,4
P02176,2026-06-30,2026-07-02,2
P02179,2026-07-02,2026-07-02,1
P02217,2026-06-12,2026-07-02,2
P02250,2026-06-06,2026-07-02,4
P02291,2026-07-02,2026-07-02,5
P02299,2026-06-25,2026-07-02,3
P02302,2026-06-22,2026-07-02,4
P02317,2026-06-04,2026-07-02,1
P02322,2026-06-23,2026-07-02,1
P02340,2026-06-24,2026-07-02,2
P02377,2026-07-02,2026-07-02,1
P02393,2026-06-25,2026-07-02,4
P02398,2026-06-22,2026-07-02,3
P02419,2026-06-26,2026-07-02,1
P02449,2026-07-01,2026-07-02,3
P02452,2026-06-16,2026-07-02,3
P02464,2026-06-20,2026-07-02,2
P02475,2026-06-07,2026-07-02,2
P02476,2026-06-29,2026-07-02,4
P02495,2026-06-26,2026-07-02,4
P02533,2026-06-26,2026-07-02,2
P02553,2026-06-07,2026-07-02,3
P02557,2026-06-26,2026-07-02,1
P02568,2026-06-30,2026-07-02,1
P02571,2026-06-29,2026-07-02,2
P02583,2026-06-19,2026-07-02,1
P02594,2026-06-19,2026-07-02,1
P02643,2026-06-18,2026-07-02,3
P02650,2026-07-02,2026-07-02,3
P02654,2026-06-07,2026-07-02,4
P02655,2026-07-02,2026-07-02,3
P02661,2026-06-09,2026-07-02,3
P02662,2026-06-24,2026-07-02,3
P02683,2026-06-28,2026-07-02,3
P02766,2026-07-02,2026-07-02,4
P02768,2026-06-21,2026-07-02,1
P02771,2026-06-05,2026-07-02,2
P02772,2026-06-29,2026-07-02,2
P02776,2026-07-02,2026-07-02,1
P02861,2026-06-28,2026-07-02,1
P02864,2026-06-04,2026-07-02,2
P02903,2026-06-19,2026-07-02,3
P02980,2026-06-16,2026-07-02,4
P03062,2026-07-02,2026-07-02,1
P03065,2026-06-12,2026-07-02,1
P03148,2026-06-22,2026-07-02,1
P03150,2026-07-02,2026-07-02,3
P03169,2026-06-20,2026-07-02,2
P03253,2026-06-29,2026-07-02,2
P03324,2026-06-17,2026-07-02,1
P03331,2026-07-02,2026-07-02,4
P03343,2026-06-26,2026-07-02,3
P03351,2026-06-15,2026-07-02,1
P03370,2026-07-02,2026-07-02,1
P03385,2026-07-02,2026-07-02,3
P03398,2026-07-01,2026-07-02,3
P03419,2026-07-01,2026-07-02,2
P03423,2026-06-05,2026-07-02,2
P03442,2026-06-10,2026-07-02,4
P03450,2026-06-24,2026-07-02,1
P03466,2026-06-07,2026-07-02,3
P03474,2026-07-02,2026-07-02,5
P03487,2026-06-30,2026-07-02,2
P03504,2026-07-02,2026-07-02,1
P03532,2026-07-01,2026-07-02,2
P03545,2026-07-02,2026-07-02,3
P03546,2026-07-02,2026-07-02,5
P03594,2026-06-26,2026-07-02,3
P03606,2026-06-02,2026-07-02,4
P03612,2026-06-28,2026-07-02,3
P03634,2026-06-30,2026-07-02,4
P03635,2026-06-15,2026-07-02,2
P03639,2026-07-02,2026-07-02,2
P03642,2026-06-04,2026-07-02,1
P03643,2026-06-26,2026-07-02,3
P03651,2026-06-19,2026-07-02,1
P03665,2026-06-11,2026-07-02,1
P03693,2026-07-02,2026-07-02,1
P03695,2026-07-02,2026-07-02,3
P03736,2026-07-02,2026-07-02,5
P03737,2026-07-01,2026-07-02,1
P03753,2026-06-27,2026-07-02,4
P03760,2026-06-18,2026-07-02,2
P03770,2026-06-22,2026-07-02,2
P03775,2026-06-10,2026-07-02,4
P03783,2026-07-02,2026-07-02,4
P03791,2026-07-02,2026-07-02,5
P03810,2026-06-08,2026-07-02,1
P03831,2026-07-02,2026-07-02,4
P03832,2026-06-12,2026-07-02,3
P03838,2026-07-02,2026-07-02,4
P03842,2026-06-30,2026-07-02,1
P03875,2026-07-01,2026-07-02,1
P03878,2026-06-19,2026-07-02,2
P03902,2026-06-27,2026-07-02,2
P03923,2026-06-14,2026-07-02,3
P03924,2026-06-29,2026-07-02,3
P03938,2026-06-18,2026-07-02,1
P03964,2026-07-02,2026-07-02,5
P03975,2026-06-14,2026-07-02,3
P03989,2026-07-01,2026-07-02,4
P04001,2026-06-29,2026-07-02,2
P04085,2026-06-13,2026-07-02,3
P04087,2026-07-02,2026-07-02,4
P04110,2026-07-01,2026-07-02,3
P04149,2026-06-29,2026-07-02,3
P04156,2026-06-15,2026-07-02,2
P04168,2026-06-30,2026-07-02,4
P04177,2026-06-22,2026-07-02,1
P04185,2026-06-19,2026-07-02,1
P04190,2026-07-01,2026-07-02,3
P04193,2026-06-30,2026-07-02,1
P04225,2026-07-01,2026-07-02,2
P04237,2026-06-22,2026-07-02,4
P04266,2026-06-29,2026-07-02,1
P04288,2026-06-14,2026-07-02,4
P04308,2026-06-13,2026-07-02,2
P04316,2026-07-02,2026-07-02,4
P04322,2026-07-01,2026-07-02,4
P04334,2026-06-30,2026-07-02,4
P04342,2026-07-01,2026-07-02,1
P04404,2026-06-18,2026-07-02,2
P04410,2026-07-02,2026-07-02,3
P04426,2026-06-14,2026-07-02,3
P04437,2026-06-26,2026-07-02,1
P04448,2026-07-02,2026-07-02,1
P04453,2026-06-08,2026-07-02,1
P04497,2026-06-10,2026-07-02,2
P04507,2026-06-29,2026-07-02,1
P04510,2026-07-02,2026-07-02,2
P04517,2026-06-17,2026-07-02,4
P04537,2026-07-02,2026-07-02,4
P04545,2026-06-29,2026-07-02,4
P04548,2026-06-28,2026-07-02,2
P04554,2026-06-23,2026-07-02,1
P04569,2026-06-21,2026-07-02,4
P04617,2026-06-26,2026-07-02,2
P04638,2026-06-22,2026-07-02,1
P04642,2026-07-02,2026-07-02,2
P04666,2026-06-14,2026-07-02,2
P04698,2026-06-12,2026-07-02,4
P04720,2026-07-02,2026-07-02,3
P04759,2026-07-02,2026-07-02,4
P04771,2026-06-25,2026-07-02,4
P04779,2026-07-02,2026-07-02,3
P04787,2026-06-16,2026-07-02,1
P04828,2026-06-15,2026-07-02,3
P04835,2026-06-21,2026-07-02,2
P04837,2026-07-02,2026-07-02,5
P04838,2026-06-30,2026-07-02,3
P04911,2026-06-02,2026-07-02,1
P04917,2026-07-02,2026-07-02,5
P04924,2026-07-02,2026-07-02,1
P04935,2026-07-02,2026-07-02,1
P04946,2026-06-25,2026-07-02,2
P04949,2026-07-02,2026-07-02,4
P04950,2026-06-29,2026-07-02,2
P04956,2026-07-02,2026-07-02,3
P04989,2026-06-09,2026-07-02,1
P04990,2026-06-22,2026-07-02,3
P05023,2026-06-28,2026-07-02,4
P05030,2026-06-13,2026-07-02,3
P05032,2026-06-15,2026-07-02,4
P05038,2026-06-17,2026-07-02,2
P05067,2026-06-21,2026-07-02,4
P05079,2026-06-23,2026-07-02,1
P05104,2026-06-08,2026-07-02,4
P05110,2026-06-26,2026-07-02,4
P05119,2026-07-02,2026-07-02,5
P05121,2026-07-02,2026-07-02,1
P05130,2026-06-29,2026-07-02,1
P05135,2026-06-30,2026-07-02,4
P05138,2026-06-29,2026-07-02,1
P05141,2026-06-30,2026-07-02,1
P05151,2026-06-28,2026-07-02,4
P05159,2026-06-30,2026-07-02,4
P05172,2026-07-02,2026-07-02,1
P05204,2026-06-02,2026-07-02,4
P05206,2026-07-02,2026-07-02,1
P05210,2026-07-02,2026-07-02,5
P05213,2026-06-10,2026-07-02,1
P05218,2026-07-02,2026-07-02,1
P05223,2026-06-06,2026-07-02,2
P05228,2026-06-14,2026-07-02,4
P05247,2026-06-09,2026-07-02,2
P05286,2026-06-30,2026-07-02,1
P05291,2026-07-02,2026-07-02,1
P05299,2026-06-24,2026-07-02,1
P05300,2026-06-24,2026-07-02,1
P05306,2026-06-25,2026-07-02,2
P05318,2026-06-08,2026-07-02,3
P05321,2026-07-02,2026-07-02,4
P05332,2026-07-02,2026-07-02,5
P05356,2026-07-02,2026-07-02,4
P05382,2026-06-13,2026-07-02,4
P05388,2026-06-28,2026-07-02,1
P05400,2026-07-02,2026-07-02,3
P05427,2026-07-02,2026-07-02,2
P05446,2026-06-29,2026-07-02,3
P05455,2026-06-14,2026-07-02,2
P05464,2026-06-11,2026-07-02,1
P05516,2026-06-10,2026-07-02,2
P05526,2026-06-28,2026-07-02,3
P05537,2026-07-02,2026-07-02,4
P05546,2026-06-28,2026-07-02,4
P05547,2026-06-24,2026-07-02,4
P05551,2026-06-29,2026-07-02,4
P05571,2026-06-29,2026-07-02,2
P05623,2026-06-19,2026-07-02,4
P05627,2026-07-02,2026-07-02,4
P05640,2026-06-07,2026-07-02,3
P05643,2026-06-21,2026-07-02,4
P05659,2026-06-25,2026-07-02,3
P05678,2026-06-07,2026-07-02,2
P05733,2026-07-01,2026-07-02,2
P05739,2026-06-07,2026-07-02,3
P05740,2026-06-24,2026-07-02,2
P05744,2026-06-03,2026-07-02,3
P05773,2026-06-28,2026-07-02,3
P05778,2026-07-01,2026-07-02,2
P05785,2026-06-24,2026-07-02,3
P05839,2026-06-13,2026-07-02,4
P05844,2026-06-10,2026-07-02,4
P05891,2026-06-09,2026-07-02,4
P05903,2026-06-29,2026-07-02,1
P05906,2026-07-02,2026-07-02,4
P05913,2026-06-16,2026-07-02,2
P05924,2026-06-26,2026-07-02,4
P05940,2026-07-02,2026-07-02,1
P06009,2026-07-01,2026-07-02,4
P06021,2026-06-02,2026-07-02,4
P06025,2026-07-02,2026-07-02,4
P06027,2026-06-25,2026-07-02,2
P06054,2026-06-25,2026-07-02,4
P06062,2026-06-30,2026-07-02,1
P06064,2026-06-04,2026-07-02,4
P06091,2026-06-25,2026-07-02,2
P06095,2026-07-02,2026-07-02,2
P06133,2026-07-02,2026-07-02,5
P06142,2026-06-20,2026-07-02,4
P06147,2026-06-28,2026-07-02,4
P06160,2026-06-07,2026-07-02,1
P06176,2026-06-30,2026-07-02,4
P06184,2026-07-01,2026-07-02,1
P06195,2026-06-30,2026-07-02,1
P06209,2026-06-28,2026-07-02,1
P06215,2026-07-02,2026-07-02,4
P06223,2026-06-24,2026-07-02,1
P06231,2026-06-27,2026-07-02,2
P06243,2026-06-15,2026-07-02,4
P06250,2026-06-07,2026-07-02,2
P06254,2026-07-02,2026-07-02,1
P06276,2026-06-21,2026-07-02,2
P06288,2026-06-22,2026-07-02,4
P06299,2026-06-16,2026-07-02,4
P06317,2026-07-02,2026-07-02,5
P06331,2026-06-09,2026-07-02,2
P06347,2026-06-30,2026-07-02,2
P06360,2026-07-02,2026-07-02,4
P06369,2026-06-05,2026-07-02,1
P06375,2026-06-08,2026-07-02,3
P06389,2026-06-29,2026-07-02,4
P06391,2026-07-02,2026-07-02,3
P06452,2026-06-03,2026-07-02,4
P06455,2026-06-13,2026-07-02,1
P06466,2026-06-28,2026-07-02,1
P06491,2026-07-02,2026-07-02,1
P06499,2026-07-02,2026-07-02,5
P06505,2026-07-01,2026-07-02,3
P06515,2026-06-07,2026-07-02,4
P06566,2026-06-27,2026-07-02,2
P06605,2026-07-02,2026-07-02,4
P06610,2026-07-02,2026-07-02,1
P06644,2026-06-25,2026-07-02,3
P06654,2026-07-02,2026-07-02,1
P06676,2026-06-26,2026-07-02,3
P06684,2026-07-02,2026-07-02,1
P06689,2026-06-05,2026-07-02,2
P06701,2026-06-05,2026-07-02,2
P06707,2026-06-30,2026-07-02,2
P06745,2026-07-02,2026-07-02,4
P06764,2026-06-21,2026-07-02,3
P06776,2026-06-26,2026-07-02,2
P06777,2026-06-23,2026-07-02,1
P06778,2026-07-02,2026-07-02,4
P06799,2026-06-24,2026-07-02,4
P06802,2026-06-02,2026-07-02,1
P06827,2026-07-02,2026-07-02,3
P06838,2026-06-30,2026-07-02,2
P06840,2026-06-22,2026-07-02,1
P06842,2026-07-02,2026-07-02,1
P06846,2026-07-02,2026-07-02,4
P06853,2026-07-01,2026-07-02,1
P06875,2026-06-23,2026-07-02,3
P06892,2026-06-23,2026-07-02,3
P06894,2026-06-11,2026-07-02,2
P06900,2026-07-02,2026-07-02,2
P06939,2026-06-02,2026-07-02,4
P06944,2026-07-02,2026-07-02,2
P06952,2026-07-02,2026-07-02,2
P06989,2026-06-20,2026-07-02,1
P06992,2026-06-07,2026-07-02,3
P06995,2026-07-01,2026-07-02,3
P07012,2026-06-30,2026-07-02,2
P07019,2026-06-23,2026-07-02,3
P07024,2026-07-02,2026-07-02,1
P07029,2026-06-03,2026-07-02,4
P07035,2026-07-02,2026-07-02,2
P07085,2026-06-27,2026-07-02,4
P07101,2026-06-24,2026-07-02,4
P07133,2026-07-01,2026-07-02,3
P07152,2026-06-22,2026-07-02,3
P07160,2026-07-02,2026-07-02,1
P07162,2026-07-02,2026-07-02,5
P07166,2026-06-11,2026-07-02,4
P07168,2026-07-02,2026-07-02,1
P07179,2026-07-02,2026-07-02,4
P07180,2026-07-02,2026-07-02,2
P07198,2026-06-17,2026-07-02,3
P07235,2026-06-04,2026-07-02,1
P07236,2026-06-08,2026-07-02,1
P07269,2026-06-10,2026-07-02,3
P07279,2026-06-06,2026-07-02,4
P07288,2026-06-22,2026-07-02,2
P07302,2026-07-02,2026-07-02,1
P07336,2026-07-01,2026-07-02,3
P07340,2026-06-23,2026-07-02,2
P07381,2026-06-14,2026-07-02,2
P07387,2026-06-16,2026-07-02,2
P07388,2026-06-21,2026-07-02,3
P07437,2026-06-26,2026-07-02,1
P07443,2026-06-25,2026-07-02,3
P07452,2026-07-02,2026-07-02,3
P07485,2026-06-27,2026-07-02,4
P07490,2026-06-29,2026-07-02,1
P07506,2026-06-10,2026-07-02,3
P07512,2026-06-18,2026-07-02,1
P07514,2026-06-13,2026-07-02,3
P07516,2026-06-29,2026-07-02,1
P07531,2026-06-04,2026-07-02,1
P07542,2026-06-07,2026-07-02,2
P07554,2026-06-28,2026-07-02,1
P07564,2026-07-02,2026-07-02,3
P07569,2026-06-18,2026-07-02,4
P07591,2026-06-25,2026-07-02,3
P07602,2026-07-02,2026-07-02,4
P07638,2026-06-22,2026-07-02,3
P07644,2026-07-02,2026-07-02,3
P07646,2026-07-01,2026-07-02,2
P07647,2026-07-02,2026-07-02,5
P07648,2026-06-18,2026-07-02,2
P07654,2026-07-02,2026-07-02,2
P07673,2026-06-15,2026-07-02,2
P07689,2026-07-02,2026-07-02,1
P07697,2026-06-12,2026-07-02,1
P07699,2026-07-02,2026-07-02,1
P07727,2026-06-10,2026-07-02,1
P07742,2026-07-02,2026-07-02,2
P07780,2026-06-17,2026-07-02,4
P07793,2026-06-28,2026-07-02,4
P07795,2026-06-24,2026-07-02,3
P07837,2026-06-27,2026-07-02,1
P07840,2026-06-29,2026-07-02,3
P07844,2026-07-02,2026-07-02,3
P07863,2026-07-02,2026-07-02,4
P07868,2026-06-12,2026-07-02,4
P07895,2026-06-26,2026-07-02,4
P07909,2026-06-26,2026-07-02,4
P07935,2026-06-11,2026-07-02,1
P07950,2026-06-03,2026-07-02,4
P07954,2026-07-02,2026-07-02,1
P07969,2026-06-26,2026-07-02,2
P07977,2026-07-02,2026-07-02,2
P07979,2026-06-27,2026-07-02,2
P00001,2026-06-07,2026-07-03,1
P00021,2026-06-27,2026-07-03,2
P00022,2026-06-15,2026-07-03,3
P00031,2026-06-22,2026-07-03,4
P00037,2026-07-03,2026-07-03,2
P00040,2026-07-03,2026-07-03,2
P00053,2026-07-02,2026-07-03,3
P00058,2026-06-23,2026-07-03,3
P00059,2026-07-02,2026-07-03,4
P00065,2026-07-01,2026-07-03,3
P00073,2026-06-23,2026-07-03,1
P00088,2026-07-03,2026-07-03,1
P00093,2026-07-03,2026-07-03,1
P00119,2026-06-10,2026-07-03,3
P00134,2026-06-28,2026-07-03,1
P00175,2026-07-01,2026-07-03,1
P00179,2026-06-06,2026-07-03,1
P00192,2026-06-13,2026-07-03,2
P00200,2026-07-01,2026-07-03,2
P00201,2026-06-13,2026-07-03,4
P00238,2026-07-03,2026-07-03,1
P00245,2026-06-21,2026-07-03,2
P00276,2026-07-01,2026-07-03,3
P00303,2026-06-16,2026-07-03,2
P00336,2026-07-03,2026-07-03,1
P00337,2026-06-30,2026-07-03,4
P00351,2026-06-18,2026-07-03,3
P00377,2026-07-03,2026-07-03,1
P00378,2026-06-30,2026-07-03,4
P00400,2026-06-10,2026-07-03,1
P00408,2026-06-04,2026-07-03,1
P00439,2026-06-26,2026-07-03,3
P00446,2026-07-03,2026-07-03,4
P00447,2026-06-17,2026-07-03,4
P00455,2026-06-08,2026-07-03,1
P00466,2026-06-10,2026-07-03,4
P00489,2026-07-02,2026-07-03,4
P00496,2026-07-03,2026-07-03,2
P00513,2026-06-28,2026-07-03,3
P00515,2026-07-02,2026-07-03,4
P00518,2026-07-03,2026-07-03,4
P00555,2026-06-30,2026-07-03,1
P00570,2026-06-28,2026-07-03,4
P00591,2026-06-05,2026-07-03,3
P00619,2026-06-17,2026-07-03,4
P00639,2026-06-30,2026-07-03,4
P00644,2026-06-30,2026-07-03,2
P00657,2026-06-09,2026-07-03,2
P00668,2026-06-30,2026-07-03,3
P00713,2026-06-23,2026-07-03,2
P00758,2026-07-02,2026-07-03,4
P00759,2026-06-30,2026-07-03,1
P00791,2026-07-03,2026-07-03,5
P00795,2026-07-03,2026-07-03,2
P00797,2026-07-03,2026-07-03,5
P00823,2026-07-03,2026-07-03,3
P00838,2026-06-20,2026-07-03,3
P00856,2026-06-21,2026-07-03,1
P00861,2026-06-23,2026-07-03,4
P00877,2026-06-09,2026-07-03,3
P00888,2026-07-03,2026-07-03,1
P00953,2026-06-29,2026-07-03,4
P00957,2026-07-03,2026-07-03,2
P00978,2026-07-03,2026-07-03,3
P00987,2026-06-26,2026-07-03,4
P01023,2026-06-30,2026-07-03,1
P01025,2026-06-29,2026-07-03,4
P01027,2026-06-04,2026-07-03,1
P01036,2026-06-27,2026-07-03,4
P01038,2026-06-15,2026-07-03,1
P01048,2026-07-03,2026-07-03,3
P01049,2026-06-03,2026-07-03,3
P01059,2026-06-28,2026-07-03,4
P01099,2026-06-20,2026-07-03,3
P01105,2026-06-27,2026-07-03,4
P01129,2026-06-14,2026-07-03,1
P01140,2026-06-10,2026-07-03,1
P01141,2026-06-13,2026-07-03,3
P01143,2026-07-03,2026-07-03,2
P01155,2026-06-21,2026-07-03,3
P01188,2026-07-02,2026-07-03,1
P01201,2026-06-04,2026-07-03,4
P01204,2026-06-15,2026-07-03,4
P01267,2026-06-28,2026-07-03,3
P01291,2026-07-03,2026-07-03,3
P01332,2026-06-22,2026-07-03,2
P01352,2026-06-22,2026-07-03,3
P01363,2026-06-26,2026-07-03,2
P01390,2026-07-03,2026-07-03,3
P01398,2026-06-20,2026-07-03,2
P01403,2026-06-30,2026-07-03,4
P01411,2026-06-26,2026-07-03,4
P01414,2026-07-02,2026-07-03,3
P01426,2026-06-29,2026-07-03,3
P01435,2026-06-10,2026-07-03,3
P01439,2026-07-02,2026-07-03,3
P01460,2026-06-21,2026-07-03,3
P01507,2026-07-03,2026-07-03,2
P01520,2026-06-29,2026-07-03,3
P01530,2026-07-03,2026-07-03,3
P01580,2026-06-03,2026-07-03,2
P01614,2026-06-20,2026-07-03,1
P01640,2026-07-03,2026-07-03,4
P01644,2026-06-26,2026-07-03,3
P01655,2026-06-21,2026-07-03,2
P01661,2026-06-27,2026-07-03,3
P01663,2026-06-05,2026-07-03,1
P01667,2026-06-19,2026-07-03,1
P01675,2026-06-09,2026-07-03,3
P01692,2026-06-11,2026-07-03,3
P01709,2026-06-24,2026-07-03,4
P01716,2026-06-26,2026-07-03,2
P01737,2026-06-04,2026-07-03,1
P01828,2026-06-16,2026-07-03,1
P01853,2026-06-30,2026-07-03,1
P01881,2026-06-28,2026-07-03,4
P01882,2026-06-10,2026-07-03,2
P01888,2026-07-01,2026-07-03,3
P01899,2026-06-18,2026-07-03,4
P01911,2026-06-29,2026-07-03,1
P01915,2026-07-03,2026-07-03,1
P01916,2026-06-17,2026-07-03,3
P01926,2026-06-30,2026-07-03,4
P01943,2026-07-02,2026-07-03,1
P01953,2026-06-08,2026-07-03,2
P01962,2026-06-17,2026-07-03,4
P01986,2026-06-10,2026-07-03,4
P01996,2026-06-04,2026-07-03,2
P02006,2026-06-29,2026-07-03,3
P02033,2026-07-03,2026-07-03,5
P02047,2026-06-12,2026-07-03,4
P02060,2026-07-03,2026-07-03,4
P02092,2026-06-26,2026-07-03,1
P02159,2026-07-01,2026-07-03,2
P02161,2026-06-13,2026-07-03,3
P02202,2026-06-13,2026-07-03,4
P02242,2026-06-23,2026-07-03,1
P02262,2026-06-24,2026-07-03,1
P02280,2026-06-21,2026-07-03,1
P02286,2026-06-28,2026-07-03,2
P02291,2026-07-02,2026-07-03,1
P02351,2026-07-03,2026-07-03,1
P02353,2026-06-11,2026-07-03,4
P02359,2026-07-03,2026-07-03,4
P02375,2026-06-26,2026-07-03,3
P02376,2026-07-03,2026-07-03,4
P02398,2026-06-22,2026-07-03,4
P02406,2026-07-03,2026-07-03,4
P02409,2026-07-03,2026-07-03,5
P02438,2026-06-27,2026-07-03,2
P02449,2026-07-01,2026-07-03,4
P02451,2026-06-23,2026-07-03,4
P02460,2026-06-03,2026-07-03,2
P02475,2026-06-07,2026-07-03,2
P02490,2026-06-23,2026-07-03,2
P02538,2026-06-18,2026-07-03,3
P02556,2026-06-07,2026-07-03,4
P02568,2026-06-30,2026-07-03,3
P02571,2026-06-29,2026-07-03,3
P02575,2026-06-10,2026-07-03,2
P02576,2026-07-03,2026-07-03,3
P02580,2026-07-03,2026-07-03,3
P02581,2026-06-23,2026-07-03,1
P02590,2026-06-13,2026-07-03,2
P02602,2026-06-14,2026-07-03,4
P02605,2026-06-28,2026-07-03,1
P02620,2026-06-24,2026-07-03,2
P02637,2026-06-06,2026-07-03,2
P02650,2026-07-02,2026-07-03,4
P02655,2026-07-02,2026-07-03,4
P02659,2026-06-22,2026-07-03,2
P02663,2026-06-28,2026-07-03,3
P02685,2026-06-13,2026-07-03,3
P02738,2026-06-24,2026-07-03,4
P02746,2026-07-03,2026-07-03,5
P02752,2026-06-10,2026-07-03,2
P02830,2026-07-03,2026-07-03,1
P02875,2026-06-22,2026-07-03,1
P02935,2026-06-21,2026-07-03,3
P02957,2026-06-21,2026-07-03,2
P02961,2026-06-27,2026-07-03,4
P02977,2026-06-03,2026-07-03,1
P02992,2026-06-21,2026-07-03,3
P03027,2026-06-24,2026-07-03,1
P03036,2026-06-27,2026-07-03,1
P03042,2026-06-15,2026-07-03,3
P03044,2026-06-21,2026-07-03,4
P03057,2026-07-03,2026-07-03,4
P03072,2026-06-12,2026-07-03,2
P03081,2026-06-26,2026-07-03,2
P03085,2026-06-17,2026-07-03,3
P03091,2026-07-03,2026-07-03,3
P03100,2026-06-28,2026-07-03,1
P03104,2026-06-13,2026-07-03,3
P03105,2026-06-25,2026-07-03,2
P03107,2026-06-07,2026-07-03,1
P03117,2026-06-26,2026-07-03,4
P03157,2026-06-29,2026-07-03,1
P03177,2026-07-03,2026-07-03,2
P03208,2026-06-21,2026-07-03,1
P03211,2026-06-19,2026-07-03,1
P03237,2026-06-24,2026-07-03,3
P03252,2026-07-01,2026-07-03,2
P03255,2026-07-03,2026-07-03,2
P03263,2026-06-09,2026-07-03,1
P03275,2026-06-10,2026-07-03,4
P03331,2026-07-02,2026-07-03,1
P03339,2026-06-22,2026-07-03,2
P03354,2026-06-26,2026-07-03,2
P03357,2026-07-03,2026-07-03,4
P03366,2026-07-03,2026-07-03,5
P03370,2026-07-02,2026-07-03,2
P03377,2026-07-03,2026-07-03,1
P03400,2026-06-26,2026-07-03,3
P03419,2026-07-01,2026-07-03,3
P03433,2026-06-22,2026-07-03,2
P03444,2026-07-03,2026-07-03,2
P03485,2026-07-03,2026-07-03,5
P03491,2026-06-30,2026-07-03,2
P03503,2026-06-05,2026-07-03,3
P03518,2026-06-16,2026-07-03,3
P03575,2026-07-03,2026-07-03,4
P03592,2026-06-18,2026-07-03,4
P03634,2026-06-30,2026-07-03,3
P03701,2026-07-03,2026-07-03,2
P03708,2026-06-28,2026-07-03,4
P03791,2026-07-02,2026-07-03,4
P03822,2026-06-12,2026-07-03,2
P03838,2026-07-02,2026-07-03,2
P03842,2026-06-30,2026-07-03,4
P03861,2026-07-03,2026-07-03,2
P03881,2026-06-20,2026-07-03,1
P03884,2026-06-17,2026-07-03,3
P03892,2026-06-05,2026-07-03,4
P03903,2026-06-30,2026-07-03,2
P03928,2026-07-03,2026-07-03,5
P03949,2026-06-29,2026-07-03,4
P03980,2026-06-20,2026-07-03,4
P03988,2026-07-03,2026-07-03,2
P04012,2026-06-03,2026-07-03,4
P04049,2026-06-20,2026-07-03,3
P04051,2026-07-03,2026-07-03,5
P04058,2026-06-05,2026-07-03,1
P04059,2026-06-21,2026-07-03,2
P04061,2026-06-05,2026-07-03,3
P04071,2026-06-24,2026-07-03,3
P04088,2026-07-03,2026-07-03,4
P04097,2026-06-21,2026-07-03,3
P04140,2026-07-03,2026-07-03,1
P04149,2026-06-29,2026-07-03,1
P04214,2026-06-19,2026-07-03,3
P04231,2026-07-03,2026-07-03,4
P04232,2026-06-22,2026-07-03,4
P04242,2026-07-03,2026-07-03,5
P04322,2026-07-01,2026-07-03,3
P04323,2026-07-03,2026-07-03,5
P04325,2026-06-14,2026-07-03,4
P04327,2026-06-20,2026-07-03,2
P04336,2026-07-03,2026-07-03,3
P04339,2026-06-16,2026-07-03,4
P04377,2026-06-20,2026-07-03,1
P04380,2026-06-25,2026-07-03,4
P04404,2026-06-18,2026-07-03,2
P04410,2026-07-02,2026-07-03,1
P04439,2026-06-29,2026-07-03,4
P04474,2026-06-30,2026-07-03,1
P04507,2026-06-29,2026-07-03,1
P04517,2026-06-17,2026-07-03,1
P04548,2026-06-28,2026-07-03,2
P04560,2026-07-01,2026-07-03,1
P04573,2026-07-03,2026-07-03,3
P04585,2026-07-03,2026-07-03,4
P04617,2026-06-26,2026-07-03,3
P04630,2026-06-08,2026-07-03,4
P04642,2026-07-02,2026-07-03,3
P04684,2026-06-12,2026-07-03,3
P04732,2026-07-03,2026-07-03,1
P04758,2026-07-01,2026-07-03,4
P04784,2026-07-03,2026-07-03,1
P04844,2026-07-03,2026-07-03,1
P04920,2026-07-03,2026-07-03,2
P04924,2026-07-02,2026-07-03,4
P04947,2026-06-26,2026-07-03,1
P04950,2026-06-29,2026-07-03,4
P04968,2026-06-06,2026-07-03,1
P04976,2026-06-27,2026-07-03,2
P04984,2026-07-01,2026-07-03,4
P04992,2026-06-14,2026-07-03,2
P05003,2026-06-09,2026-07-03,4
P05004,2026-06-24,2026-07-03,1
P05011,2026-06-30,2026-07-03,4
P05030,2026-06-13,2026-07-03,2
P05036,2026-06-27,2026-07-03,3
P05047,2026-06-22,2026-07-03,2
P05059,2026-06-03,2026-07-03,3
P05068,2026-07-03,2026-07-03,2
P05096,2026-06-06,2026-07-03,4
P05103,2026-06-13,2026-07-03,3
P05136,2026-06-27,2026-07-03,4
P05138,2026-06-29,2026-07-03,4
P05141,2026-06-30,2026-07-03,1
P05171,2026-06-13,2026-07-03,2
P05176,2026-07-03,2026-07-03,1
P05178,2026-06-23,2026-07-03,1
P05181,2026-07-03,2026-07-03,1
P05185,2026-06-22,2026-07-03,3
P05188,2026-06-24,2026-07-03,3
P05210,2026-07-02,2026-07-03,4
P05231,2026-06-22,2026-07-03,3
P05249,2026-07-03,2026-07-03,4
P05252,2026-07-03,2026-07-03,2
P05266,2026-07-03,2026-07-03,4
P05278,2026-06-30,2026-07-03,2
P05298,2026-06-23,2026-07-03,2
P05300,2026-06-24,2026-07-03,3
P05317,2026-06-29,2026-07-03,3
P05353,2026-06-15,2026-07-03,4
P05384,2026-06-09,2026-07-03,4
P05385,2026-07-03,2026-07-03,1
P05388,2026-06-28,2026-07-03,4
P05415,2026-06-05,2026-07-03,3
P05427,2026-07-02,2026-07-03,1
P05434,2026-07-03,2026-07-03,2
P05479,2026-07-03,2026-07-03,4
P05483,2026-06-22,2026-07-03,4
P05490,2026-06-12,2026-07-03,1
P05496,2026-06-08,2026-07-03,1
P05501,2026-07-03,2026-07-03,5
P05504,2026-06-09,2026-07-03,1
P05505,2026-07-03,2026-07-03,2
P05512,2026-06-23,2026-07-03,2
P05535,2026-06-18,2026-07-03,2
P05598,2026-07-03,2026-07-03,1
P05603,2026-06-30,2026-07-03,1
P05651,2026-07-03,2026-07-03,5
P05659,2026-06-25,2026-07-03,4
P05684,2026-06-13,2026-07-03,1
P05710,2026-06-16,2026-07-03,2
P05717,2026-06-08,2026-07-03,3
P05733,2026-07-01,2026-07-03,4
P05739,2026-06-07,2026-07-03,3
P05745,2026-06-28,2026-07-03,1
P05748,2026-06-21,2026-07-03,4
P05825,2026-06-29,2026-07-03,1
P05846,2026-06-20,2026-07-03,1
P05854,2026-07-01,2026-07-03,1
P05855,2026-07-01,2026-07-03,4
P05864,2026-06-20,2026-07-03,2
P05890,2026-06-16,2026-07-03,3
P05891,2026-06-09,2026-07-03,4
P05903,2026-06-29,2026-07-03,2
P05913,2026-06-16,2026-07-03,2
P05931,2026-06-16,2026-07-03,2
P05938,2026-07-03,2026-07-03,5
P05995,2026-06-27,2026-07-03,1
P06006,2026-07-03,2026-07-03,1
P06010,2026-07-03,2026-07-03,2
P06062,2026-06-30,2026-07-03,2
P06067,2026-07-03,2026-07-03,3
P06078,2026-06-08,2026-07-03,3
P06091,2026-06-25,2026-07-03,3
P06119,2026-06-17,2026-07-03,2
P06128,2026-06-08,2026-07-03,2
P06141,2026-06-30,2026-07-03,3
P06145,2026-06-28,2026-07-03,4
P06160,2026-06-07,2026-07-03,2
P06167,2026-07-01,2026-07-03,4
P06189,2026-06-16,2026-07-03,4
P06200,2026-06-30,2026-07-03,4
P06206,2026-06-16,2026-07-03,2
P06222,2026-06-07,2026-07-03,3
P06236,2026-06-11,2026-07-03,4
P06238,2026-06-12,2026-07-03,2
P06244,2026-06-29,2026-07-03,2
P06248,2026-06-30,2026-07-03,4
P06249,2026-06-25,2026-07-03,3
P06251,2026-07-01,2026-07-03,2
P06295,2026-06-07,2026-07-03,3
P06333,2026-06-22,2026-07-03,1
P06349,2026-06-30,2026-07-03,3
P06351,2026-06-30,2026-07-03,2
P06364,2026-06-26,2026-07-03,1
P06369,2026-06-05,2026-07-03,1
P06382,2026-06-26,2026-07-03,4
P06398,2026-07-03,2026-07-03,2
P06399,2026-06-26,2026-07-03,4
P06431,2026-06-04,2026-07-03,2
P06463,2026-06-04,2026-07-03,1
P06466,2026-06-28,2026-07-03,2
P06469,2026-07-03,2026-07-03,4
P06478,2026-07-03,2026-07-03,4
P06482,2026-06-30,2026-07-03,3
P06487,2026-06-21,2026-07-03,2
P06512,2026-07-03,2026-07-03,2
P06518,2026-06-09,2026-07-03,4
P06530,2026-06-06,2026-07-03,4
P06534,2026-06-12,2026-07-03,4
P06565,2026-06-25,2026-07-03,1
P06568,2026-06-25,2026-07-03,4
P06570,2026-06-25,2026-07-03,4
P06591,2026-07-01,2026-07-03,1
P06603,2026-07-03,2026-07-03,3
P06608,2026-06-16,2026-07-03,1
P06625,2026-06-09,2026-07-03,2
P06627,2026-06-25,2026-07-03,1
P06656,2026-07-03,2026-07-03,1
P06667,2026-06-15,2026-07-03,1
P06688,2026-06-11,2026-07-03,2
P06699,2026-06-23,2026-07-03,2
P06712,2026-06-20,2026-07-03,3
P06714,2026-06-06,2026-07-03,4
P06721,2026-06-05,2026-07-03,3
P06742,2026-06-30,2026-07-03,2
P06745,2026-07-02,2026-07-03,1
P06781,2026-06-11,2026-07-03,3
P06838,2026-06-30,2026-07-03,1
P06848,2026-06-15,2026-07-03,3
P06849,2026-06-05,2026-07-03,3
P06850,2026-07-03,2026-07-03,2
P06853,2026-07-01,2026-07-03,3
P06865,2026-06-26,2026-07-03,1
P06877,2026-07-03,2026-07-03,5
P06880,2026-06-26,2026-07-03,2
P06894,2026-06-11,2026-07-03,3
P06899,2026-06-27,2026-07-03,1
P06904,2026-06-25,2026-07-03,2
P06906,2026-07-03,2026-07-03,5
P06919,2026-07-03,2026-07-03,4
P06928,2026-07-03,2026-07-03,3
P06968,2026-07-03,2026-07-03,3
P06977,2026-07-03,2026-07-03,4
P06980,2026-06-25,2026-07-03,2
P06995,2026-07-01,2026-07-03,4
P07001,2026-07-03,2026-07-03,4
P07075,2026-07-03,2026-07-03,5
P07085,2026-06-27,2026-07-03,1
P07100,2026-06-15,2026-07-03,2
P07104,2026-06-07,2026-07-03,1
P07106,2026-06-23,2026-07-03,1
P07120,2026-06-16,2026-07-03,2
P07131,2026-06-08,2026-07-03,2
P07140,2026-06-22,2026-07-03,1
P07144,2026-07-03,2026-07-03,3
P07159,2026-06-17,2026-07-03,4
P07169,2026-06-03,2026-07-03,1
P07179,2026-07-02,2026-07-03,4
P07208,2026-06-16,2026-07-03,3
P07214,2026-06-15,2026-07-03,4
P07251,2026-06-28,2026-07-03,1
P07255,2026-06-30,2026-07-03,3
P07259,2026-07-03,2026-07-03,2
P07269,2026-06-10,2026-07-03,2
P07283,2026-06-29,2026-07-03,4
P07295,2026-06-14,2026-07-03,2
P07304,2026-06-12,2026-07-03,4
P07313,2026-07-03,2026-07-03,4
P07326,2026-06-16,2026-07-03,2
P07327,2026-06-11,2026-07-03,4
P07338,2026-06-10,2026-07-03,3
P07348,2026-07-03,2026-07-03,2
P07381,2026-06-14,2026-07-03,2
P07413,2026-06-11,2026-07-03,3
P07447,2026-07-03,2026-07-03,4
P07473,2026-07-03,2026-07-03,3
P07476,2026-06-27,2026-07-03,3
P07497,2026-06-30,2026-07-03,4
P07527,2026-06-23,2026-07-03,2
P07542,2026-06-07,2026-07-03,2
P07554,2026-06-28,2026-07-03,1
P07556,2026-06-23,2026-07-03,3
P07571,2026-06-04,2026-07-03,1
P07572,2026-07-03,2026-07-03,2
P07600,2026-06-21,2026-07-03,2
P07625,2026-07-03,2026-07-03,3
P07646,2026-07-01,2026-07-03,4
P07647,2026-07-02,2026-07-03,2
P07648,2026-06-18,2026-07-03,2
P07654,2026-07-02,2026-07-03,4
P07676,2026-07-03,2026-07-03,3
P07686,2026-07-03,2026-07-03,1
P07699,2026-07-02,2026-07-03,3
P07700,2026-06-29,2026-07-03,3
P07725,2026-06-10,2026-07-03,3
P07728,2026-06-20,2026-07-03,4
P07735,2026-06-19,2026-07-03,2
P07742,2026-07-02,2026-07-03,4
P07745,2026-06-04,2026-07-03,2
P07751,2026-07-03,2026-07-03,3
P07757,2026-07-03,2026-07-03,4
P07791,2026-07-03,2026-07-03,2
P07807,2026-07-03,2026-07-03,1
P07837,2026-06-27,2026-07-03,3
P07844,2026-07-02,2026-07-03,4
P07859,2026-06-07,2026-07-03,4
P07872,2026-06-26,2026-07-03,1
P07886,2026-07-03,2026-07-03,3
P07895,2026-06-26,2026-07-03,1
P07899,2026-06-19,2026-07-03,4
P07909,2026-06-26,2026-07-03,4
P07939,2026-06-18,2026-07-03,3
P07970,2026-06-06,2026-07-03,2
P07971,2026-06-16,2026-07-03,1
P07975,2026-07-03,2026-07-03,4
P07985,2026-06-28,2026-07-03,1
P07995,2026-06-18,2026-07-03,4
P00013,2026-06-19,2026-07-04,2
P00019,2026-06-11,2026-07-04,1
P00037,2026-07-03,2026-07-04,2
P00039,2026-06-08,2026-07-04,3
P00041,2026-06-09,2026-07-04,4
P00042,2026-07-04,2026-07-04,3
P00053,2026-07-02,2026-07-04,2
P00068,2026-06-23,2026-07-04,1
P00084,2026-06-21,2026-07-04,1
P00093,2026-07-03,2026-07-04,4
P00099,2026-07-02,2026-07-04,1
P00108,2026-07-02,2026-07-04,1
P00116,2026-07-02,2026-07-04,1
P00144,2026-06-22,2026-07-04,1
P00175,2026-07-01,2026-07-04,2
P00189,2026-06-29,2026-07-04,3
P00219,2026-06-04,2026-07-04,1
P00233,2026-06-16,2026-07-04,3
P00238,2026-07-03,2026-07-04,2
P00239,2026-06-30,2026-07-04,1
P00248,2026-06-22,2026-07-04,1
P00250,2026-06-27,2026-07-04,3
P00280,2026-06-05,2026-07-04,3
P00334,2026-06-20,2026-07-04,1
P00339,2026-06-17,2026-07-04,4
P00347,2026-06-16,2026-07-04,2
P00356,2026-06-14,2026-07-04,1
P00372,2026-06-24,2026-07-04,3
P00378,2026-06-30,2026-07-04,3
P00389,2026-06-24,2026-07-04,1
P00399,2026-06-06,2026-07-04,4
P00418,2026-07-02,2026-07-04,4
P00426,2026-07-04,2026-07-04,1
P00429,2026-06-20,2026-07-04,4
P00431,2026-07-04,2026-07-04,3
P00442,2026-06-28,2026-07-04,2
P00477,2026-07-04,2026-07-04,5
P00480,2026-06-08,2026-07-04,1
P00495,2026-06-21,2026-07-04,1
P00496,2026-07-03,2026-07-04,1
P00500,2026-06-15,2026-07-04,2
P00513,2026-06-28,2026-07-04,3
P00515,2026-07-02,2026-07-04,3
P00518,2026-07-03,2026-07-04,3
P00530,2026-07-01,2026-07-04,2
P00531,2026-07-04,2026-07-04,2
P00542,2026-07-04,2026-07-04,5
P00546,2026-07-02,2026-07-04,2
P00562,2026-06-15,2026-07-04,3
P00566,2026-07-04,2026-07-04,1
P00630,2026-06-28,2026-07-04,4
P00632,2026-06-28,2026-07-04,1
P00661,2026-06-11,2026-07-04,2
P00666,2026-06-23,2026-07-04,4
P00668,2026-06-30,2026-07-04,1
P00677,2026-07-04,2026-07-04,1
P00683,2026-07-04,2026-07-04,2
P00692,2026-07-04,2026-07-04,4
P00696,2026-06-23,2026-07-04,2
P00758,2026-07-02,2026-07-04,1
P00763,2026-07-04,2026-07-04,5
P00764,2026-06-30,2026-07-04,1
P00773,2026-07-04,2026-07-04,3
P00784,2026-06-27,2026-07-04,3
P00793,2026-06-18,2026-07-04,4
P00808,2026-06-30,2026-07-04,1
P00823,2026-07-03,2026-07-04,1
P00825,2026-06-16,2026-07-04,1
P00854,2026-07-04,2026-07-04,4
P00863,2026-07-02,2026-07-04,3
P00866,2026-06-30,2026-07-04,4
P00873,2026-06-18,2026-07-04,1
P00875,2026-07-01,2026-07-04,1
P00892,2026-06-22,2026-07-04,2
P00913,2026-07-04,2026-07-04,5
P00927,2026-07-04,2026-07-04,1
P00934,2026-06-12,2026-07-04,2
P00940,2026-07-04,2026-07-04,5
P00954,2026-06-05,2026-07-04,1
P00956,2026-06-12,2026-07-04,3
P00962,2026-06-22,2026-07-04,3
P00965,2026-07-04,2026-07-04,4
P00967,2026-07-04,2026-07-04,3
P00982,2026-06-24,2026-07-04,2
P01001,2026-06-06,2026-07-04,3
P01002,2026-07-04,2026-07-04,1
P01020,2026-07-04,2026-07-04,2
P01025,2026-06-29,2026-07-04,2
P01027,2026-06-04,2026-07-04,3
P01048,2026-07-03,2026-07-04,1
P01063,2026-06-29,2026-07-04,2
P01069,2026-06-23,2026-07-04,3
P01082,2026-06-05,2026-07-04,2
P01097,2026-06-22,2026-07-04,2
P01102,2026-06-07,2026-07-04,4
P01114,2026-07-02,2026-07-04,3
P01116,2026-07-02,2026-07-04,4
P01120,2026-06-28,2026-07-04,1
P01131,2026-07-01,2026-07-04,4
P01140,2026-06-10,2026-07-04,4
P01143,2026-07-03,2026-07-04,2
P01155,2026-06-21,2026-07-04,1
P01187,2026-06-26,2026-07-04,1
P01188,2026-07-02,2026-07-04,1
P01197,2026-06-26,2026-07-04,3
P01231,2026-07-02,2026-07-04,2
P01239,2026-06-20,2026-07-04,3
P01272,2026-06-05,2026-07-04,2
P01283,2026-07-04,2026-07-04,5
P01311,2026-07-04,2026-07-04,3
P01319,2026-06-25,2026-07-04,3
P01346,2026-07-04,2026-07-04,4
P01351,2026-07-04,2026-07-04,5
P01386,2026-06-29,2026-07-04,4
P01390,2026-07-03,2026-07-04,1
P01403,2026-06-30,2026-07-04,3
P01408,2026-07-04,2026-07-04,4
P01411,2026-06-26,2026-07-04,4
P01426,2026-06-29,2026-07-04,1
P01436,2026-06-30,2026-07-04,3
P01449,2026-07-02,2026-07-04,2
P01454,2026-07-04,2026-07-04,3
P01546,2026-06-20,2026-07-04,1
P01548,2026-07-04,2026-07-04,5
P01551,2026-07-04,2026-07-04,2
P01555,2026-07-04,2026-07-04,1
P01583,2026-06-11,2026-07-04,1
P01588,2026-07-04,2026-07-04,4
P01614,2026-06-20,2026-07-04,1
P01627,2026-07-04,2026-07-04,3
P01628,2026-06-27,2026-07-04,4
P01632,2026-06-27,2026-07-04,4
P01660,2026-07-02,2026-07-04,4
P01661,2026-06-27,2026-07-04,3
P01696,2026-07-04,2026-07-04,2
P01704,2026-06-29,2026-07-04,2
P01734,2026-06-09,2026-07-04,2
P01745,2026-07-02,2026-07-04,4
P01773,2026-06-13,2026-07-04,2
P01822,2026-07-04,2026-07-04,4
P01828,2026-06-16,2026-07-04,1
P01832,2026-06-08,2026-07-04,4
P01835,2026-06-20,2026-07-04,3
P01837,2026-07-04,2026-07-04,3
P01841,2026-07-04,2026-07-04,2
P01843,2026-07-04,2026-07-04,1
P01859,2026-07-04,2026-07-04,1
P01874,2026-07-04,2026-07-04,5
P01879,2026-06-06,2026-07-04,2
P01888,2026-07-01,2026-07-04,3
P01894,2026-06-28,2026-07-04,2
P01915,2026-07-03,2026-07-04,4
P01926,2026-06-30,2026-07-04,3
P01929,2026-06-21,2026-07-04,2
P01963,2026-06-20,2026-07-04,1
P01974,2026-06-05,2026-07-04,1
P01996,2026-06-04,2026-07-04,1
P01997,2026-06-20,2026-07-04,4
P02017,2026-06-24,2026-07-04,3
P02018,2026-06-16,2026-07-04,1
P02020,2026-07-04,2026-07-04,5
P02031,2026-07-04,2026-07-04,3
P02045,2026-07-04,2026-07-04,5
P02074,2026-07-01,2026-07-04,1
P02157,2026-06-24,2026-07-04,1
P02159,2026-07-01,2026-07-04,3
P02190,2026-06-23,2026-07-04,1
P02216,2026-06-07,2026-07-04,2
P02227,2026-06-21,2026-07-04,1
P02246,2026-07-04,2026-07-04,2
P02283,2026-07-04,2026-07-04,3
P02291,2026-07-02,2026-07-04,4
P02316,2026-06-21,2026-07-04,2
P02317,2026-06-04,2026-07-04,1
P02330,2026-07-04,2026-07-04,1
P02351,2026-07-03,2026-07-04,1
P02353,2026-06-11,2026-07-04,4
P02354,2026-06-25,2026-07-04,4
P02365,2026-06-15,2026-07-04,1
P02399,2026-07-04,2026-07-04,2
P02406,2026-07-03,2026-07-04,3
P02421,2026-07-04,2026-07-04,2
P02434,2026-06-16,2026-07-04,1
P02438,2026-06-27,2026-07-04,2
P02469,2026-07-04,2026-07-04,4
P02483,2026-06-13,2026-07-04,3
P02519,2026-06-04,2026-07-04,3
P02526,2026-06-06,2026-07-04,4
P02538,2026-06-18,2026-07-04,2
P02542,2026-06-08,2026-07-04,1
P02569,2026-06-10,2026-07-04,1
P02575,2026-06-10,2026-07-04,4
P02580,2026-07-03,2026-07-04,1
P02582,2026-06-14,2026-07-04,1
P02588,2026-06-20,2026-07-04,1
P02590,2026-06-13,2026-07-04,4
P02596,2026-06-19,2026-07-04,3
P02624,2026-06-28,2026-07-04,4
P02637,2026-06-06,2026-07-04,4
P02641,2026-06-25,2026-07-04,2
P02643,2026-06-18,2026-07-04,2
P02655,2026-07-02,2026-07-04,1
P02746,2026-07-03,2026-07-04,3
P02771,2026-06-05,2026-07-04,1
P02772,2026-06-29,2026-07-04,2
P02801,2026-07-01,2026-07-04,2
P02828,2026-06-21,2026-07-04,2
P02834,2026-06-21,2026-07-04,4
P02894,2026-06-25,2026-07-04,2
P02942,2026-06-13,2026-07-04,3
P02946,2026-07-01,2026-07-04,1
P02952,2026-06-20,2026-07-04,1
P02961,2026-06-27,2026-07-04,3
P02991,2026-07-04,2026-07-04,1
P03033,2026-06-12,2026-07-04,4
P03056,2026-07-04,2026-07-04,3
P03071,2026-07-04,2026-07-04,4
P03112,2026-07-04,2026-07-04,4
P03124,2026-06-24,2026-07-04,1
P03130,2026-07-04,2026-07-04,2
P03145,2026-06-19,2026-07-04,3
P03164,2026-07-04,2026-07-04,2
P03177,2026-07-03,2026-07-04,4
P03200,2026-06-24,2026-07-04,1
P03220,2026-07-04,2026-07-04,5
P03221,2026-06-13,2026-07-04,4
P03231,2026-06-27,2026-07-04,1
P03245,2026-07-04,2026-07-04,3
P03262,2026-06-23,2026-07-04,2
P03276,2026-07-01,2026-07-04,1
P03314,2026-07-04,2026-07-04,3
P03316,2026-06-17,2026-07-04,4
P03320,2026-06-26,2026-07-04,3
P03331,2026-07-02,2026-07-04,4
P03337,2026-07-04,2026-07-04,4
P03339,2026-06-22,2026-07-04,4
P03357,2026-07-03,2026-07-04,4
P03362,2026-06-24,2026-07-04,3
P03370,2026-07-02,2026-07-04,1
P03379,2026-06-05,2026-07-04,3
P03384,2026-06-10,2026-07-04,3
P03408,2026-07-04,2026-07-04,1
P03419,2026-07-01,2026-07-04,2
P03444,2026-07-03,2026-07-04,4
P03470,2026-06-16,2026-07-04,3
P03474,2026-07-02,2026-07-04,3
P03479,2026-06-19,2026-07-04,2
P03496,2026-07-04,2026-07-04,5
P03510,2026-06-07,2026-07-04,1
P03519,2026-06-04,2026-07-04,4
P03540,2026-06-18,2026-07-04,4
P03545,2026-07-02,2026-07-04,3
P03564,2026-06-04,2026-07-04,1
P03569,2026-07-04,2026-07-04,1
P03590,2026-06-18,2026-07-04,4
P03614,2026-06-22,2026-07-04,1
P03629,2026-06-24,2026-07-04,3
P03643,2026-06-26,2026-07-04,1
P03651,2026-06-19,2026-07-04,1
P03674,2026-06-13,2026-07-04,4
P03676,2026-06-08,2026-07-04,2
P03702,2026-06-11,2026-07-04,2
P03719,2026-06-28,2026-07-04,3
P03730,2026-06-08,2026-07-04,4
P03749,2026-07-04,2026-07-04,2
P03753,2026-06-27,2026-07-04,3
P03768,2026-06-21,2026-07-04,3
P03769,2026-07-04,2026-07-04,5
P03770,2026-06-22,2026-07-04,4
P03791,2026-07-02,2026-07-04,2
P03792,2026-07-04,2026-07-04,2
P03823,2026-06-09,2026-07-04,4
P03838,2026-07-02,2026-07-04,1
P03857,2026-06-27,2026-07-04,4
P03913,2026-07-04,2026-07-04,2
P03914,2026-06-11,2026-07-04,2
P03965,2026-06-20,2026-07-04,2
P03966,2026-06-22,2026-07-04,3
P03975,2026-06-14,2026-07-04,4
P03988,2026-07-03,2026-07-04,1
P03997,2026-07-04,2026-07-04,1
P04042,2026-06-06,2026-07-04,2
P04046,2026-06-30,2026-07-04,3
P04058,2026-06-05,2026-07-04,4
P04065,2026-07-04,2026-07-04,2
P04087,2026-07-02,2026-07-04,1
P04098,2026-06-29,2026-07-04,3
P04101,2026-06-27,2026-07-04,4
P04106,2026-06-18,2026-07-04,1
P04110,2026-07-01,2026-07-04,1
P04140,2026-07-03,2026-07-04,4
P04142,2026-07-04,2026-07-04,4
P04151,2026-07-04,2026-07-04,5
P04152,2026-06-25,2026-07-04,3
P04168,2026-06-30,2026-07-04,3
P04169,2026-06-26,2026-07-04,3
P04172,2026-06-28,2026-07-04,4
P04182,2026-06-22,2026-07-04,3
P04185,2026-06-19,2026-07-04,2
P04187,2026-07-04,2026-07-04,5
P04197,2026-06-24,2026-07-04,2
P04201,2026-06-28,2026-07-04,1
P04211,2026-07-04,2026-07-04,4
P04242,2026-07-03,2026-07-04,2
P04258,2026-06-14,2026-07-04,3
P04288,2026-06-14,2026-07-04,4
P04295,2026-06-21,2026-07-04,2
P04348,2026-06-06,2026-07-04,4
P04374,2026-06-11,2026-07-04,3
P04398,2026-06-08,2026-07-04,4
P04402,2026-06-13,2026-07-04,2
P04408,2026-07-04,2026-07-04,3
P04410,2026-07-02,2026-07-04,4
P04434,2026-07-04,2026-07-04,4
P04489,2026-06-16,2026-07-04,2
P04490,2026-06-26,2026-07-04,4
P04521,2026-07-04,2026-07-04,5
P04558,2026-06-08,2026-07-04,1
P04569,2026-06-21,2026-07-04,2
P04572,2026-07-04,2026-07-04,4
P04590,2026-07-04,2026-07-04,2
P04620,2026-06-11,2026-07-04,3
P04630,2026-06-08,2026-07-04,2
P04633,2026-06-27,2026-07-04,2
P04638,2026-06-22,2026-07-04,4
P04642,2026-07-02,2026-07-04,2
P04654,2026-07-04,2026-07-04,1
P04666,2026-06-14,2026-07-04,2
P04703,2026-06-28,2026-07-04,2
P04717,2026-07-04,2026-07-04,5
P04732,2026-07-03,2026-07-04,3
P04750,2026-06-11,2026-07-04,4
P04758,2026-07-01,2026-07-04,2
P04783,2026-06-12,2026-07-04,2
P04784,2026-07-03,2026-07-04,2
P04799,2026-07-04,2026-07-04,4
P04825,2026-06-09,2026-07-04,4
P04826,2026-06-05,2026-07-04,1
P04835,2026-06-21,2026-07-04,3
P04848,2026-07-04,2026-07-04,3
P04868,2026-06-29,2026-07-04,2
P04882,2026-06-18,2026-07-04,2
P04885,2026-06-05,2026-07-04,3
P04890,2026-07-04,2026-07-04,3
P04924,2026-07-02,2026-07-04,1
P04952,2026-06-19,2026-07-04,1
P04953,2026-07-04,2026-07-04,5
P04963,2026-07-04,2026-07-04,1
P04964,2026-07-04,2026-07-04,2
P05032,2026-06-15,2026-07-04,1
P05047,2026-06-22,2026-07-04,4
P05060,2026-06-19,2026-07-04,3
P05068,2026-07-03,2026-07-04,2
P05074,2026-06-28,2026-07-04,3
P05084,2026-07-04,2026-07-04,2
P05130,2026-06-29,2026-07-04,4
P05136,2026-06-27,2026-07-04,2
P05145,2026-06-26,2026-07-04,3
P05170,2026-06-13,2026-07-04,1
P05185,2026-06-22,2026-07-04,2
P05227,2026-07-01,2026-07-04,4
P05231,2026-06-22,2026-07-04,1
P05258,2026-06-04,2026-07-04,2
P05276,2026-07-04,2026-07-04,2
P05291,2026-07-02,2026-07-04,4
P05297,2026-07-04,2026-07-04,5
P05300,2026-06-24,2026-07-04,3
P05306,2026-06-25,2026-07-04,3
P05332,2026-07-02,2026-07-04,2
P05356,2026-07-02,2026-07-04,2
P05382,2026-06-13,2026-07-04,1
P05387,2026-07-04,2026-07-04,4
P05393,2026-06-23,2026-07-04,1
P05412,2026-07-04,2026-07-04,4
P05422,2026-06-16,2026-07-04,1
P05440,2026-07-04,2026-07-04,1
P05464,2026-06-11,2026-07-04,3
P05476,2026-07-04,2026-07-04,2
P05488,2026-06-22,2026-07-04,4
P05506,2026-06-16,2026-07-04,1
P05537,2026-07-02,2026-07-04,2
P05547,2026-06-24,2026-07-04,2
P05573,2026-07-01,2026-07-04,4
P05588,2026-07-04,2026-07-04,1
P05598,2026-07-03,2026-07-04,3
P05601,2026-06-30,2026-07-04,1
P05612,2026-07-04,2026-07-04,3
P05638,2026-06-20,2026-07-04,1
P05640,2026-06-07,2026-07-04,4
P05648,2026-06-14,2026-07-04,4
P05651,2026-07-03,2026-07-04,4
P05661,2026-06-29,2026-07-04,4
P05667,2026-06-23,2026-07-04,3
P05691,2026-07-04,2026-07-04,1
P05693,2026-06-24,2026-07-04,4
P05710,2026-06-16,2026-07-04,1
P05726,2026-06-25,2026-07-04,2
P05728,2026-06-06,2026-07-04,4
P05745,2026-06-28,2026-07-04,3
P05776,2026-06-09,2026-07-04,3
P05778,2026-07-01,2026-07-04,3
P05805,2026-06-23,2026-07-04,3
P05806,2026-06-15,2026-07-04,1
P05815,2026-06-19,2026-07-04,1
P05825,2026-06-29,2026-07-04,4
P05854,2026-07-01,2026-07-04,2
P05856,2026-06-29,2026-07-04,2
P05879,2026-06-04,2026-07-04,4
P05883,2026-07-04,2026-07-04,2
P05893,2026-06-30,2026-07-04,1
P05907,2026-06-27,2026-07-04,2
P05909,2026-06-22,2026-07-04,2
P05934,2026-06-07,2026-07-04,3
P05938,2026-07-03,2026-07-04,1
P05959,2026-07-04,2026-07-04,1
P05993,2026-06-23,2026-07-04,1
P06009,2026-07-01,2026-07-04,2
P06010,2026-07-03,2026-07-04,4
P06012,2026-06-10,2026-07-04,2
P06027,2026-06-25,2026-07-04,1
P06028,2026-06-27,2026-07-04,4
P06054,2026-06-25,2026-07-04,4
P06062,2026-06-30,2026-07-04,4
P06085,2026-06-24,2026-07-04,1
P06090,2026-06-27,2026-07-04,4
P06098,2026-06-21,2026-07-04,3
P06118,2026-07-01,2026-07-04,1
P06120,2026-07-04,2026-07-04,1
P06131,2026-07-04,2026-07-04,5
P06141,2026-06-30,2026-07-04,4
P06164,2026-07-04,2026-07-04,1
P06168,2026-06-18,2026-07-04,3
P06176,2026-06-30,2026-07-04,2
P06177,2026-06-10,2026-07-04,2
P06288,2026-06-22,2026-07-04,2
P06323,2026-06-06,2026-07-04,1
P06335,2026-06-09,2026-07-04,3
P06358,2026-06-15,2026-07-04,1
P06369,2026-06-05,2026-07-04,1
P06370,2026-06-25,2026-07-04,2
P06381,2026-07-04,2026-07-04,2
P06394,2026-07-04,2026-07-04,2
P06412,2026-06-27,2026-07-04,2
P06435,2026-07-04,2026-07-04,4
P06466,2026-06-28,2026-07-04,1
P06469,2026-07-03,2026-07-04,4
P06499,2026-07-02,2026-07-04,2
P06576,2026-06-26,2026-07-04,1
P06603,2026-07-03,2026-07-04,4
P06617,2026-06-27,2026-07-04,1
P06640,2026-06-14,2026-07-04,3
P06643,2026-07-04,2026-07-04,5
P06661,2026-06-26,2026-07-04,1
P06674,2026-06-23,2026-07-04,2
P06688,2026-06-11,2026-07-04,2
P06704,2026-06-30,2026-07-04,2
P06724,2026-07-04,2026-07-04,2
P06745,2026-07-02,2026-07-04,4
P06776,2026-06-26,2026-07-04,1
P06778,2026-07-02,2026-07-04,2
P06808,2026-06-14,2026-07-04,1
P06816,2026-07-04,2026-07-04,2
P06822,2026-06-22,2026-07-04,4
P06843,2026-06-22,2026-07-04,1
P06869,2026-07-04,2026-07-04,4
P06873,2026-07-04,2026-07-04,4
P06878,2026-06-10,2026-07-04,1
P06897,2026-07-01,2026-07-04,1
P06898,2026-06-08,2026-07-04,2
P06903,2026-07-01,2026-07-04,1
P06905,2026-06-29,2026-07-04,4
P06969,2026-06-23,2026-07-04,1
P06976,2026-06-19,2026-07-04,4
P06996,2026-06-23,2026-07-04,2
P07027,2026-06-29,2026-07-04,2
P07030,2026-07-04,2026-07-04,1
P07048,2026-07-04,2026-07-04,4
P07067,2026-07-04,2026-07-04,2
P07119,2026-06-23,2026-07-04,4
P07162,2026-07-02,2026-07-04,2
P07187,2026-06-18,2026-07-04,1
P07190,2026-07-04,2026-07-04,3
P07214,2026-06-15,2026-07-04,1
P07235,2026-06-04,2026-07-04,4
P07236,2026-06-08,2026-07-04,2
P07251,2026-06-28,2026-07-04,4
P07259,2026-07-03,2026-07-04,3
P07302,2026-07-02,2026-07-04,1
P07303,2026-06-20,2026-07-04,3
P07316,2026-07-04,2026-07-04,2
P07318,2026-06-17,2026-07-04,3
P07359,2026-06-25,2026-07-04,4
P07361,2026-06-10,2026-07-04,1
P07391,2026-07-04,2026-07-04,1
P07403,2026-07-04,2026-07-04,4
P07443,2026-06-25,2026-07-04,1
P07446,2026-06-21,2026-07-04,3
P07455,2026-06-20,2026-07-04,2
P07463,2026-06-16,2026-07-04,1
P07467,2026-07-04,2026-07-04,5
P07472,2026-07-04,2026-07-04,5
P07473,2026-07-03,2026-07-04,4
P07514,2026-06-13,2026-07-04,3
P07521,2026-06-20,2026-07-04,4
P07593,2026-07-01,2026-07-04,1
P07602,2026-07-02,2026-07-04,4
P07622,2026-07-04,2026-07-04,3
P07625,2026-07-03,2026-07-04,3
P07679,2026-07-04,2026-07-04,3
P07680,2026-07-04,2026-07-04,2
P07687,2026-06-16,2026-07-04,2
P07695,2026-07-04,2026-07-04,3
P07696,2026-06-24,2026-07-04,4
P07699,2026-07-02,2026-07-04,1
P07700,2026-06-29,2026-07-04,3
P07723,2026-06-04,2026-07-04,2
P07751,2026-07-03,2026-07-04,3
P07762,2026-06-27,2026-07-04,2
P07785,2026-06-15,2026-07-04,3
P07788,2026-06-06,2026-07-04,2
P07806,2026-06-27,2026-07-04,1
P07864,2026-07-04,2026-07-04,5
P07868,2026-06-12,2026-07-04,4
P07901,2026-07-04,2026-07-04,4
P07963,2026-07-04,2026-07-04,4
P07968,2026-06-17,2026-07-04,1
P07975,2026-07-03,2026-07-04,4
P07979,2026-06-27,2026-07-04,1
P00006,2026-06-06,2026-07-05,2
P00008,2026-07-05,2026-07-05,5
P00037,2026-07-03,2026-07-05,1
P00042,2026-07-04,2026-07-05,4
P00043,2026-07-05,2026-07-05,4
P00053,2026-07-02,2026-07-05,1
P00054,2026-06-11,2026-07-05,1
P00057,2026-06-19,2026-07-05,2
P00059,2026-07-02,2026-07-05,2
P00064,2026-06-26,2026-07-05,4
P00069,2026-06-25,2026-07-05,4
P00121,2026-06-22,2026-07-05,1
P00144,2026-06-22,2026-07-05,2
P00162,2026-06-08,2026-07-05,3
P00245,2026-06-21,2026-07-05,3
P00247,2026-07-05,2026-07-05,3
P00249,2026-06-23,2026-07-05,1
P00261,2026-06-24,2026-07-05,3
P00262,2026-06-20,2026-07-05,2
P00267,2026-07-05,2026-07-05,4
P00287,2026-07-05,2026-07-05,3
P00336,2026-07-03,2026-07-05,2
P00341,2026-07-05,2026-07-05,2
P00342,2026-06-24,2026-07-05,1
P00357,2026-06-18,2026-07-05,4
P00365,2026-07-05,2026-07-05,3
P00378,2026-06-30,2026-07-05,4
P00380,2026-06-14,2026-07-05,1
P00395,2026-06-24,2026-07-05,1
P00399,2026-06-06,2026-07-05,2
P00401,2026-07-05,2026-07-05,5
P00405,2026-07-05,2026-07-05,5
P00417,2026-07-02,2026-07-05,3
P00442,2026-06-28,2026-07-05,4
P00448,2026-06-22,2026-07-05,2
P00473,2026-06-30,2026-07-05,1
P00478,2026-07-05,2026-07-05,3
P00496,2026-07-03,2026-07-05,1
P00518,2026-07-03,2026-07-05,2
P00528,2026-07-01,2026-07-05,1
P00550,2026-06-16,2026-07-05,4
P00582,2026-06-25,2026-07-05,3
P00608,2026-06-11,2026-07-05,1
P00610,2026-06-21,2026-07-05,3
P00632,2026-06-28,2026-07-05,4
P00639,2026-06-30,2026-07-05,2
P00645,2026-07-05,2026-07-05,1
P00690,2026-07-05,2026-07-05,5
P00735,2026-06-18,2026-07-05,1
P00749,2026-07-05,2026-07-05,4
P00757,2026-06-29,2026-07-05,3
P00758,2026-07-02,2026-07-05,2
P00764,2026-06-30,2026-07-05,2
P00797,2026-07-03,2026-07-05,2
P00805,2026-06-13,2026-07-05,1
P00811,2026-07-05,2026-07-05,4
P00823,2026-07-03,2026-07-05,1
P00825,2026-06-16,2026-07-05,2
P00863,2026-07-02,2026-07-05,4
P00866,2026-06-30,2026-07-05,2
P00867,2026-06-19,2026-07-05,3
P00888,2026-07-03,2026-07-05,2
P00892,2026-06-22,2026-07-05,1
P00902,2026-07-05,2026-07-05,3
P00913,2026-07-04,2026-07-05,2
P00953,2026-06-29,2026-07-05,2
P00962,2026-06-22,2026-07-05,2
P00965,2026-07-04,2026-07-05,3
P00980,2026-06-21,2026-07-05,3
P00993,2026-06-11,2026-07-05,1
P00999,2026-06-07,2026-07-05,3
P01001,2026-06-06,2026-07-05,1
P01025,2026-06-29,2026-07-05,3
P01036,2026-06-27,2026-07-05,2
P01048,2026-07-03,2026-07-05,4
P01053,2026-07-05,2026-07-05,5
P01063,2026-06-29,2026-07-05,1
P01073,2026-07-05,2026-07-05,2
P01085,2026-06-25,2026-07-05,3
P01099,2026-06-20,2026-07-05,3
P01114,2026-07-02,2026-07-05,3
P01115,2026-06-30,2026-07-05,4
P01117,2026-06-23,2026-07-05,4
P01131,2026-07-01,2026-07-05,1
P01136,2026-06-12,2026-07-05,2
P01143,2026-07-03,2026-07-05,2
P01153,2026-07-05,2026-07-05,1
P01192,2026-07-01,2026-07-05,3
P01197,2026-06-26,2026-07-05,3
P01231,2026-07-02,2026-07-05,3
P01234,2026-07-05,2026-07-05,4
P01257,2026-06-06,2026-07-05,3
P01293,2026-07-01,2026-07-05,4
P01300,2026-06-05,2026-07-05,2
P01319,2026-06-25,2026-07-05,3
P01353,2026-06-10,2026-07-05,1
P01355,2026-06-25,2026-07-05,2
P01373,2026-07-05,2026-07-05,2
P01383,2026-06-21,2026-07-05,1
P01393,2026-06-15,2026-07-05,1
P01408,2026-07-04,2026-07-05,2
P01414,2026-07-02,2026-07-05,4
P01435,2026-06-10,2026-07-05,3
P01443,2026-06-21,2026-07-05,3
P01448,2026-07-05,2026-07-05,5
P01451,2026-07-05,2026-07-05,1
P01453,2026-07-02,2026-07-05,2
P01455,2026-07-05,2026-07-05,4
P01465,2026-07-05,2026-07-05,5
P01470,2026-07-05,2026-07-05,4
P01473,2026-06-22,2026-07-05,3
P01474,2026-06-07,2026-07-05,4
P01497,2026-07-05,2026-07-05,1
P01504,2026-07-05,2026-07-05,2
P01510,2026-06-18,2026-07-05,4
P01520,2026-06-29,2026-07-05,1
P01528,2026-06-29,2026-07-05,4
P01529,2026-06-12,2026-07-05,3
P01553,2026-06-30,2026-07-05,4
P01563,2026-06-21,2026-07-05,1
P01567,2026-07-05,2026-07-05,3
P01587,2026-07-05,2026-07-05,4
P01593,2026-06-15,2026-07-05,2
P01608,2026-06-22,2026-07-05,3
P01626,2026-07-05,2026-07-05,2
P01665,2026-06-16,2026-07-05,2
P01674,2026-07-05,2026-07-05,4
P01682,2026-06-05,2026-07-05,3
P01683,2026-06-25,2026-07-05,2
P01684,2026-07-05,2026-07-05,5
P01723,2026-06-24,2026-07-05,1
P01725,2026-06-17,2026-07-05,2
P01770,2026-06-18,2026-07-05,3
P01783,2026-07-05,2026-07-05,3
P01786,2026-06-21,2026-07-05,2
P01816,2026-06-24,2026-07-05,2
P01838,2026-07-05,2026-07-05,4
P01844,2026-06-19,2026-07-05,2
P01845,2026-07-05,2026-07-05,1
P01853,2026-06-30,2026-07-05,4
P01865,2026-07-05,2026-07-05,3
P01886,2026-06-15,2026-07-05,2
P01887,2026-07-05,2026-07-05,3
P01888,2026-07-01,2026-07-05,4
P01890,2026-06-24,2026-07-05,3
P01894,2026-06-28,2026-07-05,1
P01915,2026-07-03,2026-07-05,4
P01919,2026-06-21,2026-07-05,1
P01934,2026-07-05,2026-07-05,3
P01935,2026-06-20,2026-07-05,2
P01973,2026-07-05,2026-07-05,2
P01976,2026-07-05,2026-07-05,5
P01986,2026-06-10,2026-07-05,4
P02033,2026-07-03,2026-07-05,3
P02070,2026-06-05,2026-07-05,3
P02079,2026-07-05,2026-07-05,2
P02104,2026-06-18,2026-07-05,3
P02146,2026-07-01,2026-07-05,2
P02159,2026-07-01,2026-07-05,3
P02171,2026-06-24,2026-07-05,2
P02178,2026-07-05,2026-07-05,2
P02198,2026-07-05,2026-07-05,5
P02340,2026-06-24,2026-07-05,2
P02350,2026-07-05,2026-07-05,2
P02357,2026-06-27,2026-07-05,3
P02374,2026-07-05,2026-07-05,3
P02406,2026-07-03,2026-07-05,2
P02409,2026-07-03,2026-07-05,4
P02412,2026-06-28,2026-07-05,4
P02414,2026-07-05,2026-07-05,5
P02419,2026-06-26,2026-07-05,3
P02421,2026-07-04,2026-07-05,2
P02476,2026-06-29,2026-07-05,4
P02477,2026-07-05,2026-07-05,2
P02497,2026-06-29,2026-07-05,4
P02529,2026-07-05,2026-07-05,2
P02531,2026-07-05,2026-07-05,4
P02552,2026-06-26,2026-07-05,2
P02576,2026-07-03,2026-07-05,4
P02580,2026-07-03,2026-07-05,4
P02581,2026-06-23,2026-07-05,4
P02596,2026-06-19,2026-07-05,1
P02599,2026-07-05,2026-07-05,1
P02605,2026-06-28,2026-07-05,2
P02624,2026-06-28,2026-07-05,3
P02631,2026-06-27,2026-07-05,3
P02643,2026-06-18,2026-07-05,1
P02655,2026-07-02,2026-07-05,3
P02666,2026-06-23,2026-07-05,4
P02696,2026-06-13,2026-07-05,2
P02738,2026-06-24,2026-07-05,2
P02742,2026-06-22,2026-07-05,4
P02746,2026-07-03,2026-07-05,4
P02772,2026-06-29,2026-07-05,1
P02805,2026-06-06,2026-07-05,1
P02828,2026-06-21,2026-07-05,1
P02830,2026-07-03,2026-07-05,2
P02843,2026-06-15,2026-07-05,3
P02857,2026-07-05,2026-07-05,1
P02868,2026-07-05,2026-07-05,2
P02895,2026-07-05,2026-07-05,2
P02907,2026-06-21,2026-07-05,1
P02950,2026-07-05,2026-07-05,2
P02972,2026-06-07,2026-07-05,2
P02982,2026-06-19,2026-07-05,4
P02988,2026-07-05,2026-07-05,2
P02992,2026-06-21,2026-07-05,2
P03052,2026-06-07,2026-07-05,1
P03056,2026-07-04,2026-07-05,3
P03058,2026-07-05,2026-07-05,4
P03068,2026-07-05,2026-07-05,4
P03071,2026-07-04,2026-07-05,4
P03101,2026-07-05,2026-07-05,3
P03121,2026-06-05,2026-07-05,4
P03124,2026-06-24,2026-07-05,4
P03132,2026-06-06,2026-07-05,2
P03156,2026-07-05,2026-07-05,4
P03157,2026-06-29,2026-07-05,2
P03164,2026-07-04,2026-07-05,4
P03177,2026-07-03,2026-07-05,1
P03197,2026-07-05,2026-07-05,3
P03204,2026-06-08,2026-07-05,4
P03224,2026-07-05,2026-07-05,4
P03240,2026-06-23,2026-07-05,1
P03248,2026-07-05,2026-07-05,4
P03252,2026-07-01,2026-07-05,2
P03267,2026-06-21,2026-07-05,4
P03277,2026-07-05,2026-07-05,4
P03285,2026-07-05,2026-07-05,5
P03290,2026-07-05,2026-07-05,4
P03293,2026-06-11,2026-07-05,3
P03303,2026-06-11,2026-07-05,3
P03322,2026-07-05,2026-07-05,1
P03330,2026-07-05,2026-07-05,3
P03339,2026-06-22,2026-07-05,4
P03345,2026-06-12,2026-07-05,2
P03357,2026-07-03,2026-07-05,1
P03364,2026-06-30,2026-07-05,1
P03368,2026-06-14,2026-07-05,2
P03385,2026-07-02,2026-07-05,2
P03410,2026-07-05,2026-07-05,1
P03419,2026-07-01,2026-07-05,4
P03420,2026-07-05,2026-07-05,4
P03470,2026-06-16,2026-07-05,2
P03475,2026-07-05,2026-07-05,5
P03484,2026-07-05,2026-07-05,4
P03492,2026-06-11,2026-07-05,3
P03542,2026-07-05,2026-07-05,5
P03545,2026-07-02,2026-07-05,4
P03569,2026-07-04,2026-07-05,3
P03575,2026-07-03,2026-07-05,4
P03580,2026-07-05,2026-07-05,4
P03585,2026-06-26,2026-07-05,2
P03590,2026-06-18,2026-07-05,2
P03630,2026-06-26,2026-07-05,2
P03649,2026-07-05,2026-07-05,3
P03701,2026-07-03,2026-07-05,2
P03708,2026-06-28,2026-07-05,2
P03753,2026-06-27,2026-07-05,1
P03760,2026-06-18,2026-07-05,2
P03769,2026-07-04,2026-07-05,2
P03772,2026-07-05,2026-07-05,4
P03791,2026-07-02,2026-07-05,2
P03808,2026-06-17,2026-07-05,1
P03817,2026-06-24,2026-07-05,2
P03831,2026-07-02,2026-07-05,3
P03849,2026-07-05,2026-07-05,2
P03853,2026-07-05,2026-07-05,5
P03869,2026-07-05,2026-07-05,5
P03875,2026-07-01,2026-07-05,4
P03884,2026-06-17,2026-07-05,3
P03901,2026-06-18,2026-07-05,2
P03906,2026-07-05,2026-07-05,5
P03928,2026-07-03,2026-07-05,1
P03932,2026-06-27,2026-07-05,1
P03937,2026-07-05,2026-07-05,2
P03944,2026-07-05,2026-07-05,4
P03966,2026-06-22,2026-07-05,3
P03988,2026-07-03,2026-07-05,2
P03991,2026-07-05,2026-07-05,1
P03997,2026-07-04,2026-07-05,3
P04001,2026-06-29,2026-07-05,1
P04016,2026-06-06,2026-07-05,1
P04043,2026-06-30,2026-07-05,3
P04059,2026-06-21,2026-07-05,2
P04071,2026-06-24,2026-07-05,3
P04123,2026-07-05,2026-07-05,2
P04137,2026-06-07,2026-07-05,4
P04142,2026-07-04,2026-07-05,2
P04156,2026-06-15,2026-07-05,3
P04157,2026-06-22,2026-07-05,2
P04180,2026-06-28,2026-07-05,3
P04187,2026-07-04,2026-07-05,2
P04188,2026-06-24,2026-07-05,4
P04205,2026-06-12,2026-07-05,4
P04223,2026-06-19,2026-07-05,4
P04261,2026-06-17,2026-07-05,2
P04280,2026-06-17,2026-07-05,3
P04295,2026-06-21,2026-07-05,4
P04307,2026-06-13,2026-07-05,3
P04390,2026-06-29,2026-07-05,3
P04401,2026-07-05,2026-07-05,2
P04430,2026-07-05,2026-07-05,2
P04461,2026-06-08,2026-07-05,3
P04473,2026-06-23,2026-07-05,1
P04483,2026-07-05,2026-07-05,1
P04514,2026-07-05,2026-07-05,4
P04542,2026-07-05,2026-07-05,2
P04545,2026-06-29,2026-07-05,4
P04546,2026-07-05,2026-07-05,1
P04560,2026-07-01,2026-07-05,1
P04639,2026-07-05,2026-07-05,2
P04654,2026-07-04,2026-07-05,1
P04663,2026-07-05,2026-07-05,2
P04688,2026-06-05,2026-07-05,1
P04690,2026-07-05,2026-07-05,1
P04715,2026-07-05,2026-07-05,1
P04717,2026-07-04,2026-07-05,1
P04727,2026-06-12,2026-07-05,2
P04732,2026-07-03,2026-07-05,4
P04739,2026-06-30,2026-07-05,1
P04751,2026-07-05,2026-07-05,2
P04784,2026-07-03,2026-07-05,1
P04796,2026-07-05,2026-07-05,1
P04799,2026-07-04,2026-07-05,2
P04817,2026-07-05,2026-07-05,1
P04832,2026-07-05,2026-07-05,1
P04844,2026-07-03,2026-07-05,4
P04848,2026-07-04,2026-07-05,1
P04866,2026-07-05,2026-07-05,5
P04868,2026-06-29,2026-07-05,3
P04876,2026-07-05,2026-07-05,3
P04885,2026-06-05,2026-07-05,1
P04890,2026-07-04,2026-07-05,2
P04899,2026-07-01,2026-07-05,1
P04903,2026-07-05,2026-07-05,3
P04909,2026-06-10,2026-07-05,4
P04920,2026-07-03,2026-07-05,2
P04930,2026-07-05,2026-07-05,1
P04945,2026-06-09,2026-07-05,2
P04953,2026-07-04,2026-07-05,2
P04971,2026-07-05,2026-07-05,5
P04984,2026-07-01,2026-07-05,4
P05008,2026-06-10,2026-07-05,3
P05012,2026-06-24,2026-07-05,2
P05013,2026-06-19,2026-07-05,2
P05030,2026-06-13,2026-07-05,3
P05033,2026-07-05,2026-07-05,4
P05052,2026-06-21,2026-07-05,1
P05073,2026-06-25,2026-07-05,4
P05095,2026-07-05,2026-07-05,5
P05103,2026-06-13,2026-07-05,3
P05119,2026-07-02,2026-07-05,3
P05135,2026-06-30,2026-07-05,4
P05141,2026-06-30,2026-07-05,2
P05164,2026-06-16,2026-07-05,1
P05166,2026-06-15,2026-07-05,3
P05196,2026-06-09,2026-07-05,2
P05206,2026-07-02,2026-07-05,1
P05288,2026-07-05,2026-07-05,4
P05304,2026-06-14,2026-07-05,4
P05318,2026-06-08,2026-07-05,3
P05335,2026-06-10,2026-07-05,1
P05339,2026-07-05,2026-07-05,4
P05356,2026-07-02,2026-07-05,2
P05367,2026-06-06,2026-07-05,1
P05371,2026-06-29,2026-07-05,1
P05388,2026-06-28,2026-07-05,3
P05403,2026-06-06,2026-07-05,3
P05421,2026-07-05,2026-07-05,3
P05425,2026-06-26,2026-07-05,2
P05457,2026-06-18,2026-07-05,2
P05476,2026-07-04,2026-07-05,3
P05483,2026-06-22,2026-07-05,4
P05484,2026-06-28,2026-07-05,3
P05486,2026-06-07,2026-07-05,4
P05490,2026-06-12,2026-07-05,4
P05494,2026-07-05,2026-07-05,4
P05507,2026-07-05,2026-07-05,4
P05514,2026-07-05,2026-07-05,4
P05523,2026-07-05,2026-07-05,4
P05531,2026-07-05,2026-07-05,2
P05537,2026-07-02,2026-07-05,4
P05541,2026-06-27,2026-07-05,2
P05552,2026-06-11,2026-07-05,2
P05560,2026-06-15,2026-07-05,4
P05564,2026-07-05,2026-07-05,1
P05595,2026-07-05,2026-07-05,2
P05601,2026-06-30,2026-07-05,2
P05610,2026-07-05,2026-07-05,3
P05618,2026-06-11,2026-07-05,1
P05623,2026-06-19,2026-07-05,3
P05627,2026-07-02,2026-07-05,2
P05661,2026-06-29,2026-07-05,2
P05696,2026-07-05,2026-07-05,4
P05722,2026-06-22,2026-07-05,2
P05738,2026-06-24,2026-07-05,2
P05745,2026-06-28,2026-07-05,1
P05769,2026-06-28,2026-07-05,3
P05773,2026-06-28,2026-07-05,3
P05785,2026-06-24,2026-07-05,1
P05810,2026-06-25,2026-07-05,1
P05826,2026-07-05,2026-07-05,3
P05828,2026-06-10,2026-07-05,3
P05844,2026-06-10,2026-07-05,3
P05860,2026-06-22,2026-07-05,1
P05895,2026-07-05,2026-07-05,5
P05902,2026-07-05,2026-07-05,1
P05909,2026-06-22,2026-07-05,3
P05970,2026-06-12,2026-07-05,2
P05972,2026-06-20,2026-07-05,2
P05993,2026-06-23,2026-07-05,1
P06000,2026-06-11,2026-07-05,3
P06027,2026-06-25,2026-07-05,1
P06062,2026-06-30,2026-07-05,1
P06091,2026-06-25,2026-07-05,4
P06097,2026-07-05,2026-07-05,5
P06125,2026-06-21,2026-07-05,4
P06141,2026-06-30,2026-07-05,4
P06145,2026-06-28,2026-07-05,1
P06147,2026-06-28,2026-07-05,3
P06169,2026-06-29,2026-07-05,1
P06191,2026-07-05,2026-07-05,3
P06195,2026-06-30,2026-07-05,2
P06223,2026-06-24,2026-07-05,4
P06228,2026-07-05,2026-07-05,4
P06230,2026-07-05,2026-07-05,2
P06254,2026-07-02,2026-07-05,4
P06255,2026-06-25,2026-07-05,3
P06299,2026-06-16,2026-07-05,1
P06333,2026-06-22,2026-07-05,1
P06369,2026-06-05,2026-07-05,2
P06389,2026-06-29,2026-07-05,4
P06390,2026-06-07,2026-07-05,2
P06391,2026-07-02,2026-07-05,2
P06393,2026-06-21,2026-07-05,1
P06398,2026-07-03,2026-07-05,1
P06402,2026-06-21,2026-07-05,1
P06415,2026-06-26,2026-07-05,1
P06418,2026-07-05,2026-07-05,1
P06420,2026-06-18,2026-07-05,2
P06422,2026-06-19,2026-07-05,4
P06438,2026-06-24,2026-07-05,2
P06446,2026-07-05,2026-07-05,4
P06449,2026-07-05,2026-07-05,1
P06458,2026-06-27,2026-07-05,2
P06482,2026-06-30,2026-07-05,1
P06499,2026-07-02,2026-07-05,1
P06522,2026-06-30,2026-07-05,1
P06531,2026-06-30,2026-07-05,2
P06552,2026-07-05,2026-07-05,1
P06565,2026-06-25,2026-07-05,1
P06577,2026-07-05,2026-07-05,3
P06589,2026-06-27,2026-07-05,3
P06602,2026-07-05,2026-07-05,3
P06606,2026-07-05,2026-07-05,4
P06642,2026-06-18,2026-07-05,2
P06654,2026-07-02,2026-07-05,3
P06665,2026-06-28,2026-07-05,3
P06685,2026-06-15,2026-07-05,4
P06704,2026-06-30,2026-07-05,4
P06751,2026-07-01,2026-07-05,1
P06762,2026-06-15,2026-07-05,3
P06773,2026-06-24,2026-07-05,1
P06814,2026-07-05,2026-07-05,3
P06832,2026-06-23,2026-07-05,2
P06842,2026-07-02,2026-07-05,1
P06844,2026-06-29,2026-07-05,1
P06849,2026-06-05,2026-07-05,2
P06877,2026-07-03,2026-07-05,4
P06923,2026-07-05,2026-07-05,5
P06941,2026-06-27,2026-07-05,4
P06958,2026-06-11,2026-07-05,1
P06966,2026-06-29,2026-07-05,3
P06968,2026-07-03,2026-07-05,1
P06969,2026-06-23,2026-07-05,3
P06971,2026-06-27,2026-07-05,3
P06980,2026-06-25,2026-07-05,1
P06982,2026-07-05,2026-07-05,4
P06995,2026-07-01,2026-07-05,4
P06996,2026-06-23,2026-07-05,2
P07002,2026-06-17,2026-07-05,2
P07015,2026-07-05,2026-07-05,5
P07023,2026-07-05,2026-07-05,2
P07024,2026-07-02,2026-07-05,4
P07047,2026-06-06,2026-07-05,4
P07052,2026-06-18,2026-07-05,2
P07075,2026-07-03,2026-07-05,1
P07099,2026-07-05,2026-07-05,3
P07103,2026-06-07,2026-07-05,3
P07133,2026-07-01,2026-07-05,1
P07134,2026-07-05,2026-07-05,1
P07158,2026-06-21,2026-07-05,1
P07166,2026-06-11,2026-07-05,1
P07194,2026-06-14,2026-07-05,4
P07198,2026-06-17,2026-07-05,2
P07223,2026-06-16,2026-07-05,2
P07304,2026-06-12,2026-07-05,1
P07317,2026-06-09,2026-07-05,3
P07327,2026-06-11,2026-07-05,1
P07336,2026-07-01,2026-07-05,4
P07355,2026-06-15,2026-07-05,4
P07375,2026-06-14,2026-07-05,4
P07384,2026-07-05,2026-07-05,2
P07387,2026-06-16,2026-07-05,3
P07435,2026-07-05,2026-07-05,2
P07535,2026-06-25,2026-07-05,4
P07549,2026-07-05,2026-07-05,4
P07567,2026-06-20,2026-07-05,4
P07572,2026-07-03,2026-07-05,1
P07591,2026-06-25,2026-07-05,3
P07596,2026-07-05,2026-07-05,1
P07620,2026-06-13,2026-07-05,4
P07630,2026-06-18,2026-07-05,3
P07636,2026-06-09,2026-07-05,3
P07648,2026-06-18,2026-07-05,2
P07654,2026-07-02,2026-07-05,1
P07676,2026-07-03,2026-07-05,4
P07687,2026-06-16,2026-07-05,4
P07699,2026-07-02,2026-07-05,4
P07741,2026-06-09,2026-07-05,4
P07750,2026-07-05,2026-07-05,2
P07751,2026-07-03,2026-07-05,3
P07779,2026-07-05,2026-07-05,5
P07793,2026-06-28,2026-07-05,1
P07806,2026-06-27,2026-07-05,3
P07807,2026-07-03,2026-07-05,2
P07812,2026-07-01,2026-07-05,1
P07820,2026-07-05,2026-07-05,3
P07824,2026-06-30,2026-07-05,1
P07849,2026-06-10,2026-07-05,2
P07850,2026-06-05,2026-07-05,3
P07856,2026-07-05,2026-07-05,4
P07864,2026-07-04,2026-07-05,1
P07886,2026-07-03,2026-07-05,2
P07908,2026-06-30,2026-07-05,3
P07911,2026-07-05,2026-07-05,4
P07965,2026-06-13,2026-07-05,4
P07975,2026-07-03,2026-07-05,1
P07979,2026-06-27,2026-07-05,1
P07989,2026-06-11,2026-07-05,1
P00026,2026-07-01,2026-07-06,1
P00037,2026-07-03,2026-07-06,1
P00042,2026-07-04,2026-07-06,1
P00053,2026-07-02,2026-07-06,2
P00071,2026-07-06,2026-07-06,2
P00093,2026-07-03,2026-07-06,3
P00096,2026-07-01,2026-07-06,3
P00099,2026-07-02,2026-07-06,4
P00116,2026-07-02,2026-07-06,3
P00154,2026-06-20,2026-07-06,1
P00165,2026-07-02,2026-07-06,1
P00198,2026-07-06,2026-07-06,4
P00222,2026-06-08,2026-07-06,2
P00235,2026-07-06,2026-07-06,1
P00238,2026-07-03,2026-07-06,3
P00239,2026-06-30,2026-07-06,1
P00247,2026-07-05,2026-07-06,4
P00261,2026-06-24,2026-07-06,2
P00277,2026-07-06,2026-07-06,5
P00309,2026-07-06,2026-07-06,3
P00342,2026-06-24,2026-07-06,2
P00354,2026-07-06,2026-07-06,1
P00365,2026-07-05,2026-07-06,1
P00417,2026-07-02,2026-07-06,4
P00442,2026-06-28,2026-07-06,1
P00446,2026-07-03,2026-07-06,2
P00468,2026-06-26,2026-07-06,1
P00496,2026-07-03,2026-07-06,1
P00497,2026-06-30,2026-07-06,2
P00499,2026-06-15,2026-07-06,1
P00532,2026-06-30,2026-07-06,1
P00537,2026-07-06,2026-07-06,4
P00543,2026-06-13,2026-07-06,4
P00555,2026-06-30,2026-07-06,4
P00572,2026-07-06,2026-07-06,4
P00608,2026-06-11,2026-07-06,1
P00613,2026-07-06,2026-07-06,3
P00627,2026-07-06,2026-07-06,1
P00639,2026-06-30,2026-07-06,2
P00656,2026-06-10,2026-07-06,4
P00673,2026-07-06,2026-07-06,4
P00685,2026-07-06,2026-07-06,1
P00690,2026-07-05,2026-07-06,3
P00706,2026-06-11,2026-07-06,3
P00712,2026-07-06,2026-07-06,4
P00718,2026-07-06,2026-07-06,4
P00734,2026-07-06,2026-07-06,4
P00755,2026-06-08,2026-07-06,3
P00769,2026-07-06,2026-07-06,3
P00788,2026-07-06,2026-07-06,1
P00797,2026-07-03,2026-07-06,2
P00805,2026-06-13,2026-07-06,4
P00821,2026-06-12,2026-07-06,3
P00823,2026-07-03,2026-07-06,4
P00836,2026-06-29,2026-07-06,4
P00838,2026-06-20,2026-07-06,2
P00846,2026-07-06,2026-07-06,1
P00863,2026-07-02,2026-07-06,4
P00872,2026-06-11,2026-07-06,4
P00909,2026-07-06,2026-07-06,2
P00932,2026-07-06,2026-07-06,1
P00936,2026-06-19,2026-07-06,2
P00946,2026-06-16,2026-07-06,4
P00948,2026-06-24,2026-07-06,4
P00962,2026-06-22,2026-07-06,4
P00986,2026-07-06,2026-07-06,4
P01013,2026-06-20,2026-07-06,4
P01017,2026-06-30,2026-07-06,3
P01020,2026-07-04,2026-07-06,4
P01021,2026-07-06,2026-07-06,4
P01023,2026-06-30,2026-07-06,1
P01059,2026-06-28,2026-07-06,3
P01061,2026-07-06,2026-07-06,2
P01117,2026-06-23,2026-07-06,3
P01118,2026-07-06,2026-07-06,3
P01131,2026-07-01,2026-07-06,3
P01154,2026-06-09,2026-07-06,2
P01161,2026-06-24,2026-07-06,4
P01179,2026-06-14,2026-07-06,2
P01190,2026-07-06,2026-07-06,1
P01215,2026-07-06,2026-07-06,5
P01229,2026-06-06,2026-07-06,2
P01234,2026-07-05,2026-07-06,4
P01260,2026-06-08,2026-07-06,3
P01268,2026-06-25,2026-07-06,2
P01274,2026-06-13,2026-07-06,2
P01278,2026-06-08,2026-07-06,2
P01284,2026-06-14,2026-07-06,4
P01288,2026-07-06,2026-07-06,3
P01292,2026-06-07,2026-07-06,4
P01355,2026-06-25,2026-07-06,2
P01357,2026-07-06,2026-07-06,4
P01379,2026-06-18,2026-07-06,3
P01386,2026-06-29,2026-07-06,1
P01390,2026-07-03,2026-07-06,2
P01411,2026-06-26,2026-07-06,3
P01445,2026-06-08,2026-07-06,4
P01455,2026-07-05,2026-07-06,1
P01457,2026-07-02,2026-07-06,1
P01470,2026-07-05,2026-07-06,2
P01504,2026-07-05,2026-07-06,2
P01506,2026-06-23,2026-07-06,1
P01507,2026-07-03,2026-07-06,2
P01567,2026-07-05,2026-07-06,4
P01589,2026-07-06,2026-07-06,1
P01590,2026-06-18,2026-07-06,1
P01600,2026-07-06,2026-07-06,5
P01603,2026-06-08,2026-07-06,3
P01607,2026-07-06,2026-07-06,3
P01639,2026-07-06,2026-07-06,5
P01662,2026-07-01,2026-07-06,1
P01665,2026-06-16,2026-07-06,4
P01674,2026-07-05,2026-07-06,4
P01685,2026-06-27,2026-07-06,3
P01697,2026-06-18,2026-07-06,1
P01701,2026-07-06,2026-07-06,1
P01720,2026-06-16,2026-07-06,2
P01745,2026-07-02,2026-07-06,1
P01764,2026-06-06,2026-07-06,4
P01770,2026-06-18,2026-07-06,2
P01790,2026-06-06,2026-07-06,4
P01801,2026-07-06,2026-07-06,1
P01821,2026-06-10,2026-07-06,4
P01825,2026-07-06,2026-07-06,4
P01832,2026-06-08,2026-07-06,2
P01859,2026-07-04,2026-07-06,4
P01860,2026-07-06,2026-07-06,2
P01865,2026-07-05,2026-07-06,4
P01888,2026-07-01,2026-07-06,4
P01889,2026-06-15,2026-07-06,1
P01915,2026-07-03,2026-07-06,4
P01927,2026-06-25,2026-07-06,4
P01937,2026-06-26,2026-07-06,2
P01943,2026-07-02,2026-07-06,1
P01979,2026-06-24,2026-07-06,4
P02006,2026-06-29,2026-07-06,2
P02017,2026-06-24,2026-07-06,3
P02041,2026-06-23,2026-07-06,2
P02079,2026-07-05,2026-07-06,4
P02082,2026-07-06,2026-07-06,3
P02085,2026-07-06,2026-07-06,4
P02086,2026-07-06,2026-07-06,3
P02093,2026-07-06,2026-07-06,4
P02103,2026-06-10,2026-07-06,2
P02117,2026-07-06,2026-07-06,1
P02140,2026-06-26,2026-07-06,3
P02176,2026-06-30,2026-07-06,4
P02183,2026-06-21,2026-07-06,3
P02185,2026-07-06,2026-07-06,5
P02200,2026-06-17,2026-07-06,1
P02217,2026-06-12,2026-07-06,4
P02229,2026-07-06,2026-07-06,3
P02256,2026-07-06,2026-07-06,1
P02257,2026-06-28,2026-07-06,4
P02262,2026-06-24,2026-07-06,3
P02275,2026-07-06,2026-07-06,5
P02280,2026-06-21,2026-07-06,3
P02286,2026-06-28,2026-07-06,4
P02291,2026-07-02,2026-07-06,1
P02299,2026-06-25,2026-07-06,3
P02302,2026-06-22,2026-07-06,2
P02334,2026-06-09,2026-07-06,3
P02353,2026-06-11,2026-07-06,4
P02376,2026-07-03,2026-07-06,1
P02384,2026-07-06,2026-07-06,2
P02394,2026-06-16,2026-07-06,4
P02395,2026-07-06,2026-07-06,1
P02419,2026-06-26,2026-07-06,4
P02425,2026-07-06,2026-07-06,2
P02434,2026-06-16,2026-07-06,2
P02438,2026-06-27,2026-07-06,1
P02443,2026-06-09,2026-07-06,2
P02454,2026-06-09,2026-07-06,4
P02458,2026-06-23,2026-07-06,3
P02480,2026-06-25,2026-07-06,4
P02529,2026-07-05,2026-07-06,3
P02531,2026-07-05,2026-07-06,1
P02542,2026-06-08,2026-07-06,2
P02561,2026-06-09,2026-07-06,2
P02580,2026-07-03,2026-07-06,1
P02581,2026-06-23,2026-07-06,3
P02611,2026-07-01,2026-07-06,4
P02644,2026-07-06,2026-07-06,1
P02650,2026-07-02,2026-07-06,2
P02661,2026-06-09,2026-07-06,1
P02699,2026-07-06,2026-07-06,4
P02705,2026-06-30,2026-07-06,1
P02721,2026-06-27,2026-07-06,3
P02734,2026-07-06,2026-07-06,2
P02746,2026-07-03,2026-07-06,3
P02759,2026-06-18,2026-07-06,3
P02786,2026-07-06,2026-07-06,3
P02807,2026-06-23,2026-07-06,4
P02826,2026-06-25,2026-07-06,1
P02868,2026-07-05,2026-07-06,3
P02878,2026-06-24,2026-07-06,3
P02903,2026-06-19,2026-07-06,2
P02904,2026-07-06,2026-07-06,3
P02922,2026-06-12,2026-07-06,2
P02938,2026-06-20,2026-07-06,1
P02943,2026-06-23,2026-07-06,2
P02950,2026-07-05,2026-07-06,1
P02959,2026-07-06,2026-07-06,5
P03014,2026-07-06,2026-07-06,3
P03030,2026-07-06,2026-07-06,1
P03042,2026-06-15,2026-07-06,3
P03056,2026-07-04,2026-07-06,2
P03089,2026-07-06,2026-07-06,2
P03104,2026-06-13,2026-07-06,3
P03128,2026-06-30,2026-07-06,3
P03146,2026-07-06,2026-07-06,4
P03157,2026-06-29,2026-07-06,2
P03162,2026-07-06,2026-07-06,2
P03164,2026-07-04,2026-07-06,2
P03168,2026-07-06,2026-07-06,3
P03211,2026-06-19,2026-07-06,4
P03223,2026-07-06,2026-07-06,3
P03224,2026-07-05,2026-07-06,1
P03231,2026-06-27,2026-07-06,1
P03249,2026-06-29,2026-07-06,1
P03252,2026-07-01,2026-07-06,3
P03277,2026-07-05,2026-07-06,4
P03288,2026-07-06,2026-07-06,2
P03290,2026-07-05,2026-07-06,4
P03293,2026-06-11,2026-07-06,2
P03294,2026-06-07,2026-07-06,1
P03298,2026-07-06,2026-07-06,4
P03320,2026-06-26,2026-07-06,3
P03330,2026-07-05,2026-07-06,2
P03331,2026-07-02,2026-07-06,3
P03342,2026-06-27,2026-07-06,1
P03402,2026-07-06,2026-07-06,2
P03405,2026-07-06,2026-07-06,5
P03410,2026-07-05,2026-07-06,2
P03413,2026-07-06,2026-07-06,3
P03414,2026-06-18,2026-07-06,2
P03416,2026-07-06,2026-07-06,1
P03437,2026-07-06,2026-07-06,4
P03439,2026-06-27,2026-07-06,3
P03450,2026-06-24,2026-07-06,2
P03457,2026-07-06,2026-07-06,4
P03477,2026-07-06,2026-07-06,3
P03489,2026-07-06,2026-07-06,4
P03510,2026-06-07,2026-07-06,3
P03530,2026-06-24,2026-07-06,4
P03545,2026-07-02,2026-07-06,4
P03579,2026-07-06,2026-07-06,4
P03580,2026-07-05,2026-07-06,4
P03589,2026-06-08,2026-07-06,3
P03596,2026-07-06,2026-07-06,1
P03608,2026-07-06,2026-07-06,3
P03612,2026-06-28,2026-07-06,4
P03639,2026-07-02,2026-07-06,4
P03649,2026-07-05,2026-07-06,2
P03650,2026-06-20,2026-07-06,1
P03653,2026-07-06,2026-07-06,4
P03681,2026-06-06,2026-07-06,1
P03689,2026-06-21,2026-07-06,1
P03691,2026-07-06,2026-07-06,1
P03693,2026-07-02,2026-07-06,4
P03697,2026-07-06,2026-07-06,4
P03725,2026-06-30,2026-07-06,4
P03727,2026-06-23,2026-07-06,2
P03740,2026-06-11,2026-07-06,2
P03753,2026-06-27,2026-07-06,3
P03770,2026-06-22,2026-07-06,1
P03773,2026-07-06,2026-07-06,4
P03801,2026-06-08,2026-07-06,3
P03831,2026-07-02,2026-07-06,2
P03835,2026-07-06,2026-07-06,3
P03843,2026-06-30,2026-07-06,3
P03861,2026-07-03,2026-07-06,4
P03872,2026-07-06,2026-07-06,4
P03877,2026-07-06,2026-07-06,5
P03879,2026-07-06,2026-07-06,4
P03897,2026-07-06,2026-07-06,4
P03905,2026-06-15,2026-07-06,3
P03916,2026-07-01,2026-07-06,3
P03925,2026-06-27,2026-07-06,3
P03965,2026-06-20,2026-07-06,4
P04007,2026-06-21,2026-07-06,4
P04046,2026-06-30,2026-07-06,2
P04051,2026-07-03,2026-07-06,2
P04063,2026-06-14,2026-07-06,3
P04078,2026-06-22,2026-07-06,1
P04087,2026-07-02,2026-07-06,2
P04088,2026-07-03,2026-07-06,2
P04089,2026-07-06,2026-07-06,3
P04110,2026-07-01,2026-07-06,4
P04112,2026-07-06,2026-07-06,5
P04116,2026-06-19,2026-07-06,4
P04119,2026-06-30,2026-07-06,2
P04123,2026-07-05,2026-07-06,4
P04129,2026-07-06,2026-07-06,3
P04135,2026-07-06,2026-07-06,1
P04168,2026-06-30,2026-07-06,3
P04179,2026-07-06,2026-07-06,3
P04181,2026-07-06,2026-07-06,5
P04197,2026-06-24,2026-07-06,4
P04232,2026-06-22,2026-07-06,2
P04237,2026-06-22,2026-07-06,1
P04258,2026-06-14,2026-07-06,4
P04269,2026-06-20,2026-07-06,4
P04280,2026-06-17,2026-07-06,3
P04349,2026-06-17,2026-07-06,1
P04362,2026-06-30,2026-07-06,3
P04382,2026-07-06,2026-07-06,2
P04417,2026-06-15,2026-07-06,3
P04421,2026-07-06,2026-07-06,4
P04430,2026-07-05,2026-07-06,3
P04468,2026-06-12,2026-07-06,3
P04474,2026-06-30,2026-07-06,3
P04478,2026-07-06,2026-07-06,5
P04499,2026-06-11,2026-07-06,4
P04524,2026-07-06,2026-07-06,2
P04537,2026-07-02,2026-07-06,3
P04543,2026-07-06,2026-07-06,4
P04545,2026-06-29,2026-07-06,3
P04560,2026-07-01,2026-07-06,1
P04573,2026-07-03,2026-07-06,4
P04613,2026-07-06,2026-07-06,4
P04617,2026-06-26,2026-07-06,4
P04620,2026-06-11,2026-07-06,3
P04630,2026-06-08,2026-07-06,3
P04639,2026-07-05,2026-07-06,1
P04640,2026-06-18,2026-07-06,2
P04654,2026-07-04,2026-07-06,1
P04666,2026-06-14,2026-07-06,1
P04670,2026-07-06,2026-07-06,5
P04673,2026-07-06,2026-07-06,1
P04679,2026-07-06,2026-07-06,5
P04687,2026-06-18,2026-07-06,1
P04690,2026-07-05,2026-07-06,4
P04717,2026-07-04,2026-07-06,1
P04731,2026-06-27,2026-07-06,1
P04769,2026-06-24,2026-07-06,3
P04779,2026-07-02,2026-07-06,3
P04796,2026-07-05,2026-07-06,2
P04798,2026-07-06,2026-07-06,4
P04803,2026-07-06,2026-07-06,3
P04866,2026-07-05,2026-07-06,2
P04877,2026-06-15,2026-07-06,2
P04882,2026-06-18,2026-07-06,4
P04890,2026-07-04,2026-07-06,3
P04929,2026-06-28,2026-07-06,2
P04930,2026-07-05,2026-07-06,4
P04936,2026-06-13,2026-07-06,1
P04950,2026-06-29,2026-07-06,1
P04964,2026-07-04,2026-07-06,3
P04972,2026-07-06,2026-07-06,4
P05006,2026-07-06,2026-07-06,4
P05015,2026-06-16,2026-07-06,1
P05033,2026-07-05,2026-07-06,3
P05104,2026-06-08,2026-07-06,4
P05122,2026-06-06,2026-07-06,4
P05138,2026-06-29,2026-07-06,4
P05146,2026-06-28,2026-07-06,2
P05150,2026-07-06,2026-07-06,3
P05175,2026-06-08,2026-07-06,3
P05196,2026-06-09,2026-07-06,1
P05206,2026-07-02,2026-07-06,3
P05213,2026-06-10,2026-07-06,2
P05253,2026-07-06,2026-07-06,5
P05267,2026-06-15,2026-07-06,1
P05271,2026-06-07,2026-07-06,3
P05288,2026-07-05,2026-07-06,1
P05290,2026-07-06,2026-07-06,3
P05298,2026-06-23,2026-07-06,4
P05300,2026-06-24,2026-07-06,2
P05339,2026-07-05,2026-07-06,1
P05342,2026-07-06,2026-07-06,4
P05345,2026-06-29,2026-07-06,1
P05356,2026-07-02,2026-07-06,4
P05375,2026-07-06,2026-07-06,3
P05393,2026-06-23,2026-07-06,1
P05421,2026-07-05,2026-07-06,2
P05422,2026-06-16,2026-07-06,2
P05447,2026-07-06,2026-07-06,5
P05488,2026-06-22,2026-07-06,1
P05506,2026-06-16,2026-07-06,1
P05514,2026-07-05,2026-07-06,3
P05516,2026-06-10,2026-07-06,2
P05519,2026-06-12,2026-07-06,2
P05537,2026-07-02,2026-07-06,2
P05547,2026-06-24,2026-07-06,1
P05557,2026-07-06,2026-07-06,4
P05586,2026-06-08,2026-07-06,2
P05598,2026-07-03,2026-07-06,1
P05645,2026-07-06,2026-07-06,2
P05661,2026-06-29,2026-07-06,3
P05670,2026-07-06,2026-07-06,5
P05676,2026-06-29,2026-07-06,2
P05696,2026-07-05,2026-07-06,3
P05716,2026-07-06,2026-07-06,2
P05717,2026-06-08,2026-07-06,2
P05733,2026-07-01,2026-07-06,2
P05743,2026-07-06,2026-07-06,5
P05748,2026-06-21,2026-07-06,4
P05772,2026-06-06,2026-07-06,1
P05778,2026-07-01,2026-07-06,4
P05789,2026-06-09,2026-07-06,1
P05852,2026-06-25,2026-07-06,3
P05862,2026-07-06,2026-07-06,5
P05865,2026-06-11,2026-07-06,4
P05880,2026-07-06,2026-07-06,2
P05906,2026-07-02,2026-07-06,1
P05910,2026-06-22,2026-07-06,1
P05927,2026-07-06,2026-07-06,1
P05947,2026-06-17,2026-07-06,4
P05955,2026-07-06,2026-07-06,5
P05993,2026-06-23,2026-07-06,4
P05996,2026-07-06,2026-07-06,5
P06005,2026-06-29,2026-07-06,4
P06009,2026-07-01,2026-07-06,4
P06026,2026-06-22,2026-07-06,2
P06056,2026-06-10,2026-07-06,3
P06068,2026-07-06,2026-07-06,5
P06072,2026-06-25,2026-07-06,1
P06077,2026-07-06,2026-07-06,3
P06089,2026-06-18,2026-07-06,3
P06091,2026-06-25,2026-07-06,3
P06111,2026-06-27,2026-07-06,2
P06160,2026-06-07,2026-07-06,1
P06189,2026-06-16,2026-07-06,2
P06194,2026-06-24,2026-07-06,1
P06195,2026-06-30,2026-07-06,3
P06230,2026-07-05,2026-07-06,3
P06244,2026-06-29,2026-07-06,2
P06251,2026-07-01,2026-07-06,3
P06358,2026-06-15,2026-07-06,1
P06391,2026-07-02,2026-07-06,4
P06394,2026-07-04,2026-07-06,2
P06403,2026-06-09,2026-07-06,3
P06413,2026-06-30,2026-07-06,2
P06416,2026-07-06,2026-07-06,4
P06469,2026-07-03,2026-07-06,2
P06512,2026-07-03,2026-07-06,3
P06529,2026-06-24,2026-07-06,3
P06535,2026-07-06,2026-07-06,1
P06552,2026-07-05,2026-07-06,4
P06559,2026-07-06,2026-07-06,4
P06576,2026-06-26,2026-07-06,2
P06586,2026-07-06,2026-07-06,5
P06593,2026-07-06,2026-07-06,5
P06610,2026-07-02,2026-07-06,4
P06643,2026-07-04,2026-07-06,4
P06672,2026-06-14,2026-07-06,2
P06674,2026-06-23,2026-07-06,3
P06688,2026-06-11,2026-07-06,3
P06693,2026-06-20,2026-07-06,2
P06733,2026-07-06,2026-07-06,4
P06740,2026-07-06,2026-07-06,2
P06745,2026-07-02,2026-07-06,1
P06758,2026-07-06,2026-07-06,1
P06759,2026-06-19,2026-07-06,4
P06771,2026-07-06,2026-07-06,2
P06791,2026-06-16,2026-07-06,2
P06792,2026-06-08,2026-07-06,2
P06811,2026-06-29,2026-07-06,4
P06830,2026-07-06,2026-07-06,1
P06834,2026-06-12,2026-07-06,2
P06835,2026-06-14,2026-07-06,2
P06840,2026-06-22,2026-07-06,2
P06853,2026-07-01,2026-07-06,3
P06862,2026-07-06,2026-07-06,2
P06863,2026-07-06,2026-07-06,1
P06877,2026-07-03,2026-07-06,3
P06918,2026-07-06,2026-07-06,2
P06923,2026-07-05,2026-07-06,4
P06937,2026-07-06,2026-07-06,4
P06941,2026-06-27,2026-07-06,2
P06958,2026-06-11,2026-07-06,2
P06971,2026-06-27,2026-07-06,3
P06982,2026-07-05,2026-07-06,4
P06984,2026-06-06,2026-07-06,3
P07003,2026-07-06,2026-07-06,5
P07015,2026-07-05,2026-07-06,2
P07019,2026-06-23,2026-07-06,1
P07026,2026-06-10,2026-07-06,1
P07027,2026-06-29,2026-07-06,2
P07039,2026-06-11,2026-07-06,2
P07060,2026-06-14,2026-07-06,4
P07085,2026-06-27,2026-07-06,2
P07087,2026-07-06,2026-07-06,3
P07092,2026-07-06,2026-07-06,3
P07124,2026-06-12,2026-07-06,2
P07158,2026-06-21,2026-07-06,4
P07246,2026-07-06,2026-07-06,5
P07259,2026-07-03,2026-07-06,4
P07261,2026-07-06,2026-07-06,3
P07288,2026-06-22,2026-07-06,3
P07298,2026-06-08,2026-07-06,2
P07313,2026-07-03,2026-07-06,2
P07336,2026-07-01,2026-07-06,3
P07348,2026-07-03,2026-07-06,4
P07349,2026-07-06,2026-07-06,2
P07387,2026-06-16,2026-07-06,2
P07391,2026-07-04,2026-07-06,1
P07395,2026-07-06,2026-07-06,2
P07399,2026-06-28,2026-07-06,2
P07403,2026-07-04,2026-07-06,3
P07417,2026-06-26,2026-07-06,3
P07453,2026-07-06,2026-07-06,5
P07473,2026-07-03,2026-07-06,1
P07495,2026-07-06,2026-07-06,2
P07534,2026-07-06,2026-07-06,1
P07536,2026-06-25,2026-07-06,4
P07599,2026-07-06,2026-07-06,5
P07609,2026-06-30,2026-07-06,4
P07647,2026-07-02,2026-07-06,1
P07650,2026-07-06,2026-07-06,3
P07663,2026-06-29,2026-07-06,1
P07670,2026-07-06,2026-07-06,1
P07676,2026-07-03,2026-07-06,1
P07680,2026-07-04,2026-07-06,2
P07699,2026-07-02,2026-07-06,2
P07702,2026-07-06,2026-07-06,3
P07727,2026-06-10,2026-07-06,3
P07746,2026-07-06,2026-07-06,5
P07751,2026-07-03,2026-07-06,3
P07784,2026-06-12,2026-07-06,2
P07809,2026-07-06,2026-07-06,3
P07818,2026-07-06,2026-07-06,3
P07826,2026-07-06,2026-07-06,4
P07833,2026-07-06,2026-07-06,5
P07837,2026-06-27,2026-07-06,3
P07840,2026-06-29,2026-07-06,2
P07842,2026-06-07,2026-07-06,4
P07844,2026-07-02,2026-07-06,4
P07856,2026-07-05,2026-07-06,1
P07862,2026-07-06,2026-07-06,1
P07864,2026-07-04,2026-07-06,3
P07873,2026-07-06,2026-07-06,4
P07876,2026-06-14,2026-07-06,4
P07936,2026-06-17,2026-07-06,4
P07942,2026-06-10,2026-07-06,4
P07962,2026-06-13,2026-07-06,2
P07963,2026-07-04,2026-07-06,3
P00005,2026-06-16,2026-07-07,3
P00008,2026-07-05,2026-07-07,4
P00021,2026-06-27,2026-07-07,3
P00023,2026-06-29,2026-07-07,4
P00035,2026-06-12,2026-07-07,3
P00037,2026-07-03,2026-07-07,4
P00040,2026-07-03,2026-07-07,1
P00048,2026-06-23,2026-07-07,3
P00065,2026-07-01,2026-07-07,2
P00075,2026-07-07,2026-07-07,2
P00083,2026-06-13,2026-07-07,3
P00088,2026-07-03,2026-07-07,1
P00093,2026-07-03,2026-07-07,1
P00123,2026-07-07,2026-07-07,3
P00143,2026-06-08,2026-07-07,2
P00175,2026-07-01,2026-07-07,2
P00181,2026-06-14,2026-07-07,3
P00235,2026-07-06,2026-07-07,4
P00239,2026-06-30,2026-07-07,1
P00247,2026-07-05,2026-07-07,3
P00257,2026-06-16,2026-07-07,3
P00277,2026-07-06,2026-07-07,1
P00285,2026-07-07,2026-07-07,2
P00309,2026-07-06,2026-07-07,1
P00319,2026-07-07,2026-07-07,3
P00336,2026-07-03,2026-07-07,4
P00347,2026-06-16,2026-07-07,3
P00354,2026-07-06,2026-07-07,1
P00366,2026-07-07,2026-07-07,3
P00450,2026-06-30,2026-07-07,1
P00478,2026-07-05,2026-07-07,2
P00515,2026-07-02,2026-07-07,2
P00542,2026-07-04,2026-07-07,2
P00562,2026-06-15,2026-07-07,2
P00575,2026-06-24,2026-07-07,3
P00580,2026-07-07,2026-07-07,2
P00582,2026-06-25,2026-07-07,4
P00631,2026-07-07,2026-07-07,1
P00643,2026-07-07,2026-07-07,2
P00646,2026-07-07,2026-07-07,1
P00673,2026-07-06,2026-07-07,3
P00678,2026-06-15,2026-07-07,3
P00690,2026-07-05,2026-07-07,2
P00717,2026-06-29,2026-07-07,3
P00718,2026-07-06,2026-07-07,2
P00735,2026-06-18,2026-07-07,3
P00759,2026-06-30,2026-07-07,4
P00769,2026-07-06,2026-07-07,3
P00795,2026-07-03,2026-07-07,4
P00808,2026-06-30,2026-07-07,2
P00813,2026-06-25,2026-07-07,4
P00827,2026-07-07,2026-07-07,2
P00828,2026-06-12,2026-07-07,2
P00869,2026-07-07,2026-07-07,5
P00879,2026-07-07,2026-07-07,2
P00884,2026-06-24,2026-07-07,4
P00888,2026-07-03,2026-07-07,4
P00899,2026-06-27,2026-07-07,3
P00913,2026-07-04,2026-07-07,2
P00918,2026-07-07,2026-07-07,5
P00940,2026-07-04,2026-07-07,3
P00959,2026-06-24,2026-07-07,3
P00978,2026-07-03,2026-07-07,3
P00986,2026-07-06,2026-07-07,3
P00987,2026-06-26,2026-07-07,4
P00997,2026-07-07,2026-07-07,5
P01040,2026-07-07,2026-07-07,5
P01043,2026-07-07,2026-07-07,3
P01048,2026-07-03,2026-07-07,3
P01061,2026-07-06,2026-07-07,4
P01070,2026-07-07,2026-07-07,3
P01097,2026-06-22,2026-07-07,2
P01107,2026-06-14,2026-07-07,4
P01118,2026-07-06,2026-07-07,1
P01120,2026-06-28,2026-07-07,4
P01131,2026-07-01,2026-07-07,4
P01153,2026-07-05,2026-07-07,1
P01154,2026-06-09,2026-07-07,4
P01158,2026-06-30,2026-07-07,1
P01197,2026-06-26,2026-07-07,4
P01200,2026-06-27,2026-07-07,3
P01202,2026-07-07,2026-07-07,2
P01223,2026-06-27,2026-07-07,1
P01232,2026-07-02,2026-07-07,4
P01239,2026-06-20,2026-07-07,3
P01260,2026-06-08,2026-07-07,1
P01268,2026-06-25,2026-07-07,1
P01289,2026-06-25,2026-07-07,1
P01294,2026-06-17,2026-07-07,3
P01315,2026-06-30,2026-07-07,3
P01351,2026-07-04,2026-07-07,4
P01356,2026-06-30,2026-07-07,1
P01358,2026-06-11,2026-07-07,4
P01379,2026-06-18,2026-07-07,2
P01386,2026-06-29,2026-07-07,3
P01393,2026-06-15,2026-07-07,3
P01398,2026-06-20,2026-07-07,3
P01403,2026-06-30,2026-07-07,1
P01405,2026-06-25,2026-07-07,3
P01414,2026-07-02,2026-07-07,4
P01454,2026-07-04,2026-07-07,3
P01493,2026-07-07,2026-07-07,3
P01497,2026-07-05,2026-07-07,4
P01505,2026-07-07,2026-07-07,1
P01520,2026-06-29,2026-07-07,4
P01532,2026-06-26,2026-07-07,3
P01537,2026-06-12,2026-07-07,4
P01544,2026-06-23,2026-07-07,3
P01567,2026-07-05,2026-07-07,4
P01572,2026-06-25,2026-07-07,3
P01575,2026-07-07,2026-07-07,3
P01583,2026-06-11,2026-07-07,4
P01587,2026-07-05,2026-07-07,1
P01589,2026-07-06,2026-07-07,2
P01626,2026-07-05,2026-07-07,2
P01647,2026-07-07,2026-07-07,3
P01656,2026-07-07,2026-07-07,5
P01679,2026-06-28,2026-07-07,1
P01701,2026-07-06,2026-07-07,3
P01704,2026-06-29,2026-07-07,4
P01722,2026-07-07,2026-07-07,1
P01759,2026-06-07,2026-07-07,4
P01776,2026-07-07,2026-07-07,5
P01801,2026-07-06,2026-07-07,2
P01828,2026-06-16,2026-07-07,3
P01844,2026-06-19,2026-07-07,1
P01888,2026-07-01,2026-07-07,2
P01926,2026-06-30,2026-07-07,3
P01928,2026-07-07,2026-07-07,2
P01932,2026-06-22,2026-07-07,1
P01935,2026-06-20,2026-07-07,2
P01946,2026-06-25,2026-07-07,2
P01962,2026-06-17,2026-07-07,3
P02010,2026-06-19,2026-07-07,4
P02017,2026-06-24,2026-07-07,3
P02039,2026-07-07,2026-07-07,2
P02063,2026-06-16,2026-07-07,1
P02103,2026-06-10,2026-07-07,2
P02110,2026-06-09,2026-07-07,3
P02114,2026-06-10,2026-07-07,2
P02123,2026-06-18,2026-07-07,1
P02140,2026-06-26,2026-07-07,4
P02161,2026-06-13,2026-07-07,4
P02167,2026-07-07,2026-07-07,3
P02206,2026-06-12,2026-07-07,2
P02207,2026-06-08,2026-07-07,2
P02218,2026-07-07,2026-07-07,3
P02229,2026-07-06,2026-07-07,4
P02255,2026-07-07,2026-07-07,1
P02259,2026-06-27,2026-07-07,1
P02291,2026-07-02,2026-07-07,2
P02308,2026-07-07,2026-07-07,2
P02323,2026-07-07,2026-07-07,4
P02329,2026-07-07,2026-07-07,2
P02340,2026-06-24,2026-07-07,2
P02369,2026-06-07,2026-07-07,4
P02398,2026-06-22,2026-07-07,4
P02409,2026-07-03,2026-07-07,1
P02421,2026-07-04,2026-07-07,3
P02426,2026-07-07,2026-07-07,5
P02458,2026-06-23,2026-07-07,4
P02464,2026-06-20,2026-07-07,2
P02481,2026-06-12,2026-07-07,4
P02490,2026-06-23,2026-07-07,4
P02511,2026-07-07,2026-07-07,1
P02527,2026-06-26,2026-07-07,1
P02531,2026-07-05,2026-07-07,2
P02535,2026-06-16,2026-07-07,1
P02546,2026-06-09,2026-07-07,4
P02576,2026-07-03,2026-07-07,4
P02582,2026-06-14,2026-07-07,4
P02609,2026-06-25,2026-07-07,1
P02647,2026-06-11,2026-07-07,4
P02696,2026-06-13,2026-07-07,4
P02698,2026-07-07,2026-07-07,3
P02738,2026-06-24,2026-07-07,1
P02797,2026-06-15,2026-07-07,2
P02826,2026-06-25,2026-07-07,4
P02832,2026-07-07,2026-07-07,4
P02848,2026-07-07,2026-07-07,5
P02855,2026-06-12,2026-07-07,4
P02868,2026-07-05,2026-07-07,1
P02884,2026-07-07,2026-07-07,2
P02903,2026-06-19,2026-07-07,1
P02904,2026-07-06,2026-07-07,3
P02924,2026-06-08,2026-07-07,1
P02953,2026-06-17,2026-07-07,4
P02957,2026-06-21,2026-07-07,3
P02959,2026-07-06,2026-07-07,4
P02968,2026-07-07,2026-07-07,3
P02989,2026-07-07,2026-07-07,2
P02992,2026-06-21,2026-07-07,3
P02995,2026-07-07,2026-07-07,4
P02999,2026-07-07,2026-07-07,1
P03014,2026-07-06,2026-07-07,1
P03026,2026-07-07,2026-07-07,5
P03029,2026-06-11,2026-07-07,3
P03056,2026-07-04,2026-07-07,2
P03065,2026-06-12,2026-07-07,4
P03071,2026-07-04,2026-07-07,3
P03096,2026-07-07,2026-07-07,2
P03103,2026-07-07,2026-07-07,3
P03107,2026-06-07,2026-07-07,1
P03124,2026-06-24,2026-07-07,2
P03134,2026-06-09,2026-07-07,1
P03144,2026-06-11,2026-07-07,3
P03145,2026-06-19,2026-07-07,3
P03162,2026-07-06,2026-07-07,2
P03219,2026-06-13,2026-07-07,1
P03221,2026-06-13,2026-07-07,3
P03227,2026-06-14,2026-07-07,2
P03241,2026-07-07,2026-07-07,4
P03253,2026-06-29,2026-07-07,1
P03267,2026-06-21,2026-07-07,2
P03277,2026-07-05,2026-07-07,1
P03290,2026-07-05,2026-07-07,3
P03314,2026-07-04,2026-07-07,2
P03320,2026-06-26,2026-07-07,4
P03321,2026-07-07,2026-07-07,2
P03335,2026-06-23,2026-07-07,3
P03394,2026-07-07,2026-07-07,1
P03437,2026-07-06,2026-07-07,1
P03441,2026-06-15,2026-07-07,1
P03444,2026-07-03,2026-07-07,2
P03450,2026-06-24,2026-07-07,1
P03477,2026-07-06,2026-07-07,3
P03478,2026-07-07,2026-07-07,2
P03508,2026-07-07,2026-07-07,4
P03510,2026-06-07,2026-07-07,3
P03517,2026-07-07,2026-07-07,2
P03527,2026-06-07,2026-07-07,2
P03567,2026-07-07,2026-07-07,5
P03580,2026-07-05,2026-07-07,4
P03589,2026-06-08,2026-07-07,1
P03608,2026-07-06,2026-07-07,2
P03613,2026-06-29,2026-07-07,3
P03615,2026-07-07,2026-07-07,2
P03626,2026-07-07,2026-07-07,2
P03653,2026-07-06,2026-07-07,2
P03692,2026-06-10,2026-07-07,1
P03710,2026-07-07,2026-07-07,3
P03734,2026-06-18,2026-07-07,4
P03737,2026-07-01,2026-07-07,3
P03745,2026-07-07,2026-07-07,1
P03754,2026-06-18,2026-07-07,1
P03760,2026-06-18,2026-07-07,4
P03779,2026-06-14,2026-07-07,1
P03791,2026-07-02,2026-07-07,4
P03801,2026-06-08,2026-07-07,1
P03803,2026-07-07,2026-07-07,3
P03810,2026-06-08,2026-07-07,4
P03821,2026-07-07,2026-07-07,3
P03835,2026-07-06,2026-07-07,2
P03857,2026-06-27,2026-07-07,3
P03868,2026-07-07,2026-07-07,2
P03872,2026-07-06,2026-07-07,3
P03877,2026-07-06,2026-07-07,4
P03886,2026-06-30,2026-07-07,1
P03913,2026-07-04,2026-07-07,2
P03935,2026-06-23,2026-07-07,3
P03937,2026-07-05,2026-07-07,1
P03958,2026-06-19,2026-07-07,4
P04043,2026-06-30,2026-07-07,2
P04049,2026-06-20,2026-07-07,1
P04052,2026-06-08,2026-07-07,2
P04059,2026-06-21,2026-07-07,4
P04069,2026-07-07,2026-07-07,2
P04076,2026-07-07,2026-07-07,1
P04089,2026-07-06,2026-07-07,1
P04139,2026-07-07,2026-07-07,5
P04149,2026-06-29,2026-07-07,2
P04185,2026-06-19,2026-07-07,4
P04201,2026-06-28,2026-07-07,1
P04225,2026-07-01,2026-07-07,4
P04244,2026-06-11,2026-07-07,4
P04289,2026-06-11,2026-07-07,4
P04294,2026-07-07,2026-07-07,2
P04298,2026-07-07,2026-07-07,1
P04308,2026-06-13,2026-07-07,3
P04327,2026-06-20,2026-07-07,2
P04339,2026-06-16,2026-07-07,1
P04356,2026-06-27,2026-07-07,4
P04370,2026-06-28,2026-07-07,1
P04381,2026-06-23,2026-07-07,3
P04434,2026-07-04,2026-07-07,2
P04441,2026-06-07,2026-07-07,3
P04472,2026-07-07,2026-07-07,5
P04478,2026-07-06,2026-07-07,4
P04499,2026-06-11,2026-07-07,1
P04511,2026-07-07,2026-07-07,3
P04512,2026-06-26,2026-07-07,2
P04514,2026-07-05,2026-07-07,3
P04551,2026-06-13,2026-07-07,1
P04560,2026-07-01,2026-07-07,1
P04579,2026-07-01,2026-07-07,1
P04586,2026-07-07,2026-07-07,4
P04593,2026-07-07,2026-07-07,4
P04613,2026-07-06,2026-07-07,3
P04617,2026-06-26,2026-07-07,1
P04653,2026-07-07,2026-07-07,5
P04663,2026-07-05,2026-07-07,3
P04676,2026-07-07,2026-07-07,1
P04698,2026-06-12,2026-07-07,1
P04701,2026-06-11,2026-07-07,1
P04708,2026-06-11,2026-07-07,3
P04712,2026-06-10,2026-07-07,1
P04732,2026-07-03,2026-07-07,1
P04750,2026-06-11,2026-07-07,3
P04758,2026-07-01,2026-07-07,3
P04774,2026-06-25,2026-07-07,4
P04803,2026-07-06,2026-07-07,2
P04811,2026-06-18,2026-07-07,4
P04829,2026-06-08,2026-07-07,4
P04841,2026-07-07,2026-07-07,3
P04852,2026-07-07,2026-07-07,5
P04862,2026-06-17,2026-07-07,2
P04868,2026-06-29,2026-07-07,2
P04889,2026-07-07,2026-07-07,5
P04903,2026-07-05,2026-07-07,2
P04929,2026-06-28,2026-07-07,3
P04965,2026-07-07,2026-07-07,4
P04972,2026-07-06,2026-07-07,3
P04981,2026-06-15,2026-07-07,1
P05006,2026-07-06,2026-07-07,2
P05010,2026-06-15,2026-07-07,3
P05012,2026-06-24,2026-07-07,3
P05040,2026-07-07,2026-07-07,2
P05109,2026-07-07,2026-07-07,2
P05151,2026-06-28,2026-07-07,1
P05176,2026-07-03,2026-07-07,1
P05213,2026-06-10,2026-07-07,2
P05269,2026-07-07,2026-07-07,3
P05297,2026-07-04,2026-07-07,3
P05298,2026-06-23,2026-07-07,1
P05299,2026-06-24,2026-07-07,1
P05300,2026-06-24,2026-07-07,1
P05302,2026-07-07,2026-07-07,3
P05318,2026-06-08,2026-07-07,4
P05333,2026-07-07,2026-07-07,3
P05370,2026-07-07,2026-07-07,1
P05384,2026-06-09,2026-07-07,3
P05393,2026-06-23,2026-07-07,4
P05398,2026-06-11,2026-07-07,1
P05399,2026-06-24,2026-07-07,3
P05422,2026-06-16,2026-07-07,3
P05427,2026-07-02,2026-07-07,1
P05446,2026-06-29,2026-07-07,1
P05471,2026-06-19,2026-07-07,3
P05481,2026-07-07,2026-07-07,2
P05496,2026-06-08,2026-07-07,2
P05517,2026-06-18,2026-07-07,1
P05523,2026-07-05,2026-07-07,3
P05526,2026-06-28,2026-07-07,3
P05534,2026-07-07,2026-07-07,3
P05537,2026-07-02,2026-07-07,2
P05565,2026-07-07,2026-07-07,4
P05577,2026-06-20,2026-07-07,2
P05586,2026-06-08,2026-07-07,4
P05601,2026-06-30,2026-07-07,3
P05603,2026-06-30,2026-07-07,3
P05610,2026-07-05,2026-07-07,1
P05668,2026-07-07,2026-07-07,3
P05678,2026-06-07,2026-07-07,2
P05684,2026-06-13,2026-07-07,3
P05696,2026-07-05,2026-07-07,1
P05716,2026-07-06,2026-07-07,3
P05733,2026-07-01,2026-07-07,4
P05753,2026-06-10,2026-07-07,1
P05769,2026-06-28,2026-07-07,4
P05790,2026-06-23,2026-07-07,3
P05799,2026-07-07,2026-07-07,4
P05817,2026-06-12,2026-07-07,4
P05822,2026-06-10,2026-07-07,4
P05825,2026-06-29,2026-07-07,3
P05846,2026-06-20,2026-07-07,4
P05891,2026-06-09,2026-07-07,3
P05895,2026-07-05,2026-07-07,2
P05897,2026-07-07,2026-07-07,1
P05907,2026-06-27,2026-07-07,4
P05910,2026-06-22,2026-07-07,1
P05913,2026-06-16,2026-07-07,4
P05914,2026-07-07,2026-07-07,4
P05927,2026-07-06,2026-07-07,1
P05953,2026-06-07,2026-07-07,3
P05955,2026-07-06,2026-07-07,2
P05967,2026-06-29,2026-07-07,2
P05986,2026-07-07,2026-07-07,1
P06009,2026-07-01,2026-07-07,3
P06027,2026-06-25,2026-07-07,4
P06028,2026-06-27,2026-07-07,4
P06059,2026-06-07,2026-07-07,2
P06062,2026-06-30,2026-07-07,4
P06068,2026-07-06,2026-07-07,2
P06082,2026-07-07,2026-07-07,4
P06089,2026-06-18,2026-07-07,4
P06097,2026-07-05,2026-07-07,3
P06103,2026-06-09,2026-07-07,3
P06104,2026-07-07,2026-07-07,3
P06111,2026-06-27,2026-07-07,3
P06118,2026-07-01,2026-07-07,4
P06131,2026-07-04,2026-07-07,2
P06145,2026-06-28,2026-07-07,3
P06146,2026-07-07,2026-07-07,5
P06176,2026-06-30,2026-07-07,2
P06177,2026-06-10,2026-07-07,4
P06190,2026-06-25,2026-07-07,1
P06206,2026-06-16,2026-07-07,2
P06210,2026-07-07,2026-07-07,2
P06216,2026-07-07,2026-07-07,4
P06230,2026-07-05,2026-07-07,4
P06295,2026-06-07,2026-07-07,2
P06312,2026-06-13,2026-07-07,1
P06316,2026-07-01,2026-07-07,3
P06331,2026-06-09,2026-07-07,3
P06335,2026-06-09,2026-07-07,4
P06352,2026-07-07,2026-07-07,4
P06361,2026-07-07,2026-07-07,3
P06378,2026-06-15,2026-07-07,3
P06381,2026-07-04,2026-07-07,2
P06391,2026-07-02,2026-07-07,1
P06394,2026-07-04,2026-07-07,1
P06398,2026-07-03,2026-07-07,4
P06413,2026-06-30,2026-07-07,1
P06419,2026-07-07,2026-07-07,1
P06430,2026-06-23,2026-07-07,1
P06439,2026-06-20,2026-07-07,3
P06446,2026-07-05,2026-07-07,1
P06460,2026-06-26,2026-07-07,3
P06469,2026-07-03,2026-07-07,4
P06513,2026-06-09,2026-07-07,1
P06542,2026-07-01,2026-07-07,1
P06560,2026-07-07,2026-07-07,1
P06562,2026-06-14,2026-07-07,3
P06564,2026-07-07,2026-07-07,5
P06602,2026-07-05,2026-07-07,4
P06606,2026-07-05,2026-07-07,4
P06613,2026-07-07,2026-07-07,5
P06677,2026-06-26,2026-07-07,3
P06694,2026-06-15,2026-07-07,1
P06706,2026-06-25,2026-07-07,2
P06748,2026-06-30,2026-07-07,3
P06751,2026-07-01,2026-07-07,4
P06756,2026-07-07,2026-07-07,2
P06773,2026-06-24,2026-07-07,3
P06816,2026-07-04,2026-07-07,4
P06842,2026-07-02,2026-07-07,4
P06844,2026-06-29,2026-07-07,4
P06846,2026-07-02,2026-07-07,3
P06856,2026-07-07,2026-07-07,1
P06883,2026-06-09,2026-07-07,3
P06898,2026-06-08,2026-07-07,2
P06900,2026-07-02,2026-07-07,3
P06910,2026-06-08,2026-07-07,2
P06920,2026-06-16,2026-07-07,3
P06923,2026-07-05,2026-07-07,2
P06944,2026-07-02,2026-07-07,1
P06953,2026-06-16,2026-07-07,1
P07015,2026-07-05,2026-07-07,3
P07026,2026-06-10,2026-07-07,3
P07045,2026-07-07,2026-07-07,5
P07085,2026-06-27,2026-07-07,4
P07092,2026-07-06,2026-07-07,4
P07136,2026-07-07,2026-07-07,5
P07219,2026-06-18,2026-07-07,3
P07255,2026-06-30,2026-07-07,1
P07275,2026-07-07,2026-07-07,4
P07288,2026-06-22,2026-07-07,2
P07295,2026-06-14,2026-07-07,2
P07302,2026-07-02,2026-07-07,1
P07303,2026-06-20,2026-07-07,2
P07327,2026-06-11,2026-07-07,4
P07333,2026-07-07,2026-07-07,3
P07340,2026-06-23,2026-07-07,1
P07346,2026-06-28,2026-07-07,4
P07372,2026-07-07,2026-07-07,2
P07373,2026-07-07,2026-07-07,5
P07383,2026-07-07,2026-07-07,3
P07395,2026-07-06,2026-07-07,4
P07403,2026-07-04,2026-07-07,4
P07419,2026-06-17,2026-07-07,4
P07427,2026-07-07,2026-07-07,1
P07435,2026-07-05,2026-07-07,2
P07437,2026-06-26,2026-07-07,4
P07444,2026-06-17,2026-07-07,3
P07463,2026-06-16,2026-07-07,2
P07466,2026-07-07,2026-07-07,3
P07485,2026-06-27,2026-07-07,2
P07490,2026-06-29,2026-07-07,2
P07495,2026-07-06,2026-07-07,3
P07519,2026-06-25,2026-07-07,2
P07542,2026-06-07,2026-07-07,4
P07572,2026-07-03,2026-07-07,3
P07599,2026-07-06,2026-07-07,4
P07606,2026-06-07,2026-07-07,2
P07630,2026-06-18,2026-07-07,2
P07650,2026-07-06,2026-07-07,3
P07654,2026-07-02,2026-07-07,2
P07676,2026-07-03,2026-07-07,3
P07681,2026-06-16,2026-07-07,3
P07706,2026-06-21,2026-07-07,3
P07712,2026-06-07,2026-07-07,3
P07726,2026-07-07,2026-07-07,1
P07744,2026-06-27,2026-07-07,2
P07762,2026-06-27,2026-07-07,3
P07765,2026-07-07,2026-07-07,4
P07777,2026-07-07,2026-07-07,2
P07783,2026-07-07,2026-07-07,5
P07818,2026-07-06,2026-07-07,1
P07833,2026-07-06,2026-07-07,2
P07844,2026-07-02,2026-07-07,2
P07859,2026-06-07,2026-07-07,2
P07862,2026-07-06,2026-07-07,1
P07865,2026-06-17,2026-07-07,1
P07873,2026-07-06,2026-07-07,4
P07895,2026-06-26,2026-07-07,4
P07901,2026-07-04,2026-07-07,1
P07907,2026-07-07,2026-07-07,4
P07928,2026-07-01,2026-07-07,4
P07974,2026-07-07,2026-07-07,4
P07979,2026-06-27,2026-07-07,2
P00005,2026-06-16,2026-07-08,4
P00010,2026-06-24,2026-07-08,1
P00011,2026-07-08,2026-07-08,2
P00037,2026-07-03,2026-07-08,3
P00040,2026-07-03,2026-07-08,2
P00053,2026-07-02,2026-07-08,1
P00057,2026-06-19,2026-07-08,3
P00093,2026-07-03,2026-07-08,2
P00099,2026-07-02,2026-07-08,3
P00113,2026-06-23,2026-07-08,4
P00123,2026-07-07,2026-07-08,4
P00128,2026-07-08,2026-07-08,2
P00202,2026-06-08,2026-07-08,1
P00239,2026-06-30,2026-07-08,4
P00247,2026-07-05,2026-07-08,3
P00256,2026-07-08,2026-07-08,5
P00265,2026-06-08,2026-07-08,2
P00267,2026-07-05,2026-07-08,1
P00308,2026-06-23,2026-07-08,4
P00319,2026-07-07,2026-07-08,2
P00360,2026-07-08,2026-07-08,5
P00366,2026-07-07,2026-07-08,4
P00401,2026-07-05,2026-07-08,2
P00406,2026-07-08,2026-07-08,5
P00418,2026-07-02,2026-07-08,3
P00429,2026-06-20,2026-07-08,1
P00452,2026-07-01,2026-07-08,2
P00457,2026-07-08,2026-07-08,4
P00469,2026-06-20,2026-07-08,4
P00480,2026-06-08,2026-07-08,4
P00507,2026-06-27,2026-07-08,4
P00508,2026-07-08,2026-07-08,1
P00515,2026-07-02,2026-07-08,3
P00534,2026-07-08,2026-07-08,5
P00546,2026-07-02,2026-07-08,3
P00577,2026-06-25,2026-07-08,2
P00614,2026-06-28,2026-07-08,1
P00627,2026-07-06,2026-07-08,2
P00631,2026-07-07,2026-07-08,1
P00643,2026-07-07,2026-07-08,3
P00646,2026-07-07,2026-07-08,3
P00665,2026-06-14,2026-07-08,2
P00666,2026-06-23,2026-07-08,1
P00695,2026-06-29,2026-07-08,1
P00718,2026-07-06,2026-07-08,3
P00797,2026-07-03,2026-07-08,4
P00825,2026-06-16,2026-07-08,3
P00827,2026-07-07,2026-07-08,3
P00869,2026-07-07,2026-07-08,2
P00872,2026-06-11,2026-07-08,3
P00879,2026-07-07,2026-07-08,4
P00885,2026-07-08,2026-07-08,5
P00887,2026-07-08,2026-07-08,2
P00902,2026-07-05,2026-07-08,4
P00911,2026-06-27,2026-07-08,1
P00931,2026-06-10,2026-07-08,4
P00973,2026-06-16,2026-07-08,1
P00991,2026-07-02,2026-07-08,4
P01005,2026-06-09,2026-07-08,1
P01019,2026-06-29,2026-07-08,4
P01021,2026-07-06,2026-07-08,1
P01026,2026-06-27,2026-07-08,1
P01038,2026-06-15,2026-07-08,3
P01070,2026-07-07,2026-07-08,4
P01076,2026-06-09,2026-07-08,4
P01098,2026-06-12,2026-07-08,4
P01104,2026-07-08,2026-07-08,3
P01118,2026-07-06,2026-07-08,2
P01126,2026-07-08,2026-07-08,3
P01153,2026-07-05,2026-07-08,1
P01158,2026-06-30,2026-07-08,4
P01161,2026-06-24,2026-07-08,4
P01169,2026-07-02,2026-07-08,2
P01215,2026-07-06,2026-07-08,4
P01267,2026-06-28,2026-07-08,4
P01268,2026-06-25,2026-07-08,2
P01276,2026-06-27,2026-07-08,4
P01281,2026-07-08,2026-07-08,5
P01357,2026-07-06,2026-07-08,3
P01377,2026-06-28,2026-07-08,4
P01411,2026-06-26,2026-07-08,4
P01426,2026-06-29,2026-07-08,1
P01438,2026-06-26,2026-07-08,3
P01454,2026-07-04,2026-07-08,2
P01473,2026-06-22,2026-07-08,1
P01497,2026-07-05,2026-07-08,1
P01529,2026-06-12,2026-07-08,3
P01543,2026-06-09,2026-07-08,4
P01563,2026-06-21,2026-07-08,1
P01583,2026-06-11,2026-07-08,1
P01617,2026-07-08,2026-07-08,3
P01627,2026-07-04,2026-07-08,4
P01630,2026-06-28,2026-07-08,1
P01655,2026-06-21,2026-07-08,1
P01656,2026-07-07,2026-07-08,2
P01657,2026-07-08,2026-07-08,3
P01674,2026-07-05,2026-07-08,3
P01701,2026-07-06,2026-07-08,4
P01707,2026-06-08,2026-07-08,3
P01708,2026-07-08,2026-07-08,2
P01722,2026-07-07,2026-07-08,1
P01726,2026-07-08,2026-07-08,2
P01730,2026-07-08,2026-07-08,2
P01758,2026-07-08,2026-07-08,1
P01776,2026-07-07,2026-07-08,1
P01797,2026-06-15,2026-07-08,2
P01801,2026-07-06,2026-07-08,4
P01820,2026-07-08,2026-07-08,5
P01828,2026-06-16,2026-07-08,3
P01845,2026-07-05,2026-07-08,1
P01859,2026-07-04,2026-07-08,1
P01865,2026-07-05,2026-07-08,3
P01908,2026-06-16,2026-07-08,4
P01915,2026-07-03,2026-07-08,2
P01928,2026-07-07,2026-07-08,4
P01943,2026-07-02,2026-07-08,3
P01949,2026-07-08,2026-07-08,5
P01953,2026-06-08,2026-07-08,4
P01963,2026-06-20,2026-07-08,1
P01966,2026-06-18,2026-07-08,3
P02006,2026-06-29,2026-07-08,4
P02009,2026-07-08,2026-07-08,5
P02012,2026-06-09,2026-07-08,3
P02024,2026-06-13,2026-07-08,2
P02028,2026-06-15,2026-07-08,1
P02033,2026-07-03,2026-07-08,1
P02039,2026-07-07,2026-07-08,2
P02101,2026-06-18,2026-07-08,4
P02103,2026-06-10,2026-07-08,1
P02138,2026-06-29,2026-07-08,3
P02157,2026-06-24,2026-07-08,2
P02159,2026-07-01,2026-07-08,2
P02162,2026-07-08,2026-07-08,1
P02201,2026-06-28,2026-07-08,3
P02213,2026-06-10,2026-07-08,4
P02259,2026-06-27,2026-07-08,4
P02264,2026-06-24,2026-07-08,4
P02281,2026-06-28,2026-07-08,4
P02283,2026-07-04,2026-07-08,4
P02298,2026-06-28,2026-07-08,3
P02300,2026-06-15,2026-07-08,2
P02310,2026-07-08,2026-07-08,1
P02335,2026-07-08,2026-07-08,1
P02357,2026-06-27,2026-07-08,4
P02360,2026-06-14,2026-07-08,1
P02384,2026-07-06,2026-07-08,2
P02388,2026-07-08,2026-07-08,5
P02395,2026-07-06,2026-07-08,2
P02399,2026-07-04,2026-07-08,1
P02406,2026-07-03,2026-07-08,2
P02413,2026-07-08,2026-07-08,4
P02473,2026-07-08,2026-07-08,5
P02511,2026-07-07,2026-07-08,2
P02515,2026-07-08,2026-07-08,5
P02576,2026-07-03,2026-07-08,4
P02580,2026-07-03,2026-07-08,4
P02612,2026-07-08,2026-07-08,3
P02653,2026-07-08,2026-07-08,4
P02699,2026-07-06,2026-07-08,4
P02701,2026-07-08,2026-07-08,4
P02748,2026-07-08,2026-07-08,1
P02785,2026-07-08,2026-07-08,2
P02813,2026-06-08,2026-07-08,4
P02830,2026-07-03,2026-07-08,2
P02840,2026-06-14,2026-07-08,3
P02844,2026-06-17,2026-07-08,3
P02883,2026-07-08,2026-07-08,4
P02884,2026-07-07,2026-07-08,4
P02895,2026-07-05,2026-07-08,3
P02907,2026-06-21,2026-07-08,4
P02909,2026-07-08,2026-07-08,3
P02922,2026-06-12,2026-07-08,2
P02945,2026-06-19,2026-07-08,3
P02948,2026-06-21,2026-07-08,3
P02950,2026-07-05,2026-07-08,3
P02955,2026-06-23,2026-07-08,2
P02957,2026-06-21,2026-07-08,1
P02959,2026-07-06,2026-07-08,1
P02980,2026-06-16,2026-07-08,1
P02981,2026-07-08,2026-07-08,2
P02983,2026-06-25,2026-07-08,1
P03002,2026-07-08,2026-07-08,5
P03003,2026-06-16,2026-07-08,1
P03014,2026-07-06,2026-07-08,3
P03026,2026-07-07,2026-07-08,1
P03056,2026-07-04,2026-07-08,3
P03079,2026-07-08,2026-07-08,4
P03086,2026-07-08,2026-07-08,5
P03089,2026-07-06,2026-07-08,2
P03104,2026-06-13,2026-07-08,4
P03127,2026-07-08,2026-07-08,1
P03146,2026-07-06,2026-07-08,3
P03154,2026-07-08,2026-07-08,3
P03164,2026-07-04,2026-07-08,1
P03192,2026-06-17,2026-07-08,4
P03206,2026-07-08,2026-07-08,2
P03217,2026-07-08,2026-07-08,1
P03222,2026-06-28,2026-07-08,4
P03241,2026-07-07,2026-07-08,3
P03257,2026-07-08,2026-07-08,2
P03273,2026-07-08,2026-07-08,1
P03293,2026-06-11,2026-07-08,3
P03320,2026-06-26,2026-07-08,1
P03345,2026-06-12,2026-07-08,3
P03349,2026-07-08,2026-07-08,4
P03357,2026-07-03,2026-07-08,2
P03361,2026-07-08,2026-07-08,4
P03368,2026-06-14,2026-07-08,1
P03377,2026-07-03,2026-07-08,3
P03384,2026-06-10,2026-07-08,3
P03409,2026-06-14,2026-07-08,4
P03464,2026-07-08,2026-07-08,1
P03478,2026-07-07,2026-07-08,3
P03479,2026-06-19,2026-07-08,2
P03480,2026-06-30,2026-07-08,4
P03496,2026-07-04,2026-07-08,3
P03508,2026-07-07,2026-07-08,3
P03517,2026-07-07,2026-07-08,2
P03520,2026-07-08,2026-07-08,2
P03537,2026-07-08,2026-07-08,1
P03539,2026-07-08,2026-07-08,3
P03549,2026-07-08,2026-07-08,3
P03562,2026-07-08,2026-07-08,3
P03567,2026-07-07,2026-07-08,4
P03579,2026-07-06,2026-07-08,3
P03580,2026-07-05,2026-07-08,2
P03589,2026-06-08,2026-07-08,3
P03653,2026-07-06,2026-07-08,1
P03693,2026-07-02,2026-07-08,4
P03695,2026-07-02,2026-07-08,4
P03708,2026-06-28,2026-07-08,3
P03735,2026-07-08,2026-07-08,4
P03742,2026-07-08,2026-07-08,1
P03744,2026-07-08,2026-07-08,2
P03770,2026-06-22,2026-07-08,1
P03773,2026-07-06,2026-07-08,2
P03791,2026-07-02,2026-07-08,3
P03813,2026-07-08,2026-07-08,4
P03838,2026-07-02,2026-07-08,2
P03846,2026-07-08,2026-07-08,5
P03877,2026-07-06,2026-07-08,3
P03879,2026-07-06,2026-07-08,2
P03884,2026-06-17,2026-07-08,3
P03896,2026-06-21,2026-07-08,4
P03912,2026-06-25,2026-07-08,2
P03930,2026-06-15,2026-07-08,3
P03937,2026-07-05,2026-07-08,2
P03948,2026-07-08,2026-07-08,1
P03955,2026-07-08,2026-07-08,3
P03966,2026-06-22,2026-07-08,4
P03975,2026-06-14,2026-07-08,2
P03989,2026-07-01,2026-07-08,1
P03991,2026-07-05,2026-07-08,3
P04001,2026-06-29,2026-07-08,1
P04022,2026-07-08,2026-07-08,1
P04024,2026-07-08,2026-07-08,1
P04030,2026-07-08,2026-07-08,3
P04032,2026-07-08,2026-07-08,5
P04038,2026-06-09,2026-07-08,1
P04069,2026-07-07,2026-07-08,3
P04071,2026-06-24,2026-07-08,3
P04076,2026-07-07,2026-07-08,3
P04078,2026-06-22,2026-07-08,1
P04089,2026-07-06,2026-07-08,4
P04097,2026-06-21,2026-07-08,3
P04101,2026-06-27,2026-07-08,3
P04110,2026-07-01,2026-07-08,2
P04123,2026-07-05,2026-07-08,1
P04130,2026-07-08,2026-07-08,1
P04135,2026-07-06,2026-07-08,3
P04139,2026-07-07,2026-07-08,1
P04156,2026-06-15,2026-07-08,2
P04167,2026-07-08,2026-07-08,2
P04188,2026-06-24,2026-07-08,1
P04191,2026-07-08,2026-07-08,2
P04232,2026-06-22,2026-07-08,1
P04235,2026-07-08,2026-07-08,4
P04255,2026-06-25,2026-07-08,4
P04266,2026-06-29,2026-07-08,3
P04292,2026-07-08,2026-07-08,4
P04294,2026-07-07,2026-07-08,4
P04332,2026-07-08,2026-07-08,3
P04382,2026-07-06,2026-07-08,4
P04391,2026-07-08,2026-07-08,3
P04392,2026-07-08,2026-07-08,2
P04401,2026-07-05,2026-07-08,3
P04404,2026-06-18,2026-07-08,4
P04430,2026-07-05,2026-07-08,3
P04462,2026-06-23,2026-07-08,2
P04468,2026-06-12,2026-07-08,4
P04483,2026-07-05,2026-07-08,2
P04509,2026-06-23,2026-07-08,2
P04537,2026-07-02,2026-07-08,1
P04543,2026-07-06,2026-07-08,3
P04573,2026-07-03,2026-07-08,4
P04591,2026-07-08,2026-07-08,5
P04608,2026-07-08,2026-07-08,1
P04617,2026-06-26,2026-07-08,1
P04618,2026-07-08,2026-07-08,4
P04640,2026-06-18,2026-07-08,2
P04674,2026-06-19,2026-07-08,1
P04676,2026-07-07,2026-07-08,4
P04696,2026-07-01,2026-07-08,2
P04727,2026-06-12,2026-07-08,3
P04734,2026-06-18,2026-07-08,1
P04738,2026-06-08,2026-07-08,4
P04743,2026-06-19,2026-07-08,1
P04771,2026-06-25,2026-07-08,1
P04775,2026-07-08,2026-07-08,2
P04817,2026-07-05,2026-07-08,2
P04820,2026-07-08,2026-07-08,3
P04831,2026-07-08,2026-07-08,4
P04844,2026-07-03,2026-07-08,2
P04852,2026-07-07,2026-07-08,3
P04866,2026-07-05,2026-07-08,2
P04868,2026-06-29,2026-07-08,2
P04871,2026-07-08,2026-07-08,1
P04878,2026-07-08,2026-07-08,2
P04897,2026-06-15,2026-07-08,3
P04899,2026-07-01,2026-07-08,2
P04935,2026-07-02,2026-07-08,3
P04956,2026-07-02,2026-07-08,3
P05006,2026-07-06,2026-07-08,4
P05040,2026-07-07,2026-07-08,2
P05095,2026-07-05,2026-07-08,4
P05108,2026-06-24,2026-07-08,4
P05109,2026-07-07,2026-07-08,3
P05117,2026-06-25,2026-07-08,3
P05130,2026-06-29,2026-07-08,3
P05135,2026-06-30,2026-07-08,1
P05138,2026-06-29,2026-07-08,1
P05141,2026-06-30,2026-07-08,1
P05150,2026-07-06,2026-07-08,3
P05166,2026-06-15,2026-07-08,1
P05202,2026-07-08,2026-07-08,3
P05210,2026-07-02,2026-07-08,1
P05266,2026-07-03,2026-07-08,2
P05269,2026-07-07,2026-07-08,3
P05280,2026-06-20,2026-07-08,1
P05291,2026-07-02,2026-07-08,1
P05317,2026-06-29,2026-07-08,1
P05321,2026-07-02,2026-07-08,2
P05332,2026-07-02,2026-07-08,2
P05333,2026-07-07,2026-07-08,1
P05338,2026-06-18,2026-07-08,3
P05358,2026-06-24,2026-07-08,4
P05412,2026-07-04,2026-07-08,4
P05464,2026-06-11,2026-07-08,1
P05488,2026-06-22,2026-07-08,3
P05489,2026-07-08,2026-07-08,2
P05511,2026-07-08,2026-07-08,4
P05516,2026-06-10,2026-07-08,4
P05537,2026-07-02,2026-07-08,1
P05547,2026-06-24,2026-07-08,1
P05560,2026-06-15,2026-07-08,2
P05565,2026-07-07,2026-07-08,2
P05581,2026-07-08,2026-07-08,4
P05582,2026-07-08,2026-07-08,2
P05601,2026-06-30,2026-07-08,1
P05624,2026-07-08,2026-07-08,3
P05647,2026-07-08,2026-07-08,2
P05668,2026-07-07,2026-07-08,4
P05691,2026-07-04,2026-07-08,4
P05700,2026-07-08,2026-07-08,4
P05748,2026-06-21,2026-07-08,4
P05751,2026-07-08,2026-07-08,3
P05781,2026-07-08,2026-07-08,4
P05821,2026-06-30,2026-07-08,1
P05852,2026-06-25,2026-07-08,4
P05854,2026-07-01,2026-07-08,4
P05877,2026-06-16,2026-07-08,1
P05881,2026-07-08,2026-07-08,5
P05889,2026-07-08,2026-07-08,5
P05903,2026-06-29,2026-07-08,1
P05927,2026-07-06,2026-07-08,1
P05940,2026-07-02,2026-07-08,4
P05952,2026-07-08,2026-07-08,2
P05973,2026-07-08,2026-07-08,3
P05989,2026-07-08,2026-07-08,1
P05996,2026-07-06,2026-07-08,3
P06013,2026-06-12,2026-07-08,3
P06026,2026-06-22,2026-07-08,3
P06049,2026-06-18,2026-07-08,3
P06071,2026-07-08,2026-07-08,3
P06078,2026-06-08,2026-07-08,4
P06082,2026-07-07,2026-07-08,2
P06091,2026-06-25,2026-07-08,1
P06098,2026-06-21,2026-07-08,2
P06111,2026-06-27,2026-07-08,4
P06119,2026-06-17,2026-07-08,4
P06120,2026-07-04,2026-07-08,1
P06131,2026-07-04,2026-07-08,3
P06152,2026-07-08,2026-07-08,2
P06167,2026-07-01,2026-07-08,1
P06168,2026-06-18,2026-07-08,1
P06194,2026-06-24,2026-07-08,2
P06197,2026-07-08,2026-07-08,3
P06303,2026-07-08,2026-07-08,1
P06347,2026-06-30,2026-07-08,2
P06348,2026-07-08,2026-07-08,4
P06414,2026-06-24,2026-07-08,3
P06425,2026-06-09,2026-07-08,3
P06426,2026-07-08,2026-07-08,4
P06428,2026-07-08,2026-07-08,5
P06435,2026-07-04,2026-07-08,4
P06446,2026-07-05,2026-07-08,4
P06447,2026-07-08,2026-07-08,3
P06496,2026-07-08,2026-07-08,4
P06499,2026-07-02,2026-07-08,3
P06522,2026-06-30,2026-07-08,1
P06534,2026-06-12,2026-07-08,4
P06546,2026-06-23,2026-07-08,3
P06551,2026-06-23,2026-07-08,1
P06558,2026-06-08,2026-07-08,1
P06586,2026-07-06,2026-07-08,2
P06613,2026-07-07,2026-07-08,2
P06623,2026-07-08,2026-07-08,5
P06627,2026-06-25,2026-07-08,4
P06634,2026-06-15,2026-07-08,3
P06650,2026-06-30,2026-07-08,2
P06652,2026-06-17,2026-07-08,2
P06657,2026-06-24,2026-07-08,3
P06667,2026-06-15,2026-07-08,2
P06742,2026-06-30,2026-07-08,3
P06745,2026-07-02,2026-07-08,4
P06765,2026-07-08,2026-07-08,2
P06777,2026-06-23,2026-07-08,3
P06801,2026-06-28,2026-07-08,4
P06808,2026-06-14,2026-07-08,1
P06816,2026-07-04,2026-07-08,3
P06829,2026-06-12,2026-07-08,3
P06844,2026-06-29,2026-07-08,4
P06848,2026-06-15,2026-07-08,1
P06865,2026-06-26,2026-07-08,1
P06869,2026-07-04,2026-07-08,2
P06871,2026-07-08,2026-07-08,4
P06877,2026-07-03,2026-07-08,1
P06878,2026-06-10,2026-07-08,2
P06907,2026-07-08,2026-07-08,5
P06931,2026-07-08,2026-07-08,2
P06935,2026-07-08,2026-07-08,1
P06937,2026-07-06,2026-07-08,1
P06941,2026-06-27,2026-07-08,3
P06952,2026-07-02,2026-07-08,1
P06957,2026-06-25,2026-07-08,3
P06967,2026-06-13,2026-07-08,4
P06969,2026-06-23,2026-07-08,4
P06995,2026-07-01,2026-07-08,2
P07015,2026-07-05,2026-07-08,4
P07027,2026-06-29,2026-07-08,1
P07031,2026-07-08,2026-07-08,4
P07042,2026-06-15,2026-07-08,3
P07052,2026-06-18,2026-07-08,4
P07056,2026-07-08,2026-07-08,2
P07060,2026-06-14,2026-07-08,4
P07065,2026-07-08,2026-07-08,4
P07070,2026-07-08,2026-07-08,2
P07092,2026-07-06,2026-07-08,1
P07117,2026-06-26,2026-07-08,3
P07146,2026-07-08,2026-07-08,5
P07157,2026-07-08,2026-07-08,3
P07168,2026-07-02,2026-07-08,3
P07179,2026-07-02,2026-07-08,1
P07206,2026-07-08,2026-07-08,5
P07208,2026-06-16,2026-07-08,3
P07218,2026-06-08,2026-07-08,3
P07240,2026-06-25,2026-07-08,3
P07242,2026-06-21,2026-07-08,3
P07244,2026-07-08,2026-07-08,4
P07259,2026-07-03,2026-07-08,4
P07261,2026-07-06,2026-07-08,4
P07264,2026-06-10,2026-07-08,3
P07294,2026-06-27,2026-07-08,4
P07359,2026-06-25,2026-07-08,3
P07361,2026-06-10,2026-07-08,3
P07387,2026-06-16,2026-07-08,2
P07395,2026-07-06,2026-07-08,4
P07404,2026-07-08,2026-07-08,5
P07405,2026-07-08,2026-07-08,2
P07417,2026-06-26,2026-07-08,3
P07430,2026-06-24,2026-07-08,1
P07452,2026-07-02,2026-07-08,4
P07463,2026-06-16,2026-07-08,1
P07476,2026-06-27,2026-07-08,3
P07485,2026-06-27,2026-07-08,4
P07500,2026-07-08,2026-07-08,3
P07534,2026-07-06,2026-07-08,3
P07554,2026-06-28,2026-07-08,4
P07593,2026-07-01,2026-07-08,1
P07600,2026-06-21,2026-07-08,3
P07623,2026-06-27,2026-07-08,2
P07662,2026-06-08,2026-07-08,2
P07666,2026-06-08,2026-07-08,3
P07668,2026-07-08,2026-07-08,1
P07694,2026-07-08,2026-07-08,3
P07696,2026-06-24,2026-07-08,2
P07714,2026-07-08,2026-07-08,3
P07720,2026-06-14,2026-07-08,4
P07722,2026-06-15,2026-07-08,1
P07743,2026-06-17,2026-07-08,2
P07750,2026-07-05,2026-07-08,3
P07767,2026-07-08,2026-07-08,3
P07789,2026-06-21,2026-07-08,2
P07802,2026-06-18,2026-07-08,4
P07807,2026-07-03,2026-07-08,1
P07809,2026-07-06,2026-07-08,2
P07812,2026-07-01,2026-07-08,4
P07818,2026-07-06,2026-07-08,1
P07826,2026-07-06,2026-07-08,2
P07840,2026-06-29,2026-07-08,2
P07856,2026-07-05,2026-07-08,4
P07862,2026-07-06,2026-07-08,2
P07863,2026-07-02,2026-07-08,2
P07864,2026-07-04,2026-07-08,4
P07870,2026-06-27,2026-07-08,3
P07895,2026-06-26,2026-07-08,2
P07910,2026-07-08,2026-07-08,4
P07926,2026-06-10,2026-07-08,1
P07928,2026-07-01,2026-07-08,3
P07931,2026-07-08,2026-07-08,3
P07974,2026-07-07,2026-07-08,1
P07975,2026-07-03,2026-07-08,2
P07992,2026-07-08,2026-07-08,5
P07995,2026-06-18,2026-07-08,2
P07996,2026-06-22,2026-07-08,1
P00005,2026-06-16,2026-07-09,2
P00011,2026-07-08,2026-07-09,1
P00018,2026-06-09,2026-07-09,4
P00037,2026-07-03,2026-07-09,2
P00038,2026-07-09,2026-07-09,3
P00040,2026-07-03,2026-07-09,4
P00041,2026-06-09,2026-07-09,1
P00044,2026-06-30,2026-07-09,3
P00049,2026-07-09,2026-07-09,5
P00053,2026-07-02,2026-07-09,4
P00057,2026-06-19,2026-07-09,3
P00058,2026-06-23,2026-07-09,1
P00059,2026-07-02,2026-07-09,2
P00068,2026-06-23,2026-07-09,4
P00075,2026-07-07,2026-07-09,3
P00083,2026-06-13,2026-07-09,3
P00108,2026-07-02,2026-07-09,3
P00123,2026-07-07,2026-07-09,3
P00126,2026-06-20,2026-07-09,1
P00133,2026-06-25,2026-07-09,2
P00157,2026-07-09,2026-07-09,5
P00188,2026-07-09,2026-07-09,2
P00200,2026-07-01,2026-07-09,2
P00260,2026-07-09,2026-07-09,1
P00279,2026-06-19,2026-07-09,4
P00296,2026-06-09,2026-07-09,4
P00319,2026-07-07,2026-07-09,3
P00354,2026-07-06,2026-07-09,3
P00363,2026-07-09,2026-07-09,1
P00390,2026-07-09,2026-07-09,1
P00401,2026-07-05,2026-07-09,3
P00418,2026-07-02,2026-07-09,1
P00431,2026-07-04,2026-07-09,2
P00442,2026-06-28,2026-07-09,3
P00447,2026-06-17,2026-07-09,4
P00457,2026-07-08,2026-07-09,2
P00468,2026-06-26,2026-07-09,4
P00512,2026-07-09,2026-07-09,3
P00530,2026-07-01,2026-07-09,2
P00558,2026-07-09,2026-07-09,3
P00571,2026-06-09,2026-07-09,2
P00577,2026-06-25,2026-07-09,3
P00589,2026-07-09,2026-07-09,1
P00614,2026-06-28,2026-07-09,1
P00630,2026-06-28,2026-07-09,3
P00635,2026-07-09,2026-07-09,4
P00654,2026-07-01,2026-07-09,3
P00706,2026-06-11,2026-07-09,3
P00758,2026-07-02,2026-07-09,3
P00783,2026-06-29,2026-07-09,2
P00805,2026-06-13,2026-07-09,4
P00810,2026-07-01,2026-07-09,1
P00818,2026-07-09,2026-07-09,5
P00827,2026-07-07,2026-07-09,2
P00835,2026-07-09,2026-07-09,4
P00866,2026-06-30,2026-07-09,4
P00887,2026-07-08,2026-07-09,2
P00920,2026-07-09,2026-07-09,1
P00975,2026-06-25,2026-07-09,1
P00989,2026-07-09,2026-07-09,3
P00992,2026-07-09,2026-07-09,1
P01002,2026-07-04,2026-07-09,1
P01025,2026-06-29,2026-07-09,3
P01034,2026-06-21,2026-07-09,2
P01062,2026-07-09,2026-07-09,5
P01063,2026-06-29,2026-07-09,1
P01064,2026-07-09,2026-07-09,2
P01070,2026-07-07,2026-07-09,2
P01095,2026-06-20,2026-07-09,1
P01105,2026-06-27,2026-07-09,1
P01118,2026-07-06,2026-07-09,3
P01119,2026-06-09,2026-07-09,3
P01120,2026-06-28,2026-07-09,4
P01148,2026-07-09,2026-07-09,1
P01151,2026-07-09,2026-07-09,1
P01155,2026-06-21,2026-07-09,2
P01161,2026-06-24,2026-07-09,2
P01177,2026-06-26,2026-07-09,1
P01179,2026-06-14,2026-07-09,4
P01183,2026-06-17,2026-07-09,2
P01197,2026-06-26,2026-07-09,2
P01198,2026-07-09,2026-07-09,1
P01212,2026-07-09,2026-07-09,2
P01221,2026-07-09,2026-07-09,2
P01268,2026-06-25,2026-07-09,4
P01276,2026-06-27,2026-07-09,3
P01286,2026-07-09,2026-07-09,1
P01289,2026-06-25,2026-07-09,1
P01319,2026-06-25,2026-07-09,4
P01328,2026-07-09,2026-07-09,5
P01332,2026-06-22,2026-07-09,1
P01358,2026-06-11,2026-07-09,2
P01365,2026-06-13,2026-07-09,3
P01374,2026-07-09,2026-07-09,2
P01379,2026-06-18,2026-07-09,2
P01386,2026-06-29,2026-07-09,1
P01426,2026-06-29,2026-07-09,2
P01430,2026-06-27,2026-07-09,2
P01452,2026-07-09,2026-07-09,1
P01463,2026-06-25,2026-07-09,1
P01496,2026-06-30,2026-07-09,1
P01545,2026-06-16,2026-07-09,2
P01566,2026-06-26,2026-07-09,2
P01589,2026-07-06,2026-07-09,4
P01595,2026-07-09,2026-07-09,5
P01607,2026-07-06,2026-07-09,1
P01614,2026-06-20,2026-07-09,3
P01617,2026-07-08,2026-07-09,1
P01635,2026-06-10,2026-07-09,4
P01647,2026-07-07,2026-07-09,3
P01653,2026-06-20,2026-07-09,3
P01656,2026-07-07,2026-07-09,4
P01666,2026-07-09,2026-07-09,3
P01667,2026-06-19,2026-07-09,1
P01688,2026-06-26,2026-07-09,4
P01689,2026-07-09,2026-07-09,1
P01695,2026-07-09,2026-07-09,3
P01701,2026-07-06,2026-07-09,3
P01704,2026-06-29,2026-07-09,3
P01722,2026-07-07,2026-07-09,1
P01726,2026-07-08,2026-07-09,4
P01727,2026-07-09,2026-07-09,1
P01730,2026-07-08,2026-07-09,4
P01735,2026-07-09,2026-07-09,4
P01747,2026-07-09,2026-07-09,5
P01758,2026-07-08,2026-07-09,3
P01761,2026-06-17,2026-07-09,3
P01786,2026-06-21,2026-07-09,2
P01801,2026-07-06,2026-07-09,2
P01821,2026-06-10,2026-07-09,4
P01835,2026-06-20,2026-07-09,1
P01840,2026-06-22,2026-07-09,3
P01849,2026-07-09,2026-07-09,3
P01852,2026-07-09,2026-07-09,5
P01859,2026-07-04,2026-07-09,2
P01865,2026-07-05,2026-07-09,1
P01874,2026-07-04,2026-07-09,2
P01906,2026-06-25,2026-07-09,2
P01929,2026-06-21,2026-07-09,3
P01943,2026-07-02,2026-07-09,2
P01966,2026-06-18,2026-07-09,3
P01976,2026-07-05,2026-07-09,4
P01992,2026-06-09,2026-07-09,4
P02000,2026-06-20,2026-07-09,4
P02006,2026-06-29,2026-07-09,2
P02007,2026-07-09,2026-07-09,2
P02009,2026-07-08,2026-07-09,2
P02011,2026-06-19,2026-07-09,1
P02016,2026-06-23,2026-07-09,2
P02033,2026-07-03,2026-07-09,2
P02039,2026-07-07,2026-07-09,1
P02064,2026-07-09,2026-07-09,4
P02085,2026-07-06,2026-07-09,2
P02086,2026-07-06,2026-07-09,1
P02113,2026-07-09,2026-07-09,3
P02128,2026-07-02,2026-07-09,4
P02130,2026-07-09,2026-07-09,5
P02152,2026-07-09,2026-07-09,3
P02162,2026-07-08,2026-07-09,4
P02164,2026-07-09,2026-07-09,4
P02177,2026-07-09,2026-07-09,3
P02185,2026-07-06,2026-07-09,2
P02217,2026-06-12,2026-07-09,1
P02218,2026-07-07,2026-07-09,1
P02229,2026-07-06,2026-07-09,4
P02236,2026-06-24,2026-07-09,1
P02255,2026-07-07,2026-07-09,4
P02291,2026-07-02,2026-07-09,2
P02302,2026-06-22,2026-07-09,1
P02324,2026-07-09,2026-07-09,1
P02333,2026-07-09,2026-07-09,5
P02334,2026-06-09,2026-07-09,1
P02335,2026-07-08,2026-07-09,4
P02351,2026-07-03,2026-07-09,3
P02357,2026-06-27,2026-07-09,4
P02371,2026-07-09,2026-07-09,1
P02375,2026-06-26,2026-07-09,2
P02384,2026-07-06,2026-07-09,1
P02388,2026-07-08,2026-07-09,1
P02393,2026-06-25,2026-07-09,4
P02405,2026-07-09,2026-07-09,3
P02439,2026-07-09,2026-07-09,3
P02448,2026-07-09,2026-07-09,1
P02459,2026-07-09,2026-07-09,4
P02507,2026-06-13,2026-07-09,3
P02522,2026-07-09,2026-07-09,3
P02532,2026-07-09,2026-07-09,3
P02580,2026-07-03,2026-07-09,4
P02648,2026-06-24,2026-07-09,2
P02678,2026-07-01,2026-07-09,2
P02699,2026-07-06,2026-07-09,3
P02701,2026-07-08,2026-07-09,3
P02704,2026-07-09,2026-07-09,1
P02731,2026-06-19,2026-07-09,1
P02748,2026-07-08,2026-07-09,2
P02758,2026-06-14,2026-07-09,1
P02762,2026-07-09,2026-07-09,4
P02772,2026-06-29,2026-07-09,1
P02800,2026-07-09,2026-07-09,2
P02807,2026-06-23,2026-07-09,3
P02810,2026-07-09,2026-07-09,5
P02826,2026-06-25,2026-07-09,1
P02838,2026-07-09,2026-07-09,5
P02868,2026-07-05,2026-07-09,1
P02872,2026-07-09,2026-07-09,4
P02897,2026-07-09,2026-07-09,5
P02909,2026-07-08,2026-07-09,2
P02910,2026-07-09,2026-07-09,5
P02911,2026-07-09,2026-07-09,5
P02922,2026-06-12,2026-07-09,4
P02935,2026-06-21,2026-07-09,3
P02943,2026-06-23,2026-07-09,4
P02959,2026-07-06,2026-07-09,2
P02961,2026-06-27,2026-07-09,3
P02999,2026-07-07,2026-07-09,3
P03014,2026-07-06,2026-07-09,4
P03071,2026-07-04,2026-07-09,1
P03079,2026-07-08,2026-07-09,1
P03117,2026-06-26,2026-07-09,1
P03154,2026-07-08,2026-07-09,4
P03158,2026-07-09,2026-07-09,1
P03168,2026-07-06,2026-07-09,3
P03198,2026-07-09,2026-07-09,1
P03207,2026-06-14,2026-07-09,4
P03222,2026-06-28,2026-07-09,3
P03248,2026-07-05,2026-07-09,1
P03257,2026-07-08,2026-07-09,1
P03259,2026-07-09,2026-07-09,1
P03285,2026-07-05,2026-07-09,4
P03320,2026-06-26,2026-07-09,1
P03324,2026-06-17,2026-07-09,1
P03334,2026-07-09,2026-07-09,1
P03335,2026-06-23,2026-07-09,3
P03345,2026-06-12,2026-07-09,3
P03362,2026-06-24,2026-07-09,3
P03370,2026-07-02,2026-07-09,4
P03390,2026-07-09,2026-07-09,3
P03408,2026-07-04,2026-07-09,3
P03410,2026-07-05,2026-07-09,4
P03442,2026-06-10,2026-07-09,2
P03443,2026-07-09,2026-07-09,4
P03453,2026-07-09,2026-07-09,3
P03461,2026-06-29,2026-07-09,2
P03464,2026-07-08,2026-07-09,4
P03471,2026-07-09,2026-07-09,5
P03489,2026-07-06,2026-07-09,2
P03508,2026-07-07,2026-07-09,2
P03517,2026-07-07,2026-07-09,1
P03532,2026-07-01,2026-07-09,1
P03562,2026-07-08,2026-07-09,1
P03567,2026-07-07,2026-07-09,3
P03569,2026-07-04,2026-07-09,4
P03580,2026-07-05,2026-07-09,2
P03596,2026-07-06,2026-07-09,2
P03608,2026-07-06,2026-07-09,1
P03620,2026-07-09,2026-07-09,1
P03646,2026-07-09,2026-07-09,3
P03649,2026-07-05,2026-07-09,1
P03651,2026-06-19,2026-07-09,3
P03653,2026-07-06,2026-07-09,2
P03665,2026-06-11,2026-07-09,2
P03695,2026-07-02,2026-07-09,2
P03718,2026-07-09,2026-07-09,4
P03737,2026-07-01,2026-07-09,4
P03739,2026-07-09,2026-07-09,3
P03742,2026-07-08,2026-07-09,4
P03760,2026-06-18,2026-07-09,4
P03791,2026-07-02,2026-07-09,2
P03796,2026-07-09,2026-07-09,4
P03813,2026-07-08,2026-07-09,3
P03821,2026-07-07,2026-07-09,4
P03835,2026-07-06,2026-07-09,2
P03840,2026-06-15,2026-07-09,4
P03853,2026-07-05,2026-07-09,2
P03854,2026-07-09,2026-07-09,1
P03860,2026-07-09,2026-07-09,1
P03903,2026-06-30,2026-07-09,1
P03931,2026-06-15,2026-07-09,2
P03932,2026-06-27,2026-07-09,2
P03938,2026-06-18,2026-07-09,4
P03948,2026-07-08,2026-07-09,2
P03954,2026-07-09,2026-07-09,2
P03966,2026-06-22,2026-07-09,4
P03970,2026-07-01,2026-07-09,1
P03980,2026-06-20,2026-07-09,4
P04022,2026-07-08,2026-07-09,2
P04024,2026-07-08,2026-07-09,4
P04028,2026-07-09,2026-07-09,5
P04033,2026-07-09,2026-07-09,4
P04043,2026-06-30,2026-07-09,1
P04045,2026-07-09,2026-07-09,2
P04059,2026-06-21,2026-07-09,1
P04069,2026-07-07,2026-07-09,1
P04080,2026-07-09,2026-07-09,1
P04089,2026-07-06,2026-07-09,3
P04100,2026-06-22,2026-07-09,2
P04101,2026-06-27,2026-07-09,3
P04107,2026-06-29,2026-07-09,1
P04110,2026-07-01,2026-07-09,2
P04112,2026-07-06,2026-07-09,1
P04135,2026-07-06,2026-07-09,1
P04168,2026-06-30,2026-07-09,1
P04188,2026-06-24,2026-07-09,3
P04196,2026-07-09,2026-07-09,5
P04199,2026-06-12,2026-07-09,4
P04208,2026-06-22,2026-07-09,4
P04232,2026-06-22,2026-07-09,2
P04233,2026-07-09,2026-07-09,4
P04280,2026-06-17,2026-07-09,2
P04284,2026-06-17,2026-07-09,1
P04292,2026-07-08,2026-07-09,4
P04306,2026-07-09,2026-07-09,1
P04315,2026-06-19,2026-07-09,1
P04331,2026-06-21,2026-07-09,2
P04363,2026-07-09,2026-07-09,1
P04377,2026-06-20,2026-07-09,4
P04387,2026-06-20,2026-07-09,4
P04426,2026-06-14,2026-07-09,2
P04430,2026-07-05,2026-07-09,1
P04438,2026-06-14,2026-07-09,1
P04468,2026-06-12,2026-07-09,3
P04469,2026-07-09,2026-07-09,4
P04481,2026-07-09,2026-07-09,5
P04485,2026-07-09,2026-07-09,4
P04499,2026-06-11,2026-07-09,2
P04514,2026-07-05,2026-07-09,3
P04527,2026-06-09,2026-07-09,3
P04537,2026-07-02,2026-07-09,1
P04573,2026-07-03,2026-07-09,2
P04590,2026-07-04,2026-07-09,1
P04608,2026-07-08,2026-07-09,2
P04623,2026-07-09,2026-07-09,1
P04625,2026-06-21,2026-07-09,4
P04640,2026-06-18,2026-07-09,1
P04642,2026-07-02,2026-07-09,3
P04663,2026-07-05,2026-07-09,3
P04706,2026-07-09,2026-07-09,3
P04708,2026-06-11,2026-07-09,2
P04729,2026-06-27,2026-07-09,2
P04732,2026-07-03,2026-07-09,3
P04771,2026-06-25,2026-07-09,3
P04775,2026-07-08,2026-07-09,2
P04780,2026-07-09,2026-07-09,5
P04810,2026-07-09,2026-07-09,4
P04817,2026-07-05,2026-07-09,1
P04820,2026-07-08,2026-07-09,4
P04871,2026-07-08,2026-07-09,3
P04889,2026-07-07,2026-07-09,3
P04913,2026-07-09,2026-07-09,1
P04941,2026-07-09,2026-07-09,2
P04947,2026-06-26,2026-07-09,3
P04953,2026-07-04,2026-07-09,1
P04956,2026-07-02,2026-07-09,1
P04966,2026-06-26,2026-07-09,2
P04967,2026-07-09,2026-07-09,5
P04972,2026-07-06,2026-07-09,1
P04984,2026-07-01,2026-07-09,4
P05003,2026-06-09,2026-07-09,1
P05006,2026-07-06,2026-07-09,3
P05010,2026-06-15,2026-07-09,4
P05012,2026-06-24,2026-07-09,3
P05023,2026-06-28,2026-07-09,3
P05040,2026-07-07,2026-07-09,4
P05058,2026-07-09,2026-07-09,2
P05060,2026-06-19,2026-07-09,1
P05065,2026-06-13,2026-07-09,3
P05067,2026-06-21,2026-07-09,4
P05095,2026-07-05,2026-07-09,4
P05109,2026-07-07,2026-07-09,4
P05131,2026-07-09,2026-07-09,4
P05135,2026-06-30,2026-07-09,4
P05138,2026-06-29,2026-07-09,2
P05154,2026-07-09,2026-07-09,2
P05167,2026-07-09,2026-07-09,2
P05176,2026-07-03,2026-07-09,1
P05199,2026-07-09,2026-07-09,5
P05210,2026-07-02,2026-07-09,2
P05276,2026-07-04,2026-07-09,1
P05287,2026-06-15,2026-07-09,4
P05298,2026-06-23,2026-07-09,2
P05304,2026-06-14,2026-07-09,4
P05399,2026-06-24,2026-07-09,4
P05421,2026-07-05,2026-07-09,4
P05447,2026-07-06,2026-07-09,4
P05476,2026-07-04,2026-07-09,2
P05488,2026-06-22,2026-07-09,3
P05490,2026-06-12,2026-07-09,3
P05526,2026-06-28,2026-07-09,2
P05532,2026-06-20,2026-07-09,4
P05601,2026-06-30,2026-07-09,2
P05619,2026-07-09,2026-07-09,3
P05624,2026-07-08,2026-07-09,2
P05632,2026-07-09,2026-07-09,4
P05666,2026-07-09,2026-07-09,3
P05668,2026-07-07,2026-07-09,4
P05680,2026-07-09,2026-07-09,4
P05696,2026-07-05,2026-07-09,1
P05702,2026-06-22,2026-07-09,4
P05716,2026-07-06,2026-07-09,2
P05743,2026-07-06,2026-07-09,4
P05751,2026-07-08,2026-07-09,4
P05753,2026-06-10,2026-07-09,2
P05773,2026-06-28,2026-07-09,3
P05777,2026-06-09,2026-07-09,2
P05807,2026-06-13,2026-07-09,1
P05812,2026-06-19,2026-07-09,4
P05856,2026-06-29,2026-07-09,1
P05870,2026-07-09,2026-07-09,5
P05891,2026-06-09,2026-07-09,2
P05904,2026-06-19,2026-07-09,2
P05905,2026-07-09,2026-07-09,5
P05922,2026-07-09,2026-07-09,3
P05955,2026-07-06,2026-07-09,4
P05965,2026-07-09,2026-07-09,5
P05995,2026-06-27,2026-07-09,1
P06043,2026-07-09,2026-07-09,4
P06062,2026-06-30,2026-07-09,2
P06071,2026-07-08,2026-07-09,4
P06077,2026-07-06,2026-07-09,1
P06079,2026-07-09,2026-07-09,4
P06085,2026-06-24,2026-07-09,1
P06115,2026-07-09,2026-07-09,5
P06118,2026-07-01,2026-07-09,3
P06126,2026-07-09,2026-07-09,5
P06133,2026-07-02,2026-07-09,4
P06142,2026-06-20,2026-07-09,3
P06145,2026-06-28,2026-07-09,1
P06155,2026-06-25,2026-07-09,4
P06168,2026-06-18,2026-07-09,2
P06227,2026-06-26,2026-07-09,3
P06228,2026-07-05,2026-07-09,3
P06235,2026-06-29,2026-07-09,4
P06320,2026-06-09,2026-07-09,2
P06344,2026-06-12,2026-07-09,1
P06348,2026-07-08,2026-07-09,3
P06391,2026-07-02,2026-07-09,1
P06402,2026-06-21,2026-07-09,4
P06415,2026-06-26,2026-07-09,2
P06447,2026-07-08,2026-07-09,2
P06453,2026-07-09,2026-07-09,5
P06459,2026-07-09,2026-07-09,4
P06460,2026-06-26,2026-07-09,4
P06479,2026-07-09,2026-07-09,3
P06550,2026-07-09,2026-07-09,2
P06552,2026-07-05,2026-07-09,2
P06575,2026-07-09,2026-07-09,2
P06589,2026-06-27,2026-07-09,1
P06593,2026-07-06,2026-07-09,4
P06603,2026-07-03,2026-07-09,1
P06612,2026-07-09,2026-07-09,1
P06640,2026-06-14,2026-07-09,1
P06674,2026-06-23,2026-07-09,3
P06675,2026-07-09,2026-07-09,1
P06722,2026-07-09,2026-07-09,5
P06732,2026-07-09,2026-07-09,4
P06745,2026-07-02,2026-07-09,2
P06758,2026-07-06,2026-07-09,3
P06815,2026-06-22,2026-07-09,1
P06844,2026-06-29,2026-07-09,1
P06853,2026-07-01,2026-07-09,4
P06857,2026-06-22,2026-07-09,3
P06864,2026-06-16,2026-07-09,2
P06900,2026-07-02,2026-07-09,4
P06907,2026-07-08,2026-07-09,3
P06917,2026-07-09,2026-07-09,1
P06923,2026-07-05,2026-07-09,1
P06937,2026-07-06,2026-07-09,3
P06941,2026-06-27,2026-07-09,4
P06958,2026-06-11,2026-07-09,1
P06960,2026-07-09,2026-07-09,4
P07004,2026-07-09,2026-07-09,1
P07023,2026-07-05,2026-07-09,4
P07025,2026-07-09,2026-07-09,4
P07041,2026-07-09,2026-07-09,4
P07045,2026-07-07,2026-07-09,2
P07055,2026-06-20,2026-07-09,2
P07063,2026-06-14,2026-07-09,1
P07070,2026-07-08,2026-07-09,3
P07133,2026-07-01,2026-07-09,2
P07136,2026-07-07,2026-07-09,4
P07157,2026-07-08,2026-07-09,3
P07168,2026-07-02,2026-07-09,3
P07186,2026-07-09,2026-07-09,2
P07204,2026-07-09,2026-07-09,2
P07206,2026-07-08,2026-07-09,3
P07207,2026-07-09,2026-07-09,1
P07240,2026-06-25,2026-07-09,3
P07241,2026-07-09,2026-07-09,4
P07255,2026-06-30,2026-07-09,4
P07260,2026-07-09,2026-07-09,1
P07264,2026-06-10,2026-07-09,2
P07290,2026-07-09,2026-07-09,3
P07302,2026-07-02,2026-07-09,4
P07326,2026-06-16,2026-07-09,1
P07342,2026-07-09,2026-07-09,2
P07366,2026-06-22,2026-07-09,4
P07371,2026-06-09,2026-07-09,1
P07383,2026-07-07,2026-07-09,1
P07404,2026-07-08,2026-07-09,2
P07419,2026-06-17,2026-07-09,3
P07461,2026-06-25,2026-07-09,2
P07485,2026-06-27,2026-07-09,3
P07492,2026-07-09,2026-07-09,1
P07500,2026-07-08,2026-07-09,1
P07514,2026-06-13,2026-07-09,4
P07517,2026-07-09,2026-07-09,5
P07558,2026-07-09,2026-07-09,1
P07572,2026-07-03,2026-07-09,2
P07580,2026-06-24,2026-07-09,2
P07588,2026-07-09,2026-07-09,5
P07597,2026-07-09,2026-07-09,1
P07604,2026-07-09,2026-07-09,3
P07630,2026-06-18,2026-07-09,1
P07641,2026-07-09,2026-07-09,5
P07647,2026-07-02,2026-07-09,3
P07650,2026-07-06,2026-07-09,1
P07654,2026-07-02,2026-07-09,1
P07660,2026-06-28,2026-07-09,3
P07676,2026-07-03,2026-07-09,2
P07679,2026-07-04,2026-07-09,1
P07696,2026-06-24,2026-07-09,1
P07697,2026-06-12,2026-07-09,1
P07699,2026-07-02,2026-07-09,2
P07727,2026-06-10,2026-07-09,1
P07733,2026-06-23,2026-07-09,4
P07747,2026-07-09,2026-07-09,5
P07764,2026-07-09,2026-07-09,1
P07767,2026-07-08,2026-07-09,1
P07777,2026-07-07,2026-07-09,3
P07795,2026-06-24,2026-07-09,2
P07798,2026-07-09,2026-07-09,4
P07802,2026-06-18,2026-07-09,1
P07831,2026-07-09,2026-07-09,4
P07834,2026-07-09,2026-07-09,1
P07838,2026-07-09,2026-07-09,1
P07840,2026-06-29,2026-07-09,3
P07862,2026-07-06,2026-07-09,2
P07883,2026-06-28,2026-07-09,4
P07891,2026-07-09,2026-07-09,5
P07901,2026-07-04,2026-07-09,2
P07918,2026-07-09,2026-07-09,5
P07924,2026-07-09,2026-07-09,5
P07926,2026-06-10,2026-07-09,3
P07931,2026-07-08,2026-07-09,1
P07949,2026-07-09,2026-07-09,5
P07992,2026-07-08,2026-07-09,1
P07995,2026-06-18,2026-07-09,3
P00037,2026-07-03,2026-07-10,3
P00038,2026-07-09,2026-07-10,1
P00049,2026-07-09,2026-07-10,1
P00054,2026-06-11,2026-07-10,2
P00055,2026-06-19,2026-07-10,2
P00059,2026-07-02,2026-07-10,4
P00089,2026-07-10,2026-07-10,5
P00130,2026-07-10,2026-07-10,3
P00137,2026-07-10,2026-07-10,4
P00144,2026-06-22,2026-07-10,4
P00158,2026-07-10,2026-07-10,1
P00209,2026-07-10,2026-07-10,4
P00238,2026-07-03,2026-07-10,1
P00239,2026-06-30,2026-07-10,3
P00245,2026-06-21,2026-07-10,3
P00247,2026-07-05,2026-07-10,2
P00299,2026-06-16,2026-07-10,4
P00311,2026-06-12,2026-07-10,4
P00319,2026-07-07,2026-07-10,1
P00336,2026-07-03,2026-07-10,1
P00363,2026-07-09,2026-07-10,2
P00366,2026-07-07,2026-07-10,4
P00371,2026-07-10,2026-07-10,4
P00390,2026-07-09,2026-07-10,1
P00405,2026-07-05,2026-07-10,4
P00431,2026-07-04,2026-07-10,3
P00433,2026-06-26,2026-07-10,3
P00435,2026-07-10,2026-07-10,1
P00442,2026-06-28,2026-07-10,4
P00454,2026-06-27,2026-07-10,3
P00457,2026-07-08,2026-07-10,4
P00478,2026-07-05,2026-07-10,2
P00489,2026-07-02,2026-07-10,2
P00491,2026-06-23,2026-07-10,1
P00499,2026-06-15,2026-07-10,1
P00533,2026-06-26,2026-07-10,2
P00546,2026-07-02,2026-07-10,2
P00555,2026-06-30,2026-07-10,1
P00562,2026-06-15,2026-07-10,4
P00566,2026-07-04,2026-07-10,2
P00609,2026-06-11,2026-07-10,2
P00620,2026-06-22,2026-07-10,3
P00631,2026-07-07,2026-07-10,3
P00635,2026-07-09,2026-07-10,2
P00637,2026-07-10,2026-07-10,4
P00639,2026-06-30,2026-07-10,3
P00643,2026-07-07,2026-07-10,4
P00668,2026-06-30,2026-07-10,2
P00670,2026-07-10,2026-07-10,3
P00675,2026-06-25,2026-07-10,3
P00690,2026-07-05,2026-07-10,4
P00697,2026-07-10,2026-07-10,2
P00720,2026-07-10,2026-07-10,4
P00748,2026-07-10,2026-07-10,4
P00753,2026-07-10,2026-07-10,1
P00754,2026-07-10,2026-07-10,4
P00758,2026-07-02,2026-07-10,3
P00759,2026-06-30,2026-07-10,2
P00797,2026-07-03,2026-07-10,3
P00815,2026-07-10,2026-07-10,1
P00827,2026-07-07,2026-07-10,3
P00839,2026-07-10,2026-07-10,2
P00841,2026-06-26,2026-07-10,1
P00869,2026-07-07,2026-07-10,4
P00872,2026-06-11,2026-07-10,1
P00887,2026-07-08,2026-07-10,3
P00888,2026-07-03,2026-07-10,1
P00892,2026-06-22,2026-07-10,2
P00916,2026-06-10,2026-07-10,2
P00920,2026-07-09,2026-07-10,3
P00931,2026-06-10,2026-07-10,4
P00936,2026-06-19,2026-07-10,1
P00953,2026-06-29,2026-07-10,4
P00962,2026-06-22,2026-07-10,1
P00987,2026-06-26,2026-07-10,4
P01002,2026-07-04,2026-07-10,1
P01003,2026-07-10,2026-07-10,2
P01020,2026-07-04,2026-07-10,2
P01038,2026-06-15,2026-07-10,3
P01062,2026-07-09,2026-07-10,2
P01083,2026-06-22,2026-07-10,2
P01107,2026-06-14,2026-07-10,3
P01118,2026-07-06,2026-07-10,2
P01123,2026-07-10,2026-07-10,1
P01141,2026-06-13,2026-07-10,2
P01185,2026-07-10,2026-07-10,5
P01202,2026-07-07,2026-07-10,3
P01215,2026-07-06,2026-07-10,4
P01216,2026-06-21,2026-07-10,2
P01267,2026-06-28,2026-07-10,1
P01331,2026-07-10,2026-07-10,5
P01332,2026-06-22,2026-07-10,4
P01345,2026-07-10,2026-07-10,4
P01350,2026-07-10,2026-07-10,1
P01382,2026-07-10,2026-07-10,4
P01393,2026-06-15,2026-07-10,3
P01405,2026-06-25,2026-07-10,4
P01414,2026-07-02,2026-07-10,4
P01452,2026-07-09,2026-07-10,3
P01454,2026-07-04,2026-07-10,4
P01497,2026-07-05,2026-07-10,3
P01504,2026-07-05,2026-07-10,3
P01505,2026-07-07,2026-07-10,3
P01507,2026-07-03,2026-07-10,4
P01575,2026-07-07,2026-07-10,3
P01595,2026-07-09,2026-07-10,4
P01598,2026-07-10,2026-07-10,3
P01614,2026-06-20,2026-07-10,4
P01617,2026-07-08,2026-07-10,1
P01626,2026-07-05,2026-07-10,3
P01641,2026-06-18,2026-07-10,1
P01642,2026-06-30,2026-07-10,2
P01666,2026-07-09,2026-07-10,3
P01674,2026-07-05,2026-07-10,2
P01681,2026-07-10,2026-07-10,3
P01684,2026-07-05,2026-07-10,3
P01696,2026-07-04,2026-07-10,3
P01708,2026-07-08,2026-07-10,1
P01768,2026-07-10,2026-07-10,3
P01776,2026-07-07,2026-07-10,4
P01816,2026-06-24,2026-07-10,2
P01845,2026-07-05,2026-07-10,2
P01847,2026-07-01,2026-07-10,4
P01849,2026-07-09,2026-07-10,2
P01852,2026-07-09,2026-07-10,2
P01864,2026-07-10,2026-07-10,5
P01871,2026-07-10,2026-07-10,3
P01888,2026-07-01,2026-07-10,3
P01897,2026-07-10,2026-07-10,5
P01900,2026-07-10,2026-07-10,2
P01962,2026-06-17,2026-07-10,2
P01980,2026-06-17,2026-07-10,4
P02000,2026-06-20,2026-07-10,1
P02023,2026-07-10,2026-07-10,1
P02029,2026-07-10,2026-07-10,5
P02067,2026-06-18,2026-07-10,2
P02071,2026-07-10,2026-07-10,1
P02073,2026-06-12,2026-07-10,2
P02079,2026-07-05,2026-07-10,2
P02092,2026-06-26,2026-07-10,3
P02093,2026-07-06,2026-07-10,4
P02117,2026-07-06,2026-07-10,3
P02123,2026-06-18,2026-07-10,3
P02159,2026-07-01,2026-07-10,2
P02195,2026-07-10,2026-07-10,1
P02213,2026-06-10,2026-07-10,1
P02218,2026-07-07,2026-07-10,2
P02227,2026-06-21,2026-07-10,2
P02242,2026-06-23,2026-07-10,3
P02247,2026-06-16,2026-07-10,1
P02265,2026-06-13,2026-07-10,2
P02272,2026-07-10,2026-07-10,2
P02273,2026-07-10,2026-07-10,2
P02280,2026-06-21,2026-07-10,1
P02283,2026-07-04,2026-07-10,3
P02291,2026-07-02,2026-07-10,4
P02302,2026-06-22,2026-07-10,4
P02333,2026-07-09,2026-07-10,2
P02335,2026-07-08,2026-07-10,4
P02356,2026-06-10,2026-07-10,1
P02364,2026-07-10,2026-07-10,1
P02366,2026-07-10,2026-07-10,5
P02367,2026-07-10,2026-07-10,2
P02402,2026-07-10,2026-07-10,4
P02405,2026-07-09,2026-07-10,1
P02419,2026-06-26,2026-07-10,1
P02430,2026-07-10,2026-07-10,2
P02448,2026-07-09,2026-07-10,2
P02451,2026-06-23,2026-07-10,1
P02459,2026-07-09,2026-07-10,2
P02473,2026-07-08,2026-07-10,1
P02474,2026-06-17,2026-07-10,2
P02509,2026-06-22,2026-07-10,4
P02510,2026-07-10,2026-07-10,4
P02525,2026-06-27,2026-07-10,1
P02531,2026-07-05,2026-07-10,4
P02555,2026-06-23,2026-07-10,3
P02568,2026-06-30,2026-07-10,2
P02580,2026-07-03,2026-07-10,1
P02582,2026-06-14,2026-07-10,1
P02591,2026-07-10,2026-07-10,1
P02601,2026-06-19,2026-07-10,4
P02634,2026-07-10,2026-07-10,5
P02638,2026-06-20,2026-07-10,4
P02643,2026-06-18,2026-07-10,3
P02678,2026-07-01,2026-07-10,4
P02696,2026-06-13,2026-07-10,3
P02699,2026-07-06,2026-07-10,3
P02701,2026-07-08,2026-07-10,2
P02704,2026-07-09,2026-07-10,3
P02719,2026-06-21,2026-07-10,4
P02732,2026-07-10,2026-07-10,1
P02735,2026-07-10,2026-07-10,2
P02768,2026-06-21,2026-07-10,2
P02776,2026-07-02,2026-07-10,2
P02785,2026-07-08,2026-07-10,3
P02787,2026-07-10,2026-07-10,2
P02796,2026-07-10,2026-07-10,2
P02837,2026-07-10,2026-07-10,4
P02849,2026-07-10,2026-07-10,4
P02861,2026-06-28,2026-07-10,2
P02889,2026-06-11,2026-07-10,3
P02905,2026-06-14,2026-07-10,4
P02909,2026-07-08,2026-07-10,3
P02910,2026-07-09,2026-07-10,2
P02915,2026-06-29,2026-07-10,4
P02935,2026-06-21,2026-07-10,1
P02952,2026-06-20,2026-07-10,2
P02991,2026-07-04,2026-07-10,2
P03014,2026-07-06,2026-07-10,2
P03056,2026-07-04,2026-07-10,1
P03086,2026-07-08,2026-07-10,4
P03089,2026-07-06,2026-07-10,2
P03199,2026-07-10,2026-07-10,2
P03200,2026-06-24,2026-07-10,3
P03210,2026-07-10,2026-07-10,1
P03227,2026-06-14,2026-07-10,1
P03240,2026-06-23,2026-07-10,1
P03241,2026-07-07,2026-07-10,4
P03252,2026-07-01,2026-07-10,4
P03257,2026-07-08,2026-07-10,4
P03287,2026-06-11,2026-07-10,4
P03307,2026-06-10,2026-07-10,1
P03341,2026-07-10,2026-07-10,1
P03349,2026-07-08,2026-07-10,1
P03376,2026-07-10,2026-07-10,3
P03390,2026-07-09,2026-07-10,3
P03410,2026-07-05,2026-07-10,4
P03416,2026-07-06,2026-07-10,1
P03422,2026-06-19,2026-07-10,1
P03450,2026-06-24,2026-07-10,3
P03464,2026-07-08,2026-07-10,1
P03471,2026-07-09,2026-07-10,2
P03477,2026-07-06,2026-07-10,1
P03496,2026-07-04,2026-07-10,2
P03517,2026-07-07,2026-07-10,4
P03537,2026-07-08,2026-07-10,1
P03559,2026-07-10,2026-07-10,4
P03562,2026-07-08,2026-07-10,4
P03567,2026-07-07,2026-07-10,2
P03582,2026-06-18,2026-07-10,3
P03591,2026-06-22,2026-07-10,2
P03600,2026-06-28,2026-07-10,2
P03607,2026-07-10,2026-07-10,4
P03620,2026-07-09,2026-07-10,1
P03634,2026-06-30,2026-07-10,2
P03643,2026-06-26,2026-07-10,2
P03646,2026-07-09,2026-07-10,4
P03651,2026-06-19,2026-07-10,2
P03659,2026-06-15,2026-07-10,1
P03695,2026-07-02,2026-07-10,1
P03702,2026-06-11,2026-07-10,4
P03712,2026-07-10,2026-07-10,2
P03749,2026-07-04,2026-07-10,4
P03753,2026-06-27,2026-07-10,4
P03775,2026-06-10,2026-07-10,4
P03793,2026-06-18,2026-07-10,4
P03796,2026-07-09,2026-07-10,3
P03809,2026-06-26,2026-07-10,2
P03860,2026-07-09,2026-07-10,4
P03865,2026-07-10,2026-07-10,3
P03901,2026-06-18,2026-07-10,1
P03936,2026-07-10,2026-07-10,5
P03948,2026-07-08,2026-07-10,2
P03954,2026-07-09,2026-07-10,1
P03955,2026-07-08,2026-07-10,2
P03965,2026-06-20,2026-07-10,2
P03966,2026-06-22,2026-07-10,3
P03993,2026-07-10,2026-07-10,4
P03998,2026-06-27,2026-07-10,2
P04009,2026-06-22,2026-07-10,2
P04015,2026-07-10,2026-07-10,2
P04022,2026-07-08,2026-07-10,4
P04028,2026-07-09,2026-07-10,3
P04030,2026-07-08,2026-07-10,3
P04069,2026-07-07,2026-07-10,4
P04110,2026-07-01,2026-07-10,1
P04114,2026-07-10,2026-07-10,4
P04135,2026-07-06,2026-07-10,2
P04149,2026-06-29,2026-07-10,1
P04157,2026-06-22,2026-07-10,2
P04177,2026-06-22,2026-07-10,2
P04179,2026-07-06,2026-07-10,1
P04188,2026-06-24,2026-07-10,4
P04193,2026-06-30,2026-07-10,2
P04196,2026-07-09,2026-07-10,1
P04269,2026-06-20,2026-07-10,3
P04278,2026-06-29,2026-07-10,1
P04310,2026-07-10,2026-07-10,3
P04320,2026-07-10,2026-07-10,5
P04345,2026-07-10,2026-07-10,2
P04347,2026-06-25,2026-07-10,3
P04355,2026-07-10,2026-07-10,3
P04356,2026-06-27,2026-07-10,4
P04392,2026-07-08,2026-07-10,2
P04422,2026-07-10,2026-07-10,5
P04426,2026-06-14,2026-07-10,2
P04451,2026-06-12,2026-07-10,3
P04462,2026-06-23,2026-07-10,1
P04495,2026-06-17,2026-07-10,2
P04526,2026-07-10,2026-07-10,3
P04530,2026-07-10,2026-07-10,1
P04542,2026-07-05,2026-07-10,3
P04566,2026-07-10,2026-07-10,3
P04587,2026-07-10,2026-07-10,2
P04594,2026-06-10,2026-07-10,4
P04608,2026-07-08,2026-07-10,2
P04623,2026-07-09,2026-07-10,1
P04634,2026-07-10,2026-07-10,5
P04640,2026-06-18,2026-07-10,1
P04659,2026-06-14,2026-07-10,3
P04666,2026-06-14,2026-07-10,3
P04673,2026-07-06,2026-07-10,4
P04676,2026-07-07,2026-07-10,1
P04701,2026-06-11,2026-07-10,4
P04708,2026-06-11,2026-07-10,1
P04717,2026-07-04,2026-07-10,2
P04732,2026-07-03,2026-07-10,2
P04753,2026-07-10,2026-07-10,2
P04783,2026-06-12,2026-07-10,1
P04792,2026-07-10,2026-07-10,1
P04794,2026-07-10,2026-07-10,2
P04850,2026-07-10,2026-07-10,1
P04866,2026-07-05,2026-07-10,3
P04889,2026-07-07,2026-07-10,3
P04916,2026-06-12,2026-07-10,2
P04930,2026-07-05,2026-07-10,1
P04935,2026-07-02,2026-07-10,4
P04976,2026-06-27,2026-07-10,2
P04980,2026-07-10,2026-07-10,4
P04981,2026-06-15,2026-07-10,3
P04990,2026-06-22,2026-07-10,1
P05018,2026-06-15,2026-07-10,2
P05030,2026-06-13,2026-07-10,4
P05034,2026-06-18,2026-07-10,3
P05058,2026-07-09,2026-07-10,2
P05116,2026-06-15,2026-07-10,2
P05117,2026-06-25,2026-07-10,3
P05154,2026-07-09,2026-07-10,2
P05193,2026-06-29,2026-07-10,4
P05302,2026-07-07,2026-07-10,4
P05306,2026-06-25,2026-07-10,3
P05311,2026-07-10,2026-07-10,1
P05332,2026-07-02,2026-07-10,2
P05337,2026-07-10,2026-07-10,3
P05356,2026-07-02,2026-07-10,3
P05397,2026-07-10,2026-07-10,1
P05443,2026-07-10,2026-07-10,1
P05506,2026-06-16,2026-07-10,4
P05515,2026-06-22,2026-07-10,4
P05530,2026-07-10,2026-07-10,2
P05531,2026-07-05,2026-07-10,3
P05560,2026-06-15,2026-07-10,3
P05565,2026-07-07,2026-07-10,1
P05582,2026-07-08,2026-07-10,1
P05608,2026-06-17,2026-07-10,1
P05610,2026-07-05,2026-07-10,3
P05623,2026-06-19,2026-07-10,4
P05638,2026-06-20,2026-07-10,2
P05647,2026-07-08,2026-07-10,3
P05648,2026-06-14,2026-07-10,3
P05664,2026-07-10,2026-07-10,3
P05676,2026-06-29,2026-07-10,3
P05696,2026-07-05,2026-07-10,3
P05700,2026-07-08,2026-07-10,2
P05703,2026-07-01,2026-07-10,4
P05711,2026-07-10,2026-07-10,5
P05743,2026-07-06,2026-07-10,1
P05745,2026-06-28,2026-07-10,1
P05764,2026-07-10,2026-07-10,4
P05765,2026-07-10,2026-07-10,5
P05799,2026-07-07,2026-07-10,1
P05802,2026-07-10,2026-07-10,3
P05825,2026-06-29,2026-07-10,4
P05827,2026-07-10,2026-07-10,2
P05828,2026-06-10,2026-07-10,1
P05837,2026-07-10,2026-07-10,4
P05846,2026-06-20,2026-07-10,3
P05852,2026-06-25,2026-07-10,1
P05854,2026-07-01,2026-07-10,4
P05870,2026-07-09,2026-07-10,4
P05884,2026-07-10,2026-07-10,5
P05889,2026-07-08,2026-07-10,3
P05911,2026-07-10,2026-07-10,1
P05965,2026-07-09,2026-07-10,3
P05993,2026-06-23,2026-07-10,1
P05995,2026-06-27,2026-07-10,3
P06013,2026-06-12,2026-07-10,2
P06032,2026-07-10,2026-07-10,5
P06043,2026-07-09,2026-07-10,2
P06056,2026-06-10,2026-07-10,4
P06063,2026-06-27,2026-07-10,1
P06071,2026-07-08,2026-07-10,4
P06084,2026-07-10,2026-07-10,4
P06099,2026-07-10,2026-07-10,3
P06115,2026-07-09,2026-07-10,1
P06118,2026-07-01,2026-07-10,2
P06145,2026-06-28,2026-07-10,2
P06146,2026-07-07,2026-07-10,4
P06158,2026-07-10,2026-07-10,1
P06175,2026-07-10,2026-07-10,1
P06181,2026-07-10,2026-07-10,2
P06233,2026-07-10,2026-07-10,1
P06294,2026-06-14,2026-07-10,3
P06309,2026-07-10,2026-07-10,4
P06373,2026-07-10,2026-07-10,4
P06389,2026-06-29,2026-07-10,4
P06394,2026-07-04,2026-07-10,1
P06398,2026-07-03,2026-07-10,3
P06399,2026-06-26,2026-07-10,3
P06404,2026-06-16,2026-07-10,2
P06405,2026-06-25,2026-07-10,2
P06422,2026-06-19,2026-07-10,2
P06447,2026-07-08,2026-07-10,4
P06453,2026-07-09,2026-07-10,4
P06455,2026-06-13,2026-07-10,4
P06466,2026-06-28,2026-07-10,3
P06469,2026-07-03,2026-07-10,3
P06496,2026-07-08,2026-07-10,2
P06512,2026-07-03,2026-07-10,4
P06526,2026-06-12,2026-07-10,3
P06532,2026-07-10,2026-07-10,2
P06565,2026-06-25,2026-07-10,2
P06575,2026-07-09,2026-07-10,3
P06591,2026-07-01,2026-07-10,4
P06603,2026-07-03,2026-07-10,2
P06604,2026-06-25,2026-07-10,1
P06612,2026-07-09,2026-07-10,4
P06613,2026-07-07,2026-07-10,4
P06675,2026-07-09,2026-07-10,3
P06696,2026-06-20,2026-07-10,4
P06704,2026-06-30,2026-07-10,2
P06722,2026-07-09,2026-07-10,4
P06732,2026-07-09,2026-07-10,4
P06755,2026-07-10,2026-07-10,4
P06758,2026-07-06,2026-07-10,1
P06765,2026-07-08,2026-07-10,4
P06771,2026-07-06,2026-07-10,2
P06773,2026-06-24,2026-07-10,3
P06777,2026-06-23,2026-07-10,1
P06788,2026-06-10,2026-07-10,4
P06801,2026-06-28,2026-07-10,1
P06809,2026-06-16,2026-07-10,4
P06815,2026-06-22,2026-07-10,1
P06822,2026-06-22,2026-07-10,2
P06823,2026-06-15,2026-07-10,2
P06829,2026-06-12,2026-07-10,3
P06835,2026-06-14,2026-07-10,2
P06837,2026-06-12,2026-07-10,1
P06840,2026-06-22,2026-07-10,2
P06862,2026-07-06,2026-07-10,1
P06892,2026-06-23,2026-07-10,2
P06901,2026-07-10,2026-07-10,2
P06911,2026-07-10,2026-07-10,4
P06923,2026-07-05,2026-07-10,3
P06950,2026-06-29,2026-07-10,1
P06966,2026-06-29,2026-07-10,2
P06995,2026-07-01,2026-07-10,3
P07004,2026-07-09,2026-07-10,1
P07023,2026-07-05,2026-07-10,1
P07030,2026-07-04,2026-07-10,1
P07041,2026-07-09,2026-07-10,1
P07043,2026-07-10,2026-07-10,5
P07080,2026-07-10,2026-07-10,1
P07099,2026-07-05,2026-07-10,2
P07113,2026-06-27,2026-07-10,1
P07136,2026-07-07,2026-07-10,3
P07158,2026-06-21,2026-07-10,1
P07202,2026-06-16,2026-07-10,2
P07210,2026-07-10,2026-07-10,4
P07226,2026-06-17,2026-07-10,1
P07229,2026-06-17,2026-07-10,1
P07261,2026-07-06,2026-07-10,4
P07290,2026-07-09,2026-07-10,4
P07297,2026-07-10,2026-07-10,1
P07304,2026-06-12,2026-07-10,2
P07313,2026-07-03,2026-07-10,2
P07333,2026-07-07,2026-07-10,3
P07338,2026-06-10,2026-07-10,1
P07357,2026-07-10,2026-07-10,4
P07378,2026-06-10,2026-07-10,1
P07387,2026-06-16,2026-07-10,3
P07398,2026-06-26,2026-07-10,4
P07403,2026-07-04,2026-07-10,4
P07409,2026-07-10,2026-07-10,1
P07463,2026-06-16,2026-07-10,4
P07492,2026-07-09,2026-07-10,3
P07495,2026-07-06,2026-07-10,3
P07500,2026-07-08,2026-07-10,1
P07507,2026-07-10,2026-07-10,1
P07517,2026-07-09,2026-07-10,2
P07521,2026-06-20,2026-07-10,2
P07534,2026-07-06,2026-07-10,1
P07543,2026-06-16,2026-07-10,4
P07545,2026-06-15,2026-07-10,3
P07582,2026-06-28,2026-07-10,2
P07604,2026-07-09,2026-07-10,3
P07646,2026-07-01,2026-07-10,4
P07648,2026-06-18,2026-07-10,4
P07652,2026-06-14,2026-07-10,2
P07672,2026-06-23,2026-07-10,3
P07686,2026-07-03,2026-07-10,1
P07706,2026-06-21,2026-07-10,4
P07764,2026-07-09,2026-07-10,2
P07795,2026-06-24,2026-07-10,3
P07805,2026-07-10,2026-07-10,5
P07816,2026-06-14,2026-07-10,1
P07818,2026-07-06,2026-07-10,3
P07832,2026-06-19,2026-07-10,4
P07838,2026-07-09,2026-07-10,3
P07847,2026-07-10,2026-07-10,1
P07871,2026-06-28,2026-07-10,4
P07884,2026-07-10,2026-07-10,3
P07890,2026-06-20,2026-07-10,3
P07893,2026-07-01,2026-07-10,4
P07896,2026-07-10,2026-07-10,2
P07942,2026-06-10,2026-07-10,1
P07963,2026-07-04,2026-07-10,3
P07990,2026-06-21,2026-07-10,1
P07992,2026-07-08,2026-07-10,3
P00015,2026-07-11,2026-07-11,4
P00038,2026-07-09,2026-07-11,4
P00051,2026-06-23,2026-07-11,2
P00057,2026-06-19,2026-07-11,1
P00058,2026-06-23,2026-07-11,2
P00087,2026-07-11,2026-07-11,3
P00115,2026-06-25,2026-07-11,1
P00148,2026-06-29,2026-07-11,2
P00187,2026-07-11,2026-07-11,2
P00203,2026-07-11,2026-07-11,4
P00209,2026-07-10,2026-07-11,1
P00212,2026-07-11,2026-07-11,4
P00215,2026-07-11,2026-07-11,1
P00235,2026-07-06,2026-07-11,4
P00239,2026-06-30,2026-07-11,2
P00263,2026-07-11,2026-07-11,2
P00273,2026-07-11,2026-07-11,1
P00334,2026-06-20,2026-07-11,2
P00340,2026-07-11,2026-07-11,4
P00342,2026-06-24,2026-07-11,1
P00365,2026-07-05,2026-07-11,1
P00390,2026-07-09,2026-07-11,1
P00394,2026-07-11,2026-07-11,4
P00418,2026-07-02,2026-07-11,1
P00471,2026-07-11,2026-07-11,4
P00473,2026-06-30,2026-07-11,3
P00543,2026-06-13,2026-07-11,1
P00567,2026-06-12,2026-07-11,3
P00568,2026-07-11,2026-07-11,5
P00582,2026-06-25,2026-07-11,3
P00602,2026-07-11,2026-07-11,3
P00643,2026-07-07,2026-07-11,3
P00659,2026-06-20,2026-07-11,3
P00664,2026-07-11,2026-07-11,4
P00694,2026-07-11,2026-07-11,4
P00717,2026-06-29,2026-07-11,4
P00737,2026-07-11,2026-07-11,3
P00748,2026-07-10,2026-07-11,2
P00753,2026-07-10,2026-07-11,4
P00780,2026-07-11,2026-07-11,4
P00795,2026-07-03,2026-07-11,2
P00818,2026-07-09,2026-07-11,2
P00841,2026-06-26,2026-07-11,2
P00863,2026-07-02,2026-07-11,4
P00887,2026-07-08,2026-07-11,3
P00902,2026-07-05,2026-07-11,2
P00903,2026-06-20,2026-07-11,4
P00913,2026-07-04,2026-07-11,1
P00926,2026-07-11,2026-07-11,2
P00934,2026-06-12,2026-07-11,1
P00936,2026-06-19,2026-07-11,1
P00940,2026-07-04,2026-07-11,3
P00965,2026-07-04,2026-07-11,1
P00967,2026-07-04,2026-07-11,4
P00993,2026-06-11,2026-07-11,3
P01002,2026-07-04,2026-07-11,3
P01019,2026-06-29,2026-07-11,1
P01059,2026-06-28,2026-07-11,3
P01066,2026-07-11,2026-07-11,2
P01080,2026-07-11,2026-07-11,5
P01098,2026-06-12,2026-07-11,3
P01100,2026-07-11,2026-07-11,5
P01111,2026-06-27,2026-07-11,1
P01114,2026-07-02,2026-07-11,2
P01134,2026-07-11,2026-07-11,3
P01143,2026-07-03,2026-07-11,3
P01192,2026-07-01,2026-07-11,1
P01198,2026-07-09,2026-07-11,4
P01202,2026-07-07,2026-07-11,3
P01212,2026-07-09,2026-07-11,4
P01232,2026-07-02,2026-07-11,2
P01245,2026-07-11,2026-07-11,4
P01248,2026-07-11,2026-07-11,5
P01250,2026-06-29,2026-07-11,3
P01251,2026-07-11,2026-07-11,4
P01256,2026-06-25,2026-07-11,2
P01284,2026-06-14,2026-07-11,4
P01289,2026-06-25,2026-07-11,4
P01324,2026-07-11,2026-07-11,5
P01328,2026-07-09,2026-07-11,1
P01331,2026-07-10,2026-07-11,3
P01345,2026-07-10,2026-07-11,4
P01379,2026-06-18,2026-07-11,2
P01382,2026-07-10,2026-07-11,1
P01383,2026-06-21,2026-07-11,2
P01397,2026-07-11,2026-07-11,1
P01414,2026-07-02,2026-07-11,1
P01452,2026-07-09,2026-07-11,2
P01458,2026-07-11,2026-07-11,2
P01505,2026-07-07,2026-07-11,4
P01557,2026-06-13,2026-07-11,3
P01567,2026-07-05,2026-07-11,1
P01590,2026-06-18,2026-07-11,2
P01592,2026-07-11,2026-07-11,4
P01607,2026-07-06,2026-07-11,3
P01614,2026-06-20,2026-07-11,2
P01622,2026-07-11,2026-07-11,4
P01647,2026-07-07,2026-07-11,4
P01653,2026-06-20,2026-07-11,2
P01657,2026-07-08,2026-07-11,2
P01665,2026-06-16,2026-07-11,4
P01674,2026-07-05,2026-07-11,2
P01680,2026-07-11,2026-07-11,1
P01701,2026-07-06,2026-07-11,3
P01722,2026-07-07,2026-07-11,1
P01768,2026-07-10,2026-07-11,1
P01799,2026-07-11,2026-07-11,4
P01810,2026-07-11,2026-07-11,4
P01824,2026-07-11,2026-07-11,5
P01825,2026-07-06,2026-07-11,4
P01828,2026-06-16,2026-07-11,2
P01847,2026-07-01,2026-07-11,2
P01849,2026-07-09,2026-07-11,4
P01853,2026-06-30,2026-07-11,1
P01865,2026-07-05,2026-07-11,3
P01896,2026-07-11,2026-07-11,4
P01915,2026-07-03,2026-07-11,1
P01918,2026-07-11,2026-07-11,3
P01949,2026-07-08,2026-07-11,2
P01958,2026-07-11,2026-07-11,3
P02006,2026-06-29,2026-07-11,2
P02009,2026-07-08,2026-07-11,2
P02028,2026-06-15,2026-07-11,2
P02039,2026-07-07,2026-07-11,4
P02051,2026-07-11,2026-07-11,2
P02067,2026-06-18,2026-07-11,1
P02155,2026-07-11,2026-07-11,5
P02161,2026-06-13,2026-07-11,3
P02178,2026-07-05,2026-07-11,4
P02193,2026-06-20,2026-07-11,2
P02195,2026-07-10,2026-07-11,4
P02218,2026-07-07,2026-07-11,2
P02225,2026-06-12,2026-07-11,1
P02265,2026-06-13,2026-07-11,3
P02310,2026-07-08,2026-07-11,2
P02335,2026-07-08,2026-07-11,3
P02366,2026-07-10,2026-07-11,4
P02367,2026-07-10,2026-07-11,2
P02371,2026-07-09,2026-07-11,1
P02388,2026-07-08,2026-07-11,1
P02391,2026-06-28,2026-07-11,3
P02407,2026-06-20,2026-07-11,3
P02419,2026-06-26,2026-07-11,2
P02439,2026-07-09,2026-07-11,1
P02458,2026-06-23,2026-07-11,3
P02459,2026-07-09,2026-07-11,3
P02461,2026-07-11,2026-07-11,4
P02486,2026-07-11,2026-07-11,4
P02489,2026-06-18,2026-07-11,1
P02532,2026-07-09,2026-07-11,3
P02571,2026-06-29,2026-07-11,3
P02576,2026-07-03,2026-07-11,2
P02588,2026-06-20,2026-07-11,4
P02602,2026-06-14,2026-07-11,3
P02605,2026-06-28,2026-07-11,1
P02612,2026-07-08,2026-07-11,3
P02638,2026-06-20,2026-07-11,3
P02696,2026-06-13,2026-07-11,1
P02700,2026-07-11,2026-07-11,4
P02701,2026-07-08,2026-07-11,2
P02711,2026-07-11,2026-07-11,2
P02713,2026-06-28,2026-07-11,3
P02746,2026-07-03,2026-07-11,1
P02751,2026-07-11,2026-07-11,5
P02758,2026-06-14,2026-07-11,3
P02787,2026-07-10,2026-07-11,1
P02826,2026-06-25,2026-07-11,4
P02848,2026-07-07,2026-07-11,3
P02892,2026-06-25,2026-07-11,3
P02904,2026-07-06,2026-07-11,4
P02906,2026-06-21,2026-07-11,4
P02910,2026-07-09,2026-07-11,2
P02915,2026-06-29,2026-07-11,1
P02943,2026-06-23,2026-07-11,2
P02955,2026-06-23,2026-07-11,3
P02959,2026-07-06,2026-07-11,4
P02992,2026-06-21,2026-07-11,1
P02998,2026-07-11,2026-07-11,3
P03000,2026-07-11,2026-07-11,2
P03014,2026-07-06,2026-07-11,4
P03026,2026-07-07,2026-07-11,3
P03044,2026-06-21,2026-07-11,4
P03062,2026-07-02,2026-07-11,4
P03065,2026-06-12,2026-07-11,1
P03072,2026-06-12,2026-07-11,4
P03090,2026-07-11,2026-07-11,1
P03093,2026-07-11,2026-07-11,1
P03154,2026-07-08,2026-07-11,1
P03157,2026-06-29,2026-07-11,1
P03158,2026-07-09,2026-07-11,3
P03162,2026-07-06,2026-07-11,3
P03179,2026-07-11,2026-07-11,3
P03187,2026-07-11,2026-07-11,1
P03200,2026-06-24,2026-07-11,1
P03206,2026-07-08,2026-07-11,2
P03207,2026-06-14,2026-07-11,3
P03224,2026-07-05,2026-07-11,2
P03274,2026-07-11,2026-07-11,3
P03279,2026-07-11,2026-07-11,2
P03302,2026-07-11,2026-07-11,3
P03303,2026-06-11,2026-07-11,4
P03347,2026-07-11,2026-07-11,5
P03357,2026-07-03,2026-07-11,3
P03370,2026-07-02,2026-07-11,2
P03376,2026-07-10,2026-07-11,4
P03402,2026-07-06,2026-07-11,3
P03440,2026-07-11,2026-07-11,2
P03445,2026-07-11,2026-07-11,1
P03450,2026-06-24,2026-07-11,4
P03453,2026-07-09,2026-07-11,2
P03464,2026-07-08,2026-07-11,1
P03471,2026-07-09,2026-07-11,3
P03489,2026-07-06,2026-07-11,3
P03491,2026-06-30,2026-07-11,2
P03497,2026-07-11,2026-07-11,2
P03500,2026-07-11,2026-07-11,5
P03528,2026-06-13,2026-07-11,4
P03537,2026-07-08,2026-07-11,3
P03546,2026-07-02,2026-07-11,4
P03549,2026-07-08,2026-07-11,1
P03562,2026-07-08,2026-07-11,4
P03567,2026-07-07,2026-07-11,4
P03569,2026-07-04,2026-07-11,4
P03590,2026-06-18,2026-07-11,3
P03592,2026-06-18,2026-07-11,2
P03608,2026-07-06,2026-07-11,2
P03628,2026-07-11,2026-07-11,1
P03688,2026-06-27,2026-07-11,4
P03744,2026-07-08,2026-07-11,4
P03773,2026-07-06,2026-07-11,4
P03774,2026-06-28,2026-07-11,1
P03783,2026-07-02,2026-07-11,2
P03791,2026-07-02,2026-07-11,1
P03796,2026-07-09,2026-07-11,4
P03802,2026-07-11,2026-07-11,5
P03820,2026-06-13,2026-07-11,3
P03829,2026-06-18,2026-07-11,2
P03831,2026-07-02,2026-07-11,1
P03845,2026-07-11,2026-07-11,2
P03847,2026-07-11,2026-07-11,3
P03854,2026-07-09,2026-07-11,3
P03862,2026-07-11,2026-07-11,5
P03863,2026-06-19,2026-07-11,1
P03874,2026-06-30,2026-07-11,2
P03898,2026-07-01,2026-07-11,4
P03921,2026-07-11,2026-07-11,5
P03944,2026-07-05,2026-07-11,2
P03960,2026-06-12,2026-07-11,1
P03975,2026-06-14,2026-07-11,2
P04001,2026-06-29,2026-07-11,4
P04007,2026-06-21,2026-07-11,4
P04024,2026-07-08,2026-07-11,1
P04028,2026-07-09,2026-07-11,3
P04032,2026-07-08,2026-07-11,1
P04036,2026-06-29,2026-07-11,1
P04065,2026-07-04,2026-07-11,2
P04092,2026-06-21,2026-07-11,4
P04101,2026-06-27,2026-07-11,4
P04110,2026-07-01,2026-07-11,1
P04115,2026-07-01,2026-07-11,1
P04119,2026-06-30,2026-07-11,2
P04126,2026-06-28,2026-07-11,2
P04140,2026-07-03,2026-07-11,2
P04142,2026-07-04,2026-07-11,2
P04168,2026-06-30,2026-07-11,2
P04183,2026-07-11,2026-07-11,4
P04196,2026-07-09,2026-07-11,1
P04237,2026-06-22,2026-07-11,3
P04267,2026-07-11,2026-07-11,4
P04271,2026-07-11,2026-07-11,2
P04273,2026-07-11,2026-07-11,3
P04281,2026-07-11,2026-07-11,3
P04299,2026-06-23,2026-07-11,4
P04306,2026-07-09,2026-07-11,3
P04322,2026-07-01,2026-07-11,4
P04346,2026-06-16,2026-07-11,3
P04355,2026-07-10,2026-07-11,2
P04380,2026-06-25,2026-07-11,4
P04382,2026-07-06,2026-07-11,2
P04384,2026-07-11,2026-07-11,4
P04392,2026-07-08,2026-07-11,1
P04419,2026-07-11,2026-07-11,4
P04429,2026-07-11,2026-07-11,1
P04444,2026-06-27,2026-07-11,4
P04481,2026-07-09,2026-07-11,3
P04499,2026-06-11,2026-07-11,2
P04501,2026-06-21,2026-07-11,2
P04543,2026-07-06,2026-07-11,4
P04564,2026-06-16,2026-07-11,1
P04600,2026-07-11,2026-07-11,3
P04602,2026-07-11,2026-07-11,4
P04608,2026-07-08,2026-07-11,2
P04610,2026-07-11,2026-07-11,2
P04642,2026-07-02,2026-07-11,1
P04660,2026-07-11,2026-07-11,5
P04676,2026-07-07,2026-07-11,4
P04686,2026-07-11,2026-07-11,2
P04690,2026-07-05,2026-07-11,4
P04698,2026-06-12,2026-07-11,4
P04706,2026-07-09,2026-07-11,3
P04720,2026-07-02,2026-07-11,4
P04731,2026-06-27,2026-07-11,1
P04792,2026-07-10,2026-07-11,2
P04794,2026-07-10,2026-07-11,2
P04816,2026-07-11,2026-07-11,5
P04817,2026-07-05,2026-07-11,1
P04850,2026-07-10,2026-07-11,1
P04859,2026-07-11,2026-07-11,5
P04941,2026-07-09,2026-07-11,3
P04967,2026-07-09,2026-07-11,3
P04972,2026-07-06,2026-07-11,3
P04978,2026-07-11,2026-07-11,4
P04992,2026-06-14,2026-07-11,1
P05032,2026-06-15,2026-07-11,1
P05039,2026-07-11,2026-07-11,2
P05046,2026-07-11,2026-07-11,2
P05053,2026-07-11,2026-07-11,4
P05092,2026-07-11,2026-07-11,2
P05109,2026-07-07,2026-07-11,3
P05116,2026-06-15,2026-07-11,3
P05133,2026-07-11,2026-07-11,3
P05147,2026-06-26,2026-07-11,1
P05150,2026-07-06,2026-07-11,4
P05171,2026-06-13,2026-07-11,3
P05180,2026-06-12,2026-07-11,3
P05239,2026-07-11,2026-07-11,2
P05275,2026-07-11,2026-07-11,4
P05288,2026-07-05,2026-07-11,3
P05296,2026-06-18,2026-07-11,4
P05317,2026-06-29,2026-07-11,2
P05339,2026-07-05,2026-07-11,4
P05345,2026-06-29,2026-07-11,4
P05347,2026-07-11,2026-07-11,5
P05358,2026-06-24,2026-07-11,3
P05388,2026-06-28,2026-07-11,2
P05427,2026-07-02,2026-07-11,1
P05471,2026-06-19,2026-07-11,1
P05512,2026-06-23,2026-07-11,3
P05521,2026-07-11,2026-07-11,2
P05530,2026-07-10,2026-07-11,4
P05537,2026-07-02,2026-07-11,3
P05557,2026-07-06,2026-07-11,2
P05562,2026-07-11,2026-07-11,4
P05643,2026-06-21,2026-07-11,2
P05655,2026-06-28,2026-07-11,3
P05663,2026-07-11,2026-07-11,2
P05675,2026-06-11,2026-07-11,1
P05711,2026-07-10,2026-07-11,1
P05743,2026-07-06,2026-07-11,4
P05769,2026-06-28,2026-07-11,1
P05773,2026-06-28,2026-07-11,3
P05805,2026-06-23,2026-07-11,1
P05807,2026-06-13,2026-07-11,4
P05846,2026-06-20,2026-07-11,1
P05862,2026-07-06,2026-07-11,3
P05884,2026-07-10,2026-07-11,3
P05902,2026-07-05,2026-07-11,1
P05932,2026-07-11,2026-07-11,4
P05944,2026-07-11,2026-07-11,4
P05949,2026-07-11,2026-07-11,2
P05950,2026-06-24,2026-07-11,3
P05955,2026-07-06,2026-07-11,3
P05973,2026-07-08,2026-07-11,4
P05994,2026-07-11,2026-07-11,5
P06006,2026-07-03,2026-07-11,3
P06028,2026-06-27,2026-07-11,2
P06031,2026-07-11,2026-07-11,2
P06037,2026-07-11,2026-07-11,3
P06085,2026-06-24,2026-07-11,3
P06099,2026-07-10,2026-07-11,4
P06115,2026-07-09,2026-07-11,4
P06126,2026-07-09,2026-07-11,4
P06135,2026-06-19,2026-07-11,3
P06148,2026-06-21,2026-07-11,4
P06201,2026-07-11,2026-07-11,3
P06220,2026-07-11,2026-07-11,1
P06236,2026-06-11,2026-07-11,2
P06246,2026-07-11,2026-07-11,2
P06251,2026-07-01,2026-07-11,3
P06257,2026-06-20,2026-07-11,4
P06278,2026-07-11,2026-07-11,3
P06288,2026-06-22,2026-07-11,4
P06299,2026-06-16,2026-07-11,1
P06307,2026-06-24,2026-07-11,1
P06313,2026-07-01,2026-07-11,3
P06348,2026-07-08,2026-07-11,4
P06352,2026-07-07,2026-07-11,3
P06358,2026-06-15,2026-07-11,1
P06359,2026-07-11,2026-07-11,4
P06400,2026-07-11,2026-07-11,1
P06421,2026-07-11,2026-07-11,4
P06424,2026-07-11,2026-07-11,4
P06435,2026-07-04,2026-07-11,1
P06447,2026-07-08,2026-07-11,3
P06453,2026-07-09,2026-07-11,2
P06455,2026-06-13,2026-07-11,4
P06466,2026-06-28,2026-07-11,1
P06469,2026-07-03,2026-07-11,2
P06543,2026-06-17,2026-07-11,3
P06545,2026-07-11,2026-07-11,1
P06642,2026-06-18,2026-07-11,3
P06675,2026-07-09,2026-07-11,3
P06727,2026-07-11,2026-07-11,3
P06744,2026-07-11,2026-07-11,5
P06761,2026-07-11,2026-07-11,3
P06764,2026-06-21,2026-07-11,2
P06808,2026-06-14,2026-07-11,4
P06816,2026-07-04,2026-07-11,3
P06845,2026-07-11,2026-07-11,5
P06870,2026-06-25,2026-07-11,3
P06873,2026-07-04,2026-07-11,4
P06906,2026-07-03,2026-07-11,3
P06929,2026-07-11,2026-07-11,5
P06947,2026-07-11,2026-07-11,1
P06995,2026-07-01,2026-07-11,2
P07015,2026-07-05,2026-07-11,1
P07027,2026-06-29,2026-07-11,1
P07031,2026-07-08,2026-07-11,4
P07056,2026-07-08,2026-07-11,2
P07062,2026-06-15,2026-07-11,4
P07065,2026-07-08,2026-07-11,1
P07072,2026-07-11,2026-07-11,1
P07110,2026-06-18,2026-07-11,2
P07116,2026-07-11,2026-07-11,4
P07119,2026-06-23,2026-07-11,4
P07157,2026-07-08,2026-07-11,4
P07168,2026-07-02,2026-07-11,2
P07181,2026-06-16,2026-07-11,1
P07187,2026-06-18,2026-07-11,2
P07190,2026-07-04,2026-07-11,4
P07201,2026-06-30,2026-07-11,2
P07203,2026-06-12,2026-07-11,3
P07204,2026-07-09,2026-07-11,2
P07206,2026-07-08,2026-07-11,1
P07207,2026-07-09,2026-07-11,4
P07240,2026-06-25,2026-07-11,3
P07255,2026-06-30,2026-07-11,3
P07260,2026-07-09,2026-07-11,4
P07268,2026-07-11,2026-07-11,4
P07276,2026-07-11,2026-07-11,1
P07290,2026-07-09,2026-07-11,2
P07297,2026-07-10,2026-07-11,1
P07301,2026-06-29,2026-07-11,3
P07304,2026-06-12,2026-07-11,4
P07315,2026-07-11,2026-07-11,2
P07316,2026-07-04,2026-07-11,4
P07331,2026-07-11,2026-07-11,4
P07354,2026-07-11,2026-07-11,4
P07360,2026-07-11,2026-07-11,3
P07365,2026-06-25,2026-07-11,3
P07367,2026-07-11,2026-07-11,2
P07384,2026-07-05,2026-07-11,2
P07387,2026-06-16,2026-07-11,2
P07404,2026-07-08,2026-07-11,4
P07425,2026-07-11,2026-07-11,5
P07430,2026-06-24,2026-07-11,4
P07479,2026-07-11,2026-07-11,2
P07512,2026-06-18,2026-07-11,1
P07513,2026-07-11,2026-07-11,5
P07544,2026-06-17,2026-07-11,4
P07595,2026-06-27,2026-07-11,4
P07611,2026-06-28,2026-07-11,1
P07618,2026-07-11,2026-07-11,2
P07619,2026-07-11,2026-07-11,5
P07632,2026-07-11,2026-07-11,3
P07646,2026-07-01,2026-07-11,3
P07650,2026-07-06,2026-07-11,4
P07654,2026-07-02,2026-07-11,4
P07667,2026-07-11,2026-07-11,5
P07669,2026-06-30,2026-07-11,1
P07678,2026-06-27,2026-07-11,4
P07681,2026-06-16,2026-07-11,4
P07690,2026-07-11,2026-07-11,5
P07694,2026-07-08,2026-07-11,2
P07701,2026-06-28,2026-07-11,4
P07709,2026-07-11,2026-07-11,3
P07719,2026-07-11,2026-07-11,5
P07721,2026-07-11,2026-07-11,3
P07735,2026-06-19,2026-07-11,3
P07817,2026-06-12,2026-07-11,1
P07824,2026-06-30,2026-07-11,1
P07833,2026-07-06,2026-07-11,1
P07834,2026-07-09,2026-07-11,2
P07847,2026-07-10,2026-07-11,2
P07858,2026-07-11,2026-07-11,5
P07866,2026-07-11,2026-07-11,4
P07884,2026-07-10,2026-07-11,2
P07886,2026-07-03,2026-07-11,1
P07895,2026-06-26,2026-07-11,4
P07896,2026-07-10,2026-07-11,1
P07909,2026-06-26,2026-07-11,1
P07910,2026-07-08,2026-07-11,3
P07928,2026-07-01,2026-07-11,1
P07931,2026-07-08,2026-07-11,3
P07948,2026-07-11,2026-07-11,3
P07990,2026-06-21,2026-07-11,2
P07991,2026-07-11,2026-07-11,2
P07995,2026-06-18,2026-07-11,4
P07999,2026-07-11,2026-07-11,2
P00008,2026-07-05,2026-07-12,2
P00015,2026-07-11,2026-07-12,4
P00022,2026-06-15,2026-07-12,3
P00049,2026-07-09,2026-07-12,3
P00059,2026-07-02,2026-07-12,1
P00071,2026-07-06,2026-07-12,4
P00099,2026-07-02,2026-07-12,4
P00124,2026-07-12,2026-07-12,5
P00130,2026-07-10,2026-07-12,2
P00196,2026-07-12,2026-07-12,1
P00215,2026-07-11,2026-07-12,2
P00261,2026-06-24,2026-07-12,3
P00336,2026-07-03,2026-07-12,3
P00374,2026-06-12,2026-07-12,2
P00379,2026-07-12,2026-07-12,3
P00384,2026-07-12,2026-07-12,4
P00390,2026-07-09,2026-07-12,1
P00401,2026-07-05,2026-07-12,3
P00436,2026-06-18,2026-07-12,2
P00457,2026-07-08,2026-07-12,2
P00473,2026-06-30,2026-07-12,4
P00477,2026-07-04,2026-07-12,2
P00531,2026-07-04,2026-07-12,1
P00532,2026-06-30,2026-07-12,3
P00546,2026-07-02,2026-07-12,1
P00549,2026-07-12,2026-07-12,1
P00562,2026-06-15,2026-07-12,3
P00589,2026-07-09,2026-07-12,2
P00596,2026-07-12,2026-07-12,5
P00615,2026-07-12,2026-07-12,2
P00620,2026-06-22,2026-07-12,4
P00635,2026-07-09,2026-07-12,2
P00643,2026-07-07,2026-07-12,2
P00668,2026-06-30,2026-07-12,2
P00669,2026-06-29,2026-07-12,4
P00673,2026-07-06,2026-07-12,1
P00708,2026-07-12,2026-07-12,3
P00753,2026-07-10,2026-07-12,1
P00758,2026-07-02,2026-07-12,2
P00759,2026-06-30,2026-07-12,3
P00780,2026-07-11,2026-07-12,2
P00782,2026-07-12,2026-07-12,3
P00797,2026-07-03,2026-07-12,1
P00846,2026-07-06,2026-07-12,1
P00898,2026-07-12,2026-07-12,5
P00926,2026-07-11,2026-07-12,1
P00934,2026-06-12,2026-07-12,4
P00978,2026-07-03,2026-07-12,2
P00979,2026-07-12,2026-07-12,5
P01018,2026-06-16,2026-07-12,4
P01023,2026-06-30,2026-07-12,2
P01025,2026-06-29,2026-07-12,2
P01038,2026-06-15,2026-07-12,2
P01048,2026-07-03,2026-07-12,3
P01061,2026-07-06,2026-07-12,2
P01090,2026-07-12,2026-07-12,5
P01101,2026-07-12,2026-07-12,2
P01109,2026-07-12,2026-07-12,2
P01117,2026-06-23,2026-07-12,3
P01122,2026-07-12,2026-07-12,2
P01124,2026-06-26,2026-07-12,4
P01141,2026-06-13,2026-07-12,4
P01193,2026-07-12,2026-07-12,2
P01198,2026-07-09,2026-07-12,2
P01205,2026-07-12,2026-07-12,5
P01212,2026-07-09,2026-07-12,1
P01215,2026-07-06,2026-07-12,4
P01222,2026-07-12,2026-07-12,2
P01235,2026-06-29,2026-07-12,1
P01263,2026-06-19,2026-07-12,3
P01268,2026-06-25,2026-07-12,4
P01288,2026-07-06,2026-07-12,1
P01294,2026-06-17,2026-07-12,1
P01324,2026-07-11,2026-07-12,2
P01328,2026-07-09,2026-07-12,3
P01331,2026-07-10,2026-07-12,4
P01345,2026-07-10,2026-07-12,3
P01347,2026-06-28,2026-07-12,2
P01349,2026-07-01,2026-07-12,1
P01357,2026-07-06,2026-07-12,1
P01374,2026-07-09,2026-07-12,3
P01382,2026-07-10,2026-07-12,3
P01393,2026-06-15,2026-07-12,2
P01397,2026-07-11,2026-07-12,4
P01399,2026-06-13,2026-07-12,1
P01451,2026-07-05,2026-07-12,3
P01457,2026-07-02,2026-07-12,3
P01472,2026-07-12,2026-07-12,1
P01488,2026-07-12,2026-07-12,3
P01505,2026-07-07,2026-07-12,3
P01507,2026-07-03,2026-07-12,3
P01561,2026-07-12,2026-07-12,4
P01575,2026-07-07,2026-07-12,3
P01578,2026-07-12,2026-07-12,3
P01595,2026-07-09,2026-07-12,3
P01622,2026-07-11,2026-07-12,2
P01637,2026-07-12,2026-07-12,3
P01653,2026-06-20,2026-07-12,1
P01656,2026-07-07,2026-07-12,3
P01657,2026-07-08,2026-07-12,2
P01659,2026-07-12,2026-07-12,3
P01681,2026-07-10,2026-07-12,1
P01690,2026-07-12,2026-07-12,1
P01700,2026-07-12,2026-07-12,2
P01724,2026-06-19,2026-07-12,4
P01730,2026-07-08,2026-07-12,3
P01740,2026-06-13,2026-07-12,1
P01760,2026-06-29,2026-07-12,4
P01770,2026-06-18,2026-07-12,4
P01782,2026-07-12,2026-07-12,1
P01784,2026-07-12,2026-07-12,3
P01801,2026-07-06,2026-07-12,4
P01802,2026-07-12,2026-07-12,5
P01816,2026-06-24,2026-07-12,2
P01824,2026-07-11,2026-07-12,2
P01838,2026-07-05,2026-07-12,2
P01844,2026-06-19,2026-07-12,2
P01847,2026-07-01,2026-07-12,1
P01881,2026-06-28,2026-07-12,4
P01894,2026-06-28,2026-07-12,1
P01896,2026-07-11,2026-07-12,2
P01908,2026-06-16,2026-07-12,1
P01913,2026-07-12,2026-07-12,1
P01918,2026-07-11,2026-07-12,2
P01926,2026-06-30,2026-07-12,1
P01954,2026-07-12,2026-07-12,3
P01959,2026-07-12,2026-07-12,2
P01963,2026-06-20,2026-07-12,2
P02047,2026-06-12,2026-07-12,4
P02051,2026-07-11,2026-07-12,4
P02053,2026-07-12,2026-07-12,3
P02071,2026-07-10,2026-07-12,3
P02093,2026-07-06,2026-07-12,3
P02107,2026-06-30,2026-07-12,1
P02118,2026-07-12,2026-07-12,5
P02124,2026-07-12,2026-07-12,3
P02152,2026-07-09,2026-07-12,3
P02155,2026-07-11,2026-07-12,1
P02168,2026-07-12,2026-07-12,3
P02169,2026-07-12,2026-07-12,4
P02176,2026-06-30,2026-07-12,2
P02195,2026-07-10,2026-07-12,2
P02197,2026-07-12,2026-07-12,5
P02256,2026-07-06,2026-07-12,2
P02272,2026-07-10,2026-07-12,2
P02275,2026-07-06,2026-07-12,1
P02308,2026-07-07,2026-07-12,1
P02321,2026-07-12,2026-07-12,1
P02333,2026-07-09,2026-07-12,4
P02364,2026-07-10,2026-07-12,3
P02367,2026-07-10,2026-07-12,1
P02407,2026-06-20,2026-07-12,4
P02418,2026-07-12,2026-07-12,4
P02477,2026-07-05,2026-07-12,1
P02479,2026-07-12,2026-07-12,3
P02486,2026-07-11,2026-07-12,2
P02506,2026-06-24,2026-07-12,3
P02547,2026-07-12,2026-07-12,2
P02577,2026-07-12,2026-07-12,1
P02579,2026-07-12,2026-07-12,3
P02612,2026-07-08,2026-07-12,1
P02646,2026-07-12,2026-07-12,5
P02653,2026-07-08,2026-07-12,3
P02666,2026-06-23,2026-07-12,3
P02677,2026-07-01,2026-07-12,1
P02696,2026-06-13,2026-07-12,1
P02731,2026-06-19,2026-07-12,4
P02733,2026-06-25,2026-07-12,3
P02746,2026-07-03,2026-07-12,2
P02758,2026-06-14,2026-07-12,2
P02783,2026-06-22,2026-07-12,2
P02787,2026-07-10,2026-07-12,3
P02800,2026-07-09,2026-07-12,4
P02801,2026-07-01,2026-07-12,1
P02820,2026-07-12,2026-07-12,1
P02826,2026-06-25,2026-07-12,1
P02834,2026-06-21,2026-07-12,4
P02842,2026-06-29,2026-07-12,1
P02843,2026-06-15,2026-07-12,3
P02854,2026-07-12,2026-07-12,2
P02856,2026-07-12,2026-07-12,1
P02885,2026-06-18,2026-07-12,2
P02894,2026-06-25,2026-07-12,2
P02933,2026-07-12,2026-07-12,3
P02950,2026-07-05,2026-07-12,1
P02955,2026-06-23,2026-07-12,1
P02961,2026-06-27,2026-07-12,3
P02980,2026-06-16,2026-07-12,1
P02983,2026-06-25,2026-07-12,1
P02995,2026-07-07,2026-07-12,3
P03007,2026-07-12,2026-07-12,1
P03009,2026-07-12,2026-07-12,3
P03011,2026-06-24,2026-07-12,1
P03060,2026-07-12,2026-07-12,2
P03089,2026-07-06,2026-07-12,4
P03093,2026-07-11,2026-07-12,2
P03095,2026-07-12,2026-07-12,3
P03100,2026-06-28,2026-07-12,4
P03112,2026-07-04,2026-07-12,2
P03118,2026-07-12,2026-07-12,5
P03124,2026-06-24,2026-07-12,1
P03145,2026-06-19,2026-07-12,2
P03152,2026-07-12,2026-07-12,1
P03158,2026-07-09,2026-07-12,3
P03162,2026-07-06,2026-07-12,4
P03166,2026-07-12,2026-07-12,1
P03171,2026-07-12,2026-07-12,5
P03179,2026-07-11,2026-07-12,4
P03190,2026-07-12,2026-07-12,1
P03192,2026-06-17,2026-07-12,3
P03206,2026-07-08,2026-07-12,4
P03224,2026-07-05,2026-07-12,2
P03241,2026-07-07,2026-07-12,2
P03253,2026-06-29,2026-07-12,2
P03267,2026-06-21,2026-07-12,3
P03279,2026-07-11,2026-07-12,2
P03285,2026-07-05,2026-07-12,4
P03290,2026-07-05,2026-07-12,1
P03330,2026-07-05,2026-07-12,3
P03341,2026-07-10,2026-07-12,3
P03356,2026-06-26,2026-07-12,2
P03414,2026-06-18,2026-07-12,3
P03445,2026-07-11,2026-07-12,2
P03449,2026-07-12,2026-07-12,3
P03453,2026-07-09,2026-07-12,3
P03471,2026-07-09,2026-07-12,4
P03477,2026-07-06,2026-07-12,1
P03497,2026-07-11,2026-07-12,3
P03498,2026-07-12,2026-07-12,1
P03537,2026-07-08,2026-07-12,1
P03539,2026-07-08,2026-07-12,1
P03545,2026-07-02,2026-07-12,2
P03546,2026-07-02,2026-07-12,1
P03559,2026-07-10,2026-07-12,3
P03562,2026-07-08,2026-07-12,3
P03580,2026-07-05,2026-07-12,3
P03592,2026-06-18,2026-07-12,3
P03616,2026-06-29,2026-07-12,1
P03617,2026-07-12,2026-07-12,3
P03620,2026-07-09,2026-07-12,4
P03634,2026-06-30,2026-07-12,2
P03660,2026-06-12,2026-07-12,1
P03727,2026-06-23,2026-07-12,3
P03737,2026-07-01,2026-07-12,4
P03788,2026-07-12,2026-07-12,1
P03798,2026-07-12,2026-07-12,5
P03803,2026-07-07,2026-07-12,2
P03835,2026-07-06,2026-07-12,1
P03845,2026-07-11,2026-07-12,2
P03860,2026-07-09,2026-07-12,2
P03881,2026-06-20,2026-07-12,4
P03906,2026-07-05,2026-07-12,3
P03918,2026-07-12,2026-07-12,1
P03939,2026-06-24,2026-07-12,4
P03973,2026-07-12,2026-07-12,5
P03988,2026-07-03,2026-07-12,2
P03993,2026-07-10,2026-07-12,1
P04009,2026-06-22,2026-07-12,4
P04024,2026-07-08,2026-07-12,4
P04033,2026-07-09,2026-07-12,3
P04036,2026-06-29,2026-07-12,1
P04039,2026-07-12,2026-07-12,3
P04065,2026-07-04,2026-07-12,4
P04076,2026-07-07,2026-07-12,3
P04078,2026-06-22,2026-07-12,2
P04080,2026-07-09,2026-07-12,2
P04085,2026-06-13,2026-07-12,1
P04089,2026-07-06,2026-07-12,3
P04130,2026-07-08,2026-07-12,4
P04135,2026-07-06,2026-07-12,3
P04168,2026-06-30,2026-07-12,4
P04173,2026-07-12,2026-07-12,4
P04178,2026-06-21,2026-07-12,3
P04183,2026-07-11,2026-07-12,3
P04188,2026-06-24,2026-07-12,4
P04202,2026-07-12,2026-07-12,3
P04211,2026-07-04,2026-07-12,4
P04281,2026-07-11,2026-07-12,4
P04284,2026-06-17,2026-07-12,3
P04314,2026-07-12,2026-07-12,5
P04330,2026-07-12,2026-07-12,2
P04331,2026-06-21,2026-07-12,4
P04355,2026-07-10,2026-07-12,2
P04358,2026-07-12,2026-07-12,3
P04363,2026-07-09,2026-07-12,4
P04376,2026-07-12,2026-07-12,5
P04382,2026-07-06,2026-07-12,2
P04392,2026-07-08,2026-07-12,2
P04410,2026-07-02,2026-07-12,4
P04414,2026-06-30,2026-07-12,4
P04420,2026-07-12,2026-07-12,4
P04462,2026-06-23,2026-07-12,1
P04467,2026-07-12,2026-07-12,2
P04469,2026-07-09,2026-07-12,3
P04514,2026-07-05,2026-07-12,1
P04521,2026-07-04,2026-07-12,1
P04530,2026-07-10,2026-07-12,2
P04531,2026-06-18,2026-07-12,3
P04566,2026-07-10,2026-07-12,2
P04574,2026-07-12,2026-07-12,5
P04581,2026-06-28,2026-07-12,1
P04596,2026-07-12,2026-07-12,2
P04600,2026-07-11,2026-07-12,1
P04650,2026-06-23,2026-07-12,1
P04667,2026-07-12,2026-07-12,1
P04707,2026-07-12,2026-07-12,4
P04731,2026-06-27,2026-07-12,4
P04753,2026-07-10,2026-07-12,4
P04763,2026-07-12,2026-07-12,1
P04773,2026-07-12,2026-07-12,3
P04775,2026-07-08,2026-07-12,2
P04794,2026-07-10,2026-07-12,2
P04800,2026-07-12,2026-07-12,5
P04814,2026-07-12,2026-07-12,5
P04816,2026-07-11,2026-07-12,2
P04817,2026-07-05,2026-07-12,2
P04876,2026-07-05,2026-07-12,1
P04899,2026-07-01,2026-07-12,4
P04904,2026-07-12,2026-07-12,3
P04930,2026-07-05,2026-07-12,1
P04935,2026-07-02,2026-07-12,3
P04944,2026-07-12,2026-07-12,1
P04946,2026-06-25,2026-07-12,3
P04964,2026-07-04,2026-07-12,2
P04977,2026-06-26,2026-07-12,3
P04978,2026-07-11,2026-07-12,3
P04986,2026-07-12,2026-07-12,1
P05000,2026-06-15,2026-07-12,2
P05006,2026-07-06,2026-07-12,4
P05012,2026-06-24,2026-07-12,3
P05028,2026-06-16,2026-07-12,3
P05038,2026-06-17,2026-07-12,3
P05046,2026-07-11,2026-07-12,3
P05050,2026-07-12,2026-07-12,4
P05056,2026-07-12,2026-07-12,4
P05092,2026-07-11,2026-07-12,1
P05098,2026-07-12,2026-07-12,5
P05108,2026-06-24,2026-07-12,4
P05110,2026-06-26,2026-07-12,3
P05130,2026-06-29,2026-07-12,2
P05133,2026-07-11,2026-07-12,3
P05136,2026-06-27,2026-07-12,2
P05151,2026-06-28,2026-07-12,2
P05182,2026-06-17,2026-07-12,1
P05211,2026-07-12,2026-07-12,1
P05212,2026-07-12,2026-07-12,1
P05224,2026-06-26,2026-07-12,2
P05278,2026-06-30,2026-07-12,1
P05296,2026-06-18,2026-07-12,4
P05300,2026-06-24,2026-07-12,1
P05317,2026-06-29,2026-07-12,2
P05337,2026-07-10,2026-07-12,1
P05342,2026-07-06,2026-07-12,1
P05392,2026-07-12,2026-07-12,4
P05413,2026-07-12,2026-07-12,3
P05433,2026-06-29,2026-07-12,4
P05585,2026-07-12,2026-07-12,1
P05600,2026-07-12,2026-07-12,3
P05601,2026-06-30,2026-07-12,3
P05604,2026-07-12,2026-07-12,1
P05608,2026-06-17,2026-07-12,3
P05615,2026-07-12,2026-07-12,2
P05626,2026-06-17,2026-07-12,4
P05645,2026-07-06,2026-07-12,3
P05651,2026-07-03,2026-07-12,1
P05658,2026-07-12,2026-07-12,4
P05667,2026-06-23,2026-07-12,1
P05684,2026-06-13,2026-07-12,3
P05722,2026-06-22,2026-07-12,4
P05735,2026-07-12,2026-07-12,1
P05755,2026-07-12,2026-07-12,5
P05769,2026-06-28,2026-07-12,3
P05778,2026-07-01,2026-07-12,2
P05808,2026-07-12,2026-07-12,5
P05817,2026-06-12,2026-07-12,3
P05823,2026-07-12,2026-07-12,5
P05833,2026-07-12,2026-07-12,3
P05836,2026-07-12,2026-07-12,1
P05852,2026-06-25,2026-07-12,1
P05854,2026-07-01,2026-07-12,1
P05870,2026-07-09,2026-07-12,4
P05884,2026-07-10,2026-07-12,1
P05889,2026-07-08,2026-07-12,2
P05910,2026-06-22,2026-07-12,4
P05924,2026-06-26,2026-07-12,3
P05938,2026-07-03,2026-07-12,1
P05950,2026-06-24,2026-07-12,2
P05955,2026-07-06,2026-07-12,1
P05989,2026-07-08,2026-07-12,1
P05996,2026-07-06,2026-07-12,4
P06024,2026-07-12,2026-07-12,4
P06025,2026-07-02,2026-07-12,3
P06040,2026-06-14,2026-07-12,2
P06054,2026-06-25,2026-07-12,3
P06091,2026-06-25,2026-07-12,1
P06097,2026-07-05,2026-07-12,4
P06118,2026-07-01,2026-07-12,2
P06120,2026-07-04,2026-07-12,1
P06133,2026-07-02,2026-07-12,1
P06146,2026-07-07,2026-07-12,1
P06156,2026-07-12,2026-07-12,1
P06176,2026-06-30,2026-07-12,1
P06181,2026-07-10,2026-07-12,3
P06200,2026-06-30,2026-07-12,2
P06233,2026-07-10,2026-07-12,2
P06248,2026-06-30,2026-07-12,4
P06257,2026-06-20,2026-07-12,1
P06263,2026-07-12,2026-07-12,4
P06299,2026-06-16,2026-07-12,4
P06313,2026-07-01,2026-07-12,4
P06319,2026-07-12,2026-07-12,4
P06348,2026-07-08,2026-07-12,3
P06349,2026-06-30,2026-07-12,1
P06351,2026-06-30,2026-07-12,3
P06363,2026-07-12,2026-07-12,1
P06377,2026-07-12,2026-07-12,4
P06381,2026-07-04,2026-07-12,3
P06393,2026-06-21,2026-07-12,2
P06400,2026-07-11,2026-07-12,4
P06421,2026-07-11,2026-07-12,4
P06453,2026-07-09,2026-07-12,2
P06464,2026-07-12,2026-07-12,1
P06467,2026-06-26,2026-07-12,4
P06479,2026-07-09,2026-07-12,1
P06503,2026-07-12,2026-07-12,5
P06529,2026-06-24,2026-07-12,2
P06550,2026-07-09,2026-07-12,2
P06551,2026-06-23,2026-07-12,2
P06597,2026-07-12,2026-07-12,1
P06608,2026-06-16,2026-07-12,2
P06613,2026-07-07,2026-07-12,3
P06634,2026-06-15,2026-07-12,4
P06639,2026-07-12,2026-07-12,2
P06664,2026-06-28,2026-07-12,2
P06694,2026-06-15,2026-07-12,2
P06700,2026-07-12,2026-07-12,2
P06718,2026-07-12,2026-07-12,2
P06751,2026-07-01,2026-07-12,3
P06755,2026-07-10,2026-07-12,1
P06761,2026-07-11,2026-07-12,3
P06801,2026-06-28,2026-07-12,3
P06811,2026-06-29,2026-07-12,1
P06843,2026-06-22,2026-07-12,3
P06845,2026-07-11,2026-07-12,3
P06847,2026-06-20,2026-07-12,2
P06863,2026-07-06,2026-07-12,3
P06909,2026-07-12,2026-07-12,3
P06923,2026-07-05,2026-07-12,2
P06929,2026-07-11,2026-07-12,1
P06947,2026-07-11,2026-07-12,3
P06957,2026-06-25,2026-07-12,3
P06976,2026-06-19,2026-07-12,4
P07011,2026-07-12,2026-07-12,2
P07013,2026-07-12,2026-07-12,2
P07015,2026-07-05,2026-07-12,3
P07021,2026-06-25,2026-07-12,2
P07023,2026-07-05,2026-07-12,4
P07041,2026-07-09,2026-07-12,1
P07052,2026-06-18,2026-07-12,4
P07060,2026-06-14,2026-07-12,3
P07063,2026-06-14,2026-07-12,1
P07070,2026-07-08,2026-07-12,2
P07081,2026-07-12,2026-07-12,1
P07093,2026-06-23,2026-07-12,4
P07100,2026-06-15,2026-07-12,3
P07130,2026-07-12,2026-07-12,5
P07194,2026-06-14,2026-07-12,3
P07200,2026-07-12,2026-07-12,3
P07206,2026-07-08,2026-07-12,2
P07210,2026-07-10,2026-07-12,3
P07220,2026-07-12,2026-07-12,2
P07240,2026-06-25,2026-07-12,3
P07259,2026-07-03,2026-07-12,2
P07297,2026-07-10,2026-07-12,2
P07331,2026-07-11,2026-07-12,4
P07333,2026-07-07,2026-07-12,1
P07342,2026-07-09,2026-07-12,4
P07344,2026-07-12,2026-07-12,4
P07346,2026-06-28,2026-07-12,1
P07360,2026-07-11,2026-07-12,4
P07368,2026-07-12,2026-07-12,4
P07373,2026-07-07,2026-07-12,1
P07418,2026-06-18,2026-07-12,2
P07425,2026-07-11,2026-07-12,3
P07426,2026-07-12,2026-07-12,3
P07450,2026-06-15,2026-07-12,1
P07452,2026-07-02,2026-07-12,3
P07458,2026-07-12,2026-07-12,3
P07467,2026-07-04,2026-07-12,3
P07488,2026-07-12,2026-07-12,4
P07497,2026-06-30,2026-07-12,4
P07517,2026-07-09,2026-07-12,3
P07528,2026-06-12,2026-07-12,4
P07543,2026-06-16,2026-07-12,2
P07593,2026-07-01,2026-07-12,2
P07616,2026-07-12,2026-07-12,5
P07619,2026-07-11,2026-07-12,3
P07643,2026-07-12,2026-07-12,5
P07657,2026-07-12,2026-07-12,2
P07658,2026-07-12,2026-07-12,1
P07673,2026-06-15,2026-07-12,1
P07715,2026-07-12,2026-07-12,2
P07719,2026-07-11,2026-07-12,2
P07726,2026-07-07,2026-07-12,1
P07740,2026-06-14,2026-07-12,1
P07762,2026-06-27,2026-07-12,1
P07777,2026-07-07,2026-07-12,2
P07779,2026-07-05,2026-07-12,1
P07802,2026-06-18,2026-07-12,4
P07805,2026-07-10,2026-07-12,2
P07806,2026-06-27,2026-07-12,4
P07827,2026-06-14,2026-07-12,1
P07832,2026-06-19,2026-07-12,1
P07840,2026-06-29,2026-07-12,4
P07847,2026-07-10,2026-07-12,3
P07854,2026-07-12,2026-07-12,3
P07858,2026-07-11,2026-07-12,2
P07861,2026-07-12,2026-07-12,3
P07863,2026-07-02,2026-07-12,4
P07974,2026-07-07,2026-07-12,2
P00011,2026-07-08,2026-07-13,1
P00015,2026-07-11,2026-07-13,1
P00047,2026-07-13,2026-07-13,2
P00049,2026-07-09,2026-07-13,2
P00075,2026-07-07,2026-07-13,2
P00125,2026-07-13,2026-07-13,3
P00155,2026-06-13,2026-07-13,2
P00163,2026-07-13,2026-07-13,4
P00172,2026-07-13,2026-07-13,4
P00191,2026-07-13,2026-07-13,4
P00236,2026-07-13,2026-07-13,3
P00253,2026-07-13,2026-07-13,4
P00258,2026-07-13,2026-07-13,4
P00261,2026-06-24,2026-07-13,1
P00262,2026-06-20,2026-07-13,1
P00268,2026-07-13,2026-07-13,2
P00291,2026-07-13,2026-07-13,2
P00307,2026-07-13,2026-07-13,1
P00320,2026-07-13,2026-07-13,5
P00322,2026-07-13,2026-07-13,2
P00342,2026-06-24,2026-07-13,3
P00345,2026-07-13,2026-07-13,5
P00359,2026-06-22,2026-07-13,4
P00384,2026-07-12,2026-07-13,2
P00394,2026-07-11,2026-07-13,4
P00405,2026-07-05,2026-07-13,1
P00407,2026-07-13,2026-07-13,4
P00438,2026-07-13,2026-07-13,1
P00461,2026-07-13,2026-07-13,5
P00490,2026-06-30,2026-07-13,2
P00503,2026-07-13,2026-07-13,1
P00531,2026-07-04,2026-07-13,2
P00543,2026-06-13,2026-07-13,3
P00549,2026-07-12,2026-07-13,2
P00562,2026-06-15,2026-07-13,4
P00568,2026-07-11,2026-07-13,3
P00596,2026-07-12,2026-07-13,3
P00601,2026-07-01,2026-07-13,3
P00604,2026-07-13,2026-07-13,3
P00627,2026-07-06,2026-07-13,3
P00630,2026-06-28,2026-07-13,3
P00635,2026-07-09,2026-07-13,4
P00643,2026-07-07,2026-07-13,2
P00658,2026-07-13,2026-07-13,3
P00664,2026-07-11,2026-07-13,1
P00667,2026-06-14,2026-07-13,2
P00675,2026-06-25,2026-07-13,4
P00679,2026-07-13,2026-07-13,2
P00690,2026-07-05,2026-07-13,1
P00693,2026-07-13,2026-07-13,3
P00694,2026-07-11,2026-07-13,1
P00695,2026-06-29,2026-07-13,3
P00700,2026-07-13,2026-07-13,4
P00753,2026-07-10,2026-07-13,3
P00791,2026-07-03,2026-07-13,4
P00797,2026-07-03,2026-07-13,1
P00805,2026-06-13,2026-07-13,3
P00810,2026-07-01,2026-07-13,4
P00813,2026-06-25,2026-07-13,1
P00855,2026-07-13,2026-07-13,5
P00866,2026-06-30,2026-07-13,4
P00878,2026-06-20,2026-07-13,4
P00888,2026-07-03,2026-07-13,1
P00902,2026-07-05,2026-07-13,3
P00947,2026-06-27,2026-07-13,1
P00964,2026-07-13,2026-07-13,2
P00978,2026-07-03,2026-07-13,1
P00979,2026-07-12,2026-07-13,4
P00991,2026-07-02,2026-07-13,4
P01002,2026-07-04,2026-07-13,1
P01010,2026-07-13,2026-07-13,3
P01044,2026-07-13,2026-07-13,5
P01074,2026-07-13,2026-07-13,3
P01100,2026-07-11,2026-07-13,2
P01101,2026-07-12,2026-07-13,4
P01109,2026-07-12,2026-07-13,2
P01118,2026-07-06,2026-07-13,2
P01153,2026-07-05,2026-07-13,1
P01155,2026-06-21,2026-07-13,3
P01174,2026-06-21,2026-07-13,4
P01176,2026-06-26,2026-07-13,1
P01179,2026-06-14,2026-07-13,1
P01183,2026-06-17,2026-07-13,1
P01192,2026-07-01,2026-07-13,2
P01205,2026-07-12,2026-07-13,3
P01207,2026-07-13,2026-07-13,4
P01215,2026-07-06,2026-07-13,3
P01265,2026-07-13,2026-07-13,3
P01274,2026-06-13,2026-07-13,3
P01301,2026-07-13,2026-07-13,4
P01308,2026-07-13,2026-07-13,3
P01314,2026-07-13,2026-07-13,4
P01319,2026-06-25,2026-07-13,4
P01324,2026-07-11,2026-07-13,4
P01357,2026-07-06,2026-07-13,4
P01373,2026-07-05,2026-07-13,2
P01381,2026-06-25,2026-07-13,3
P01382,2026-07-10,2026-07-13,3
P01397,2026-07-11,2026-07-13,2
P01426,2026-06-29,2026-07-13,3
P01434,2026-07-13,2026-07-13,4
P01456,2026-06-13,2026-07-13,3
P01488,2026-07-12,2026-07-13,3
P01505,2026-07-07,2026-07-13,1
P01518,2026-06-27,2026-07-13,1
P01525,2026-06-14,2026-07-13,1
P01546,2026-06-20,2026-07-13,2
P01575,2026-07-07,2026-07-13,4
P01576,2026-07-13,2026-07-13,2
P01592,2026-07-11,2026-07-13,1
P01607,2026-07-06,2026-07-13,2
P01613,2026-06-29,2026-07-13,3
P01637,2026-07-12,2026-07-13,4
P01638,2026-06-29,2026-07-13,3
P01654,2026-06-16,2026-07-13,4
P01659,2026-07-12,2026-07-13,1
P01661,2026-06-27,2026-07-13,2
P01673,2026-07-13,2026-07-13,3
P01700,2026-07-12,2026-07-13,3
P01705,2026-06-22,2026-07-13,3
P01735,2026-07-09,2026-07-13,1
P01736,2026-07-13,2026-07-13,1
P01776,2026-07-07,2026-07-13,3
P01798,2026-07-13,2026-07-13,5
P01799,2026-07-11,2026-07-13,1
P01824,2026-07-11,2026-07-13,2
P01828,2026-06-16,2026-07-13,1
P01899,2026-06-18,2026-07-13,2
P01915,2026-07-03,2026-07-13,3
P01931,2026-07-13,2026-07-13,4
P01938,2026-07-13,2026-07-13,1
P01958,2026-07-11,2026-07-13,4
P01959,2026-07-12,2026-07-13,3
P01976,2026-07-05,2026-07-13,2
P01983,2026-06-27,2026-07-13,3
P02008,2026-07-13,2026-07-13,1
P02035,2026-07-13,2026-07-13,4
P02053,2026-07-12,2026-07-13,1
P02064,2026-07-09,2026-07-13,2
P02081,2026-06-21,2026-07-13,4
P02097,2026-07-13,2026-07-13,4
P02113,2026-07-09,2026-07-13,3
P02117,2026-07-06,2026-07-13,2
P02120,2026-06-22,2026-07-13,1
P02128,2026-07-02,2026-07-13,1
P02144,2026-06-19,2026-07-13,3
P02146,2026-07-01,2026-07-13,1
P02149,2026-07-13,2026-07-13,2
P02158,2026-07-13,2026-07-13,1
P02159,2026-07-01,2026-07-13,3
P02203,2026-07-13,2026-07-13,3
P02242,2026-06-23,2026-07-13,4
P02272,2026-07-10,2026-07-13,4
P02297,2026-07-13,2026-07-13,1
P02301,2026-07-13,2026-07-13,2
P02313,2026-07-13,2026-07-13,3
P02321,2026-07-12,2026-07-13,3
P02329,2026-07-07,2026-07-13,3
P02333,2026-07-09,2026-07-13,3
P02342,2026-07-13,2026-07-13,5
P02359,2026-07-03,2026-07-13,2
P02382,2026-07-13,2026-07-13,5
P02402,2026-07-10,2026-07-13,1
P02418,2026-07-12,2026-07-13,1
P02428,2026-07-13,2026-07-13,4
P02431,2026-07-13,2026-07-13,2
P02433,2026-07-13,2026-07-13,3
P02448,2026-07-09,2026-07-13,1
P02449,2026-07-01,2026-07-13,1
P02451,2026-06-23,2026-07-13,3
P02459,2026-07-09,2026-07-13,3
P02461,2026-07-11,2026-07-13,2
P02479,2026-07-12,2026-07-13,4
P02512,2026-06-21,2026-07-13,4
P02515,2026-07-08,2026-07-13,1
P02529,2026-07-05,2026-07-13,4
P02543,2026-07-13,2026-07-13,1
P02547,2026-07-12,2026-07-13,3
P02576,2026-07-03,2026-07-13,3
P02577,2026-07-12,2026-07-13,1
P02588,2026-06-20,2026-07-13,1
P02592,2026-06-26,2026-07-13,4
P02651,2026-07-13,2026-07-13,2
P02662,2026-06-24,2026-07-13,2
P02667,2026-07-13,2026-07-13,4
P02678,2026-07-01,2026-07-13,2
P02706,2026-06-14,2026-07-13,1
P02721,2026-06-27,2026-07-13,3
P02722,2026-06-25,2026-07-13,4
P02744,2026-07-13,2026-07-13,5
P02780,2026-07-13,2026-07-13,3
P02793,2026-06-21,2026-07-13,4
P02796,2026-07-10,2026-07-13,3
P02800,2026-07-09,2026-07-13,2
P02801,2026-07-01,2026-07-13,1
P02815,2026-07-13,2026-07-13,4
P02829,2026-07-13,2026-07-13,1
P02833,2026-06-14,2026-07-13,1
P02856,2026-07-12,2026-07-13,4
P02863,2026-07-13,2026-07-13,1
P02890,2026-06-17,2026-07-13,4
P02909,2026-07-08,2026-07-13,2
P02910,2026-07-09,2026-07-13,4
P02926,2026-06-27,2026-07-13,1
P02934,2026-07-13,2026-07-13,5
P02942,2026-06-13,2026-07-13,2
P02945,2026-06-19,2026-07-13,1
P02980,2026-06-16,2026-07-13,3
P02991,2026-07-04,2026-07-13,3
P02995,2026-07-07,2026-07-13,3
P03007,2026-07-12,2026-07-13,4
P03008,2026-07-13,2026-07-13,4
P03009,2026-07-12,2026-07-13,1
P03035,2026-07-13,2026-07-13,3
P03060,2026-07-12,2026-07-13,2
P03083,2026-06-19,2026-07-13,4
P03089,2026-07-06,2026-07-13,3
P03095,2026-07-12,2026-07-13,1
P03101,2026-07-05,2026-07-13,3
P03105,2026-06-25,2026-07-13,4
P03114,2026-07-13,2026-07-13,4
P03118,2026-07-12,2026-07-13,2
P03129,2026-06-26,2026-07-13,2
P03139,2026-07-13,2026-07-13,1
P03162,2026-07-06,2026-07-13,4
P03169,2026-06-20,2026-07-13,3
P03199,2026-07-10,2026-07-13,3
P03211,2026-06-19,2026-07-13,1
P03217,2026-07-08,2026-07-13,1
P03248,2026-07-05,2026-07-13,2
P03267,2026-06-21,2026-07-13,2
P03324,2026-06-17,2026-07-13,2
P03367,2026-07-13,2026-07-13,5
P03376,2026-07-10,2026-07-13,2
P03381,2026-07-13,2026-07-13,2
P03402,2026-07-06,2026-07-13,1
P03414,2026-06-18,2026-07-13,3
P03419,2026-07-01,2026-07-13,3
P03431,2026-07-13,2026-07-13,4
P03441,2026-06-15,2026-07-13,2
P03445,2026-07-11,2026-07-13,2
P03473,2026-07-13,2026-07-13,5
P03477,2026-07-06,2026-07-13,4
P03478,2026-07-07,2026-07-13,1
P03498,2026-07-12,2026-07-13,2
P03508,2026-07-07,2026-07-13,1
P03535,2026-07-13,2026-07-13,1
P03546,2026-07-02,2026-07-13,3
P03554,2026-07-01,2026-07-13,3
P03567,2026-07-07,2026-07-13,4
P03575,2026-07-03,2026-07-13,3
P03599,2026-07-13,2026-07-13,2
P03600,2026-06-28,2026-07-13,4
P03601,2026-06-18,2026-07-13,4
P03604,2026-07-13,2026-07-13,3
P03607,2026-07-10,2026-07-13,2
P03608,2026-07-06,2026-07-13,4
P03610,2026-07-13,2026-07-13,1
P03616,2026-06-29,2026-07-13,3
P03617,2026-07-12,2026-07-13,2
P03620,2026-07-09,2026-07-13,4
P03641,2026-07-13,2026-07-13,1
P03657,2026-06-14,2026-07-13,1
P03695,2026-07-02,2026-07-13,1
P03696,2026-07-13,2026-07-13,5
P03708,2026-06-28,2026-07-13,1
P03710,2026-07-07,2026-07-13,1
P03712,2026-07-10,2026-07-13,2
P03725,2026-06-30,2026-07-13,3
P03737,2026-07-01,2026-07-13,2
P03760,2026-06-18,2026-07-13,1
P03772,2026-07-05,2026-07-13,4
P03791,2026-07-02,2026-07-13,3
P03818,2026-07-13,2026-07-13,2
P03835,2026-07-06,2026-07-13,2
P03842,2026-06-30,2026-07-13,3
P03851,2026-07-13,2026-07-13,5
P03854,2026-07-09,2026-07-13,1
P03872,2026-07-06,2026-07-13,2
P03910,2026-07-13,2026-07-13,1
P03969,2026-07-13,2026-07-13,1
P03973,2026-07-12,2026-07-13,1
P03975,2026-06-14,2026-07-13,1
P03980,2026-06-20,2026-07-13,4
P03993,2026-07-10,2026-07-13,3
P04022,2026-07-08,2026-07-13,4
P04037,2026-06-25,2026-07-13,1
P04053,2026-07-13,2026-07-13,5
P04060,2026-06-22,2026-07-13,1
P04062,2026-07-13,2026-07-13,2
P04065,2026-07-04,2026-07-13,1
P04089,2026-07-06,2026-07-13,2
P04110,2026-07-01,2026-07-13,1
P04111,2026-07-13,2026-07-13,3
P04112,2026-07-06,2026-07-13,4
P04113,2026-07-13,2026-07-13,2
P04128,2026-07-13,2026-07-13,2
P04149,2026-06-29,2026-07-13,2
P04195,2026-06-19,2026-07-13,3
P04196,2026-07-09,2026-07-13,4
P04220,2026-07-13,2026-07-13,3
P04223,2026-06-19,2026-07-13,1
P04259,2026-06-25,2026-07-13,1
P04262,2026-07-13,2026-07-13,1
P04263,2026-06-25,2026-07-13,2
P04281,2026-07-11,2026-07-13,1
P04306,2026-07-09,2026-07-13,2
P04309,2026-06-22,2026-07-13,1
P04315,2026-06-19,2026-07-13,3
P04358,2026-07-12,2026-07-13,1
P04395,2026-07-13,2026-07-13,3
P04404,2026-06-18,2026-07-13,3
P04414,2026-06-30,2026-07-13,4
P04426,2026-06-14,2026-07-13,4
P04457,2026-07-13,2026-07-13,1
P04458,2026-06-18,2026-07-13,1
P04474,2026-06-30,2026-07-13,1
P04480,2026-06-18,2026-07-13,3
P04512,2026-06-26,2026-07-13,2
P04531,2026-06-18,2026-07-13,4
P04590,2026-07-04,2026-07-13,3
P04625,2026-06-21,2026-07-13,3
P04636,2026-06-18,2026-07-13,4
P04638,2026-06-22,2026-07-13,1
P04683,2026-06-26,2026-07-13,3
P04696,2026-07-01,2026-07-13,2
P04699,2026-06-26,2026-07-13,1
P04732,2026-07-03,2026-07-13,3
P04739,2026-06-30,2026-07-13,2
P04743,2026-06-19,2026-07-13,2
P04779,2026-07-02,2026-07-13,3
P04792,2026-07-10,2026-07-13,1
P04794,2026-07-10,2026-07-13,2
P04816,2026-07-11,2026-07-13,2
P04838,2026-06-30,2026-07-13,4
P04859,2026-07-11,2026-07-13,2
P04865,2026-07-13,2026-07-13,1
P04866,2026-07-05,2026-07-13,2
P04868,2026-06-29,2026-07-13,1
P04871,2026-07-08,2026-07-13,1
P04895,2026-07-13,2026-07-13,3
P04904,2026-07-12,2026-07-13,1
P04935,2026-07-02,2026-07-13,4
P04941,2026-07-09,2026-07-13,3
P04944,2026-07-12,2026-07-13,1
P04947,2026-06-26,2026-07-13,2
P04951,2026-07-13,2026-07-13,2
P04955,2026-07-13,2026-07-13,4
P04986,2026-07-12,2026-07-13,2
P04995,2026-07-13,2026-07-13,2
P05020,2026-07-13,2026-07-13,3
P05057,2026-06-16,2026-07-13,1
P05073,2026-06-25,2026-07-13,3
P05087,2026-06-14,2026-07-13,1
P05095,2026-07-05,2026-07-13,1
P05111,2026-07-13,2026-07-13,4
P05131,2026-07-09,2026-07-13,2
P05133,2026-07-11,2026-07-13,1
P05135,2026-06-30,2026-07-13,3
P05141,2026-06-30,2026-07-13,2
P05152,2026-07-13,2026-07-13,3
P05178,2026-06-23,2026-07-13,4
P05211,2026-07-12,2026-07-13,3
P05214,2026-06-26,2026-07-13,2
P05269,2026-07-07,2026-07-13,3
P05272,2026-07-13,2026-07-13,2
P05274,2026-07-13,2026-07-13,2
P05275,2026-07-11,2026-07-13,1
P05281,2026-07-13,2026-07-13,4
P05285,2026-07-13,2026-07-13,5
P05287,2026-06-15,2026-07-13,2
P05328,2026-07-13,2026-07-13,4
P05332,2026-07-02,2026-07-13,2
P05353,2026-06-15,2026-07-13,4
P05413,2026-07-12,2026-07-13,3
P05421,2026-07-05,2026-07-13,4
P05431,2026-06-22,2026-07-13,4
P05476,2026-07-04,2026-07-13,3
P05511,2026-07-08,2026-07-13,4
P05517,2026-06-18,2026-07-13,2
P05530,2026-07-10,2026-07-13,1
P05538,2026-07-13,2026-07-13,3
P05558,2026-07-13,2026-07-13,3
P05562,2026-07-11,2026-07-13,3
P05581,2026-07-08,2026-07-13,2
P05600,2026-07-12,2026-07-13,4
P05601,2026-06-30,2026-07-13,3
P05639,2026-07-13,2026-07-13,3
P05676,2026-06-29,2026-07-13,3
P05696,2026-07-05,2026-07-13,1
P05748,2026-06-21,2026-07-13,4
P05755,2026-07-12,2026-07-13,3
P05799,2026-07-07,2026-07-13,4
P05805,2026-06-23,2026-07-13,3
P05825,2026-06-29,2026-07-13,1
P05835,2026-07-13,2026-07-13,3
P05837,2026-07-10,2026-07-13,3
P05868,2026-07-13,2026-07-13,2
P05886,2026-06-18,2026-07-13,4
P05983,2026-07-13,2026-07-13,3
P05992,2026-07-01,2026-07-13,1
P05993,2026-06-23,2026-07-13,3
P06025,2026-07-02,2026-07-13,2
P06047,2026-06-21,2026-07-13,2
P06092,2026-06-17,2026-07-13,2
P06114,2026-06-16,2026-07-13,2
P06115,2026-07-09,2026-07-13,4
P06135,2026-06-19,2026-07-13,2
P06142,2026-06-20,2026-07-13,3
P06144,2026-07-13,2026-07-13,1
P06191,2026-07-05,2026-07-13,3
P06209,2026-06-28,2026-07-13,3
P06213,2026-07-13,2026-07-13,3
P06216,2026-07-07,2026-07-13,3
P06228,2026-07-05,2026-07-13,2
P06251,2026-07-01,2026-07-13,3
P06271,2026-07-13,2026-07-13,2
P06288,2026-06-22,2026-07-13,1
P06348,2026-07-08,2026-07-13,1
P06385,2026-07-13,2026-07-13,1
P06398,2026-07-03,2026-07-13,3
P06438,2026-06-24,2026-07-13,4
P06439,2026-06-20,2026-07-13,1
P06446,2026-07-05,2026-07-13,4
P06453,2026-07-09,2026-07-13,2
P06464,2026-07-12,2026-07-13,3
P06479,2026-07-09,2026-07-13,1
P06488,2026-06-14,2026-07-13,2
P06492,2026-07-13,2026-07-13,4
P06496,2026-07-08,2026-07-13,2
P06532,2026-07-10,2026-07-13,3
P06536,2026-07-13,2026-07-13,4
P06544,2026-06-24,2026-07-13,4
P06551,2026-06-23,2026-07-13,2
P06556,2026-07-13,2026-07-13,1
P06563,2026-07-13,2026-07-13,2
P06565,2026-06-25,2026-07-13,4
P06603,2026-07-03,2026-07-13,3
P06684,2026-07-02,2026-07-13,2
P06698,2026-06-25,2026-07-13,2
P06717,2026-06-23,2026-07-13,1
P06718,2026-07-12,2026-07-13,2
P06730,2026-07-13,2026-07-13,4
P06737,2026-07-13,2026-07-13,3
P06744,2026-07-11,2026-07-13,1
P06813,2026-06-22,2026-07-13,2
P06845,2026-07-11,2026-07-13,1
P06848,2026-06-15,2026-07-13,2
P06851,2026-07-13,2026-07-13,5
P06875,2026-06-23,2026-07-13,4
P06889,2026-07-13,2026-07-13,2
P06893,2026-07-13,2026-07-13,1
P06908,2026-07-13,2026-07-13,4
P06911,2026-07-10,2026-07-13,3
P06935,2026-07-08,2026-07-13,1
P06942,2026-06-25,2026-07-13,4
P06960,2026-07-09,2026-07-13,1
P06983,2026-07-13,2026-07-13,2
P06996,2026-06-23,2026-07-13,2
P07041,2026-07-09,2026-07-13,1
P07085,2026-06-27,2026-07-13,4
P07091,2026-07-13,2026-07-13,1
P07093,2026-06-23,2026-07-13,3
P07122,2026-07-13,2026-07-13,5
P07126,2026-06-17,2026-07-13,4
P07145,2026-06-29,2026-07-13,1
P07202,2026-06-16,2026-07-13,4
P07220,2026-07-12,2026-07-13,4
P07295,2026-06-14,2026-07-13,2
P07297,2026-07-10,2026-07-13,2
P07315,2026-07-11,2026-07-13,1
P07323,2026-07-13,2026-07-13,2
P07326,2026-06-16,2026-07-13,3
P07333,2026-07-07,2026-07-13,4
P07348,2026-07-03,2026-07-13,1
P07363,2026-07-13,2026-07-13,2
P07368,2026-07-12,2026-07-13,1
P07369,2026-07-13,2026-07-13,3
P07375,2026-06-14,2026-07-13,3
P07391,2026-07-04,2026-07-13,3
P07412,2026-07-13,2026-07-13,2
P07434,2026-07-13,2026-07-13,5
P07455,2026-06-20,2026-07-13,3
P07458,2026-07-12,2026-07-13,3
P07467,2026-07-04,2026-07-13,3
P07474,2026-07-13,2026-07-13,1
P07526,2026-07-13,2026-07-13,1
P07527,2026-06-23,2026-07-13,3
P07545,2026-06-15,2026-07-13,3
P07580,2026-06-24,2026-07-13,2
P07583,2026-07-13,2026-07-13,1
P07591,2026-06-25,2026-07-13,1
P07614,2026-07-13,2026-07-13,1
P07619,2026-07-11,2026-07-13,3
P07620,2026-06-13,2026-07-13,1
P07632,2026-07-11,2026-07-13,4
P07643,2026-07-12,2026-07-13,4
P07658,2026-07-12,2026-07-13,1
P07690,2026-07-11,2026-07-13,2
P07696,2026-06-24,2026-07-13,1
P07707,2026-07-13,2026-07-13,3
P07721,2026-07-11,2026-07-13,2
P07724,2026-07-13,2026-07-13,3
P07766,2026-07-13,2026-07-13,4
P07767,2026-07-08,2026-07-13,4
P07797,2026-07-13,2026-07-13,5
P07818,2026-07-06,2026-07-13,1
P07832,2026-06-19,2026-07-13,4
P07844,2026-07-02,2026-07-13,2
P07899,2026-06-19,2026-07-13,3
P07920,2026-06-20,2026-07-13,4
P07923,2026-07-13,2026-07-13,1
P07952,2026-07-13,2026-07-13,1
P07953,2026-07-13,2026-07-13,2
P07954,2026-07-02,2026-07-13,4
P07997,2026-07-13,2026-07-13,2
P00015,2026-07-11,2026-07-14,4
P00049,2026-07-09,2026-07-14,3
P00058,2026-06-23,2026-07-14,2
P00086,2026-07-01,2026-07-14,1
P00095,2026-07-14,2026-07-14,2
P00115,2026-06-25,2026-07-14,1
P00130,2026-07-10,2026-07-14,2
P00163,2026-07-13,2026-07-14,2
P00170,2026-06-19,2026-07-14,1
P00172,2026-07-13,2026-07-14,2
P00191,2026-07-13,2026-07-14,2
P00205,2026-07-14,2026-07-14,2
P00210,2026-07-14,2026-07-14,4
P00235,2026-07-06,2026-07-14,4
P00236,2026-07-13,2026-07-14,4
P00250,2026-06-27,2026-07-14,2
P00273,2026-07-11,2026-07-14,4
P00285,2026-07-07,2026-07-14,2
P00288,2026-07-14,2026-07-14,3
P00301,2026-07-14,2026-07-14,1
P00319,2026-07-07,2026-07-14,1
P00339,2026-06-17,2026-07-14,4
P00340,2026-07-11,2026-07-14,4
P00347,2026-06-16,2026-07-14,1
P00366,2026-07-07,2026-07-14,4
P00378,2026-06-30,2026-07-14,4
P00390,2026-07-09,2026-07-14,2
P00394,2026-07-11,2026-07-14,3
P00431,2026-07-04,2026-07-14,4
P00473,2026-06-30,2026-07-14,3
P00486,2026-06-14,2026-07-14,3
P00504,2026-07-14,2026-07-14,3
P00526,2026-07-14,2026-07-14,2
P00531,2026-07-04,2026-07-14,2
P00539,2026-07-14,2026-07-14,2
P00568,2026-07-11,2026-07-14,3
P00601,2026-07-01,2026-07-14,2
P00610,2026-06-21,2026-07-14,2
P00615,2026-07-12,2026-07-14,3
P00630,2026-06-28,2026-07-14,3
P00658,2026-07-13,2026-07-14,1
P00689,2026-07-14,2026-07-14,3
P00735,2026-06-18,2026-07-14,1
P00747,2026-07-14,2026-07-14,4
P00757,2026-06-29,2026-07-14,4
P00759,2026-06-30,2026-07-14,1
P00767,2026-07-14,2026-07-14,1
P00816,2026-07-14,2026-07-14,4
P00822,2026-07-14,2026-07-14,5
P00827,2026-07-07,2026-07-14,1
P00846,2026-07-06,2026-07-14,3
P00857,2026-07-14,2026-07-14,4
P00878,2026-06-20,2026-07-14,4
P00885,2026-07-08,2026-07-14,3
P00890,2026-06-25,2026-07-14,3
P00894,2026-07-14,2026-07-14,3
P00902,2026-07-05,2026-07-14,4
P00903,2026-06-20,2026-07-14,3
P00904,2026-07-14,2026-07-14,5
P00935,2026-07-14,2026-07-14,5
P00945,2026-07-14,2026-07-14,5
P00959,2026-06-24,2026-07-14,2
P00974,2026-07-14,2026-07-14,3
P00978,2026-07-03,2026-07-14,1
P01000,2026-06-30,2026-07-14,3
P01003,2026-07-10,2026-07-14,3
P01007,2026-07-14,2026-07-14,4
P01022,2026-07-14,2026-07-14,2
P01024,2026-07-14,2026-07-14,5
P01038,2026-06-15,2026-07-14,1
P01057,2026-07-14,2026-07-14,1
P01061,2026-07-06,2026-07-14,3
P01062,2026-07-09,2026-07-14,2
P01172,2026-07-14,2026-07-14,5
P01183,2026-06-17,2026-07-14,3
P01190,2026-07-06,2026-07-14,1
P01192,2026-07-01,2026-07-14,1
P01209,2026-07-14,2026-07-14,5
P01211,2026-07-14,2026-07-14,2
P01212,2026-07-09,2026-07-14,4
P01265,2026-07-13,2026-07-14,4
P01268,2026-06-25,2026-07-14,2
P01304,2026-07-14,2026-07-14,4
P01314,2026-07-13,2026-07-14,1
P01321,2026-07-14,2026-07-14,5
P01340,2026-07-14,2026-07-14,4
P01351,2026-07-04,2026-07-14,2
P01355,2026-06-25,2026-07-14,2
P01393,2026-06-15,2026-07-14,2
P01405,2026-06-25,2026-07-14,3
P01408,2026-07-04,2026-07-14,4
P01446,2026-06-27,2026-07-14,2
P01488,2026-07-12,2026-07-14,1
P01504,2026-07-05,2026-07-14,4
P01505,2026-07-07,2026-07-14,3
P01518,2026-06-27,2026-07-14,3
P01574,2026-06-23,2026-07-14,1
P01576,2026-07-13,2026-07-14,3
P01577,2026-07-14,2026-07-14,3
P01582,2026-07-14,2026-07-14,4
P01585,2026-07-14,2026-07-14,5
P01591,2026-07-14,2026-07-14,1
P01595,2026-07-09,2026-07-14,2
P01630,2026-06-28,2026-07-14,4
P01637,2026-07-12,2026-07-14,2
P01647,2026-07-07,2026-07-14,4
P01659,2026-07-12,2026-07-14,3
P01665,2026-06-16,2026-07-14,1
P01680,2026-07-11,2026-07-14,1
P01690,2026-07-12,2026-07-14,1
P01703,2026-07-14,2026-07-14,1
P01735,2026-07-09,2026-07-14,2
P01768,2026-07-10,2026-07-14,1
P01785,2026-07-14,2026-07-14,2
P01839,2026-07-14,2026-07-14,5
P01847,2026-07-01,2026-07-14,4
P01894,2026-06-28,2026-07-14,2
P01904,2026-07-01,2026-07-14,1
P01915,2026-07-03,2026-07-14,1
P01916,2026-06-17,2026-07-14,3
P01937,2026-06-26,2026-07-14,2
P01947,2026-07-14,2026-07-14,4
P01954,2026-07-12,2026-07-14,4
P01971,2026-07-01,2026-07-14,1
P01976,2026-07-05,2026-07-14,1
P02009,2026-07-08,2026-07-14,3
P02010,2026-06-19,2026-07-14,1
P02018,2026-06-16,2026-07-14,4
P02035,2026-07-13,2026-07-14,1
P02064,2026-07-09,2026-07-14,1
P02079,2026-07-05,2026-07-14,4
P02082,2026-07-06,2026-07-14,4
P02093,2026-07-06,2026-07-14,4
P02097,2026-07-13,2026-07-14,2
P02118,2026-07-12,2026-07-14,4
P02140,2026-06-26,2026-07-14,1
P02143,2026-07-14,2026-07-14,2
P02155,2026-07-11,2026-07-14,4
P02159,2026-07-01,2026-07-14,2
P02169,2026-07-12,2026-07-14,4
P02218,2026-07-07,2026-07-14,1
P02253,2026-07-14,2026-07-14,1
P02284,2026-07-14,2026-07-14,2
P02297,2026-07-13,2026-07-14,4
P02300,2026-06-15,2026-07-14,1
P02302,2026-06-22,2026-07-14,1
P02310,2026-07-08,2026-07-14,2
P02316,2026-06-21,2026-07-14,3
P02322,2026-06-23,2026-07-14,1
P02324,2026-07-09,2026-07-14,1
P02352,2026-07-14,2026-07-14,4
P02355,2026-07-14,2026-07-14,1
P02364,2026-07-10,2026-07-14,3
P02382,2026-07-13,2026-07-14,1
P02398,2026-06-22,2026-07-14,2
P02423,2026-07-14,2026-07-14,2
P02433,2026-07-13,2026-07-14,3
P02448,2026-07-09,2026-07-14,4
P02449,2026-07-01,2026-07-14,3
P02458,2026-06-23,2026-07-14,2
P02459,2026-07-09,2026-07-14,1
P02462,2026-07-14,2026-07-14,2
P02479,2026-07-12,2026-07-14,4
P02514,2026-07-14,2026-07-14,5
P02567,2026-06-17,2026-07-14,2
P02568,2026-06-30,2026-07-14,1
P02576,2026-07-03,2026-07-14,1
P02577,2026-07-12,2026-07-14,2
P02594,2026-06-19,2026-07-14,1
P02604,2026-06-28,2026-07-14,3
P02618,2026-07-14,2026-07-14,3
P02622,2026-07-14,2026-07-14,4
P02644,2026-07-06,2026-07-14,3
P02646,2026-07-12,2026-07-14,2
P02648,2026-06-24,2026-07-14,2
P02651,2026-07-13,2026-07-14,2
P02665,2026-07-14,2026-07-14,3
P02668,2026-07-14,2026-07-14,3
P02678,2026-07-01,2026-07-14,2
P02706,2026-06-14,2026-07-14,2
P02738,2026-06-24,2026-07-14,4
P02739,2026-07-14,2026-07-14,3
P02741,2026-06-17,2026-07-14,4
P02776,2026-07-02,2026-07-14,4
P02778,2026-07-14,2026-07-14,1
P02787,2026-07-10,2026-07-14,2
P02796,2026-07-10,2026-07-14,3
P02817,2026-06-30,2026-07-14,1
P02821,2026-06-18,2026-07-14,4
P02830,2026-07-03,2026-07-14,1
P02915,2026-06-29,2026-07-14,4
P02934,2026-07-13,2026-07-14,2
P02978,2026-07-14,2026-07-14,2
P03006,2026-07-14,2026-07-14,5
P03009,2026-07-12,2026-07-14,3
P03014,2026-07-06,2026-07-14,4
P03030,2026-07-06,2026-07-14,1
P03035,2026-07-13,2026-07-14,4
P03036,2026-06-27,2026-07-14,4
P03060,2026-07-12,2026-07-14,3
P03093,2026-07-11,2026-07-14,1
P03110,2026-07-14,2026-07-14,5
P03118,2026-07-12,2026-07-14,2
P03126,2026-07-14,2026-07-14,2
P03139,2026-07-13,2026-07-14,2
P03157,2026-06-29,2026-07-14,1
P03205,2026-07-14,2026-07-14,4
P03210,2026-07-10,2026-07-14,4
P03218,2026-06-26,2026-07-14,1
P03265,2026-06-17,2026-07-14,3
P03310,2026-07-14,2026-07-14,3
P03319,2026-06-23,2026-07-14,4
P03329,2026-07-14,2026-07-14,2
P03337,2026-07-04,2026-07-14,1
P03340,2026-07-14,2026-07-14,4
P03380,2026-07-14,2026-07-14,4
P03415,2026-07-14,2026-07-14,4
P03431,2026-07-13,2026-07-14,2
P03439,2026-06-27,2026-07-14,1
P03450,2026-06-24,2026-07-14,2
P03477,2026-07-06,2026-07-14,1
P03485,2026-07-03,2026-07-14,4
P03489,2026-07-06,2026-07-14,1
P03494,2026-06-17,2026-07-14,1
P03496,2026-07-04,2026-07-14,1
P03517,2026-07-07,2026-07-14,1
P03539,2026-07-08,2026-07-14,1
P03554,2026-07-01,2026-07-14,3
P03562,2026-07-08,2026-07-14,1
P03567,2026-07-07,2026-07-14,1
P03577,2026-06-19,2026-07-14,4
P03579,2026-07-06,2026-07-14,2
P03584,2026-06-16,2026-07-14,1
P03598,2026-07-14,2026-07-14,4
P03608,2026-07-06,2026-07-14,1
P03616,2026-06-29,2026-07-14,4
P03634,2026-06-30,2026-07-14,4
P03641,2026-07-13,2026-07-14,1
P03659,2026-06-15,2026-07-14,1
P03684,2026-06-14,2026-07-14,2
P03686,2026-06-16,2026-07-14,3
P03696,2026-07-13,2026-07-14,2
P03708,2026-06-28,2026-07-14,3
P03722,2026-07-14,2026-07-14,2
P03725,2026-06-30,2026-07-14,1
P03736,2026-07-02,2026-07-14,2
P03737,2026-07-01,2026-07-14,3
P03742,2026-07-08,2026-07-14,4
P03747,2026-07-14,2026-07-14,3
P03750,2026-07-14,2026-07-14,3
P03773,2026-07-06,2026-07-14,3
P03782,2026-07-14,2026-07-14,3
P03791,2026-07-02,2026-07-14,1
P03808,2026-06-17,2026-07-14,1
P03835,2026-07-06,2026-07-14,4
P03842,2026-06-30,2026-07-14,3
P03851,2026-07-13,2026-07-14,3
P03860,2026-07-09,2026-07-14,4
P03868,2026-07-07,2026-07-14,4
P03898,2026-07-01,2026-07-14,3
P03904,2026-07-14,2026-07-14,4
P03919,2026-07-14,2026-07-14,2
P03923,2026-06-14,2026-07-14,1
P03944,2026-07-05,2026-07-14,4
P03949,2026-06-29,2026-07-14,3
P03987,2026-07-14,2026-07-14,4
P03988,2026-07-03,2026-07-14,1
P04015,2026-07-10,2026-07-14,1
P04022,2026-07-08,2026-07-14,3
P04028,2026-07-09,2026-07-14,2
P04036,2026-06-29,2026-07-14,4
P04051,2026-07-03,2026-07-14,2
P04055,2026-07-14,2026-07-14,5
P04062,2026-07-13,2026-07-14,1
P04069,2026-07-07,2026-07-14,4
P04072,2026-06-17,2026-07-14,4
P04076,2026-07-07,2026-07-14,1
P04080,2026-07-09,2026-07-14,4
P04097,2026-06-21,2026-07-14,3
P04104,2026-07-14,2026-07-14,3
P04111,2026-07-13,2026-07-14,1
P04135,2026-07-06,2026-07-14,2
P04142,2026-07-04,2026-07-14,2
P04149,2026-06-29,2026-07-14,2
P04151,2026-07-04,2026-07-14,2
P04161,2026-07-14,2026-07-14,5
P04168,2026-06-30,2026-07-14,3
P04177,2026-06-22,2026-07-14,3
P04179,2026-07-06,2026-07-14,2
P04202,2026-07-12,2026-07-14,2
P04220,2026-07-13,2026-07-14,4
P04235,2026-07-08,2026-07-14,4
P04238,2026-07-14,2026-07-14,2
P04269,2026-06-20,2026-07-14,1
P04299,2026-06-23,2026-07-14,3
P04300,2026-06-26,2026-07-14,1
P04316,2026-07-02,2026-07-14,3
P04331,2026-06-21,2026-07-14,1
P04357,2026-07-14,2026-07-14,1
P04358,2026-07-12,2026-07-14,3
P04370,2026-06-28,2026-07-14,3
P04387,2026-06-20,2026-07-14,2
P04405,2026-07-14,2026-07-14,5
P04420,2026-07-12,2026-07-14,4
P04430,2026-07-05,2026-07-14,1
P04447,2026-07-14,2026-07-14,4
P04457,2026-07-13,2026-07-14,4
P04467,2026-07-12,2026-07-14,3
P04481,2026-07-09,2026-07-14,3
P04487,2026-07-14,2026-07-14,5
P04488,2026-07-14,2026-07-14,5
P04512,2026-06-26,2026-07-14,2
P04520,2026-06-14,2026-07-14,4
P04523,2026-07-14,2026-07-14,5
P04525,2026-07-14,2026-07-14,2
P04566,2026-07-10,2026-07-14,3
P04573,2026-07-03,2026-07-14,4
P04590,2026-07-04,2026-07-14,2
P04591,2026-07-08,2026-07-14,4
P04621,2026-07-14,2026-07-14,2
P04623,2026-07-09,2026-07-14,3
P04634,2026-07-10,2026-07-14,4
P04644,2026-07-14,2026-07-14,1
P04662,2026-07-14,2026-07-14,3
P04670,2026-07-06,2026-07-14,4
P04673,2026-07-06,2026-07-14,3
P04706,2026-07-09,2026-07-14,4
P04728,2026-07-14,2026-07-14,1
P04740,2026-07-14,2026-07-14,4
P04753,2026-07-10,2026-07-14,3
P04779,2026-07-02,2026-07-14,4
P04784,2026-07-03,2026-07-14,1
P04792,2026-07-10,2026-07-14,3
P04800,2026-07-12,2026-07-14,1
P04852,2026-07-07,2026-07-14,2
P04859,2026-07-11,2026-07-14,2
P04866,2026-07-05,2026-07-14,1
P04895,2026-07-13,2026-07-14,2
P04904,2026-07-12,2026-07-14,4
P04913,2026-07-09,2026-07-14,2
P04967,2026-07-09,2026-07-14,1
P04970,2026-06-24,2026-07-14,1
P04976,2026-06-27,2026-07-14,3
P04995,2026-07-13,2026-07-14,3
P04996,2026-06-16,2026-07-14,2
P05010,2026-06-15,2026-07-14,4
P05039,2026-07-11,2026-07-14,2
P05073,2026-06-25,2026-07-14,1
P05147,2026-06-26,2026-07-14,2
P05152,2026-07-13,2026-07-14,4
P05181,2026-07-03,2026-07-14,4
P05218,2026-07-02,2026-07-14,3
P05238,2026-07-14,2026-07-14,4
P05253,2026-07-06,2026-07-14,2
P05287,2026-06-15,2026-07-14,3
P05311,2026-07-10,2026-07-14,4
P05337,2026-07-10,2026-07-14,3
P05338,2026-06-18,2026-07-14,3
P05349,2026-07-14,2026-07-14,5
P05385,2026-07-03,2026-07-14,1
P05392,2026-07-12,2026-07-14,1
P05394,2026-07-14,2026-07-14,3
P05407,2026-07-14,2026-07-14,5
P05420,2026-07-14,2026-07-14,1
P05448,2026-07-14,2026-07-14,2
P05481,2026-07-07,2026-07-14,1
P05488,2026-06-22,2026-07-14,1
P05492,2026-07-14,2026-07-14,5
P05497,2026-07-14,2026-07-14,1
P05530,2026-07-10,2026-07-14,3
P05551,2026-06-29,2026-07-14,4
P05556,2026-06-20,2026-07-14,3
P05588,2026-07-04,2026-07-14,1
P05602,2026-07-14,2026-07-14,4
P05608,2026-06-17,2026-07-14,4
P05645,2026-07-06,2026-07-14,2
P05651,2026-07-03,2026-07-14,2
P05682,2026-07-14,2026-07-14,1
P05755,2026-07-12,2026-07-14,3
P05799,2026-07-07,2026-07-14,3
P05813,2026-07-14,2026-07-14,5
P05823,2026-07-12,2026-07-14,4
P05850,2026-07-01,2026-07-14,3
P05870,2026-07-09,2026-07-14,4
P05871,2026-07-14,2026-07-14,3
P05911,2026-07-10,2026-07-14,4
P05932,2026-07-11,2026-07-14,2
P05986,2026-07-07,2026-07-14,4
P06008,2026-07-14,2026-07-14,3
P06022,2026-07-14,2026-07-14,2
P06051,2026-07-14,2026-07-14,3
P06062,2026-06-30,2026-07-14,3
P06076,2026-06-20,2026-07-14,3
P06167,2026-07-01,2026-07-14,2
P06168,2026-06-18,2026-07-14,3
P06182,2026-07-14,2026-07-14,5
P06195,2026-06-30,2026-07-14,3
P06240,2026-07-14,2026-07-14,1
P06243,2026-06-15,2026-07-14,1
P06245,2026-07-14,2026-07-14,1
P06283,2026-07-14,2026-07-14,2
P06296,2026-07-14,2026-07-14,2
P06313,2026-07-01,2026-07-14,4
P06341,2026-07-14,2026-07-14,4
P06342,2026-07-14,2026-07-14,2
P06347,2026-06-30,2026-07-14,3
P06354,2026-07-14,2026-07-14,2
P06359,2026-07-11,2026-07-14,3
P06363,2026-07-12,2026-07-14,4
P06391,2026-07-02,2026-07-14,2
P06399,2026-06-26,2026-07-14,1
P06418,2026-07-05,2026-07-14,3
P06453,2026-07-09,2026-07-14,3
P06459,2026-07-09,2026-07-14,4
P06492,2026-07-13,2026-07-14,1
P06529,2026-06-24,2026-07-14,2
P06545,2026-07-11,2026-07-14,1
P06546,2026-06-23,2026-07-14,3
P06591,2026-07-01,2026-07-14,1
P06639,2026-07-12,2026-07-14,3
P06675,2026-07-09,2026-07-14,1
P06679,2026-07-14,2026-07-14,4
P06694,2026-06-15,2026-07-14,2
P06706,2026-06-25,2026-07-14,3
P06725,2026-06-16,2026-07-14,4
P06729,2026-07-14,2026-07-14,1
P06737,2026-07-13,2026-07-14,4
P06738,2026-07-14,2026-07-14,4
P06742,2026-06-30,2026-07-14,1
P06745,2026-07-02,2026-07-14,3
P06841,2026-06-23,2026-07-14,1
P06846,2026-07-02,2026-07-14,1
P06853,2026-07-01,2026-07-14,2
P06908,2026-07-13,2026-07-14,4
P06923,2026-07-05,2026-07-14,4
P06924,2026-07-14,2026-07-14,5
P06932,2026-07-14,2026-07-14,1
P06961,2026-07-14,2026-07-14,1
P06966,2026-06-29,2026-07-14,1
P06968,2026-07-03,2026-07-14,1
P06979,2026-07-14,2026-07-14,2
P06983,2026-07-13,2026-07-14,2
P06996,2026-06-23,2026-07-14,4
P07037,2026-07-14,2026-07-14,4
P07041,2026-07-09,2026-07-14,1
P07063,2026-06-14,2026-07-14,4
P07070,2026-07-08,2026-07-14,2
P07072,2026-07-11,2026-07-14,2
P07074,2026-07-14,2026-07-14,3
P07091,2026-07-13,2026-07-14,4
P07190,2026-07-04,2026-07-14,2
P07202,2026-06-16,2026-07-14,3
P07230,2026-07-14,2026-07-14,2
P07262,2026-07-14,2026-07-14,2
P07270,2026-07-01,2026-07-14,3
P07290,2026-07-09,2026-07-14,1
P07308,2026-07-14,2026-07-14,3
P07315,2026-07-11,2026-07-14,1
P07342,2026-07-09,2026-07-14,2
P07348,2026-07-03,2026-07-14,3
P07369,2026-07-13,2026-07-14,3
P07417,2026-06-26,2026-07-14,3
P07428,2026-07-14,2026-07-14,4
P07453,2026-07-06,2026-07-14,1
P07458,2026-07-12,2026-07-14,4
P07474,2026-07-13,2026-07-14,3
P07507,2026-07-10,2026-07-14,2
P07534,2026-07-06,2026-07-14,1
P07535,2026-06-25,2026-07-14,2
P07544,2026-06-17,2026-07-14,3
P07557,2026-06-15,2026-07-14,2
P07576,2026-06-16,2026-07-14,2
P07593,2026-07-01,2026-07-14,4
P07617,2026-07-14,2026-07-14,2
P07619,2026-07-11,2026-07-14,2
P07625,2026-07-03,2026-07-14,2
P07630,2026-06-18,2026-07-14,1
P07641,2026-07-09,2026-07-14,2
P07657,2026-07-12,2026-07-14,3
P07660,2026-06-28,2026-07-14,4
P07663,2026-06-29,2026-07-14,4
P07670,2026-07-06,2026-07-14,2
P07672,2026-06-23,2026-07-14,4
P07676,2026-07-03,2026-07-14,1
P07689,2026-07-02,2026-07-14,3
P07696,2026-06-24,2026-07-14,2
P07699,2026-07-02,2026-07-14,4
P07706,2026-06-21,2026-07-14,3
P07709,2026-07-11,2026-07-14,3
P07720,2026-06-14,2026-07-14,3
P07721,2026-07-11,2026-07-14,4
P07729,2026-07-14,2026-07-14,5
P07738,2026-07-01,2026-07-14,2
P07744,2026-06-27,2026-07-14,2
P07798,2026-07-09,2026-07-14,1
P07799,2026-06-22,2026-07-14,2
P07822,2026-06-29,2026-07-14,3
P07832,2026-06-19,2026-07-14,3
P07833,2026-07-06,2026-07-14,4
P07844,2026-07-02,2026-07-14,4
P07862,2026-07-06,2026-07-14,4
P07886,2026-07-03,2026-07-14,1
P07895,2026-06-26,2026-07-14,4
P07896,2026-07-10,2026-07-14,1
P07904,2026-07-14,2026-07-14,2
P07952,2026-07-13,2026-07-14,1
P07964,2026-07-14,2026-07-14,2
P07985,2026-06-28,2026-07-14,1
P07991,2026-07-11,2026-07-14,1
P07997,2026-07-13,2026-07-14,2
P07999,2026-07-11,2026-07-14,2
P00010,2026-06-24,2026-07-15,2
P00012,2026-06-23,2026-07-15,3
P00059,2026-07-02,2026-07-15,3
P00062,2026-07-15,2026-07-15,3
P00085,2026-06-15,2026-07-15,3
P00100,2026-07-15,2026-07-15,4
P00118,2026-07-15,2026-07-15,5
P00121,2026-06-22,2026-07-15,2
P00129,2026-06-30,2026-07-15,3
P00144,2026-06-22,2026-07-15,2
P00163,2026-07-13,2026-07-15,3
P00191,2026-07-13,2026-07-15,3
P00205,2026-07-14,2026-07-15,4
P00217,2026-07-15,2026-07-15,3
P00218,2026-07-15,2026-07-15,5
P00250,2026-06-27,2026-07-15,3
P00252,2026-07-15,2026-07-15,5
P00261,2026-06-24,2026-07-15,4
P00267,2026-07-05,2026-07-15,1
P00288,2026-07-14,2026-07-15,4
P00291,2026-07-13,2026-07-15,3
P00347,2026-06-16,2026-07-15,3
P00394,2026-07-11,2026-07-15,2
P00419,2026-07-15,2026-07-15,2
P00495,2026-06-21,2026-07-15,1
P00504,2026-07-14,2026-07-15,3
P00529,2026-07-15,2026-07-15,3
P00549,2026-07-12,2026-07-15,2
P00558,2026-07-09,2026-07-15,3
P00568,2026-07-11,2026-07-15,2
P00573,2026-07-15,2026-07-15,4
P00582,2026-06-25,2026-07-15,4
P00589,2026-07-09,2026-07-15,2
P00596,2026-07-12,2026-07-15,2
P00597,2026-07-02,2026-07-15,4
P00615,2026-07-12,2026-07-15,1
P00634,2026-06-20,2026-07-15,4
P00635,2026-07-09,2026-07-15,1
P00651,2026-07-15,2026-07-15,4
P00675,2026-06-25,2026-07-15,1
P00689,2026-07-14,2026-07-15,1
P00690,2026-07-05,2026-07-15,1
P00693,2026-07-13,2026-07-15,4
P00717,2026-06-29,2026-07-15,4
P00734,2026-07-06,2026-07-15,2
P00750,2026-07-15,2026-07-15,4
P00751,2026-07-15,2026-07-15,3
P00758,2026-07-02,2026-07-15,4
P00759,2026-06-30,2026-07-15,2
P00765,2026-07-01,2026-07-15,3
P00772,2026-06-29,2026-07-15,1
P00780,2026-07-11,2026-07-15,4
P00822,2026-07-14,2026-07-15,4
P00827,2026-07-07,2026-07-15,1
P00837,2026-07-15,2026-07-15,3
P00839,2026-07-10,2026-07-15,4
P00863,2026-07-02,2026-07-15,2
P00864,2026-06-22,2026-07-15,3
P00868,2026-07-15,2026-07-15,3
P00869,2026-07-07,2026-07-15,4
P00888,2026-07-03,2026-07-15,1
P00895,2026-07-15,2026-07-15,1
P00903,2026-06-20,2026-07-15,4
P00906,2026-06-21,2026-07-15,3
P00911,2026-06-27,2026-07-15,2
P00969,2026-07-15,2026-07-15,4
P00977,2026-07-15,2026-07-15,4
P00992,2026-07-09,2026-07-15,4
P01007,2026-07-14,2026-07-15,3
P01022,2026-07-14,2026-07-15,2
P01025,2026-06-29,2026-07-15,4
P01057,2026-07-14,2026-07-15,1
P01062,2026-07-09,2026-07-15,4
P01063,2026-06-29,2026-07-15,4
P01071,2026-07-15,2026-07-15,5
P01089,2026-07-15,2026-07-15,2
P01105,2026-06-27,2026-07-15,3
P01116,2026-07-02,2026-07-15,1
P01118,2026-07-06,2026-07-15,2
P01128,2026-07-15,2026-07-15,1
P01135,2026-07-15,2026-07-15,2
P01188,2026-07-02,2026-07-15,2
P01209,2026-07-14,2026-07-15,1
P01223,2026-06-27,2026-07-15,3
P01254,2026-06-15,2026-07-15,1
P01288,2026-07-06,2026-07-15,2
P01293,2026-07-01,2026-07-15,3
P01298,2026-07-15,2026-07-15,4
P01301,2026-07-13,2026-07-15,3
P01304,2026-07-14,2026-07-15,4
P01310,2026-07-15,2026-07-15,4
P01345,2026-07-10,2026-07-15,4
P01364,2026-07-15,2026-07-15,1
P01379,2026-06-18,2026-07-15,3
P01408,2026-07-04,2026-07-15,4
P01409,2026-07-15,2026-07-15,2
P01427,2026-07-15,2026-07-15,3
P01434,2026-07-13,2026-07-15,3
P01453,2026-07-02,2026-07-15,3
P01460,2026-06-21,2026-07-15,2
P01467,2026-07-15,2026-07-15,5
P01488,2026-07-12,2026-07-15,2
P01497,2026-07-05,2026-07-15,2
P01505,2026-07-07,2026-07-15,2
P01520,2026-06-29,2026-07-15,4
P01539,2026-07-15,2026-07-15,4
P01552,2026-07-15,2026-07-15,3
P01561,2026-07-12,2026-07-15,1
P01577,2026-07-14,2026-07-15,3
P01591,2026-07-14,2026-07-15,4
P01621,2026-07-15,2026-07-15,3
P01659,2026-07-12,2026-07-15,1
P01660,2026-07-02,2026-07-15,4
P01669,2026-06-22,2026-07-15,1
P01673,2026-07-13,2026-07-15,1
P01674,2026-07-05,2026-07-15,2
P01685,2026-06-27,2026-07-15,1
P01708,2026-07-08,2026-07-15,3
P01741,2026-07-15,2026-07-15,3
P01753,2026-07-15,2026-07-15,2
P01776,2026-07-07,2026-07-15,4
P01799,2026-07-11,2026-07-15,3
P01802,2026-07-12,2026-07-15,4
P01816,2026-06-24,2026-07-15,2
P01839,2026-07-14,2026-07-15,2
P01845,2026-07-05,2026-07-15,3
P01847,2026-07-01,2026-07-15,4
P01852,2026-07-09,2026-07-15,4
P01877,2026-07-15,2026-07-15,2
P01898,2026-07-15,2026-07-15,3
P01915,2026-07-03,2026-07-15,2
P01928,2026-07-07,2026-07-15,4
P01937,2026-06-26,2026-07-15,2
P01958,2026-07-11,2026-07-15,1
P01961,2026-07-15,2026-07-15,4
P01976,2026-07-05,2026-07-15,4
P01987,2026-07-15,2026-07-15,1
P01990,2026-07-15,2026-07-15,2
P01997,2026-06-20,2026-07-15,4
P02051,2026-07-11,2026-07-15,3
P02053,2026-07-12,2026-07-15,3
P02056,2026-07-15,2026-07-15,2
P02074,2026-07-01,2026-07-15,3
P02082,2026-07-06,2026-07-15,2
P02167,2026-07-07,2026-07-15,1
P02242,2026-06-23,2026-07-15,3
P02271,2026-07-15,2026-07-15,4
P02272,2026-07-10,2026-07-15,4
P02294,2026-07-15,2026-07-15,3
P02299,2026-06-25,2026-07-15,1
P02305,2026-07-15,2026-07-15,4
P02319,2026-07-15,2026-07-15,5
P02321,2026-07-12,2026-07-15,2
P02324,2026-07-09,2026-07-15,4
P02351,2026-07-03,2026-07-15,1
P02355,2026-07-14,2026-07-15,3
P02366,2026-07-10,2026-07-15,3
P02377,2026-07-02,2026-07-15,4
P02382,2026-07-13,2026-07-15,4
P02407,2026-06-20,2026-07-15,4
P02421,2026-07-04,2026-07-15,4
P02423,2026-07-14,2026-07-15,3
P02429,2026-06-30,2026-07-15,3
P02431,2026-07-13,2026-07-15,3
P02447,2026-06-17,2026-07-15,1
P02459,2026-07-09,2026-07-15,2
P02472,2026-07-15,2026-07-15,2
P02490,2026-06-23,2026-07-15,2
P02523,2026-07-15,2026-07-15,3
P02543,2026-07-13,2026-07-15,3
P02547,2026-07-12,2026-07-15,2
P02566,2026-07-15,2026-07-15,2
P02586,2026-06-24,2026-07-15,3
P02589,2026-06-23,2026-07-15,2
P02613,2026-07-15,2026-07-15,2
P02617,2026-07-15,2026-07-15,4
P02646,2026-07-12,2026-07-15,3
P02651,2026-07-13,2026-07-15,2
P02655,2026-07-02,2026-07-15,3
P02660,2026-07-15,2026-07-15,3
P02668,2026-07-14,2026-07-15,2
P02675,2026-07-15,2026-07-15,3
P02692,2026-07-15,2026-07-15,1
P02694,2026-06-17,2026-07-15,1
P02701,2026-07-08,2026-07-15,4
P02731,2026-06-19,2026-07-15,1
P02739,2026-07-14,2026-07-15,2
P02764,2026-07-15,2026-07-15,4
P02778,2026-07-14,2026-07-15,2
P02788,2026-06-21,2026-07-15,3
P02807,2026-06-23,2026-07-15,2
P02812,2026-07-15,2026-07-15,5
P02826,2026-06-25,2026-07-15,2
P02872,2026-07-09,2026-07-15,4
P02915,2026-06-29,2026-07-15,4
P02923,2026-07-15,2026-07-15,1
P02934,2026-07-13,2026-07-15,4
P02952,2026-06-20,2026-07-15,3
P02958,2026-07-15,2026-07-15,1
P02966,2026-06-15,2026-07-15,4
P03014,2026-07-06,2026-07-15,2
P03044,2026-06-21,2026-07-15,3
P03079,2026-07-08,2026-07-15,2
P03118,2026-07-12,2026-07-15,1
P03126,2026-07-14,2026-07-15,3
P03136,2026-07-15,2026-07-15,4
P03151,2026-07-15,2026-07-15,2
P03161,2026-06-16,2026-07-15,1
P03166,2026-07-12,2026-07-15,3
P03187,2026-07-11,2026-07-15,3
P03190,2026-07-12,2026-07-15,1
P03198,2026-07-09,2026-07-15,3
P03241,2026-07-07,2026-07-15,3
P03267,2026-06-21,2026-07-15,1
P03282,2026-06-17,2026-07-15,1
P03327,2026-07-15,2026-07-15,1
P03336,2026-07-15,2026-07-15,3
P03349,2026-07-08,2026-07-15,3
P03380,2026-07-14,2026-07-15,3
P03392,2026-07-15,2026-07-15,4
P03400,2026-06-26,2026-07-15,4
P03410,2026-07-05,2026-07-15,1
P03437,2026-07-06,2026-07-15,3
P03453,2026-07-09,2026-07-15,4
P03463,2026-07-15,2026-07-15,5
P03464,2026-07-08,2026-07-15,3
P03540,2026-06-18,2026-07-15,3
P03545,2026-07-02,2026-07-15,1
P03566,2026-07-15,2026-07-15,3
P03599,2026-07-13,2026-07-15,1
P03607,2026-07-10,2026-07-15,2
P03617,2026-07-12,2026-07-15,4
P03620,2026-07-09,2026-07-15,4
P03624,2026-07-15,2026-07-15,3
P03639,2026-07-02,2026-07-15,3
P03641,2026-07-13,2026-07-15,2
P03653,2026-07-06,2026-07-15,4
P03675,2026-07-15,2026-07-15,5
P03683,2026-06-20,2026-07-15,2
P03685,2026-07-15,2026-07-15,1
P03693,2026-07-02,2026-07-15,1
P03696,2026-07-13,2026-07-15,4
P03710,2026-07-07,2026-07-15,4
P03735,2026-07-08,2026-07-15,1
P03737,2026-07-01,2026-07-15,4
P03749,2026-07-04,2026-07-15,2
P03761,2026-07-15,2026-07-15,2
P03782,2026-07-14,2026-07-15,1
P03796,2026-07-09,2026-07-15,1
P03814,2026-07-15,2026-07-15,2
P03828,2026-07-15,2026-07-15,1
P03840,2026-06-15,2026-07-15,1
P03845,2026-07-11,2026-07-15,1
P03871,2026-07-15,2026-07-15,4
P03919,2026-07-14,2026-07-15,3
P03926,2026-06-23,2026-07-15,2
P03965,2026-06-20,2026-07-15,4
P03972,2026-07-15,2026-07-15,5
P04013,2026-07-15,2026-07-15,2
P04054,2026-07-15,2026-07-15,5
P04057,2026-07-15,2026-07-15,4
P04059,2026-06-21,2026-07-15,2
P04062,2026-07-13,2026-07-15,2
P04069,2026-07-07,2026-07-15,4
P04080,2026-07-09,2026-07-15,3
P04110,2026-07-01,2026-07-15,4
P04111,2026-07-13,2026-07-15,4
P04133,2026-06-25,2026-07-15,1
P04136,2026-07-15,2026-07-15,2
P04140,2026-07-03,2026-07-15,1
P04161,2026-07-14,2026-07-15,1
P04175,2026-07-15,2026-07-15,4
P04196,2026-07-09,2026-07-15,3
P04202,2026-07-12,2026-07-15,2
P04232,2026-06-22,2026-07-15,3
P04238,2026-07-14,2026-07-15,4
P04250,2026-07-15,2026-07-15,1
P04310,2026-07-10,2026-07-15,3
P04322,2026-07-01,2026-07-15,1
P04330,2026-07-12,2026-07-15,2
P04355,2026-07-10,2026-07-15,3
P04357,2026-07-14,2026-07-15,4
P04394,2026-07-15,2026-07-15,2
P04395,2026-07-13,2026-07-15,3
P04419,2026-07-11,2026-07-15,3
P04429,2026-07-11,2026-07-15,2
P04455,2026-07-15,2026-07-15,4
P04457,2026-07-13,2026-07-15,2
P04467,2026-07-12,2026-07-15,3
P04487,2026-07-14,2026-07-15,2
P04488,2026-07-14,2026-07-15,4
P04511,2026-07-07,2026-07-15,4
P04515,2026-07-15,2026-07-15,5
P04518,2026-07-15,2026-07-15,2
P04525,2026-07-14,2026-07-15,4
P04539,2026-06-27,2026-07-15,2
P04560,2026-07-01,2026-07-15,4
P04566,2026-07-10,2026-07-15,2
P04570,2026-07-15,2026-07-15,1
P04574,2026-07-12,2026-07-15,4
P04581,2026-06-28,2026-07-15,4
P04607,2026-07-15,2026-07-15,2
P04644,2026-07-14,2026-07-15,1
P04650,2026-06-23,2026-07-15,2
P04686,2026-07-11,2026-07-15,3
P04693,2026-07-15,2026-07-15,1
P04758,2026-07-01,2026-07-15,2
P04769,2026-06-24,2026-07-15,2
P04775,2026-07-08,2026-07-15,4
P04779,2026-07-02,2026-07-15,4
P04794,2026-07-10,2026-07-15,1
P04816,2026-07-11,2026-07-15,2
P04855,2026-07-15,2026-07-15,5
P04859,2026-07-11,2026-07-15,1
P04872,2026-07-15,2026-07-15,4
P04893,2026-06-23,2026-07-15,3
P04904,2026-07-12,2026-07-15,1
P04915,2026-06-18,2026-07-15,1
P04941,2026-07-09,2026-07-15,4
P04944,2026-07-12,2026-07-15,3
P04946,2026-06-25,2026-07-15,3
P04953,2026-07-04,2026-07-15,4
P04972,2026-07-06,2026-07-15,3
P04986,2026-07-12,2026-07-15,2
P05006,2026-07-06,2026-07-15,4
P05050,2026-07-12,2026-07-15,3
P05058,2026-07-09,2026-07-15,3
P05061,2026-07-15,2026-07-15,3
P05067,2026-06-21,2026-07-15,4
P05102,2026-07-01,2026-07-15,2
P05117,2026-06-25,2026-07-15,2
P05130,2026-06-29,2026-07-15,2
P05133,2026-07-11,2026-07-15,3
P05167,2026-07-09,2026-07-15,2
P05193,2026-06-29,2026-07-15,4
P05194,2026-06-16,2026-07-15,3
P05197,2026-07-15,2026-07-15,4
P05202,2026-07-08,2026-07-15,2
P05206,2026-07-02,2026-07-15,2
P05211,2026-07-12,2026-07-15,1
P05212,2026-07-12,2026-07-15,3
P05291,2026-07-02,2026-07-15,4
P05298,2026-06-23,2026-07-15,4
P05301,2026-07-15,2026-07-15,3
P05315,2026-07-15,2026-07-15,1
P05323,2026-07-15,2026-07-15,1
P05328,2026-07-13,2026-07-15,2
P05333,2026-07-07,2026-07-15,3
P05343,2026-07-15,2026-07-15,5
P05358,2026-06-24,2026-07-15,1
P05395,2026-07-15,2026-07-15,5
P05407,2026-07-14,2026-07-15,2
P05411,2026-07-15,2026-07-15,4
P05412,2026-07-04,2026-07-15,1
P05441,2026-07-15,2026-07-15,1
P05476,2026-07-04,2026-07-15,4
P05477,2026-06-25,2026-07-15,3
P05492,2026-07-14,2026-07-15,3
P05506,2026-06-16,2026-07-15,1
P05517,2026-06-18,2026-07-15,3
P05527,2026-07-15,2026-07-15,2
P05538,2026-07-13,2026-07-15,3
P05558,2026-07-13,2026-07-15,1
P05580,2026-06-27,2026-07-15,1
P05595,2026-07-05,2026-07-15,2
P05598,2026-07-03,2026-07-15,4
P05608,2026-06-17,2026-07-15,3
P05615,2026-07-12,2026-07-15,3
P05635,2026-07-15,2026-07-15,5
P05722,2026-06-22,2026-07-15,1
P05738,2026-06-24,2026-07-15,4
P05742,2026-07-15,2026-07-15,4
P05746,2026-07-15,2026-07-15,1
P05748,2026-06-21,2026-07-15,2
P05752,2026-06-21,2026-07-15,3
P05755,2026-07-12,2026-07-15,1
P05756,2026-06-18,2026-07-15,4
P05766,2026-07-15,2026-07-15,5
P05785,2026-06-24,2026-07-15,3
P05790,2026-06-23,2026-07-15,1
P05821,2026-06-30,2026-07-15,1
P05832,2026-07-15,2026-07-15,4
P05834,2026-07-15,2026-07-15,1
P05846,2026-06-20,2026-07-15,2
P05910,2026-06-22,2026-07-15,2
P05914,2026-07-07,2026-07-15,4
P05938,2026-07-03,2026-07-15,3
P05941,2026-07-15,2026-07-15,2
P05955,2026-07-06,2026-07-15,1
P06009,2026-07-01,2026-07-15,2
P06017,2026-07-15,2026-07-15,5
P06022,2026-07-14,2026-07-15,1
P06037,2026-07-11,2026-07-15,2
P06044,2026-06-26,2026-07-15,2
P06049,2026-06-18,2026-07-15,1
P06092,2026-06-17,2026-07-15,1
P06124,2026-07-15,2026-07-15,1
P06161,2026-07-15,2026-07-15,5
P06167,2026-07-01,2026-07-15,1
P06173,2026-07-15,2026-07-15,4
P06184,2026-07-01,2026-07-15,2
P06200,2026-06-30,2026-07-15,1
P06201,2026-07-11,2026-07-15,3
P06257,2026-06-20,2026-07-15,4
P06268,2026-07-15,2026-07-15,1
P06292,2026-07-15,2026-07-15,3
P06316,2026-07-01,2026-07-15,1
P06334,2026-07-15,2026-07-15,5
P06342,2026-07-14,2026-07-15,1
P06371,2026-07-15,2026-07-15,2
P06377,2026-07-12,2026-07-15,3
P06399,2026-06-26,2026-07-15,3
P06406,2026-07-15,2026-07-15,4
P06456,2026-07-15,2026-07-15,4
P06458,2026-06-27,2026-07-15,3
P06479,2026-07-09,2026-07-15,2
P06500,2026-07-15,2026-07-15,4
P06509,2026-06-27,2026-07-15,4
P06512,2026-07-03,2026-07-15,1
P06545,2026-07-11,2026-07-15,2
P06551,2026-06-23,2026-07-15,3
P06600,2026-07-15,2026-07-15,4
P06623,2026-07-08,2026-07-15,4
P06646,2026-07-15,2026-07-15,4
P06657,2026-06-24,2026-07-15,3
P06662,2026-06-29,2026-07-15,3
P06663,2026-07-15,2026-07-15,3
P06679,2026-07-14,2026-07-15,2
P06680,2026-06-19,2026-07-15,4
P06683,2026-06-26,2026-07-15,2
P06704,2026-06-30,2026-07-15,4
P06709,2026-07-15,2026-07-15,4
P06718,2026-07-12,2026-07-15,4
P06728,2026-07-15,2026-07-15,5
P06730,2026-07-13,2026-07-15,3
P06750,2026-07-15,2026-07-15,5
P06765,2026-07-08,2026-07-15,2
P06809,2026-06-16,2026-07-15,1
P06845,2026-07-11,2026-07-15,1
P06854,2026-06-26,2026-07-15,3
P06909,2026-07-12,2026-07-15,2
P06917,2026-07-09,2026-07-15,2
P06961,2026-07-14,2026-07-15,3
P06968,2026-07-03,2026-07-15,1
P06976,2026-06-19,2026-07-15,4
P06979,2026-07-14,2026-07-15,4
P06983,2026-07-13,2026-07-15,3
P06995,2026-07-01,2026-07-15,4
P07007,2026-06-16,2026-07-15,1
P07013,2026-07-12,2026-07-15,4
P07015,2026-07-05,2026-07-15,1
P07019,2026-06-23,2026-07-15,3
P07023,2026-07-05,2026-07-15,2
P07041,2026-07-09,2026-07-15,1
P07042,2026-06-15,2026-07-15,2
P07052,2026-06-18,2026-07-15,3
P07078,2026-07-15,2026-07-15,1
P07132,2026-07-15,2026-07-15,1
P07133,2026-07-01,2026-07-15,4
P07137,2026-06-24,2026-07-15,2
P07143,2026-06-17,2026-07-15,2
P07145,2026-06-29,2026-07-15,1
P07152,2026-06-22,2026-07-15,1
P07193,2026-06-30,2026-07-15,3
P07206,2026-07-08,2026-07-15,4
P07223,2026-06-16,2026-07-15,2
P07262,2026-07-14,2026-07-15,2
P07324,2026-07-15,2026-07-15,3
P07331,2026-07-11,2026-07-15,4
P07335,2026-07-15,2026-07-15,4
P07355,2026-06-15,2026-07-15,1
P07363,2026-07-13,2026-07-15,3
P07369,2026-07-13,2026-07-15,3
P07412,2026-07-13,2026-07-15,2
P07487,2026-06-26,2026-07-15,2
P07492,2026-07-09,2026-07-15,1
P07512,2026-06-18,2026-07-15,4
P07516,2026-06-29,2026-07-15,4
P07580,2026-06-24,2026-07-15,4
P07590,2026-07-15,2026-07-15,1
P07604,2026-07-09,2026-07-15,2
P07607,2026-07-15,2026-07-15,3
P07623,2026-06-27,2026-07-15,1
P07657,2026-07-12,2026-07-15,4
P07678,2026-06-27,2026-07-15,3
P07715,2026-07-12,2026-07-15,4
P07734,2026-06-23,2026-07-15,1
P07751,2026-07-03,2026-07-15,4
P07769,2026-07-15,2026-07-15,4
P07785,2026-06-15,2026-07-15,2
P07799,2026-06-22,2026-07-15,1
P07803,2026-06-20,2026-07-15,2
P07806,2026-06-27,2026-07-15,2
P07825,2026-06-27,2026-07-15,3
P07833,2026-07-06,2026-07-15,4
P07834,2026-07-09,2026-07-15,4
P07860,2026-07-15,2026-07-15,4
P07888,2026-07-15,2026-07-15,5
P07894,2026-07-01,2026-07-15,3
P07924,2026-07-09,2026-07-15,4
P07933,2026-06-29,2026-07-15,2
P07974,2026-07-07,2026-07-15,2
P07979,2026-06-27,2026-07-15,3
P07980,2026-07-15,2026-07-15,2
P00027,2026-07-16,2026-07-16,3
P00044,2026-06-30,2026-07-16,2
P00047,2026-07-13,2026-07-16,1
P00053,2026-07-02,2026-07-16,3
P00058,2026-06-23,2026-07-16,4
P00063,2026-07-16,2026-07-16,3
P00068,2026-06-23,2026-07-16,4
P00080,2026-07-16,2026-07-16,2
P00099,2026-07-02,2026-07-16,1
P00100,2026-07-15,2026-07-16,3
P00103,2026-07-16,2026-07-16,1
P00118,2026-07-15,2026-07-16,4
P00121,2026-06-22,2026-07-16,1
P00123,2026-07-07,2026-07-16,3
P00130,2026-07-10,2026-07-16,4
P00147,2026-07-16,2026-07-16,2
P00163,2026-07-13,2026-07-16,1
P00164,2026-07-16,2026-07-16,2
P00172,2026-07-13,2026-07-16,1
P00205,2026-07-14,2026-07-16,2
P00213,2026-07-16,2026-07-16,5
P00217,2026-07-15,2026-07-16,4
P00270,2026-07-16,2026-07-16,3
P00272,2026-07-16,2026-07-16,2
P00291,2026-07-13,2026-07-16,3
P00297,2026-07-16,2026-07-16,1
P00301,2026-07-14,2026-07-16,2
P00303,2026-06-16,2026-07-16,4
P00322,2026-07-13,2026-07-16,4
P00361,2026-06-21,2026-07-16,3
P00363,2026-07-09,2026-07-16,3
P00371,2026-07-10,2026-07-16,1
P00377,2026-07-03,2026-07-16,3
P00379,2026-07-12,2026-07-16,2
P00389,2026-06-24,2026-07-16,4
P00390,2026-07-09,2026-07-16,3
P00411,2026-06-21,2026-07-16,3
P00419,2026-07-15,2026-07-16,3
P00420,2026-07-16,2026-07-16,4
P00450,2026-06-30,2026-07-16,1
P00489,2026-07-02,2026-07-16,3
P00502,2026-07-16,2026-07-16,1
P00504,2026-07-14,2026-07-16,1
P00514,2026-07-16,2026-07-16,2
P00530,2026-07-01,2026-07-16,3
P00555,2026-06-30,2026-07-16,3
P00573,2026-07-15,2026-07-16,4
P00606,2026-07-16,2026-07-16,5
P00615,2026-07-12,2026-07-16,3
P00651,2026-07-15,2026-07-16,2
P00659,2026-06-20,2026-07-16,1
P00677,2026-07-04,2026-07-16,4
P00749,2026-07-05,2026-07-16,2
P00753,2026-07-10,2026-07-16,2
P00767,2026-07-14,2026-07-16,1
P00776,2026-06-29,2026-07-16,2
P00780,2026-07-11,2026-07-16,3
P00786,2026-07-16,2026-07-16,3
P00800,2026-07-16,2026-07-16,1
P00801,2026-07-16,2026-07-16,2
P00817,2026-07-16,2026-07-16,1
P00818,2026-07-09,2026-07-16,3
P00822,2026-07-14,2026-07-16,1
P00837,2026-07-15,2026-07-16,3
P00839,2026-07-10,2026-07-16,4
P00873,2026-06-18,2026-07-16,4
P00888,2026-07-03,2026-07-16,3
P00898,2026-07-12,2026-07-16,2
P00909,2026-07-06,2026-07-16,1
P00925,2026-07-16,2026-07-16,5
P00926,2026-07-11,2026-07-16,2
P00936,2026-06-19,2026-07-16,4
P00940,2026-07-04,2026-07-16,2
P00962,2026-06-22,2026-07-16,1
P00967,2026-07-04,2026-07-16,3
P00981,2026-07-16,2026-07-16,1
P00989,2026-07-09,2026-07-16,3
P01020,2026-07-04,2026-07-16,2
P01035,2026-06-29,2026-07-16,1
P01044,2026-07-13,2026-07-16,2
P01051,2026-07-16,2026-07-16,4
P01057,2026-07-14,2026-07-16,4
P01074,2026-07-13,2026-07-16,3
P01089,2026-07-15,2026-07-16,3
P01109,2026-07-12,2026-07-16,2
P01130,2026-07-16,2026-07-16,3
P01134,2026-07-11,2026-07-16,4
P01153,2026-07-05,2026-07-16,1
P01155,2026-06-21,2026-07-16,2
P01176,2026-06-26,2026-07-16,4
P01183,2026-06-17,2026-07-16,1
P01222,2026-07-12,2026-07-16,2
P01250,2026-06-29,2026-07-16,4
P01256,2026-06-25,2026-07-16,1
P01264,2026-07-16,2026-07-16,4
P01267,2026-06-28,2026-07-16,1
P01280,2026-06-20,2026-07-16,4
P01285,2026-07-16,2026-07-16,5
P01311,2026-07-04,2026-07-16,3
P01314,2026-07-13,2026-07-16,3
P01357,2026-07-06,2026-07-16,2
P01376,2026-06-16,2026-07-16,2
P01383,2026-06-21,2026-07-16,1
P01385,2026-07-16,2026-07-16,3
P01386,2026-06-29,2026-07-16,1
P01397,2026-07-11,2026-07-16,1
P01414,2026-07-02,2026-07-16,4
P01422,2026-07-16,2026-07-16,2
P01468,2026-07-16,2026-07-16,3
P01470,2026-07-05,2026-07-16,3
P01523,2026-07-16,2026-07-16,4
P01540,2026-07-16,2026-07-16,1
P01567,2026-07-05,2026-07-16,1
P01608,2026-06-22,2026-07-16,1
P01624,2026-07-16,2026-07-16,2
P01625,2026-07-16,2026-07-16,1
P01633,2026-06-18,2026-07-16,2
P01672,2026-06-29,2026-07-16,4
P01673,2026-07-13,2026-07-16,3
P01674,2026-07-05,2026-07-16,4
P01689,2026-07-09,2026-07-16,2
P01690,2026-07-12,2026-07-16,1
P01694,2026-07-16,2026-07-16,1
P01697,2026-06-18,2026-07-16,4
P01703,2026-07-14,2026-07-16,1
P01724,2026-06-19,2026-07-16,4
P01755,2026-07-16,2026-07-16,1
P01758,2026-07-08,2026-07-16,1
P01784,2026-07-12,2026-07-16,3
P01786,2026-06-21,2026-07-16,2
P01793,2026-07-16,2026-07-16,5
P01818,2026-07-16,2026-07-16,4
P01829,2026-06-17,2026-07-16,2
P01864,2026-07-10,2026-07-16,1
P01887,2026-07-05,2026-07-16,1
P01896,2026-07-11,2026-07-16,3
P01900,2026-07-10,2026-07-16,3
P01915,2026-07-03,2026-07-16,4
P01919,2026-06-21,2026-07-16,4
P01927,2026-06-25,2026-07-16,2
P01931,2026-07-13,2026-07-16,2
P01935,2026-06-20,2026-07-16,3
P01950,2026-07-16,2026-07-16,4
P01954,2026-07-12,2026-07-16,1
P01961,2026-07-15,2026-07-16,1
P01963,2026-06-20,2026-07-16,3
P01987,2026-07-15,2026-07-16,3
P02006,2026-06-29,2026-07-16,1
P02009,2026-07-08,2026-07-16,3
P02016,2026-06-23,2026-07-16,1
P02033,2026-07-03,2026-07-16,1
P02038,2026-07-16,2026-07-16,2
P02041,2026-06-23,2026-07-16,4
P02043,2026-07-16,2026-07-16,2
P02053,2026-07-12,2026-07-16,3
P02064,2026-07-09,2026-07-16,1
P02083,2026-07-16,2026-07-16,1
P02118,2026-07-12,2026-07-16,2
P02122,2026-06-17,2026-07-16,4
P02138,2026-06-29,2026-07-16,4
P02155,2026-07-11,2026-07-16,4
P02186,2026-06-25,2026-07-16,2
P02224,2026-07-16,2026-07-16,5
P02256,2026-07-06,2026-07-16,2
P02259,2026-06-27,2026-07-16,1
P02272,2026-07-10,2026-07-16,2
P02284,2026-07-14,2026-07-16,3
P02291,2026-07-02,2026-07-16,1
P02308,2026-07-07,2026-07-16,1
P02329,2026-07-07,2026-07-16,1
P02331,2026-07-16,2026-07-16,2
P02335,2026-07-08,2026-07-16,1
P02344,2026-07-16,2026-07-16,2
P02355,2026-07-14,2026-07-16,2
P02363,2026-07-16,2026-07-16,4
P02364,2026-07-10,2026-07-16,4
P02371,2026-07-09,2026-07-16,2
P02401,2026-07-16,2026-07-16,1
P02417,2026-07-16,2026-07-16,1
P02423,2026-07-14,2026-07-16,2
P02433,2026-07-13,2026-07-16,3
P02434,2026-06-16,2026-07-16,4
P02504,2026-07-16,2026-07-16,4
P02547,2026-07-12,2026-07-16,3
P02579,2026-07-12,2026-07-16,4
P02589,2026-06-23,2026-07-16,4
P02595,2026-07-16,2026-07-16,2
P02615,2026-07-16,2026-07-16,5
P02624,2026-06-28,2026-07-16,2
P02628,2026-07-16,2026-07-16,2
P02636,2026-07-16,2026-07-16,2
P02651,2026-07-13,2026-07-16,4
P02653,2026-07-08,2026-07-16,1
P02666,2026-06-23,2026-07-16,4
P02668,2026-07-14,2026-07-16,4
P02675,2026-07-15,2026-07-16,1
P02679,2026-07-16,2026-07-16,1
P02734,2026-07-06,2026-07-16,3
P02739,2026-07-14,2026-07-16,2
P02801,2026-07-01,2026-07-16,3
P02804,2026-06-16,2026-07-16,2
P02810,2026-07-09,2026-07-16,2
P02817,2026-06-30,2026-07-16,1
P02820,2026-07-12,2026-07-16,3
P02826,2026-06-25,2026-07-16,3
P02861,2026-06-28,2026-07-16,4
P02868,2026-07-05,2026-07-16,2
P02881,2026-07-16,2026-07-16,4
P02891,2026-07-16,2026-07-16,1
P02909,2026-07-08,2026-07-16,2
P02917,2026-07-16,2026-07-16,5
P02933,2026-07-12,2026-07-16,3
P02939,2026-06-21,2026-07-16,1
P02940,2026-06-25,2026-07-16,1
P02941,2026-07-16,2026-07-16,5
P02960,2026-07-16,2026-07-16,1
P02983,2026-06-25,2026-07-16,1
P03007,2026-07-12,2026-07-16,2
P03044,2026-06-21,2026-07-16,2
P03056,2026-07-04,2026-07-16,1
P03060,2026-07-12,2026-07-16,2
P03076,2026-07-16,2026-07-16,4
P03079,2026-07-08,2026-07-16,2
P03086,2026-07-08,2026-07-16,4
P03097,2026-06-26,2026-07-16,4
P03105,2026-06-25,2026-07-16,4
P03118,2026-07-12,2026-07-16,3
P03138,2026-07-16,2026-07-16,2
P03145,2026-06-19,2026-07-16,2
P03151,2026-07-15,2026-07-16,2
P03197,2026-07-05,2026-07-16,2
P03217,2026-07-08,2026-07-16,4
P03252,2026-07-01,2026-07-16,4
P03253,2026-06-29,2026-07-16,4
P03254,2026-07-16,2026-07-16,4
P03258,2026-07-16,2026-07-16,3
P03261,2026-07-16,2026-07-16,2
P03277,2026-07-05,2026-07-16,2
P03285,2026-07-05,2026-07-16,1
P03304,2026-07-16,2026-07-16,5
P03326,2026-07-16,2026-07-16,2
P03327,2026-07-15,2026-07-16,1
P03330,2026-07-05,2026-07-16,2
P03336,2026-07-15,2026-07-16,4
P03357,2026-07-03,2026-07-16,3
P03361,2026-07-08,2026-07-16,3
P03363,2026-07-16,2026-07-16,4
P03402,2026-07-06,2026-07-16,2
P03408,2026-07-04,2026-07-16,1
P03410,2026-07-05,2026-07-16,3
P03419,2026-07-01,2026-07-16,2
P03420,2026-07-05,2026-07-16,4
P03422,2026-06-19,2026-07-16,3
P03450,2026-06-24,2026-07-16,2
P03453,2026-07-09,2026-07-16,3
P03464,2026-07-08,2026-07-16,4
P03471,2026-07-09,2026-07-16,1
P03479,2026-06-19,2026-07-16,1
P03480,2026-06-30,2026-07-16,3
P03497,2026-07-11,2026-07-16,2
P03506,2026-07-16,2026-07-16,2
P03508,2026-07-07,2026-07-16,3
P03517,2026-07-07,2026-07-16,1
P03531,2026-07-16,2026-07-16,4
P03552,2026-07-16,2026-07-16,4
P03555,2026-07-16,2026-07-16,3
P03566,2026-07-15,2026-07-16,4
P03576,2026-07-16,2026-07-16,4
P03578,2026-06-20,2026-07-16,1
P03587,2026-07-16,2026-07-16,5
P03603,2026-07-16,2026-07-16,1
P03620,2026-07-09,2026-07-16,2
P03622,2026-07-16,2026-07-16,4
P03624,2026-07-15,2026-07-16,1
P03643,2026-06-26,2026-07-16,4
P03693,2026-07-02,2026-07-16,4
P03696,2026-07-13,2026-07-16,4
P03736,2026-07-02,2026-07-16,1
P03744,2026-07-08,2026-07-16,1
P03773,2026-07-06,2026-07-16,1
P03814,2026-07-15,2026-07-16,3
P03818,2026-07-13,2026-07-16,4
P03828,2026-07-15,2026-07-16,1
P03851,2026-07-13,2026-07-16,1
P03854,2026-07-09,2026-07-16,1
P03860,2026-07-09,2026-07-16,4
P03873,2026-07-16,2026-07-16,2
P03938,2026-06-18,2026-07-16,4
P03962,2026-07-16,2026-07-16,2
P03965,2026-06-20,2026-07-16,2
P04015,2026-07-10,2026-07-16,2
P04039,2026-07-12,2026-07-16,3
P04075,2026-07-16,2026-07-16,3
P04097,2026-06-21,2026-07-16,2
P04101,2026-06-27,2026-07-16,3
P04106,2026-06-18,2026-07-16,4
P04110,2026-07-01,2026-07-16,4
P04136,2026-07-15,2026-07-16,3
P04139,2026-07-07,2026-07-16,1
P04160,2026-06-21,2026-07-16,4
P04161,2026-07-14,2026-07-16,3
P04163,2026-07-16,2026-07-16,1
P04186,2026-06-20,2026-07-16,2
P04196,2026-07-09,2026-07-16,1
P04202,2026-07-12,2026-07-16,1
P04290,2026-06-18,2026-07-16,4
P04297,2026-07-16,2026-07-16,5
P04299,2026-06-23,2026-07-16,3
P04310,2026-07-10,2026-07-16,4
P04315,2026-06-19,2026-07-16,3
P04339,2026-06-16,2026-07-16,2
P04340,2026-07-16,2026-07-16,2
P04347,2026-06-25,2026-07-16,3
P04350,2026-07-16,2026-07-16,2
P04376,2026-07-12,2026-07-16,3
P04435,2026-07-16,2026-07-16,3
P04457,2026-07-13,2026-07-16,4
P04469,2026-07-09,2026-07-16,3
P04478,2026-07-06,2026-07-16,2
P04487,2026-07-14,2026-07-16,4
P04490,2026-06-26,2026-07-16,3
P04509,2026-06-23,2026-07-16,3
P04517,2026-06-17,2026-07-16,3
P04518,2026-07-15,2026-07-16,3
P04531,2026-06-18,2026-07-16,1
P04597,2026-07-16,2026-07-16,2
P04600,2026-07-11,2026-07-16,4
P04636,2026-06-18,2026-07-16,2
P04654,2026-07-04,2026-07-16,1
P04660,2026-07-11,2026-07-16,3
P04668,2026-06-21,2026-07-16,4
P04693,2026-07-15,2026-07-16,3
P04707,2026-07-12,2026-07-16,4
P04723,2026-07-16,2026-07-16,4
P04755,2026-07-16,2026-07-16,2
P04797,2026-06-16,2026-07-16,3
P04799,2026-07-04,2026-07-16,3
P04817,2026-07-05,2026-07-16,2
P04842,2026-07-16,2026-07-16,1
P04855,2026-07-15,2026-07-16,2
P04871,2026-07-08,2026-07-16,4
P04940,2026-07-16,2026-07-16,4
P04944,2026-07-12,2026-07-16,2
P04976,2026-06-27,2026-07-16,4
P04983,2026-07-16,2026-07-16,3
P04986,2026-07-12,2026-07-16,2
P05009,2026-07-16,2026-07-16,3
P05011,2026-06-30,2026-07-16,2
P05050,2026-07-12,2026-07-16,2
P05061,2026-07-15,2026-07-16,3
P05131,2026-07-09,2026-07-16,4
P05145,2026-06-26,2026-07-16,2
P05178,2026-06-23,2026-07-16,2
P05186,2026-07-16,2026-07-16,2
P05190,2026-07-16,2026-07-16,5
P05206,2026-07-02,2026-07-16,4
P05231,2026-06-22,2026-07-16,3
P05238,2026-07-14,2026-07-16,1
P05248,2026-07-16,2026-07-16,4
P05256,2026-07-16,2026-07-16,4
P05281,2026-07-13,2026-07-16,2
P05306,2026-06-25,2026-07-16,2
P05311,2026-07-10,2026-07-16,2
P05317,2026-06-29,2026-07-16,1
P05328,2026-07-13,2026-07-16,3
P05338,2026-06-18,2026-07-16,4
P05392,2026-07-12,2026-07-16,4
P05394,2026-07-14,2026-07-16,3
P05395,2026-07-15,2026-07-16,1
P05407,2026-07-14,2026-07-16,4
P05411,2026-07-15,2026-07-16,4
P05413,2026-07-12,2026-07-16,4
P05420,2026-07-14,2026-07-16,2
P05422,2026-06-16,2026-07-16,2
P05437,2026-06-26,2026-07-16,3
P05441,2026-07-15,2026-07-16,2
P05461,2026-07-16,2026-07-16,4
P05476,2026-07-04,2026-07-16,1
P05488,2026-06-22,2026-07-16,2
P05503,2026-06-29,2026-07-16,3
P05505,2026-07-03,2026-07-16,2
P05523,2026-07-05,2026-07-16,2
P05527,2026-07-15,2026-07-16,3
P05530,2026-07-10,2026-07-16,3
P05555,2026-07-16,2026-07-16,1
P05558,2026-07-13,2026-07-16,2
P05601,2026-06-30,2026-07-16,2
P05627,2026-07-02,2026-07-16,3
P05658,2026-07-12,2026-07-16,3
P05663,2026-07-11,2026-07-16,2
P05666,2026-07-09,2026-07-16,1
P05706,2026-06-29,2026-07-16,3
P05707,2026-07-16,2026-07-16,3
P05747,2026-07-16,2026-07-16,1
P05751,2026-07-08,2026-07-16,4
P05766,2026-07-15,2026-07-16,4
P05769,2026-06-28,2026-07-16,1
P05836,2026-07-12,2026-07-16,3
P05854,2026-07-01,2026-07-16,3
P05889,2026-07-08,2026-07-16,3
P05910,2026-06-22,2026-07-16,1
P05962,2026-07-16,2026-07-16,4
P06008,2026-07-14,2026-07-16,3
P06037,2026-07-11,2026-07-16,1
P06091,2026-06-25,2026-07-16,3
P06114,2026-06-16,2026-07-16,2
P06120,2026-07-04,2026-07-16,2
P06144,2026-07-13,2026-07-16,2
P06147,2026-06-28,2026-07-16,2
P06161,2026-07-15,2026-07-16,1
P06206,2026-06-16,2026-07-16,1
P06244,2026-06-29,2026-07-16,2
P06268,2026-07-15,2026-07-16,1
P06270,2026-07-16,2026-07-16,1
P06285,2026-07-16,2026-07-16,2
P06292,2026-07-15,2026-07-16,2
P06299,2026-06-16,2026-07-16,1
P06301,2026-07-16,2026-07-16,1
P06359,2026-07-11,2026-07-16,1
P06402,2026-06-21,2026-07-16,1
P06406,2026-07-15,2026-07-16,2
P06423,2026-07-16,2026-07-16,5
P06464,2026-07-12,2026-07-16,2
P06479,2026-07-09,2026-07-16,3
P06487,2026-06-21,2026-07-16,4
P06491,2026-07-02,2026-07-16,3
P06509,2026-06-27,2026-07-16,2
P06510,2026-07-16,2026-07-16,2
P06514,2026-07-16,2026-07-16,3
P06527,2026-07-16,2026-07-16,4
P06544,2026-06-24,2026-07-16,4
P06563,2026-07-13,2026-07-16,2
P06568,2026-06-25,2026-07-16,1
P06575,2026-07-09,2026-07-16,3
P06585,2026-07-16,2026-07-16,4
P06600,2026-07-15,2026-07-16,3
P06621,2026-07-16,2026-07-16,4
P06631,2026-07-16,2026-07-16,3
P06642,2026-06-18,2026-07-16,2
P06643,2026-07-04,2026-07-16,4
P06652,2026-06-17,2026-07-16,4
P06675,2026-07-09,2026-07-16,1
P06679,2026-07-14,2026-07-16,1
P06683,2026-06-26,2026-07-16,2
P06693,2026-06-20,2026-07-16,1
P06706,2026-06-25,2026-07-16,2
P06717,2026-06-23,2026-07-16,1
P06718,2026-07-12,2026-07-16,2
P06725,2026-06-16,2026-07-16,1
P06728,2026-07-15,2026-07-16,3
P06731,2026-07-16,2026-07-16,5
P06773,2026-06-24,2026-07-16,1
P06780,2026-07-16,2026-07-16,1
P06804,2026-07-16,2026-07-16,1
P06843,2026-06-22,2026-07-16,2
P06851,2026-07-13,2026-07-16,1
P06865,2026-06-26,2026-07-16,2
P06868,2026-07-16,2026-07-16,1
P06870,2026-06-25,2026-07-16,1
P06881,2026-07-16,2026-07-16,5
P06892,2026-06-23,2026-07-16,4
P06904,2026-06-25,2026-07-16,3
P06908,2026-07-13,2026-07-16,4
P06915,2026-06-16,2026-07-16,3
P06917,2026-07-09,2026-07-16,2
P06932,2026-07-14,2026-07-16,4
P06949,2026-07-16,2026-07-16,2
P06983,2026-07-13,2026-07-16,2
P06995,2026-07-01,2026-07-16,3
P07010,2026-07-16,2026-07-16,3
P07046,2026-07-16,2026-07-16,3
P07048,2026-07-04,2026-07-16,3
P07072,2026-07-11,2026-07-16,1
P07082,2026-07-16,2026-07-16,5
P07083,2026-07-16,2026-07-16,1
P07091,2026-07-13,2026-07-16,3
P07127,2026-07-16,2026-07-16,5
P07132,2026-07-15,2026-07-16,1
P07136,2026-07-07,2026-07-16,3
P07137,2026-06-24,2026-07-16,3
P07159,2026-06-17,2026-07-16,1
P07162,2026-07-02,2026-07-16,2
P07179,2026-07-02,2026-07-16,3
P07182,2026-07-16,2026-07-16,2
P07206,2026-07-08,2026-07-16,2
P07223,2026-06-16,2026-07-16,4
P07251,2026-06-28,2026-07-16,2
P07275,2026-07-07,2026-07-16,2
P07297,2026-07-10,2026-07-16,2
P07307,2026-07-16,2026-07-16,1
P07312,2026-07-16,2026-07-16,3
P07315,2026-07-11,2026-07-16,4
P07320,2026-07-16,2026-07-16,2
P07341,2026-07-16,2026-07-16,4
P07387,2026-06-16,2026-07-16,2
P07389,2026-06-26,2026-07-16,4
P07394,2026-06-19,2026-07-16,3
P07404,2026-07-08,2026-07-16,3
P07412,2026-07-13,2026-07-16,4
P07430,2026-06-24,2026-07-16,4
P07458,2026-07-12,2026-07-16,4
P07466,2026-07-07,2026-07-16,1
P07468,2026-06-21,2026-07-16,4
P07512,2026-06-18,2026-07-16,1
P07641,2026-07-09,2026-07-16,4
P07647,2026-07-02,2026-07-16,4
P07657,2026-07-12,2026-07-16,1
P07699,2026-07-02,2026-07-16,4
P07715,2026-07-12,2026-07-16,1
P07767,2026-07-08,2026-07-16,1
P07769,2026-07-15,2026-07-16,4
P07789,2026-06-21,2026-07-16,2
P07792,2026-07-16,2026-07-16,3
P07805,2026-07-10,2026-07-16,2
P07807,2026-07-03,2026-07-16,2
P07823,2026-07-16,2026-07-16,4
P07824,2026-06-30,2026-07-16,4
P07829,2026-07-16,2026-07-16,5
P07832,2026-06-19,2026-07-16,1
P07833,2026-07-06,2026-07-16,4
P07840,2026-06-29,2026-07-16,1
P07854,2026-07-12,2026-07-16,2
P07864,2026-07-04,2026-07-16,1
P07866,2026-07-11,2026-07-16,3
P07886,2026-07-03,2026-07-16,4
P07890,2026-06-20,2026-07-16,2
P07908,2026-06-30,2026-07-16,3
P07952,2026-07-13,2026-07-16,1
P07977,2026-07-02,2026-07-16,3
P07997,2026-07-13,2026-07-16,1
P00000,2026-07-17,2026-07-17,1
P00012,2026-06-23,2026-07-17,2
P00042,2026-07-04,2026-07-17,4
P00044,2026-06-30,2026-07-17,2
P00048,2026-06-23,2026-07-17,2
P00058,2026-06-23,2026-07-17,1
P00062,2026-07-15,2026-07-17,2
P00063,2026-07-16,2026-07-17,2
P00065,2026-07-01,2026-07-17,1
P00070,2026-07-17,2026-07-17,1
P00075,2026-07-07,2026-07-17,2
P00103,2026-07-16,2026-07-17,1
P00116,2026-07-02,2026-07-17,1
P00118,2026-07-15,2026-07-17,4
P00199,2026-07-17,2026-07-17,4
P00205,2026-07-14,2026-07-17,2
P00211,2026-07-17,2026-07-17,3
P00217,2026-07-15,2026-07-17,1
P00236,2026-07-13,2026-07-17,2
P00241,2026-06-19,2026-07-17,2
P00242,2026-07-17,2026-07-17,1
P00247,2026-07-05,2026-07-17,3
P00250,2026-06-27,2026-07-17,2
P00290,2026-07-17,2026-07-17,1
P00301,2026-07-14,2026-07-17,4
P00305,2026-07-17,2026-07-17,4
P00308,2026-06-23,2026-07-17,2
P00322,2026-07-13,2026-07-17,2
P00325,2026-07-17,2026-07-17,4
P00339,2026-06-17,2026-07-17,4
P00363,2026-07-09,2026-07-17,1
P00371,2026-07-10,2026-07-17,4
P00447,2026-06-17,2026-07-17,2
P00457,2026-07-08,2026-07-17,3
P00514,2026-07-16,2026-07-17,4
P00518,2026-07-03,2026-07-17,4
P00526,2026-07-14,2026-07-17,4
P00565,2026-07-17,2026-07-17,4
P00566,2026-07-04,2026-07-17,2
P00596,2026-07-12,2026-07-17,4
P00600,2026-07-17,2026-07-17,1
P00629,2026-07-17,2026-07-17,2
P00644,2026-06-30,2026-07-17,2
P00651,2026-07-15,2026-07-17,3
P00669,2026-06-29,2026-07-17,3
P00685,2026-07-06,2026-07-17,1
P00690,2026-07-05,2026-07-17,4
P00702,2026-07-17,2026-07-17,1
P00717,2026-06-29,2026-07-17,1
P00723,2026-07-17,2026-07-17,2
P00745,2026-07-17,2026-07-17,5
P00748,2026-07-10,2026-07-17,1
P00759,2026-06-30,2026-07-17,3
P00801,2026-07-16,2026-07-17,1
P00811,2026-07-05,2026-07-17,4
P00812,2026-07-17,2026-07-17,1
P00817,2026-07-16,2026-07-17,2
P00839,2026-07-10,2026-07-17,1
P00852,2026-07-17,2026-07-17,1
P00898,2026-07-12,2026-07-17,1
P00904,2026-07-14,2026-07-17,2
P00921,2026-07-17,2026-07-17,2
P00950,2026-07-17,2026-07-17,1
P00968,2026-07-17,2026-07-17,5
P00979,2026-07-12,2026-07-17,4
P01002,2026-07-04,2026-07-17,3
P01022,2026-07-14,2026-07-17,1
P01036,2026-06-27,2026-07-17,2
P01062,2026-07-09,2026-07-17,1
P01070,2026-07-07,2026-07-17,3
P01072,2026-07-17,2026-07-17,2
P01078,2026-07-17,2026-07-17,3
P01089,2026-07-15,2026-07-17,1
P01130,2026-07-16,2026-07-17,4
P01133,2026-07-17,2026-07-17,3
P01147,2026-06-29,2026-07-17,1
P01151,2026-07-09,2026-07-17,1
P01171,2026-07-17,2026-07-17,5
P01209,2026-07-14,2026-07-17,4
P01233,2026-07-17,2026-07-17,3
P01267,2026-06-28,2026-07-17,4
P01270,2026-07-17,2026-07-17,4
P01287,2026-07-17,2026-07-17,3
P01295,2026-06-18,2026-07-17,1
P01298,2026-07-15,2026-07-17,1
P01301,2026-07-13,2026-07-17,1
P01304,2026-07-14,2026-07-17,4
P01382,2026-07-10,2026-07-17,1
P01385,2026-07-16,2026-07-17,2
P01422,2026-07-16,2026-07-17,3
P01472,2026-07-12,2026-07-17,4
P01497,2026-07-05,2026-07-17,4
P01503,2026-07-17,2026-07-17,5
P01523,2026-07-16,2026-07-17,2
P01535,2026-07-17,2026-07-17,2
P01539,2026-07-15,2026-07-17,4
P01540,2026-07-16,2026-07-17,1
P01554,2026-07-17,2026-07-17,5
P01578,2026-07-12,2026-07-17,4
P01582,2026-07-14,2026-07-17,2
P01585,2026-07-14,2026-07-17,1
P01614,2026-06-20,2026-07-17,4
P01617,2026-07-08,2026-07-17,4
P01628,2026-06-27,2026-07-17,2
P01632,2026-06-27,2026-07-17,4
P01643,2026-07-17,2026-07-17,2
P01645,2026-07-17,2026-07-17,3
P01685,2026-06-27,2026-07-17,1
P01687,2026-07-17,2026-07-17,5
P01689,2026-07-09,2026-07-17,2
P01722,2026-07-07,2026-07-17,4
P01731,2026-06-25,2026-07-17,3
P01741,2026-07-15,2026-07-17,3
P01795,2026-07-17,2026-07-17,2
P01799,2026-07-11,2026-07-17,1
P01813,2026-07-17,2026-07-17,1
P01815,2026-07-17,2026-07-17,1
P01816,2026-06-24,2026-07-17,2
P01839,2026-07-14,2026-07-17,2
P01853,2026-06-30,2026-07-17,1
P01857,2026-06-20,2026-07-17,3
P01871,2026-07-10,2026-07-17,1
P01888,2026-07-01,2026-07-17,3
P01890,2026-06-24,2026-07-17,1
P01896,2026-07-11,2026-07-17,2
P01911,2026-06-29,2026-07-17,2
P01912,2026-07-17,2026-07-17,2
P01914,2026-07-17,2026-07-17,3
P01938,2026-07-13,2026-07-17,3
P01951,2026-07-17,2026-07-17,5
P01967,2026-07-17,2026-07-17,3
P01980,2026-06-17,2026-07-17,3
P01990,2026-07-15,2026-07-17,1
P02008,2026-07-13,2026-07-17,3
P02023,2026-07-10,2026-07-17,2
P02060,2026-07-03,2026-07-17,2
P02071,2026-07-10,2026-07-17,2
P02086,2026-07-06,2026-07-17,4
P02094,2026-07-17,2026-07-17,2
P02097,2026-07-13,2026-07-17,3
P02113,2026-07-09,2026-07-17,3
P02139,2026-07-17,2026-07-17,5
P02151,2026-07-17,2026-07-17,3
P02152,2026-07-09,2026-07-17,2
P02155,2026-07-11,2026-07-17,2
P02172,2026-07-17,2026-07-17,2
P02224,2026-07-16,2026-07-17,2
P02229,2026-07-06,2026-07-17,3
P02255,2026-07-07,2026-07-17,2
P02257,2026-06-28,2026-07-17,3
P02258,2026-06-19,2026-07-17,1
P02259,2026-06-27,2026-07-17,2
P02264,2026-06-24,2026-07-17,3
P02280,2026-06-21,2026-07-17,3
P02282,2026-07-17,2026-07-17,2
P02296,2026-07-17,2026-07-17,2
P02301,2026-07-13,2026-07-17,2
P02319,2026-07-15,2026-07-17,3
P02324,2026-07-09,2026-07-17,1
P02331,2026-07-16,2026-07-17,4
P02340,2026-06-24,2026-07-17,4
P02344,2026-07-16,2026-07-17,1
P02355,2026-07-14,2026-07-17,2
P02366,2026-07-10,2026-07-17,2
P02387,2026-07-17,2026-07-17,2
P02402,2026-07-10,2026-07-17,1
P02431,2026-07-13,2026-07-17,2
P02448,2026-07-09,2026-07-17,1
P02449,2026-07-01,2026-07-17,3
P02450,2026-07-17,2026-07-17,4
P02472,2026-07-15,2026-07-17,4
P02486,2026-07-11,2026-07-17,1
P02492,2026-07-17,2026-07-17,5
P02503,2026-07-17,2026-07-17,5
P02533,2026-06-26,2026-07-17,3
P02543,2026-07-13,2026-07-17,3
P02577,2026-07-12,2026-07-17,2
P02581,2026-06-23,2026-07-17,2
P02591,2026-07-10,2026-07-17,4
P02605,2026-06-28,2026-07-17,4
P02628,2026-07-16,2026-07-17,3
P02636,2026-07-16,2026-07-17,4
P02645,2026-07-17,2026-07-17,2
P02646,2026-07-12,2026-07-17,3
P02648,2026-06-24,2026-07-17,1
P02651,2026-07-13,2026-07-17,2
P02652,2026-07-17,2026-07-17,5
P02658,2026-07-17,2026-07-17,5
P02681,2026-07-17,2026-07-17,1
P02755,2026-07-17,2026-07-17,3
P02759,2026-06-18,2026-07-17,4
P02764,2026-07-15,2026-07-17,2
P02801,2026-07-01,2026-07-17,2
P02817,2026-06-30,2026-07-17,4
P02819,2026-07-17,2026-07-17,5
P02846,2026-07-17,2026-07-17,4
P02848,2026-07-07,2026-07-17,3
P02856,2026-07-12,2026-07-17,4
P02866,2026-07-17,2026-07-17,3
P02923,2026-07-15,2026-07-17,3
P02933,2026-07-12,2026-07-17,2
P02934,2026-07-13,2026-07-17,3
P02938,2026-06-20,2026-07-17,2
P02948,2026-06-21,2026-07-17,1
P02963,2026-07-17,2026-07-17,3
P03007,2026-07-12,2026-07-17,2
P03008,2026-07-13,2026-07-17,1
P03035,2026-07-13,2026-07-17,1
P03038,2026-07-17,2026-07-17,4
P03076,2026-07-16,2026-07-17,4
P03083,2026-06-19,2026-07-17,1
P03096,2026-07-07,2026-07-17,2
P03136,2026-07-15,2026-07-17,1
P03142,2026-07-17,2026-07-17,4
P03157,2026-06-29,2026-07-17,1
P03183,2026-07-17,2026-07-17,3
P03234,2026-07-17,2026-07-17,3
P03261,2026-07-16,2026-07-17,4
P03269,2026-07-17,2026-07-17,4
P03302,2026-07-11,2026-07-17,4
P03327,2026-07-15,2026-07-17,3
P03342,2026-06-27,2026-07-17,1
P03357,2026-07-03,2026-07-17,4
P03363,2026-07-16,2026-07-17,4
P03377,2026-07-03,2026-07-17,1
P03400,2026-06-26,2026-07-17,1
P03419,2026-07-01,2026-07-17,2
P03420,2026-07-05,2026-07-17,2
P03421,2026-07-17,2026-07-17,2
P03477,2026-07-06,2026-07-17,1
P03495,2026-06-20,2026-07-17,2
P03500,2026-07-11,2026-07-17,2
P03534,2026-07-17,2026-07-17,4
P03561,2026-07-17,2026-07-17,3
P03573,2026-07-17,2026-07-17,3
P03574,2026-07-17,2026-07-17,5
P03575,2026-07-03,2026-07-17,3
P03576,2026-07-16,2026-07-17,2
P03585,2026-06-26,2026-07-17,3
P03586,2026-07-17,2026-07-17,2
P03590,2026-06-18,2026-07-17,1
P03599,2026-07-13,2026-07-17,3
P03629,2026-06-24,2026-07-17,4
P03649,2026-07-05,2026-07-17,4
P03696,2026-07-13,2026-07-17,3
P03709,2026-07-17,2026-07-17,3
P03712,2026-07-10,2026-07-17,1
P03717,2026-07-17,2026-07-17,2
P03722,2026-07-14,2026-07-17,3
P03739,2026-07-09,2026-07-17,1
P03742,2026-07-08,2026-07-17,1
P03749,2026-07-04,2026-07-17,3
P03756,2026-06-21,2026-07-17,4
P03791,2026-07-02,2026-07-17,3
P03829,2026-06-18,2026-07-17,4
P03842,2026-06-30,2026-07-17,1
P03851,2026-07-13,2026-07-17,2
P03854,2026-07-09,2026-07-17,1
P03893,2026-07-17,2026-07-17,2
P03918,2026-07-12,2026-07-17,1
P03919,2026-07-14,2026-07-17,3
P03935,2026-06-23,2026-07-17,2
P03947,2026-07-17,2026-07-17,4
P03951,2026-07-17,2026-07-17,1
P03962,2026-07-16,2026-07-17,2
P03965,2026-06-20,2026-07-17,3
P03998,2026-06-27,2026-07-17,2
P04027,2026-07-17,2026-07-17,4
P04043,2026-06-30,2026-07-17,4
P04054,2026-07-15,2026-07-17,1
P04057,2026-07-15,2026-07-17,1
P04062,2026-07-13,2026-07-17,4
P04065,2026-07-04,2026-07-17,3
P04069,2026-07-07,2026-07-17,4
P04076,2026-07-07,2026-07-17,2
P04081,2026-06-25,2026-07-17,2
P04087,2026-07-02,2026-07-17,3
P04094,2026-07-17,2026-07-17,3
P04096,2026-07-17,2026-07-17,4
P04104,2026-07-14,2026-07-17,1
P04112,2026-07-06,2026-07-17,2
P04113,2026-07-13,2026-07-17,3
P04127,2026-07-17,2026-07-17,5
P04133,2026-06-25,2026-07-17,2
P04136,2026-07-15,2026-07-17,1
P04161,2026-07-14,2026-07-17,4
P04187,2026-07-04,2026-07-17,3
P04193,2026-06-30,2026-07-17,3
P04202,2026-07-12,2026-07-17,4
P04213,2026-07-17,2026-07-17,3
P04238,2026-07-14,2026-07-17,4
P04295,2026-06-21,2026-07-17,4
P04301,2026-07-17,2026-07-17,3
P04304,2026-06-29,2026-07-17,4
P04314,2026-07-12,2026-07-17,2
P04345,2026-07-10,2026-07-17,3
P04368,2026-07-17,2026-07-17,4
P04389,2026-07-17,2026-07-17,5
P04420,2026-07-12,2026-07-17,4
P04430,2026-07-05,2026-07-17,4
P04435,2026-07-16,2026-07-17,1
P04455,2026-07-15,2026-07-17,2
P04508,2026-07-17,2026-07-17,2
P04524,2026-07-06,2026-07-17,1
P04525,2026-07-14,2026-07-17,1
P04531,2026-06-18,2026-07-17,2
P04538,2026-07-17,2026-07-17,4
P04569,2026-06-21,2026-07-17,3
P04586,2026-07-07,2026-07-17,4
P04598,2026-07-17,2026-07-17,3
P04600,2026-07-11,2026-07-17,4
P04610,2026-07-11,2026-07-17,1
P04638,2026-06-22,2026-07-17,3
P04640,2026-06-18,2026-07-17,1
P04651,2026-06-17,2026-07-17,3
P04662,2026-07-14,2026-07-17,2
P04704,2026-07-17,2026-07-17,5
P04707,2026-07-12,2026-07-17,3
P04723,2026-07-16,2026-07-17,3
P04728,2026-07-14,2026-07-17,2
P04752,2026-07-17,2026-07-17,3
P04755,2026-07-16,2026-07-17,4
P04776,2026-07-17,2026-07-17,2
P04803,2026-07-06,2026-07-17,3
P04816,2026-07-11,2026-07-17,4
P04819,2026-06-23,2026-07-17,3
P04855,2026-07-15,2026-07-17,2
P04860,2026-07-17,2026-07-17,5
P04869,2026-07-17,2026-07-17,5
P04882,2026-06-18,2026-07-17,4
P04894,2026-07-17,2026-07-17,4
P04905,2026-06-20,2026-07-17,1
P04926,2026-06-21,2026-07-17,2
P04944,2026-07-12,2026-07-17,1
P04957,2026-07-17,2026-07-17,5
P04984,2026-07-01,2026-07-17,2
P04995,2026-07-13,2026-07-17,4
P05016,2026-06-18,2026-07-17,2
P05050,2026-07-12,2026-07-17,3
P05081,2026-07-17,2026-07-17,1
P05086,2026-07-17,2026-07-17,4
P05108,2026-06-24,2026-07-17,4
P05153,2026-07-17,2026-07-17,2
P05181,2026-07-03,2026-07-17,1
P05199,2026-07-09,2026-07-17,1
P05233,2026-07-17,2026-07-17,5
P05269,2026-07-07,2026-07-17,2
P05278,2026-06-30,2026-07-17,1
P05295,2026-07-17,2026-07-17,2
P05305,2026-07-17,2026-07-17,5
P05317,2026-06-29,2026-07-17,4
P05323,2026-07-15,2026-07-17,3
P05356,2026-07-02,2026-07-17,3
P05358,2026-06-24,2026-07-17,4
P05378,2026-07-17,2026-07-17,1
P05395,2026-07-15,2026-07-17,3
P05438,2026-06-21,2026-07-17,1
P05440,2026-07-04,2026-07-17,3
P05449,2026-07-17,2026-07-17,4
P05476,2026-07-04,2026-07-17,3
P05527,2026-07-15,2026-07-17,3
P05530,2026-07-10,2026-07-17,1
P05537,2026-07-02,2026-07-17,3
P05540,2026-07-17,2026-07-17,3
P05559,2026-07-17,2026-07-17,1
P05562,2026-07-11,2026-07-17,2
P05575,2026-07-17,2026-07-17,5
P05588,2026-07-04,2026-07-17,3
P05597,2026-07-17,2026-07-17,1
P05604,2026-07-12,2026-07-17,3
P05612,2026-07-04,2026-07-17,2
P05635,2026-07-15,2026-07-17,4
P05642,2026-07-17,2026-07-17,3
P05682,2026-07-14,2026-07-17,1
P05691,2026-07-04,2026-07-17,1
P05693,2026-06-24,2026-07-17,1
P05708,2026-07-17,2026-07-17,3
P05711,2026-07-10,2026-07-17,2
P05742,2026-07-15,2026-07-17,1
P05743,2026-07-06,2026-07-17,3
P05745,2026-06-28,2026-07-17,1
P05746,2026-07-15,2026-07-17,4
P05747,2026-07-16,2026-07-17,3
P05751,2026-07-08,2026-07-17,4
P05755,2026-07-12,2026-07-17,3
P05823,2026-07-12,2026-07-17,3
P05826,2026-07-05,2026-07-17,4
P05862,2026-07-06,2026-07-17,4
P05884,2026-07-10,2026-07-17,1
P05910,2026-06-22,2026-07-17,4
P05911,2026-07-10,2026-07-17,2
P05964,2026-07-17,2026-07-17,1
P05994,2026-07-11,2026-07-17,1
P06049,2026-06-18,2026-07-17,3
P06063,2026-06-27,2026-07-17,1
P06087,2026-07-17,2026-07-17,2
P06092,2026-06-17,2026-07-17,1
P06113,2026-07-17,2026-07-17,1
P06126,2026-07-09,2026-07-17,3
P06140,2026-06-25,2026-07-17,1
P06146,2026-07-07,2026-07-17,3
P06168,2026-06-18,2026-07-17,2
P06181,2026-07-10,2026-07-17,1
P06192,2026-07-17,2026-07-17,2
P06233,2026-07-10,2026-07-17,3
P06248,2026-06-30,2026-07-17,2
P06255,2026-06-25,2026-07-17,1
P06285,2026-07-16,2026-07-17,2
P06351,2026-06-30,2026-07-17,3
P06354,2026-07-14,2026-07-17,4
P06368,2026-07-17,2026-07-17,3
P06395,2026-07-17,2026-07-17,2
P06422,2026-06-19,2026-07-17,3
P06439,2026-06-20,2026-07-17,4
P06453,2026-07-09,2026-07-17,3
P06471,2026-07-17,2026-07-17,5
P06482,2026-06-30,2026-07-17,2
P06514,2026-07-16,2026-07-17,1
P06519,2026-07-17,2026-07-17,3
P06525,2026-06-18,2026-07-17,3
P06527,2026-07-16,2026-07-17,2
P06529,2026-06-24,2026-07-17,1
P06544,2026-06-24,2026-07-17,2
P06554,2026-07-17,2026-07-17,3
P06561,2026-06-18,2026-07-17,1
P06566,2026-06-27,2026-07-17,4
P06603,2026-07-03,2026-07-17,2
P06632,2026-07-17,2026-07-17,3
P06648,2026-07-17,2026-07-17,3
P06679,2026-07-14,2026-07-17,4
P06709,2026-07-15,2026-07-17,4
P06722,2026-07-09,2026-07-17,3
P06743,2026-07-17,2026-07-17,4
P06745,2026-07-02,2026-07-17,2
P06758,2026-07-06,2026-07-17,2
P06761,2026-07-11,2026-07-17,1
P06798,2026-07-17,2026-07-17,2
P06801,2026-06-28,2026-07-17,1
P06812,2026-07-17,2026-07-17,1
P06838,2026-06-30,2026-07-17,1
P06859,2026-07-17,2026-07-17,5
P06889,2026-07-13,2026-07-17,1
P06892,2026-06-23,2026-07-17,1
P06908,2026-07-13,2026-07-17,2
P06927,2026-07-17,2026-07-17,5
P06930,2026-07-17,2026-07-17,5
P06932,2026-07-14,2026-07-17,4
P06938,2026-06-18,2026-07-17,2
P06977,2026-07-03,2026-07-17,2
P07003,2026-07-06,2026-07-17,3
P07004,2026-07-09,2026-07-17,3
P07009,2026-06-27,2026-07-17,1
P07019,2026-06-23,2026-07-17,1
P07044,2026-07-17,2026-07-17,3
P07046,2026-07-16,2026-07-17,4
P07051,2026-07-01,2026-07-17,2
P07055,2026-06-20,2026-07-17,1
P07083,2026-07-16,2026-07-17,4
P07127,2026-07-16,2026-07-17,2
P07142,2026-07-17,2026-07-17,2
P07147,2026-07-17,2026-07-17,4
P07158,2026-06-21,2026-07-17,1
P07159,2026-06-17,2026-07-17,2
P07168,2026-07-02,2026-07-17,1
P07179,2026-07-02,2026-07-17,2
P07189,2026-07-17,2026-07-17,5
P07230,2026-07-14,2026-07-17,1
P07237,2026-07-17,2026-07-17,5
P07245,2026-07-17,2026-07-17,2
P07262,2026-07-14,2026-07-17,1
P07290,2026-07-09,2026-07-17,4
P07323,2026-07-13,2026-07-17,4
P07342,2026-07-09,2026-07-17,2
P07348,2026-07-03,2026-07-17,2
P07352,2026-07-17,2026-07-17,3
P07366,2026-06-22,2026-07-17,3
P07393,2026-06-19,2026-07-17,2
P07409,2026-07-10,2026-07-17,1
P07426,2026-07-12,2026-07-17,3
P07441,2026-07-17,2026-07-17,2
P07479,2026-07-11,2026-07-17,4
P07480,2026-07-17,2026-07-17,1
P07497,2026-06-30,2026-07-17,3
P07511,2026-07-17,2026-07-17,1
P07512,2026-06-18,2026-07-17,4
P07575,2026-07-17,2026-07-17,3
P07577,2026-07-17,2026-07-17,4
P07588,2026-07-09,2026-07-17,4
P07589,2026-07-17,2026-07-17,5
P07618,2026-07-11,2026-07-17,1
P07624,2026-07-17,2026-07-17,3
P07626,2026-07-17,2026-07-17,5
P07634,2026-07-17,2026-07-17,3
P07665,2026-06-26,2026-07-17,1
P07721,2026-07-11,2026-07-17,2
P07767,2026-07-08,2026-07-17,3
P07843,2026-07-17,2026-07-17,5
P07854,2026-07-12,2026-07-17,3
P07858,2026-07-11,2026-07-17,3
P07862,2026-07-06,2026-07-17,1
P07865,2026-06-17,2026-07-17,2
P07874,2026-07-17,2026-07-17,3
P07895,2026-06-26,2026-07-17,1
P07896,2026-07-10,2026-07-17,1
P07901,2026-07-04,2026-07-17,1
P07906,2026-07-01,2026-07-17,4
P07939,2026-06-18,2026-07-17,1
P07959,2026-07-17,2026-07-17,2
P07964,2026-07-14,2026-07-17,1
P07968,2026-06-17,2026-07-17,2
P07969,2026-06-26,2026-07-17,4
P00008,2026-07-05,2026-07-18,2
P00016,2026-06-21,2026-07-18,2
P00017,2026-07-18,2026-07-18,2
P00032,2026-07-18,2026-07-18,1
P00036,2026-07-18,2026-07-18,5
P00042,2026-07-04,2026-07-18,4
P00048,2026-06-23,2026-07-18,1
P00053,2026-07-02,2026-07-18,4
P00062,2026-07-15,2026-07-18,1
P00065,2026-07-01,2026-07-18,1
P00094,2026-07-02,2026-07-18,3
P00103,2026-07-16,2026-07-18,2
P00115,2026-06-25,2026-07-18,2
P00118,2026-07-15,2026-07-18,4
P00126,2026-06-20,2026-07-18,2
P00140,2026-07-18,2026-07-18,3
P00158,2026-07-10,2026-07-18,3
P00172,2026-07-13,2026-07-18,3
P00193,2026-07-18,2026-07-18,4
P00199,2026-07-17,2026-07-18,1
P00200,2026-07-01,2026-07-18,2
P00204,2026-07-18,2026-07-18,1
P00216,2026-07-18,2026-07-18,2
P00217,2026-07-15,2026-07-18,1
P00241,2026-06-19,2026-07-18,3
P00258,2026-07-13,2026-07-18,1
P00263,2026-07-11,2026-07-18,2
P00293,2026-07-18,2026-07-18,2
P00342,2026-06-24,2026-07-18,2
P00365,2026-07-05,2026-07-18,2
P00378,2026-06-30,2026-07-18,1
P00384,2026-07-12,2026-07-18,3
P00394,2026-07-11,2026-07-18,3
P00405,2026-07-05,2026-07-18,4
P00412,2026-07-18,2026-07-18,3
P00420,2026-07-16,2026-07-18,4
P00427,2026-07-18,2026-07-18,4
P00437,2026-06-24,2026-07-18,4
P00468,2026-06-26,2026-07-18,2
P00475,2026-07-18,2026-07-18,5
P00484,2026-07-18,2026-07-18,2
P00495,2026-06-21,2026-07-18,4
P00496,2026-07-03,2026-07-18,2
P00497,2026-06-30,2026-07-18,4
P00507,2026-06-27,2026-07-18,2
P00513,2026-06-28,2026-07-18,1
P00515,2026-07-02,2026-07-18,1
P00522,2026-06-21,2026-07-18,1
P00533,2026-06-26,2026-07-18,2
P00558,2026-07-09,2026-07-18,3
P00568,2026-07-11,2026-07-18,3
P00573,2026-07-15,2026-07-18,1
P00589,2026-07-09,2026-07-18,4
P00600,2026-07-17,2026-07-18,2
P00627,2026-07-06,2026-07-18,1
P00634,2026-06-20,2026-07-18,1
P00636,2026-07-18,2026-07-18,4
P00639,2026-06-30,2026-07-18,4
P00643,2026-07-07,2026-07-18,1
P00644,2026-06-30,2026-07-18,3
P00648,2026-07-18,2026-07-18,4
P00654,2026-07-01,2026-07-18,3
P00704,2026-07-18,2026-07-18,1
P00708,2026-07-12,2026-07-18,2
P00712,2026-07-06,2026-07-18,4
P00720,2026-07-10,2026-07-18,4
P00726,2026-07-18,2026-07-18,3
P00745,2026-07-17,2026-07-18,2
P00767,2026-07-14,2026-07-18,1
P00797,2026-07-03,2026-07-18,2
P00801,2026-07-16,2026-07-18,3
P00811,2026-07-05,2026-07-18,1
P00813,2026-06-25,2026-07-18,4
P00831,2026-07-18,2026-07-18,3
P00838,2026-06-20,2026-07-18,4
P00878,2026-06-20,2026-07-18,2
P00883,2026-07-18,2026-07-18,4
P00925,2026-07-16,2026-07-18,1
P00928,2026-07-18,2026-07-18,2
P00950,2026-07-17,2026-07-18,3
P00953,2026-06-29,2026-07-18,4
P00974,2026-07-14,2026-07-18,1
P00979,2026-07-12,2026-07-18,2
P00987,2026-06-26,2026-07-18,1
P01007,2026-07-14,2026-07-18,1
P01013,2026-06-20,2026-07-18,1
P01020,2026-07-04,2026-07-18,3
P01032,2026-06-28,2026-07-18,2
P01044,2026-07-13,2026-07-18,3
P01057,2026-07-14,2026-07-18,4
P01063,2026-06-29,2026-07-18,3
P01071,2026-07-15,2026-07-18,4
P01072,2026-07-17,2026-07-18,3
P01074,2026-07-13,2026-07-18,3
P01078,2026-07-17,2026-07-18,4
P01097,2026-06-22,2026-07-18,2
P01109,2026-07-12,2026-07-18,3
P01112,2026-07-18,2026-07-18,4
P01117,2026-06-23,2026-07-18,3
P01134,2026-07-11,2026-07-18,4
P01149,2026-07-18,2026-07-18,3
P01198,2026-07-09,2026-07-18,4
P01205,2026-07-12,2026-07-18,1
P01209,2026-07-14,2026-07-18,2
P01215,2026-07-06,2026-07-18,4
P01233,2026-07-17,2026-07-18,4
P01313,2026-07-18,2026-07-18,2
P01349,2026-07-01,2026-07-18,1
P01357,2026-07-06,2026-07-18,3
P01361,2026-07-18,2026-07-18,5
P01363,2026-06-26,2026-07-18,4
P01401,2026-06-29,2026-07-18,1
P01408,2026-07-04,2026-07-18,3
P01420,2026-07-18,2026-07-18,3
P01475,2026-07-18,2026-07-18,3
P01476,2026-06-25,2026-07-18,2
P01484,2026-06-25,2026-07-18,1
P01507,2026-07-03,2026-07-18,1
P01523,2026-07-16,2026-07-18,3
P01530,2026-07-03,2026-07-18,4
P01539,2026-07-15,2026-07-18,4
P01544,2026-06-23,2026-07-18,2
P01587,2026-07-05,2026-07-18,3
P01594,2026-06-25,2026-07-18,1
P01611,2026-07-18,2026-07-18,2
P01636,2026-07-18,2026-07-18,1
P01648,2026-06-20,2026-07-18,3
P01676,2026-07-18,2026-07-18,3
P01684,2026-07-05,2026-07-18,1
P01687,2026-07-17,2026-07-18,4
P01700,2026-07-12,2026-07-18,2
P01704,2026-06-29,2026-07-18,3
P01745,2026-07-02,2026-07-18,3
P01753,2026-07-15,2026-07-18,4
P01760,2026-06-29,2026-07-18,1
P01793,2026-07-16,2026-07-18,1
P01801,2026-07-06,2026-07-18,3
P01802,2026-07-12,2026-07-18,1
P01813,2026-07-17,2026-07-18,4
P01815,2026-07-17,2026-07-18,4
P01825,2026-07-06,2026-07-18,2
P01833,2026-07-18,2026-07-18,1
P01855,2026-07-18,2026-07-18,2
P01864,2026-07-10,2026-07-18,3
P01869,2026-06-22,2026-07-18,3
P01888,2026-07-01,2026-07-18,1
P01896,2026-07-11,2026-07-18,3
P01898,2026-07-15,2026-07-18,3
P01918,2026-07-11,2026-07-18,3
P01920,2026-06-26,2026-07-18,1
P01950,2026-07-16,2026-07-18,2
P01964,2026-07-18,2026-07-18,3
P02064,2026-07-09,2026-07-18,2
P02083,2026-07-16,2026-07-18,4
P02101,2026-06-18,2026-07-18,2
P02118,2026-07-12,2026-07-18,2
P02139,2026-07-17,2026-07-18,3
P02153,2026-07-18,2026-07-18,3
P02183,2026-06-21,2026-07-18,1
P02234,2026-07-18,2026-07-18,3
P02264,2026-06-24,2026-07-18,4
P02266,2026-06-18,2026-07-18,2
P02270,2026-07-18,2026-07-18,4
P02284,2026-07-14,2026-07-18,3
P02294,2026-07-15,2026-07-18,2
P02295,2026-07-18,2026-07-18,4
P02299,2026-06-25,2026-07-18,3
P02321,2026-07-12,2026-07-18,1
P02327,2026-07-18,2026-07-18,1
P02328,2026-06-18,2026-07-18,3
P02342,2026-07-13,2026-07-18,1
P02349,2026-07-18,2026-07-18,2
P02359,2026-07-03,2026-07-18,1
P02364,2026-07-10,2026-07-18,1
P02371,2026-07-09,2026-07-18,2
P02380,2026-07-18,2026-07-18,2
P02399,2026-07-04,2026-07-18,2
P02427,2026-07-18,2026-07-18,5
P02431,2026-07-13,2026-07-18,4
P02448,2026-07-09,2026-07-18,3
P02455,2026-07-18,2026-07-18,1
P02486,2026-07-11,2026-07-18,4
P02487,2026-07-18,2026-07-18,3
P02490,2026-06-23,2026-07-18,2
P02504,2026-07-16,2026-07-18,3
P02527,2026-06-26,2026-07-18,4
P02531,2026-07-05,2026-07-18,4
P02538,2026-06-18,2026-07-18,2
P02550,2026-07-18,2026-07-18,4
P02577,2026-07-12,2026-07-18,3
P02581,2026-06-23,2026-07-18,1
P02588,2026-06-20,2026-07-18,3
P02594,2026-06-19,2026-07-18,1
P02613,2026-07-15,2026-07-18,2
P02620,2026-06-24,2026-07-18,2
P02628,2026-07-16,2026-07-18,1
P02646,2026-07-12,2026-07-18,2
P02666,2026-06-23,2026-07-18,2
P02721,2026-06-27,2026-07-18,4
P02750,2026-07-18,2026-07-18,3
P02767,2026-07-18,2026-07-18,3
P02812,2026-07-15,2026-07-18,4
P02819,2026-07-17,2026-07-18,4
P02830,2026-07-03,2026-07-18,1
P02874,2026-07-18,2026-07-18,3
P02884,2026-07-07,2026-07-18,2
P02887,2026-07-18,2026-07-18,2
P02888,2026-06-27,2026-07-18,3
P02894,2026-06-25,2026-07-18,3
P02903,2026-06-19,2026-07-18,1
P02911,2026-07-09,2026-07-18,2
P02923,2026-07-15,2026-07-18,4
P02945,2026-06-19,2026-07-18,2
P02997,2026-07-18,2026-07-18,2
P03001,2026-07-18,2026-07-18,5
P03008,2026-07-13,2026-07-18,4
P03017,2026-07-18,2026-07-18,3
P03030,2026-07-06,2026-07-18,1
P03089,2026-07-06,2026-07-18,2
P03093,2026-07-11,2026-07-18,2
P03118,2026-07-12,2026-07-18,4
P03128,2026-06-30,2026-07-18,3
P03154,2026-07-08,2026-07-18,1
P03157,2026-06-29,2026-07-18,4
P03164,2026-07-04,2026-07-18,3
P03172,2026-07-18,2026-07-18,1
P03183,2026-07-17,2026-07-18,1
P03224,2026-07-05,2026-07-18,2
P03237,2026-06-24,2026-07-18,2
P03261,2026-07-16,2026-07-18,2
P03267,2026-06-21,2026-07-18,1
P03271,2026-07-18,2026-07-18,5
P03302,2026-07-11,2026-07-18,2
P03330,2026-07-05,2026-07-18,3
P03339,2026-06-22,2026-07-18,1
P03343,2026-06-26,2026-07-18,1
P03387,2026-07-18,2026-07-18,3
P03392,2026-07-15,2026-07-18,4
P03403,2026-07-18,2026-07-18,3
P03419,2026-07-01,2026-07-18,1
P03450,2026-06-24,2026-07-18,2
P03462,2026-07-18,2026-07-18,1
P03465,2026-06-23,2026-07-18,2
P03471,2026-07-09,2026-07-18,1
P03476,2026-07-18,2026-07-18,3
P03485,2026-07-03,2026-07-18,3
P03488,2026-07-18,2026-07-18,4
P03508,2026-07-07,2026-07-18,1
P03517,2026-07-07,2026-07-18,3
P03520,2026-07-08,2026-07-18,1
P03529,2026-07-18,2026-07-18,1
P03540,2026-06-18,2026-07-18,1
P03547,2026-07-18,2026-07-18,4
P03560,2026-06-21,2026-07-18,1
P03573,2026-07-17,2026-07-18,2
P03576,2026-07-16,2026-07-18,3
P03580,2026-07-05,2026-07-18,3
P03590,2026-06-18,2026-07-18,1
P03608,2026-07-06,2026-07-18,3
P03618,2026-07-18,2026-07-18,1
P03620,2026-07-09,2026-07-18,3
P03629,2026-06-24,2026-07-18,2
P03651,2026-06-19,2026-07-18,3
P03663,2026-07-18,2026-07-18,1
P03678,2026-07-18,2026-07-18,4
P03693,2026-07-02,2026-07-18,4
P03696,2026-07-13,2026-07-18,4
P03701,2026-07-03,2026-07-18,4
P03729,2026-07-18,2026-07-18,3
P03739,2026-07-09,2026-07-18,4
P03742,2026-07-08,2026-07-18,2
P03791,2026-07-02,2026-07-18,3
P03793,2026-06-18,2026-07-18,1
P03796,2026-07-09,2026-07-18,2
P03805,2026-07-18,2026-07-18,1
P03814,2026-07-15,2026-07-18,1
P03818,2026-07-13,2026-07-18,3
P03828,2026-07-15,2026-07-18,4
P03835,2026-07-06,2026-07-18,2
P03854,2026-07-09,2026-07-18,1
P03868,2026-07-07,2026-07-18,1
P03871,2026-07-15,2026-07-18,3
P03873,2026-07-16,2026-07-18,4
P03893,2026-07-17,2026-07-18,1
P03937,2026-07-05,2026-07-18,4
P03951,2026-07-17,2026-07-18,3
P03971,2026-07-18,2026-07-18,4
P03973,2026-07-12,2026-07-18,1
P04062,2026-07-13,2026-07-18,2
P04096,2026-07-17,2026-07-18,4
P04104,2026-07-14,2026-07-18,1
P04116,2026-06-19,2026-07-18,4
P04123,2026-07-05,2026-07-18,1
P04127,2026-07-17,2026-07-18,3
P04135,2026-07-06,2026-07-18,2
P04144,2026-06-25,2026-07-18,2
P04161,2026-07-14,2026-07-18,4
P04185,2026-06-19,2026-07-18,2
P04188,2026-06-24,2026-07-18,3
P04193,2026-06-30,2026-07-18,4
P04197,2026-06-24,2026-07-18,2
P04215,2026-07-18,2026-07-18,4
P04225,2026-07-01,2026-07-18,2
P04247,2026-07-18,2026-07-18,5
P04248,2026-07-18,2026-07-18,3
P04345,2026-07-10,2026-07-18,3
P04350,2026-07-16,2026-07-18,2
P04358,2026-07-12,2026-07-18,2
P04361,2026-07-18,2026-07-18,5
P04377,2026-06-20,2026-07-18,2
P04405,2026-07-14,2026-07-18,4
P04430,2026-07-05,2026-07-18,3
P04454,2026-07-18,2026-07-18,5
P04455,2026-07-15,2026-07-18,2
P04474,2026-06-30,2026-07-18,2
P04508,2026-07-17,2026-07-18,4
P04511,2026-07-07,2026-07-18,1
P04512,2026-06-26,2026-07-18,3
P04523,2026-07-14,2026-07-18,4
P04525,2026-07-14,2026-07-18,2
P04531,2026-06-18,2026-07-18,3
P04538,2026-07-17,2026-07-18,3
P04540,2026-07-18,2026-07-18,1
P04560,2026-07-01,2026-07-18,2
P04569,2026-06-21,2026-07-18,1
P04570,2026-07-15,2026-07-18,2
P04578,2026-07-18,2026-07-18,4
P04600,2026-07-11,2026-07-18,2
P04643,2026-07-18,2026-07-18,5
P04662,2026-07-14,2026-07-18,1
P04673,2026-07-06,2026-07-18,1
P04699,2026-06-26,2026-07-18,4
P04704,2026-07-17,2026-07-18,3
P04706,2026-07-09,2026-07-18,4
P04728,2026-07-14,2026-07-18,3
P04737,2026-06-22,2026-07-18,3
P04755,2026-07-16,2026-07-18,2
P04775,2026-07-08,2026-07-18,4
P04776,2026-07-17,2026-07-18,3
P04784,2026-07-03,2026-07-18,4
P04791,2026-07-18,2026-07-18,4
P04803,2026-07-06,2026-07-18,1
P04817,2026-07-05,2026-07-18,2
P04864,2026-07-18,2026-07-18,3
P04866,2026-07-05,2026-07-18,1
P04870,2026-07-18,2026-07-18,1
P04891,2026-07-18,2026-07-18,5
P04899,2026-07-01,2026-07-18,2
P04901,2026-07-18,2026-07-18,4
P04964,2026-07-04,2026-07-18,3
P04976,2026-06-27,2026-07-18,1
P05006,2026-07-06,2026-07-18,1
P05050,2026-07-12,2026-07-18,4
P05062,2026-06-23,2026-07-18,4
P05092,2026-07-11,2026-07-18,2
P05109,2026-07-07,2026-07-18,2
P05123,2026-06-20,2026-07-18,3
P05129,2026-07-18,2026-07-18,1
P05133,2026-07-11,2026-07-18,1
P05144,2026-06-25,2026-07-18,1
P05211,2026-07-12,2026-07-18,3
P05219,2026-07-18,2026-07-18,2
P05238,2026-07-14,2026-07-18,2
P05248,2026-07-16,2026-07-18,4
P05256,2026-07-16,2026-07-18,1
P05274,2026-07-13,2026-07-18,1
P05275,2026-07-11,2026-07-18,3
P05280,2026-06-20,2026-07-18,2
P05295,2026-07-17,2026-07-18,3
P05305,2026-07-17,2026-07-18,1
P05317,2026-06-29,2026-07-18,4
P05341,2026-07-18,2026-07-18,4
P05444,2026-07-18,2026-07-18,2
P05449,2026-07-17,2026-07-18,4
P05452,2026-07-18,2026-07-18,1
P05453,2026-07-18,2026-07-18,3
P05485,2026-07-18,2026-07-18,5
P05511,2026-07-08,2026-07-18,2
P05524,2026-07-18,2026-07-18,4
P05526,2026-06-28,2026-07-18,4
P05527,2026-07-15,2026-07-18,1
P05530,2026-07-10,2026-07-18,4
P05536,2026-07-18,2026-07-18,4
P05537,2026-07-02,2026-07-18,4
P05562,2026-07-11,2026-07-18,2
P05571,2026-06-29,2026-07-18,1
P05598,2026-07-03,2026-07-18,1
P05604,2026-07-12,2026-07-18,4
P05642,2026-07-17,2026-07-18,2
P05679,2026-07-18,2026-07-18,5
P05682,2026-07-14,2026-07-18,1
P05696,2026-07-05,2026-07-18,1
P05767,2026-07-18,2026-07-18,4
P05826,2026-07-05,2026-07-18,4
P05832,2026-07-15,2026-07-18,3
P05836,2026-07-12,2026-07-18,1
P05845,2026-07-18,2026-07-18,5
P05846,2026-06-20,2026-07-18,3
P05899,2026-07-18,2026-07-18,5
P05909,2026-06-22,2026-07-18,3
P05921,2026-07-18,2026-07-18,2
P05932,2026-07-11,2026-07-18,3
P05948,2026-07-18,2026-07-18,5
P05961,2026-07-18,2026-07-18,3
P05963,2026-07-18,2026-07-18,2
P05973,2026-07-08,2026-07-18,1
P05986,2026-07-07,2026-07-18,2
P06060,2026-07-18,2026-07-18,5
P06133,2026-07-02,2026-07-18,4
P06144,2026-07-13,2026-07-18,1
P06156,2026-07-12,2026-07-18,3
P06161,2026-07-15,2026-07-18,3
P06173,2026-07-15,2026-07-18,3
P06176,2026-06-30,2026-07-18,4
P06190,2026-06-25,2026-07-18,4
P06192,2026-07-17,2026-07-18,1
P06194,2026-06-24,2026-07-18,2
P06202,2026-07-18,2026-07-18,3
P06239,2026-07-18,2026-07-18,4
P06268,2026-07-15,2026-07-18,3
P06272,2026-07-18,2026-07-18,2
P06305,2026-06-24,2026-07-18,4
P06316,2026-07-01,2026-07-18,2
P06334,2026-07-15,2026-07-18,2
P06348,2026-07-08,2026-07-18,3
P06350,2026-07-18,2026-07-18,5
P06400,2026-07-11,2026-07-18,1
P06406,2026-07-15,2026-07-18,4
P06415,2026-06-26,2026-07-18,2
P06456,2026-07-15,2026-07-18,1
P06464,2026-07-12,2026-07-18,4
P06487,2026-06-21,2026-07-18,1
P06495,2026-07-18,2026-07-18,3
P06514,2026-07-16,2026-07-18,2
P06519,2026-07-17,2026-07-18,3
P06545,2026-07-11,2026-07-18,3
P06566,2026-06-27,2026-07-18,1
P06609,2026-07-18,2026-07-18,5
P06642,2026-06-18,2026-07-18,2
P06656,2026-07-03,2026-07-18,1
P06660,2026-07-18,2026-07-18,3
P06663,2026-07-15,2026-07-18,3
P06690,2026-06-28,2026-07-18,4
P06709,2026-07-15,2026-07-18,2
P06710,2026-07-18,2026-07-18,1
P06715,2026-06-29,2026-07-18,3
P06717,2026-06-23,2026-07-18,4
P06730,2026-07-13,2026-07-18,1
P06737,2026-07-13,2026-07-18,3
P06744,2026-07-11,2026-07-18,2
P06772,2026-07-18,2026-07-18,4
P06787,2026-07-18,2026-07-18,2
P06794,2026-07-18,2026-07-18,2
P06836,2026-07-18,2026-07-18,1
P06863,2026-07-06,2026-07-18,4
P06867,2026-07-18,2026-07-18,2
P06868,2026-07-16,2026-07-18,2
P06891,2026-07-18,2026-07-18,3
P06893,2026-07-13,2026-07-18,4
P06906,2026-07-03,2026-07-18,2
P06907,2026-07-08,2026-07-18,3
P06932,2026-07-14,2026-07-18,4
P06963,2026-07-18,2026-07-18,1
P06972,2026-07-18,2026-07-18,3
P06974,2026-06-24,2026-07-18,2
P07023,2026-07-05,2026-07-18,3
P07043,2026-07-10,2026-07-18,2
P07050,2026-07-18,2026-07-18,3
P07057,2026-07-18,2026-07-18,5
P07059,2026-07-18,2026-07-18,5
P07075,2026-07-03,2026-07-18,1
P07081,2026-07-12,2026-07-18,4
P07091,2026-07-13,2026-07-18,2
P07101,2026-06-24,2026-07-18,4
P07102,2026-07-18,2026-07-18,3
P07110,2026-06-18,2026-07-18,3
P07133,2026-07-01,2026-07-18,3
P07142,2026-07-17,2026-07-18,1
P07147,2026-07-17,2026-07-18,2
P07150,2026-06-19,2026-07-18,2
P07158,2026-06-21,2026-07-18,3
P07160,2026-07-02,2026-07-18,3
P07182,2026-07-16,2026-07-18,1
P07185,2026-07-18,2026-07-18,5
P07201,2026-06-30,2026-07-18,2
P07206,2026-07-08,2026-07-18,3
P07207,2026-07-09,2026-07-18,3
P07211,2026-07-18,2026-07-18,2
P07248,2026-07-18,2026-07-18,4
P07262,2026-07-14,2026-07-18,4
P07263,2026-06-25,2026-07-18,4
P07294,2026-06-27,2026-07-18,3
P07330,2026-06-22,2026-07-18,4
P07331,2026-07-11,2026-07-18,4
P07352,2026-07-17,2026-07-18,3
P07369,2026-07-13,2026-07-18,4
P07389,2026-06-26,2026-07-18,1
P07398,2026-06-26,2026-07-18,3
P07425,2026-07-11,2026-07-18,3
P07433,2026-07-18,2026-07-18,3
P07455,2026-06-20,2026-07-18,1
P07466,2026-07-07,2026-07-18,1
P07467,2026-07-04,2026-07-18,3
P07474,2026-07-13,2026-07-18,4
P07476,2026-06-27,2026-07-18,3
P07480,2026-07-17,2026-07-18,2
P07495,2026-07-06,2026-07-18,2
P07513,2026-07-11,2026-07-18,1
P07535,2026-06-25,2026-07-18,1
P07550,2026-07-18,2026-07-18,2
P07590,2026-07-15,2026-07-18,4
P07624,2026-07-17,2026-07-18,3
P07629,2026-07-18,2026-07-18,2
P07632,2026-07-11,2026-07-18,1
P07634,2026-07-17,2026-07-18,2
P07648,2026-06-18,2026-07-18,1
P07667,2026-07-11,2026-07-18,2
P07671,2026-07-18,2026-07-18,4
P07704,2026-07-18,2026-07-18,4
P07706,2026-06-21,2026-07-18,2
P07717,2026-07-18,2026-07-18,5
P07735,2026-06-19,2026-07-18,1
P07748,2026-07-18,2026-07-18,3
P07792,2026-07-16,2026-07-18,1
P07896,2026-07-10,2026-07-18,2
P07900,2026-07-18,2026-07-18,2
P07984,2026-07-18,2026-07-18,1
P00009,2026-07-19,2026-07-19,5
P00011,2026-07-08,2026-07-19,3
P00017,2026-07-18,2026-07-19,2
P00031,2026-06-22,2026-07-19,4
P00044,2026-06-30,2026-07-19,4
P00062,2026-07-15,2026-07-19,1
P00067,2026-07-19,2026-07-19,2
P00080,2026-07-16,2026-07-19,4
P00103,2026-07-16,2026-07-19,1
P00107,2026-07-19,2026-07-19,1
P00128,2026-07-08,2026-07-19,2
P00137,2026-07-10,2026-07-19,1
P00147,2026-07-16,2026-07-19,3
P00193,2026-07-18,2026-07-19,3
P00209,2026-07-10,2026-07-19,3
P00305,2026-07-17,2026-07-19,3
P00314,2026-07-19,2026-07-19,1
P00317,2026-07-19,2026-07-19,1
P00319,2026-07-07,2026-07-19,4
P00323,2026-07-19,2026-07-19,3
P00369,2026-07-19,2026-07-19,2
P00375,2026-07-19,2026-07-19,3
P00378,2026-06-30,2026-07-19,1
P00419,2026-07-15,2026-07-19,1
P00422,2026-07-19,2026-07-19,2
P00424,2026-07-19,2026-07-19,2
P00461,2026-07-13,2026-07-19,4
P00504,2026-07-14,2026-07-19,4
P00526,2026-07-14,2026-07-19,1
P00570,2026-06-28,2026-07-19,2
P00583,2026-07-19,2026-07-19,4
P00612,2026-07-19,2026-07-19,5
P00615,2026-07-12,2026-07-19,1
P00628,2026-07-19,2026-07-19,1
P00645,2026-07-05,2026-07-19,2
P00646,2026-07-07,2026-07-19,1
P00662,2026-07-19,2026-07-19,2
P00704,2026-07-18,2026-07-19,2
P00708,2026-07-12,2026-07-19,3
P00726,2026-07-18,2026-07-19,3
P00728,2026-07-19,2026-07-19,2
P00745,2026-07-17,2026-07-19,2
P00764,2026-06-30,2026-07-19,3
P00765,2026-07-01,2026-07-19,1
P00807,2026-07-19,2026-07-19,1
P00817,2026-07-16,2026-07-19,3
P00831,2026-07-18,2026-07-19,3
P00837,2026-07-15,2026-07-19,4
P00852,2026-07-17,2026-07-19,3
P00867,2026-06-19,2026-07-19,3
P00869,2026-07-07,2026-07-19,3
P00883,2026-07-18,2026-07-19,3
P00889,2026-07-19,2026-07-19,3
P00919,2026-07-19,2026-07-19,5
P00923,2026-07-19,2026-07-19,2
P00930,2026-07-19,2026-07-19,1
P00974,2026-07-14,2026-07-19,3
P00992,2026-07-09,2026-07-19,3
P00997,2026-07-07,2026-07-19,1
P01010,2026-07-13,2026-07-19,1
P01019,2026-06-29,2026-07-19,2
P01037,2026-06-21,2026-07-19,1
P01044,2026-07-13,2026-07-19,4
P01048,2026-07-03,2026-07-19,1
P01051,2026-07-16,2026-07-19,2
P01056,2026-07-19,2026-07-19,1
P01060,2026-07-19,2026-07-19,4
P01061,2026-07-06,2026-07-19,2
P01062,2026-07-09,2026-07-19,2
P01065,2026-07-19,2026-07-19,5
P01074,2026-07-13,2026-07-19,2
P01078,2026-07-17,2026-07-19,2
P01083,2026-06-22,2026-07-19,1
P01093,2026-07-19,2026-07-19,5
P01101,2026-07-12,2026-07-19,3
P01106,2026-07-19,2026-07-19,4
P01117,2026-06-23,2026-07-19,4
P01120,2026-06-28,2026-07-19,3
P01170,2026-07-19,2026-07-19,1
P01171,2026-07-17,2026-07-19,1
P01212,2026-07-09,2026-07-19,3
P01238,2026-07-19,2026-07-19,4
P01250,2026-06-29,2026-07-19,2
P01304,2026-07-14,2026-07-19,1
P01313,2026-07-18,2026-07-19,2
P01314,2026-07-13,2026-07-19,4
P01316,2026-07-19,2026-07-19,1
P01340,2026-07-14,2026-07-19,2
P01349,2026-07-01,2026-07-19,4
P01352,2026-06-22,2026-07-19,1
P01382,2026-07-10,2026-07-19,3
P01422,2026-07-16,2026-07-19,4
P01440,2026-07-19,2026-07-19,4
P01452,2026-07-09,2026-07-19,4
P01454,2026-07-04,2026-07-19,1
P01468,2026-07-16,2026-07-19,4
P01488,2026-07-12,2026-07-19,1
P01505,2026-07-07,2026-07-19,1
P01508,2026-07-19,2026-07-19,2
P01513,2026-07-19,2026-07-19,3
P01554,2026-07-17,2026-07-19,2
P01562,2026-06-23,2026-07-19,3
P01586,2026-06-19,2026-07-19,1
P01591,2026-07-14,2026-07-19,2
P01614,2026-06-20,2026-07-19,3
P01615,2026-07-19,2026-07-19,1
P01642,2026-06-30,2026-07-19,2
P01667,2026-06-19,2026-07-19,3
P01683,2026-06-25,2026-07-19,2
P01690,2026-07-12,2026-07-19,3
P01722,2026-07-07,2026-07-19,1
P01724,2026-06-19,2026-07-19,1
P01742,2026-07-19,2026-07-19,5
P01745,2026-07-02,2026-07-19,2
P01755,2026-07-16,2026-07-19,2
P01763,2026-07-19,2026-07-19,4
P01793,2026-07-16,2026-07-19,4
P01796,2026-07-19,2026-07-19,1
P01823,2026-07-19,2026-07-19,5
P01833,2026-07-18,2026-07-19,4
P01839,2026-07-14,2026-07-19,1
P01914,2026-07-17,2026-07-19,1
P01931,2026-07-13,2026-07-19,2
P01964,2026-07-18,2026-07-19,4
P01968,2026-07-19,2026-07-19,4
P01999,2026-07-19,2026-07-19,2
P02003,2026-07-19,2026-07-19,2
P02010,2026-06-19,2026-07-19,2
P02039,2026-07-07,2026-07-19,2
P02051,2026-07-11,2026-07-19,2
P02053,2026-07-12,2026-07-19,2
P02081,2026-06-21,2026-07-19,4
P02133,2026-07-19,2026-07-19,4
P02143,2026-07-14,2026-07-19,2
P02151,2026-07-17,2026-07-19,4
P02167,2026-07-07,2026-07-19,4
P02175,2026-07-19,2026-07-19,1
P02176,2026-06-30,2026-07-19,3
P02227,2026-06-21,2026-07-19,3
P02296,2026-07-17,2026-07-19,2
P02318,2026-06-29,2026-07-19,2
P02320,2026-06-24,2026-07-19,3
P02335,2026-07-08,2026-07-19,4
P02345,2026-07-19,2026-07-19,2
P02350,2026-07-05,2026-07-19,1
P02364,2026-07-10,2026-07-19,2
P02366,2026-07-10,2026-07-19,4
P02384,2026-07-06,2026-07-19,1
P02396,2026-07-19,2026-07-19,2
P02397,2026-07-19,2026-07-19,2
P02417,2026-07-16,2026-07-19,4
P02419,2026-06-26,2026-07-19,1
P02427,2026-07-18,2026-07-19,1
P02441,2026-07-19,2026-07-19,2
P02442,2026-07-19,2026-07-19,2
P02449,2026-07-01,2026-07-19,2
P02458,2026-06-23,2026-07-19,3
P02487,2026-07-18,2026-07-19,3
P02499,2026-07-19,2026-07-19,5
P02523,2026-07-15,2026-07-19,2
P02531,2026-07-05,2026-07-19,2
P02543,2026-07-13,2026-07-19,3
P02550,2026-07-18,2026-07-19,4
P02577,2026-07-12,2026-07-19,4
P02581,2026-06-23,2026-07-19,3
P02601,2026-06-19,2026-07-19,1
P02615,2026-07-16,2026-07-19,4
P02628,2026-07-16,2026-07-19,4
P02632,2026-07-19,2026-07-19,5
P02668,2026-07-14,2026-07-19,3
P02699,2026-07-06,2026-07-19,3
P02709,2026-07-19,2026-07-19,1
P02731,2026-06-19,2026-07-19,3
P02739,2026-07-14,2026-07-19,2
P02754,2026-07-19,2026-07-19,3
P02767,2026-07-18,2026-07-19,2
P02782,2026-07-19,2026-07-19,2
P02783,2026-06-22,2026-07-19,2
P02819,2026-07-17,2026-07-19,4
P02824,2026-07-19,2026-07-19,4
P02826,2026-06-25,2026-07-19,4
P02834,2026-06-21,2026-07-19,1
P02860,2026-07-19,2026-07-19,1
P02875,2026-06-22,2026-07-19,2
P02883,2026-07-08,2026-07-19,2
P02923,2026-07-15,2026-07-19,3
P02928,2026-07-19,2026-07-19,5
P02934,2026-07-13,2026-07-19,4
P02941,2026-07-16,2026-07-19,3
P02963,2026-07-17,2026-07-19,1
P02997,2026-07-18,2026-07-19,3
P02999,2026-07-07,2026-07-19,3
P03001,2026-07-18,2026-07-19,2
P03014,2026-07-06,2026-07-19,3
P03024,2026-07-19,2026-07-19,1
P03039,2026-07-19,2026-07-19,4
P03044,2026-06-21,2026-07-19,3
P03080,2026-07-19,2026-07-19,5
P03097,2026-06-26,2026-07-19,1
P03111,2026-07-19,2026-07-19,3
P03112,2026-07-04,2026-07-19,4
P03124,2026-06-24,2026-07-19,4
P03125,2026-07-19,2026-07-19,4
P03138,2026-07-16,2026-07-19,4
P03139,2026-07-13,2026-07-19,4
P03154,2026-07-08,2026-07-19,2
P03172,2026-07-18,2026-07-19,1
P03196,2026-07-19,2026-07-19,5
P03198,2026-07-09,2026-07-19,1
P03235,2026-07-19,2026-07-19,4
P03296,2026-07-19,2026-07-19,2
P03299,2026-07-19,2026-07-19,1
P03361,2026-07-08,2026-07-19,3
P03403,2026-07-18,2026-07-19,4
P03421,2026-07-17,2026-07-19,1
P03445,2026-07-11,2026-07-19,1
P03462,2026-07-18,2026-07-19,3
P03464,2026-07-08,2026-07-19,4
P03476,2026-07-18,2026-07-19,2
P03508,2026-07-07,2026-07-19,4
P03521,2026-07-19,2026-07-19,3
P03529,2026-07-18,2026-07-19,4
P03531,2026-07-16,2026-07-19,2
P03534,2026-07-17,2026-07-19,1
P03547,2026-07-18,2026-07-19,3
P03552,2026-07-16,2026-07-19,3
P03559,2026-07-10,2026-07-19,1
P03575,2026-07-03,2026-07-19,2
P03576,2026-07-16,2026-07-19,2
P03587,2026-07-16,2026-07-19,3
P03588,2026-07-19,2026-07-19,1
P03607,2026-07-10,2026-07-19,3
P03608,2026-07-06,2026-07-19,4
P03610,2026-07-13,2026-07-19,1
P03649,2026-07-05,2026-07-19,1
P03651,2026-06-19,2026-07-19,1
P03654,2026-07-19,2026-07-19,2
P03667,2026-07-19,2026-07-19,4
P03675,2026-07-15,2026-07-19,2
P03699,2026-06-23,2026-07-19,4
P03703,2026-07-19,2026-07-19,4
P03709,2026-07-17,2026-07-19,3
P03739,2026-07-09,2026-07-19,2
P03742,2026-07-08,2026-07-19,4
P03797,2026-07-19,2026-07-19,5
P03800,2026-07-19,2026-07-19,2
P03814,2026-07-15,2026-07-19,3
P03826,2026-07-19,2026-07-19,4
P03828,2026-07-15,2026-07-19,4
P03844,2026-07-19,2026-07-19,1
P03854,2026-07-09,2026-07-19,2
P03879,2026-07-06,2026-07-19,3
P03881,2026-06-20,2026-07-19,4
P03891,2026-07-19,2026-07-19,3
P03893,2026-07-17,2026-07-19,3
P03916,2026-07-01,2026-07-19,3
P03935,2026-06-23,2026-07-19,3
P03954,2026-07-09,2026-07-19,4
P03962,2026-07-16,2026-07-19,2
P03967,2026-07-19,2026-07-19,5
P03971,2026-07-18,2026-07-19,4
P03973,2026-07-12,2026-07-19,1
P03980,2026-06-20,2026-07-19,3
P03998,2026-06-27,2026-07-19,1
P04011,2026-06-25,2026-07-19,4
P04024,2026-07-08,2026-07-19,1
P04036,2026-06-29,2026-07-19,4
P04040,2026-06-24,2026-07-19,2
P04054,2026-07-15,2026-07-19,1
P04057,2026-07-15,2026-07-19,2
P04059,2026-06-21,2026-07-19,1
P04076,2026-07-07,2026-07-19,2
P04078,2026-06-22,2026-07-19,4
P04136,2026-07-15,2026-07-19,2
P04139,2026-07-07,2026-07-19,1
P04142,2026-07-04,2026-07-19,3
P04193,2026-06-30,2026-07-19,1
P04212,2026-07-19,2026-07-19,5
P04247,2026-07-18,2026-07-19,3
P04253,2026-07-19,2026-07-19,1
P04281,2026-07-11,2026-07-19,2
P04292,2026-07-08,2026-07-19,3
P04314,2026-07-12,2026-07-19,1
P04327,2026-06-20,2026-07-19,3
P04392,2026-07-08,2026-07-19,2
P04406,2026-07-19,2026-07-19,3
P04412,2026-07-19,2026-07-19,4
P04419,2026-07-11,2026-07-19,2
P04423,2026-07-19,2026-07-19,4
P04429,2026-07-11,2026-07-19,2
P04454,2026-07-18,2026-07-19,4
P04455,2026-07-15,2026-07-19,4
P04462,2026-06-23,2026-07-19,3
P04508,2026-07-17,2026-07-19,4
P04519,2026-06-29,2026-07-19,1
P04554,2026-06-23,2026-07-19,3
P04574,2026-07-12,2026-07-19,2
P04586,2026-07-07,2026-07-19,1
P04598,2026-07-17,2026-07-19,1
P04602,2026-07-11,2026-07-19,4
P04607,2026-07-15,2026-07-19,2
P04625,2026-06-21,2026-07-19,3
P04641,2026-07-19,2026-07-19,1
P04643,2026-07-18,2026-07-19,1
P04676,2026-07-07,2026-07-19,1
P04706,2026-07-09,2026-07-19,2
P04724,2026-07-19,2026-07-19,4
P04725,2026-07-19,2026-07-19,5
P04743,2026-06-19,2026-07-19,4
P04758,2026-07-01,2026-07-19,1
P04771,2026-06-25,2026-07-19,3
P04775,2026-07-08,2026-07-19,2
P04776,2026-07-17,2026-07-19,4
P04778,2026-07-19,2026-07-19,4
P04791,2026-07-18,2026-07-19,3
P04843,2026-06-21,2026-07-19,1
P04850,2026-07-10,2026-07-19,2
P04855,2026-07-15,2026-07-19,1
P04868,2026-06-29,2026-07-19,4
P04869,2026-07-17,2026-07-19,3
P04872,2026-07-15,2026-07-19,1
P04886,2026-07-19,2026-07-19,4
P04891,2026-07-18,2026-07-19,1
P04926,2026-06-21,2026-07-19,2
P04944,2026-07-12,2026-07-19,4
P04960,2026-07-19,2026-07-19,4
P04972,2026-07-06,2026-07-19,3
P05013,2026-06-19,2026-07-19,2
P05023,2026-06-28,2026-07-19,4
P05025,2026-07-19,2026-07-19,5
P05040,2026-07-07,2026-07-19,4
P05050,2026-07-12,2026-07-19,4
P05061,2026-07-15,2026-07-19,4
P05097,2026-07-19,2026-07-19,1
P05112,2026-07-19,2026-07-19,3
P05128,2026-07-19,2026-07-19,1
P05130,2026-06-29,2026-07-19,1
P05136,2026-06-27,2026-07-19,2
P05145,2026-06-26,2026-07-19,1
P05199,2026-07-09,2026-07-19,3
P05202,2026-07-08,2026-07-19,3
P05211,2026-07-12,2026-07-19,1
P05238,2026-07-14,2026-07-19,2
P05250,2026-06-28,2026-07-19,4
P05256,2026-07-16,2026-07-19,4
P05280,2026-06-20,2026-07-19,4
P05295,2026-07-17,2026-07-19,2
P05305,2026-07-17,2026-07-19,1
P05311,2026-07-10,2026-07-19,1
P05357,2026-07-19,2026-07-19,4
P05411,2026-07-15,2026-07-19,1
P05447,2026-07-06,2026-07-19,2
P05449,2026-07-17,2026-07-19,2
P05459,2026-07-19,2026-07-19,5
P05524,2026-07-18,2026-07-19,4
P05533,2026-06-22,2026-07-19,1
P05541,2026-06-27,2026-07-19,3
P05588,2026-07-04,2026-07-19,1
P05597,2026-07-17,2026-07-19,3
P05649,2026-07-19,2026-07-19,5
P05662,2026-07-19,2026-07-19,3
P05692,2026-07-19,2026-07-19,4
P05696,2026-07-05,2026-07-19,3
P05701,2026-07-19,2026-07-19,4
P05713,2026-06-22,2026-07-19,3
P05723,2026-06-20,2026-07-19,2
P05767,2026-07-18,2026-07-19,2
P05768,2026-07-19,2026-07-19,1
P05769,2026-06-28,2026-07-19,2
P05823,2026-07-12,2026-07-19,1
P05829,2026-07-19,2026-07-19,2
P05858,2026-07-19,2026-07-19,4
P05874,2026-07-19,2026-07-19,3
P05887,2026-07-19,2026-07-19,3
P05894,2026-06-23,2026-07-19,2
P05924,2026-06-26,2026-07-19,3
P05938,2026-07-03,2026-07-19,1
P05941,2026-07-15,2026-07-19,2
P05951,2026-07-19,2026-07-19,5
P05961,2026-07-18,2026-07-19,2
P05965,2026-07-09,2026-07-19,4
P05983,2026-07-13,2026-07-19,4
P06008,2026-07-14,2026-07-19,1
P06025,2026-07-02,2026-07-19,1
P06032,2026-07-10,2026-07-19,1
P06045,2026-06-21,2026-07-19,1
P06085,2026-06-24,2026-07-19,2
P06087,2026-07-17,2026-07-19,1
P06088,2026-07-19,2026-07-19,1
P06098,2026-06-21,2026-07-19,1
P06116,2026-07-19,2026-07-19,5
P06118,2026-07-01,2026-07-19,3
P06121,2026-07-19,2026-07-19,3
P06130,2026-07-19,2026-07-19,2
P06144,2026-07-13,2026-07-19,1
P06145,2026-06-28,2026-07-19,1
P06150,2026-07-19,2026-07-19,5
P06155,2026-06-25,2026-07-19,1
P06176,2026-06-30,2026-07-19,2
P06186,2026-07-19,2026-07-19,2
P06192,2026-07-17,2026-07-19,1
P06211,2026-07-19,2026-07-19,4
P06230,2026-07-05,2026-07-19,4
P06231,2026-06-27,2026-07-19,3
P06248,2026-06-30,2026-07-19,3
P06254,2026-07-02,2026-07-19,3
P06263,2026-07-12,2026-07-19,3
P06268,2026-07-15,2026-07-19,4
P06276,2026-06-21,2026-07-19,1
P06292,2026-07-15,2026-07-19,1
P06317,2026-07-02,2026-07-19,1
P06350,2026-07-18,2026-07-19,2
P06363,2026-07-12,2026-07-19,2
P06385,2026-07-13,2026-07-19,1
P06460,2026-06-26,2026-07-19,1
P06496,2026-07-08,2026-07-19,1
P06514,2026-07-16,2026-07-19,1
P06563,2026-07-13,2026-07-19,3
P06565,2026-06-25,2026-07-19,4
P06570,2026-06-25,2026-07-19,4
P06578,2026-07-19,2026-07-19,1
P06580,2026-06-26,2026-07-19,2
P06613,2026-07-07,2026-07-19,1
P06626,2026-07-19,2026-07-19,4
P06632,2026-07-17,2026-07-19,4
P06639,2026-07-12,2026-07-19,3
P06650,2026-06-30,2026-07-19,1
P06683,2026-06-26,2026-07-19,2
P06704,2026-06-30,2026-07-19,2
P06705,2026-07-19,2026-07-19,2
P06759,2026-06-19,2026-07-19,1
P06761,2026-07-11,2026-07-19,3
P06763,2026-07-19,2026-07-19,2
P06765,2026-07-08,2026-07-19,4
P06766,2026-07-19,2026-07-19,2
P06771,2026-07-06,2026-07-19,3
P06779,2026-07-19,2026-07-19,5
P06811,2026-06-29,2026-07-19,3
P06839,2026-07-19,2026-07-19,1
P06846,2026-07-02,2026-07-19,3
P06855,2026-07-19,2026-07-19,4
P06860,2026-07-19,2026-07-19,4
P06867,2026-07-18,2026-07-19,3
P06876,2026-07-19,2026-07-19,2
P06882,2026-07-19,2026-07-19,1
P06891,2026-07-18,2026-07-19,2
P06908,2026-07-13,2026-07-19,4
P06917,2026-07-09,2026-07-19,2
P06928,2026-07-03,2026-07-19,1
P06930,2026-07-17,2026-07-19,2
P06941,2026-06-27,2026-07-19,4
P06957,2026-06-25,2026-07-19,4
P06959,2026-06-21,2026-07-19,4
P06973,2026-07-19,2026-07-19,5
P06983,2026-07-13,2026-07-19,2
P06991,2026-07-19,2026-07-19,2
P06993,2026-07-19,2026-07-19,4
P07010,2026-07-16,2026-07-19,1
P07023,2026-07-05,2026-07-19,4
P07031,2026-07-08,2026-07-19,2
P07041,2026-07-09,2026-07-19,1
P07056,2026-07-08,2026-07-19,3
P07061,2026-07-19,2026-07-19,3
P07072,2026-07-11,2026-07-19,2
P07075,2026-07-03,2026-07-19,2
P07087,2026-07-06,2026-07-19,1
P07092,2026-07-06,2026-07-19,2
P07132,2026-07-15,2026-07-19,2
P07135,2026-07-19,2026-07-19,2
P07140,2026-06-22,2026-07-19,3
P07206,2026-07-08,2026-07-19,2
P07227,2026-07-19,2026-07-19,1
P07256,2026-07-19,2026-07-19,3
P07277,2026-07-19,2026-07-19,4
P07283,2026-06-29,2026-07-19,3
P07284,2026-06-30,2026-07-19,3
P07285,2026-07-19,2026-07-19,2
P07303,2026-06-20,2026-07-19,1
P07323,2026-07-13,2026-07-19,1
P07324,2026-07-15,2026-07-19,1
P07325,2026-07-19,2026-07-19,3
P07349,2026-07-06,2026-07-19,2
P07352,2026-07-17,2026-07-19,1
P07354,2026-07-11,2026-07-19,4
P07357,2026-07-10,2026-07-19,2
P07393,2026-06-19,2026-07-19,1
P07422,2026-07-19,2026-07-19,1
P07434,2026-07-13,2026-07-19,3
P07454,2026-07-19,2026-07-19,2
P07472,2026-07-04,2026-07-19,3
P07474,2026-07-13,2026-07-19,3
P07476,2026-06-27,2026-07-19,3
P07500,2026-07-08,2026-07-19,4
P07504,2026-07-19,2026-07-19,2
P07519,2026-06-25,2026-07-19,4
P07593,2026-07-01,2026-07-19,1
P07604,2026-07-09,2026-07-19,4
P07605,2026-07-19,2026-07-19,2
P07617,2026-07-14,2026-07-19,3
P07626,2026-07-17,2026-07-19,2
P07629,2026-07-18,2026-07-19,3
P07634,2026-07-17,2026-07-19,1
P07643,2026-07-12,2026-07-19,1
P07650,2026-07-06,2026-07-19,2
P07651,2026-06-30,2026-07-19,2
P07686,2026-07-03,2026-07-19,1
P07698,2026-07-19,2026-07-19,3
P07704,2026-07-18,2026-07-19,4
P07713,2026-06-28,2026-07-19,4
P07726,2026-07-07,2026-07-19,3
P07742,2026-07-02,2026-07-19,3
P07752,2026-07-19,2026-07-19,3
P07786,2026-07-19,2026-07-19,4
P07792,2026-07-16,2026-07-19,4
P07795,2026-06-24,2026-07-19,2
P07798,2026-07-09,2026-07-19,2
P07800,2026-06-19,2026-07-19,4
P07830,2026-07-19,2026-07-19,3
P07834,2026-07-09,2026-07-19,2
P07847,2026-07-10,2026-07-19,1
P07853,2026-07-19,2026-07-19,4
P07854,2026-07-12,2026-07-19,2
P07857,2026-07-19,2026-07-19,3
P07874,2026-07-17,2026-07-19,4
P07890,2026-06-20,2026-07-19,1
P07891,2026-07-09,2026-07-19,4
P07895,2026-06-26,2026-07-19,4
P07900,2026-07-18,2026-07-19,3
P07932,2026-07-19,2026-07-19,2
P07944,2026-07-19,2026-07-19,2
P07956,2026-07-19,2026-07-19,3
P00032,2026-07-18,2026-07-20,3
P00042,2026-07-04,2026-07-20,4
P00048,2026-06-23,2026-07-20,2
P00052,2026-07-20,2026-07-20,4
P00062,2026-07-15,2026-07-20,3
P00070,2026-07-17,2026-07-20,4
P00091,2026-07-20,2026-07-20,1
P00103,2026-07-16,2026-07-20,2
P00107,2026-07-19,2026-07-20,4
P00136,2026-07-20,2026-07-20,4
P00149,2026-07-20,2026-07-20,1
P00158,2026-07-10,2026-07-20,4
P00172,2026-07-13,2026-07-20,2
P00191,2026-07-13,2026-07-20,3
P00193,2026-07-18,2026-07-20,4
P00217,2026-07-15,2026-07-20,2
P00239,2026-06-30,2026-07-20,2
P00249,2026-06-23,2026-07-20,1
P00258,2026-07-13,2026-07-20,1
P00273,2026-07-11,2026-07-20,2
P00288,2026-07-14,2026-07-20,2
P00291,2026-07-13,2026-07-20,4
P00293,2026-07-18,2026-07-20,1
P00322,2026-07-13,2026-07-20,1
P00364,2026-07-20,2026-07-20,4
P00366,2026-07-07,2026-07-20,4
P00369,2026-07-19,2026-07-20,4
P00375,2026-07-19,2026-07-20,1
P00391,2026-07-20,2026-07-20,4
P00395,2026-06-24,2026-07-20,3
P00401,2026-07-05,2026-07-20,3
P00405,2026-07-05,2026-07-20,3
P00409,2026-07-20,2026-07-20,3
P00420,2026-07-16,2026-07-20,2
P00462,2026-07-20,2026-07-20,2
P00484,2026-07-18,2026-07-20,3
P00488,2026-07-20,2026-07-20,5
P00491,2026-06-23,2026-07-20,3
P00519,2026-07-20,2026-07-20,5
P00529,2026-07-15,2026-07-20,1
P00549,2026-07-12,2026-07-20,4
P00570,2026-06-28,2026-07-20,4
P00633,2026-07-20,2026-07-20,2
P00637,2026-07-10,2026-07-20,1
P00650,2026-07-20,2026-07-20,4
P00662,2026-07-19,2026-07-20,1
P00673,2026-07-06,2026-07-20,4
P00685,2026-07-06,2026-07-20,2
P00690,2026-07-05,2026-07-20,3
P00713,2026-06-23,2026-07-20,4
P00721,2026-07-20,2026-07-20,1
P00736,2026-07-20,2026-07-20,3
P00781,2026-07-20,2026-07-20,1
P00822,2026-07-14,2026-07-20,3
P00831,2026-07-18,2026-07-20,1
P00837,2026-07-15,2026-07-20,3
P00887,2026-07-08,2026-07-20,4
P00900,2026-07-20,2026-07-20,4
P00902,2026-07-05,2026-07-20,1
P00919,2026-07-19,2026-07-20,3
P00930,2026-07-19,2026-07-20,3
P00966,2026-07-20,2026-07-20,4
P00987,2026-06-26,2026-07-20,2
P01010,2026-07-13,2026-07-20,3
P01037,2026-06-21,2026-07-20,4
P01062,2026-07-09,2026-07-20,2
P01067,2026-07-20,2026-07-20,2
P01070,2026-07-07,2026-07-20,2
P01097,2026-06-22,2026-07-20,2
P01103,2026-06-30,2026-07-20,4
P01115,2026-06-30,2026-07-20,2
P01118,2026-07-06,2026-07-20,3
P01128,2026-07-15,2026-07-20,4
P01170,2026-07-19,2026-07-20,1
P01200,2026-06-27,2026-07-20,4
P01205,2026-07-12,2026-07-20,3
P01237,2026-06-28,2026-07-20,1
P01240,2026-07-20,2026-07-20,1
P01273,2026-07-20,2026-07-20,4
P01275,2026-07-20,2026-07-20,1
P01289,2026-06-25,2026-07-20,3
P01304,2026-07-14,2026-07-20,3
P01311,2026-07-04,2026-07-20,4
P01324,2026-07-11,2026-07-20,4
P01328,2026-07-09,2026-07-20,1
P01332,2026-06-22,2026-07-20,2
P01334,2026-07-20,2026-07-20,1
P01340,2026-07-14,2026-07-20,3
P01345,2026-07-10,2026-07-20,3
P01355,2026-06-25,2026-07-20,3
P01363,2026-06-26,2026-07-20,3
P01368,2026-07-20,2026-07-20,5
P01402,2026-07-20,2026-07-20,1
P01420,2026-07-18,2026-07-20,2
P01433,2026-07-20,2026-07-20,3
P01467,2026-07-15,2026-07-20,4
P01472,2026-07-12,2026-07-20,4
P01483,2026-07-20,2026-07-20,4
P01484,2026-06-25,2026-07-20,1
P01504,2026-07-05,2026-07-20,4
P01509,2026-07-20,2026-07-20,2
P01513,2026-07-19,2026-07-20,3
P01540,2026-07-16,2026-07-20,2
P01546,2026-06-20,2026-07-20,1
P01551,2026-07-04,2026-07-20,4
P01554,2026-07-17,2026-07-20,1
P01575,2026-07-07,2026-07-20,2
P01582,2026-07-14,2026-07-20,1
P01606,2026-07-20,2026-07-20,5
P01615,2026-07-19,2026-07-20,2
P01617,2026-07-08,2026-07-20,3
P01624,2026-07-16,2026-07-20,2
P01629,2026-07-20,2026-07-20,5
P01643,2026-07-17,2026-07-20,3
P01648,2026-06-20,2026-07-20,1
P01659,2026-07-12,2026-07-20,3
P01680,2026-07-11,2026-07-20,1
P01700,2026-07-12,2026-07-20,3
P01711,2026-07-20,2026-07-20,4
P01730,2026-07-08,2026-07-20,3
P01742,2026-07-19,2026-07-20,4
P01749,2026-07-20,2026-07-20,5
P01801,2026-07-06,2026-07-20,4
P01814,2026-07-20,2026-07-20,4
P01823,2026-07-19,2026-07-20,4
P01852,2026-07-09,2026-07-20,4
P01888,2026-07-01,2026-07-20,4
P01894,2026-06-28,2026-07-20,2
P01898,2026-07-15,2026-07-20,3
P01900,2026-07-10,2026-07-20,4
P01901,2026-07-20,2026-07-20,4
P01915,2026-07-03,2026-07-20,3
P01927,2026-06-25,2026-07-20,1
P01940,2026-07-20,2026-07-20,2
P01945,2026-06-20,2026-07-20,3
P01954,2026-07-12,2026-07-20,3
P01958,2026-07-11,2026-07-20,2
P01983,2026-06-27,2026-07-20,4
P01985,2026-07-20,2026-07-20,3
P01999,2026-07-19,2026-07-20,3
P02000,2026-06-20,2026-07-20,2
P02003,2026-07-19,2026-07-20,1
P02023,2026-07-10,2026-07-20,1
P02031,2026-07-04,2026-07-20,1
P02039,2026-07-07,2026-07-20,2
P02132,2026-07-20,2026-07-20,3
P02138,2026-06-29,2026-07-20,3
P02151,2026-07-17,2026-07-20,1
P02152,2026-07-09,2026-07-20,4
P02162,2026-07-08,2026-07-20,1
P02169,2026-07-12,2026-07-20,2
P02210,2026-07-20,2026-07-20,1
P02220,2026-07-20,2026-07-20,5
P02234,2026-07-18,2026-07-20,2
P02263,2026-07-20,2026-07-20,3
P02270,2026-07-18,2026-07-20,3
P02281,2026-06-28,2026-07-20,3
P02297,2026-07-13,2026-07-20,4
P02342,2026-07-13,2026-07-20,3
P02344,2026-07-16,2026-07-20,4
P02345,2026-07-19,2026-07-20,2
P02371,2026-07-09,2026-07-20,1
P02382,2026-07-13,2026-07-20,1
P02391,2026-06-28,2026-07-20,3
P02397,2026-07-19,2026-07-20,1
P02416,2026-06-30,2026-07-20,2
P02431,2026-07-13,2026-07-20,3
P02439,2026-07-09,2026-07-20,3
P02441,2026-07-19,2026-07-20,1
P02455,2026-07-18,2026-07-20,2
P02463,2026-07-20,2026-07-20,3
P02472,2026-07-15,2026-07-20,1
P02485,2026-07-20,2026-07-20,1
P02503,2026-07-17,2026-07-20,4
P02557,2026-06-26,2026-07-20,2
P02558,2026-07-20,2026-07-20,3
P02570,2026-07-20,2026-07-20,1
P02576,2026-07-03,2026-07-20,1
P02609,2026-06-25,2026-07-20,1
P02615,2026-07-16,2026-07-20,2
P02619,2026-07-20,2026-07-20,3
P02622,2026-07-14,2026-07-20,3
P02626,2026-07-20,2026-07-20,3
P02632,2026-07-19,2026-07-20,3
P02636,2026-07-16,2026-07-20,1
P02653,2026-07-08,2026-07-20,4
P02701,2026-07-08,2026-07-20,3
P02739,2026-07-14,2026-07-20,3
P02750,2026-07-18,2026-07-20,3
P02751,2026-07-11,2026-07-20,4
P02754,2026-07-19,2026-07-20,2
P02755,2026-07-17,2026-07-20,2
P02774,2026-07-20,2026-07-20,4
P02782,2026-07-19,2026-07-20,1
P02793,2026-06-21,2026-07-20,3
P02794,2026-07-20,2026-07-20,1
P02800,2026-07-09,2026-07-20,3
P02801,2026-07-01,2026-07-20,3
P02819,2026-07-17,2026-07-20,2
P02820,2026-07-12,2026-07-20,4
P02824,2026-07-19,2026-07-20,3
P02848,2026-07-07,2026-07-20,1
P02954,2026-07-20,2026-07-20,4
P02963,2026-07-17,2026-07-20,4
P02964,2026-07-20,2026-07-20,2
P02998,2026-07-11,2026-07-20,1
P03001,2026-07-18,2026-07-20,4
P03007,2026-07-12,2026-07-20,4
P03009,2026-07-12,2026-07-20,1
P03026,2026-07-07,2026-07-20,2
P03037,2026-07-20,2026-07-20,3
P03095,2026-07-12,2026-07-20,4
P03128,2026-06-30,2026-07-20,3
P03130,2026-07-04,2026-07-20,1
P03139,2026-07-13,2026-07-20,2
P03154,2026-07-08,2026-07-20,3
P03171,2026-07-12,2026-07-20,3
P03182,2026-07-20,2026-07-20,4
P03187,2026-07-11,2026-07-20,2
P03209,2026-07-20,2026-07-20,2
P03231,2026-06-27,2026-07-20,3
P03235,2026-07-19,2026-07-20,1
P03243,2026-06-22,2026-07-20,2
P03251,2026-07-20,2026-07-20,3
P03266,2026-07-20,2026-07-20,3
P03283,2026-07-20,2026-07-20,2
P03285,2026-07-05,2026-07-20,1
P03296,2026-07-19,2026-07-20,4
P03320,2026-06-26,2026-07-20,1
P03329,2026-07-14,2026-07-20,4
P03333,2026-07-20,2026-07-20,1
P03336,2026-07-15,2026-07-20,1
P03349,2026-07-08,2026-07-20,2
P03376,2026-07-10,2026-07-20,3
P03391,2026-06-22,2026-07-20,4
P03392,2026-07-15,2026-07-20,3
P03402,2026-07-06,2026-07-20,4
P03410,2026-07-05,2026-07-20,1
P03416,2026-07-06,2026-07-20,3
P03421,2026-07-17,2026-07-20,1
P03424,2026-07-20,2026-07-20,3
P03445,2026-07-11,2026-07-20,3
P03453,2026-07-09,2026-07-20,2
P03458,2026-07-20,2026-07-20,1
P03462,2026-07-18,2026-07-20,2
P03463,2026-07-15,2026-07-20,3
P03505,2026-07-20,2026-07-20,3
P03515,2026-07-20,2026-07-20,3
P03545,2026-07-02,2026-07-20,3
P03548,2026-07-20,2026-07-20,5
P03562,2026-07-08,2026-07-20,2
P03575,2026-07-03,2026-07-20,2
P03578,2026-06-20,2026-07-20,3
P03579,2026-07-06,2026-07-20,2
P03625,2026-07-20,2026-07-20,2
P03639,2026-07-02,2026-07-20,2
P03709,2026-07-17,2026-07-20,2
P03739,2026-07-09,2026-07-20,3
P03741,2026-07-20,2026-07-20,4
P03778,2026-07-20,2026-07-20,2
P03789,2026-07-20,2026-07-20,2
P03797,2026-07-19,2026-07-20,3
P03806,2026-07-20,2026-07-20,1
P03814,2026-07-15,2026-07-20,1
P03821,2026-07-07,2026-07-20,1
P03835,2026-07-06,2026-07-20,4
P03844,2026-07-19,2026-07-20,3
P03851,2026-07-13,2026-07-20,2
P03858,2026-07-20,2026-07-20,2
P03865,2026-07-10,2026-07-20,2
P03867,2026-06-30,2026-07-20,1
P03873,2026-07-16,2026-07-20,1
P03919,2026-07-14,2026-07-20,4
P03921,2026-07-11,2026-07-20,2
P03926,2026-06-23,2026-07-20,2
P03946,2026-07-20,2026-07-20,2
P04007,2026-06-21,2026-07-20,1
P04062,2026-07-13,2026-07-20,3
P04092,2026-06-21,2026-07-20,3
P04094,2026-07-17,2026-07-20,4
P04096,2026-07-17,2026-07-20,4
P04101,2026-06-27,2026-07-20,1
P04104,2026-07-14,2026-07-20,1
P04122,2026-07-20,2026-07-20,2
P04127,2026-07-17,2026-07-20,4
P04128,2026-07-13,2026-07-20,3
P04135,2026-07-06,2026-07-20,2
P04146,2026-07-20,2026-07-20,4
P04177,2026-06-22,2026-07-20,2
P04212,2026-07-19,2026-07-20,3
P04215,2026-07-18,2026-07-20,2
P04242,2026-07-03,2026-07-20,3
P04266,2026-06-29,2026-07-20,2
P04312,2026-07-20,2026-07-20,4
P04326,2026-07-20,2026-07-20,3
P04333,2026-07-20,2026-07-20,4
P04368,2026-07-17,2026-07-20,2
P04377,2026-06-20,2026-07-20,1
P04378,2026-07-20,2026-07-20,5
P04389,2026-07-17,2026-07-20,1
P04410,2026-07-02,2026-07-20,4
P04420,2026-07-12,2026-07-20,1
P04435,2026-07-16,2026-07-20,3
P04467,2026-07-12,2026-07-20,1
P04487,2026-07-14,2026-07-20,2
P04496,2026-07-20,2026-07-20,2
P04500,2026-07-20,2026-07-20,1
P04598,2026-07-17,2026-07-20,2
P04601,2026-07-20,2026-07-20,3
P04606,2026-06-23,2026-07-20,1
P04628,2026-07-20,2026-07-20,1
P04631,2026-07-20,2026-07-20,3
P04683,2026-06-26,2026-07-20,1
P04710,2026-07-20,2026-07-20,3
P04718,2026-07-20,2026-07-20,2
P04723,2026-07-16,2026-07-20,4
P04731,2026-06-27,2026-07-20,4
P04747,2026-07-20,2026-07-20,4
P04755,2026-07-16,2026-07-20,3
P04776,2026-07-17,2026-07-20,4
P04817,2026-07-05,2026-07-20,3
P04860,2026-07-17,2026-07-20,2
P04869,2026-07-17,2026-07-20,4
P04873,2026-06-25,2026-07-20,4
P04886,2026-07-19,2026-07-20,1
P04887,2026-07-20,2026-07-20,2
P04918,2026-07-20,2026-07-20,5
P04919,2026-07-20,2026-07-20,4
P04930,2026-07-05,2026-07-20,2
P04941,2026-07-09,2026-07-20,2
P04946,2026-06-25,2026-07-20,3
P05009,2026-07-16,2026-07-20,1
P05047,2026-06-22,2026-07-20,4
P05050,2026-07-12,2026-07-20,2
P05067,2026-06-21,2026-07-20,4
P05078,2026-07-20,2026-07-20,4
P05080,2026-07-20,2026-07-20,3
P05085,2026-07-20,2026-07-20,4
P05097,2026-07-19,2026-07-20,4
P05106,2026-07-20,2026-07-20,1
P05110,2026-06-26,2026-07-20,2
P05112,2026-07-19,2026-07-20,4
P05141,2026-06-30,2026-07-20,4
P05217,2026-07-20,2026-07-20,5
P05233,2026-07-17,2026-07-20,3
P05244,2026-06-22,2026-07-20,4
P05294,2026-07-20,2026-07-20,3
P05316,2026-07-20,2026-07-20,1
P05341,2026-07-18,2026-07-20,3
P05355,2026-07-20,2026-07-20,1
P05378,2026-07-17,2026-07-20,4
P05395,2026-07-15,2026-07-20,3
P05405,2026-07-20,2026-07-20,3
P05407,2026-07-14,2026-07-20,1
P05428,2026-07-20,2026-07-20,3
P05484,2026-06-28,2026-07-20,3
P05508,2026-07-20,2026-07-20,2
P05529,2026-07-20,2026-07-20,5
P05558,2026-07-13,2026-07-20,2
P05604,2026-07-12,2026-07-20,4
P05624,2026-07-08,2026-07-20,1
P05641,2026-07-20,2026-07-20,4
P05662,2026-07-19,2026-07-20,1
P05666,2026-07-09,2026-07-20,4
P05668,2026-07-07,2026-07-20,1
P05685,2026-07-20,2026-07-20,4
P05686,2026-07-20,2026-07-20,3
P05693,2026-06-24,2026-07-20,2
P05700,2026-07-08,2026-07-20,3
P05701,2026-07-19,2026-07-20,1
P05708,2026-07-17,2026-07-20,3
P05721,2026-07-20,2026-07-20,2
P05729,2026-07-20,2026-07-20,1
P05732,2026-06-25,2026-07-20,2
P05734,2026-07-20,2026-07-20,5
P05742,2026-07-15,2026-07-20,4
P05745,2026-06-28,2026-07-20,3
P05767,2026-07-18,2026-07-20,3
P05779,2026-07-20,2026-07-20,1
P05808,2026-07-12,2026-07-20,4
P05823,2026-07-12,2026-07-20,3
P05832,2026-07-15,2026-07-20,2
P05834,2026-07-15,2026-07-20,4
P05858,2026-07-19,2026-07-20,3
P05903,2026-06-29,2026-07-20,1
P05911,2026-07-10,2026-07-20,2
P05927,2026-07-06,2026-07-20,1
P05956,2026-07-20,2026-07-20,3
P05988,2026-07-20,2026-07-20,2
P06026,2026-06-22,2026-07-20,2
P06027,2026-06-25,2026-07-20,3
P06045,2026-06-21,2026-07-20,4
P06076,2026-06-20,2026-07-20,2
P06091,2026-06-25,2026-07-20,2
P06098,2026-06-21,2026-07-20,4
P06116,2026-07-19,2026-07-20,2
P06121,2026-07-19,2026-07-20,2
P06124,2026-07-15,2026-07-20,4
P06192,2026-07-17,2026-07-20,4
P06212,2026-07-20,2026-07-20,2
P06234,2026-07-20,2026-07-20,4
P06241,2026-07-20,2026-07-20,5
P06248,2026-06-30,2026-07-20,2
P06263,2026-07-12,2026-07-20,4
P06268,2026-07-15,2026-07-20,3
P06302,2026-07-20,2026-07-20,1
P06311,2026-06-28,2026-07-20,1
P06315,2026-07-20,2026-07-20,4
P06337,2026-07-20,2026-07-20,2
P06342,2026-07-14,2026-07-20,2
P06350,2026-07-18,2026-07-20,1
P06415,2026-06-26,2026-07-20,2
P06418,2026-07-05,2026-07-20,1
P06430,2026-06-23,2026-07-20,3
P06457,2026-07-20,2026-07-20,1
P06495,2026-07-18,2026-07-20,3
P06514,2026-07-16,2026-07-20,1
P06532,2026-07-10,2026-07-20,3
P06551,2026-06-23,2026-07-20,1
P06555,2026-07-20,2026-07-20,5
P06619,2026-07-20,2026-07-20,1
P06626,2026-07-19,2026-07-20,1
P06632,2026-07-17,2026-07-20,4
P06637,2026-07-20,2026-07-20,3
P06639,2026-07-12,2026-07-20,4
P06650,2026-06-30,2026-07-20,3
P06654,2026-07-02,2026-07-20,1
P06664,2026-06-28,2026-07-20,2
P06675,2026-07-09,2026-07-20,4
P06679,2026-07-14,2026-07-20,2
P06704,2026-06-30,2026-07-20,3
P06705,2026-07-19,2026-07-20,3
P06722,2026-07-09,2026-07-20,1
P06737,2026-07-13,2026-07-20,4
P06745,2026-07-02,2026-07-20,4
P06758,2026-07-06,2026-07-20,1
P06779,2026-07-19,2026-07-20,3
P06844,2026-06-29,2026-07-20,2
P06853,2026-07-01,2026-07-20,1
P06876,2026-07-19,2026-07-20,1
P06889,2026-07-13,2026-07-20,3
P06932,2026-07-14,2026-07-20,2
P06941,2026-06-27,2026-07-20,1
P06965,2026-07-20,2026-07-20,5
P06969,2026-06-23,2026-07-20,2
P06973,2026-07-19,2026-07-20,3
P06989,2026-06-20,2026-07-20,3
P06998,2026-07-20,2026-07-20,4
P07010,2026-07-16,2026-07-20,4
P07021,2026-06-25,2026-07-20,2
P07034,2026-07-20,2026-07-20,5
P07044,2026-07-17,2026-07-20,4
P07046,2026-07-16,2026-07-20,2
P07056,2026-07-08,2026-07-20,3
P07057,2026-07-18,2026-07-20,3
P07070,2026-07-08,2026-07-20,1
P07075,2026-07-03,2026-07-20,2
P07085,2026-06-27,2026-07-20,1
P07094,2026-07-20,2026-07-20,5
P07119,2026-06-23,2026-07-20,1
P07127,2026-07-16,2026-07-20,3
P07141,2026-07-20,2026-07-20,5
P07179,2026-07-02,2026-07-20,4
P07185,2026-07-18,2026-07-20,2
P07230,2026-07-14,2026-07-20,4
P07256,2026-07-19,2026-07-20,4
P07259,2026-07-03,2026-07-20,2
P07262,2026-07-14,2026-07-20,2
P07263,2026-06-25,2026-07-20,1
P07277,2026-07-19,2026-07-20,4
P07315,2026-07-11,2026-07-20,4
P07323,2026-07-13,2026-07-20,1
P07373,2026-07-07,2026-07-20,2
P07379,2026-06-28,2026-07-20,4
P07388,2026-06-21,2026-07-20,4
P07398,2026-06-26,2026-07-20,2
P07431,2026-07-20,2026-07-20,4
P07451,2026-07-20,2026-07-20,2
P07456,2026-06-26,2026-07-20,2
P07458,2026-07-12,2026-07-20,4
P07471,2026-07-20,2026-07-20,4
P07503,2026-07-20,2026-07-20,2
P07504,2026-07-19,2026-07-20,1
P07526,2026-07-13,2026-07-20,3
P07575,2026-07-17,2026-07-20,2
P07615,2026-07-20,2026-07-20,4
P07629,2026-07-18,2026-07-20,2
P07680,2026-07-04,2026-07-20,1
P07692,2026-07-20,2026-07-20,2
P07694,2026-07-08,2026-07-20,3
P07698,2026-07-19,2026-07-20,1
P07718,2026-07-20,2026-07-20,4
P07746,2026-07-06,2026-07-20,4
P07763,2026-06-24,2026-07-20,1
P07807,2026-07-03,2026-07-20,3
P07826,2026-07-06,2026-07-20,4
P07838,2026-07-09,2026-07-20,4
P07896,2026-07-10,2026-07-20,2
P07900,2026-07-18,2026-07-20,4
P07902,2026-07-20,2026-07-20,5
P07928,2026-07-01,2026-07-20,4
P07952,2026-07-13,2026-07-20,4
P00009,2026-07-19,2026-07-21,1
P00062,2026-07-15,2026-07-21,1
P00091,2026-07-20,2026-07-21,4
P00103,2026-07-16,2026-07-21,3
P00107,2026-07-19,2026-07-21,4
P00110,2026-07-21,2026-07-21,1
P00149,2026-07-20,2026-07-21,2
P00159,2026-07-21,2026-07-21,4
P00182,2026-06-24,2026-07-21,4
P00203,2026-07-11,2026-07-21,1
P00204,2026-07-18,2026-07-21,2
P00206,2026-07-21,2026-07-21,3
P00217,2026-07-15,2026-07-21,4
P00263,2026-07-11,2026-07-21,1
P00274,2026-07-21,2026-07-21,3
P00282,2026-07-21,2026-07-21,1
P00294,2026-07-21,2026-07-21,5
P00353,2026-07-21,2026-07-21,1
P00362,2026-07-21,2026-07-21,5
P00371,2026-07-10,2026-07-21,1
P00375,2026-07-19,2026-07-21,1
P00385,2026-07-21,2026-07-21,2
P00394,2026-07-11,2026-07-21,3
P00409,2026-07-20,2026-07-21,4
P00426,2026-07-04,2026-07-21,1
P00439,2026-06-26,2026-07-21,2
P00475,2026-07-18,2026-07-21,3
P00478,2026-07-05,2026-07-21,3
P00479,2026-07-21,2026-07-21,4
P00488,2026-07-20,2026-07-21,4
P00496,2026-07-03,2026-07-21,2
P00504,2026-07-14,2026-07-21,2
P00525,2026-07-21,2026-07-21,1
P00526,2026-07-14,2026-07-21,4
P00534,2026-07-08,2026-07-21,2
P00555,2026-06-30,2026-07-21,2
P00566,2026-07-04,2026-07-21,1
P00570,2026-06-28,2026-07-21,4
P00577,2026-06-25,2026-07-21,2
P00600,2026-07-17,2026-07-21,4
P00607,2026-07-21,2026-07-21,4
P00620,2026-06-22,2026-07-21,4
P00633,2026-07-20,2026-07-21,2
P00646,2026-07-07,2026-07-21,2
P00650,2026-07-20,2026-07-21,3
P00685,2026-07-06,2026-07-21,4
P00704,2026-07-18,2026-07-21,4
P00714,2026-07-21,2026-07-21,4
P00720,2026-07-10,2026-07-21,3
P00723,2026-07-17,2026-07-21,3
P00728,2026-07-19,2026-07-21,3
P00741,2026-06-27,2026-07-21,1
P00745,2026-07-17,2026-07-21,4
P00748,2026-07-10,2026-07-21,4
P00758,2026-07-02,2026-07-21,2
P00777,2026-07-21,2026-07-21,5
P00781,2026-07-20,2026-07-21,3
P00791,2026-07-03,2026-07-21,2
P00817,2026-07-16,2026-07-21,4
P00849,2026-07-21,2026-07-21,1
P00861,2026-06-23,2026-07-21,4
P00876,2026-07-21,2026-07-21,4
P00884,2026-06-24,2026-07-21,3
P00888,2026-07-03,2026-07-21,3
P00900,2026-07-20,2026-07-21,2
P00904,2026-07-14,2026-07-21,2
P00937,2026-07-21,2026-07-21,2
P00965,2026-07-04,2026-07-21,3
P00974,2026-07-14,2026-07-21,2
P00978,2026-07-03,2026-07-21,2
P01011,2026-07-21,2026-07-21,3
P01020,2026-07-04,2026-07-21,3
P01031,2026-07-21,2026-07-21,5
P01034,2026-06-21,2026-07-21,1
P01067,2026-07-20,2026-07-21,2
P01071,2026-07-15,2026-07-21,3
P01078,2026-07-17,2026-07-21,1
P01149,2026-07-18,2026-07-21,3
P01172,2026-07-14,2026-07-21,4
P01186,2026-07-21,2026-07-21,1
P01188,2026-07-02,2026-07-21,2
P01209,2026-07-14,2026-07-21,4
P01240,2026-07-20,2026-07-21,1
P01288,2026-07-06,2026-07-21,3
P01310,2026-07-15,2026-07-21,2
P01328,2026-07-09,2026-07-21,1
P01340,2026-07-14,2026-07-21,4
P01352,2026-06-22,2026-07-21,4
P01355,2026-06-25,2026-07-21,3
P01388,2026-07-21,2026-07-21,1
P01401,2026-06-29,2026-07-21,3
P01402,2026-07-20,2026-07-21,2
P01426,2026-06-29,2026-07-21,3
P01440,2026-07-19,2026-07-21,2
P01454,2026-07-04,2026-07-21,2
P01478,2026-07-21,2026-07-21,5
P01488,2026-07-12,2026-07-21,4
P01506,2026-06-23,2026-07-21,1
P01513,2026-07-19,2026-07-21,3
P01514,2026-07-21,2026-07-21,2
P01520,2026-06-29,2026-07-21,1
P01522,2026-07-21,2026-07-21,4
P01539,2026-07-15,2026-07-21,2
P01550,2026-07-21,2026-07-21,1
P01555,2026-07-04,2026-07-21,1
P01574,2026-06-23,2026-07-21,4
P01591,2026-07-14,2026-07-21,1
P01606,2026-07-20,2026-07-21,4
P01612,2026-06-22,2026-07-21,2
P01615,2026-07-19,2026-07-21,4
P01623,2026-07-21,2026-07-21,1
P01636,2026-07-18,2026-07-21,3
P01644,2026-06-26,2026-07-21,1
P01662,2026-07-01,2026-07-21,2
P01666,2026-07-09,2026-07-21,3
P01669,2026-06-22,2026-07-21,3
P01678,2026-07-21,2026-07-21,4
P01700,2026-07-12,2026-07-21,1
P01711,2026-07-20,2026-07-21,2
P01712,2026-07-21,2026-07-21,3
P01722,2026-07-07,2026-07-21,1
P01745,2026-07-02,2026-07-21,1
P01749,2026-07-20,2026-07-21,1
P01753,2026-07-15,2026-07-21,3
P01763,2026-07-19,2026-07-21,2
P01792,2026-07-21,2026-07-21,4
P01798,2026-07-13,2026-07-21,4
P01801,2026-07-06,2026-07-21,2
P01813,2026-07-17,2026-07-21,4
P01823,2026-07-19,2026-07-21,3
P01825,2026-07-06,2026-07-21,1
P01855,2026-07-18,2026-07-21,4
P01869,2026-06-22,2026-07-21,2
P01872,2026-07-21,2026-07-21,4
P01880,2026-06-21,2026-07-21,4
P01909,2026-07-21,2026-07-21,3
P01929,2026-06-21,2026-07-21,4
P01937,2026-06-26,2026-07-21,4
P01947,2026-07-14,2026-07-21,4
P01965,2026-07-21,2026-07-21,4
P01972,2026-07-21,2026-07-21,1
P02003,2026-07-19,2026-07-21,1
P02046,2026-07-21,2026-07-21,4
P02053,2026-07-12,2026-07-21,4
P02084,2026-07-21,2026-07-21,5
P02127,2026-06-28,2026-07-21,2
P02132,2026-07-20,2026-07-21,3
P02145,2026-07-21,2026-07-21,4
P02146,2026-07-01,2026-07-21,3
P02158,2026-07-13,2026-07-21,3
P02214,2026-07-21,2026-07-21,2
P02224,2026-07-16,2026-07-21,1
P02231,2026-07-21,2026-07-21,5
P02235,2026-06-24,2026-07-21,4
P02283,2026-07-04,2026-07-21,3
P02284,2026-07-14,2026-07-21,1
P02310,2026-07-08,2026-07-21,1
P02324,2026-07-09,2026-07-21,4
P02333,2026-07-09,2026-07-21,4
P02342,2026-07-13,2026-07-21,1
P02345,2026-07-19,2026-07-21,1
P02348,2026-07-21,2026-07-21,5
P02375,2026-06-26,2026-07-21,4
P02380,2026-07-18,2026-07-21,2
P02388,2026-07-08,2026-07-21,4
P02417,2026-07-16,2026-07-21,1
P02425,2026-07-06,2026-07-21,1
P02441,2026-07-19,2026-07-21,2
P02466,2026-07-21,2026-07-21,4
P02478,2026-07-21,2026-07-21,2
P02512,2026-06-21,2026-07-21,3
P02514,2026-07-14,2026-07-21,3
P02536,2026-07-21,2026-07-21,2
P02547,2026-07-12,2026-07-21,3
P02548,2026-07-21,2026-07-21,4
P02549,2026-07-21,2026-07-21,2
P02570,2026-07-20,2026-07-21,1
P02591,2026-07-10,2026-07-21,3
P02593,2026-07-21,2026-07-21,3
P02603,2026-07-21,2026-07-21,5
P02609,2026-06-25,2026-07-21,3
P02612,2026-07-08,2026-07-21,3
P02619,2026-07-20,2026-07-21,4
P02632,2026-07-19,2026-07-21,1
P02651,2026-07-13,2026-07-21,3
P02662,2026-06-24,2026-07-21,2
P02670,2026-07-21,2026-07-21,4
P02723,2026-07-21,2026-07-21,5
P02738,2026-06-24,2026-07-21,4
P02750,2026-07-18,2026-07-21,1
P02754,2026-07-19,2026-07-21,1
P02767,2026-07-18,2026-07-21,1
P02794,2026-07-20,2026-07-21,2
P02801,2026-07-01,2026-07-21,2
P02803,2026-07-21,2026-07-21,3
P02824,2026-07-19,2026-07-21,1
P02826,2026-06-25,2026-07-21,2
P02830,2026-07-03,2026-07-21,1
P02863,2026-07-13,2026-07-21,2
P02909,2026-07-08,2026-07-21,1
P02913,2026-07-21,2026-07-21,3
P02928,2026-07-19,2026-07-21,4
P02930,2026-07-21,2026-07-21,5
P02939,2026-06-21,2026-07-21,2
P02954,2026-07-20,2026-07-21,2
P02955,2026-06-23,2026-07-21,1
P02961,2026-06-27,2026-07-21,1
P02991,2026-07-04,2026-07-21,1
P02997,2026-07-18,2026-07-21,2
P03001,2026-07-18,2026-07-21,3
P03006,2026-07-14,2026-07-21,4
P03008,2026-07-13,2026-07-21,1
P03056,2026-07-04,2026-07-21,1
P03060,2026-07-12,2026-07-21,3
P03064,2026-07-21,2026-07-21,1
P03086,2026-07-08,2026-07-21,3
P03100,2026-06-28,2026-07-21,2
P03109,2026-07-21,2026-07-21,1
P03119,2026-07-21,2026-07-21,3
P03128,2026-06-30,2026-07-21,4
P03157,2026-06-29,2026-07-21,2
P03164,2026-07-04,2026-07-21,2
P03172,2026-07-18,2026-07-21,1
P03187,2026-07-11,2026-07-21,1
P03217,2026-07-08,2026-07-21,4
P03222,2026-06-28,2026-07-21,4
P03236,2026-07-21,2026-07-21,4
P03261,2026-07-16,2026-07-21,1
P03262,2026-06-23,2026-07-21,1
P03271,2026-07-18,2026-07-21,4
P03279,2026-07-11,2026-07-21,1
P03289,2026-07-21,2026-07-21,1
P03319,2026-06-23,2026-07-21,2
P03320,2026-06-26,2026-07-21,1
P03342,2026-06-27,2026-07-21,2
P03381,2026-07-13,2026-07-21,3
P03392,2026-07-15,2026-07-21,1
P03400,2026-06-26,2026-07-21,1
P03426,2026-07-21,2026-07-21,3
P03445,2026-07-11,2026-07-21,4
P03448,2026-07-21,2026-07-21,1
P03458,2026-07-20,2026-07-21,3
P03467,2026-07-21,2026-07-21,3
P03477,2026-07-06,2026-07-21,4
P03487,2026-06-30,2026-07-21,1
P03515,2026-07-20,2026-07-21,2
P03521,2026-07-19,2026-07-21,2
P03529,2026-07-18,2026-07-21,4
P03536,2026-07-21,2026-07-21,3
P03543,2026-07-21,2026-07-21,4
P03545,2026-07-02,2026-07-21,4
P03588,2026-07-19,2026-07-21,3
P03625,2026-07-20,2026-07-21,3
P03646,2026-07-09,2026-07-21,2
P03695,2026-07-02,2026-07-21,4
P03701,2026-07-03,2026-07-21,3
P03709,2026-07-17,2026-07-21,2
P03742,2026-07-08,2026-07-21,3
P03782,2026-07-14,2026-07-21,2
P03804,2026-07-21,2026-07-21,2
P03809,2026-06-26,2026-07-21,2
P03813,2026-07-08,2026-07-21,1
P03814,2026-07-15,2026-07-21,2
P03817,2026-06-24,2026-07-21,3
P03821,2026-07-07,2026-07-21,4
P03860,2026-07-09,2026-07-21,1
P03867,2026-06-30,2026-07-21,1
P03868,2026-07-07,2026-07-21,1
P03872,2026-07-06,2026-07-21,4
P03876,2026-07-21,2026-07-21,3
P03882,2026-07-21,2026-07-21,2
P03891,2026-07-19,2026-07-21,3
P03912,2026-06-25,2026-07-21,1
P03921,2026-07-11,2026-07-21,4
P03926,2026-06-23,2026-07-21,2
P03935,2026-06-23,2026-07-21,1
P03962,2026-07-16,2026-07-21,3
P03972,2026-07-15,2026-07-21,1
P04013,2026-07-15,2026-07-21,4
P04015,2026-07-10,2026-07-21,1
P04051,2026-07-03,2026-07-21,1
P04057,2026-07-15,2026-07-21,4
P04078,2026-06-22,2026-07-21,1
P04096,2026-07-17,2026-07-21,1
P04108,2026-07-21,2026-07-21,4
P04109,2026-07-21,2026-07-21,3
P04122,2026-07-20,2026-07-21,3
P04136,2026-07-15,2026-07-21,4
P04141,2026-07-21,2026-07-21,3
P04146,2026-07-20,2026-07-21,2
P04161,2026-07-14,2026-07-21,4
P04182,2026-06-22,2026-07-21,3
P04187,2026-07-04,2026-07-21,1
P04212,2026-07-19,2026-07-21,3
P04251,2026-07-21,2026-07-21,2
P04254,2026-07-21,2026-07-21,4
P04282,2026-06-29,2026-07-21,1
P04297,2026-07-16,2026-07-21,2
P04338,2026-07-21,2026-07-21,2
P04342,2026-07-01,2026-07-21,2
P04368,2026-07-17,2026-07-21,3
P04378,2026-07-20,2026-07-21,1
P04383,2026-07-21,2026-07-21,3
P04392,2026-07-08,2026-07-21,2
P04430,2026-07-05,2026-07-21,4
P04465,2026-07-21,2026-07-21,1
P04506,2026-07-21,2026-07-21,1
P04542,2026-07-05,2026-07-21,4
P04545,2026-06-29,2026-07-21,3
P04554,2026-06-23,2026-07-21,1
P04557,2026-07-21,2026-07-21,5
P04573,2026-07-03,2026-07-21,3
P04574,2026-07-12,2026-07-21,3
P04623,2026-07-09,2026-07-21,4
P04632,2026-07-21,2026-07-21,1
P04638,2026-06-22,2026-07-21,1
P04643,2026-07-18,2026-07-21,1
P04672,2026-06-27,2026-07-21,1
P04706,2026-07-09,2026-07-21,1
P04711,2026-07-21,2026-07-21,3
P04717,2026-07-04,2026-07-21,3
P04725,2026-07-19,2026-07-21,2
P04780,2026-07-09,2026-07-21,3
P04788,2026-07-21,2026-07-21,5
P04834,2026-07-21,2026-07-21,2
P04846,2026-07-21,2026-07-21,2
P04852,2026-07-07,2026-07-21,4
P04855,2026-07-15,2026-07-21,2
P04861,2026-07-21,2026-07-21,3
P04876,2026-07-05,2026-07-21,2
P04907,2026-06-30,2026-07-21,2
P04941,2026-07-09,2026-07-21,1
P04955,2026-07-13,2026-07-21,1
P04960,2026-07-19,2026-07-21,2
P04970,2026-06-24,2026-07-21,1
P04986,2026-07-12,2026-07-21,4
P04995,2026-07-13,2026-07-21,1
P05025,2026-07-19,2026-07-21,3
P05035,2026-07-21,2026-07-21,2
P05037,2026-07-21,2026-07-21,4
P05053,2026-07-11,2026-07-21,1
P05058,2026-07-09,2026-07-21,3
P05093,2026-07-21,2026-07-21,4
P05102,2026-07-01,2026-07-21,3
P05105,2026-07-21,2026-07-21,3
P05108,2026-06-24,2026-07-21,3
P05110,2026-06-26,2026-07-21,2
P05117,2026-06-25,2026-07-21,3
P05133,2026-07-11,2026-07-21,3
P05147,2026-06-26,2026-07-21,3
P05152,2026-07-13,2026-07-21,2
P05154,2026-07-09,2026-07-21,1
P05185,2026-06-22,2026-07-21,2
P05192,2026-07-21,2026-07-21,2
P05198,2026-07-21,2026-07-21,1
P05207,2026-07-21,2026-07-21,3
P05211,2026-07-12,2026-07-21,1
P05217,2026-07-20,2026-07-21,3
P05250,2026-06-28,2026-07-21,2
P05259,2026-06-28,2026-07-21,1
P05277,2026-06-26,2026-07-21,3
P05284,2026-07-21,2026-07-21,5
P05286,2026-06-30,2026-07-21,4
P05295,2026-07-17,2026-07-21,3
P05316,2026-07-20,2026-07-21,3
P05336,2026-07-21,2026-07-21,1
P05347,2026-07-11,2026-07-21,4
P05348,2026-07-21,2026-07-21,3
P05357,2026-07-19,2026-07-21,4
P05372,2026-07-21,2026-07-21,5
P05376,2026-07-21,2026-07-21,3
P05389,2026-07-21,2026-07-21,2
P05405,2026-07-20,2026-07-21,4
P05407,2026-07-14,2026-07-21,2
P05468,2026-07-21,2026-07-21,2
P05526,2026-06-28,2026-07-21,4
P05529,2026-07-20,2026-07-21,4
P05530,2026-07-10,2026-07-21,2
P05542,2026-07-01,2026-07-21,3
P05570,2026-07-21,2026-07-21,2
P05598,2026-07-03,2026-07-21,2
P05603,2026-06-30,2026-07-21,4
P05646,2026-07-21,2026-07-21,2
P05649,2026-07-19,2026-07-21,4
P05679,2026-07-18,2026-07-21,1
P05681,2026-07-21,2026-07-21,3
P05682,2026-07-14,2026-07-21,1
P05714,2026-06-21,2026-07-21,4
P05721,2026-07-20,2026-07-21,3
P05730,2026-07-21,2026-07-21,2
P05774,2026-07-21,2026-07-21,3
P05808,2026-07-12,2026-07-21,3
P05813,2026-07-14,2026-07-21,2
P05832,2026-07-15,2026-07-21,2
P05841,2026-07-21,2026-07-21,3
P05885,2026-07-21,2026-07-21,2
P05927,2026-07-06,2026-07-21,2
P05943,2026-06-22,2026-07-21,1
P05955,2026-07-06,2026-07-21,1
P05962,2026-07-16,2026-07-21,1
P05975,2026-07-21,2026-07-21,2
P05979,2026-07-21,2026-07-21,2
P05984,2026-07-21,2026-07-21,5
P06007,2026-07-21,2026-07-21,4
P06008,2026-07-14,2026-07-21,2
P06030,2026-07-21,2026-07-21,3
P06052,2026-06-26,2026-07-21,1
P06053,2026-06-22,2026-07-21,4
P06066,2026-07-21,2026-07-21,1
P06071,2026-07-08,2026-07-21,3
P06082,2026-07-07,2026-07-21,3
P06095,2026-07-02,2026-07-21,2
P06099,2026-07-10,2026-07-21,4
P06110,2026-07-21,2026-07-21,2
P06126,2026-07-09,2026-07-21,2
P06131,2026-07-04,2026-07-21,1
P06144,2026-07-13,2026-07-21,1
P06146,2026-07-07,2026-07-21,1
P06148,2026-06-21,2026-07-21,3
P06156,2026-07-12,2026-07-21,1
P06204,2026-07-21,2026-07-21,3
P06239,2026-07-18,2026-07-21,2
P06241,2026-07-20,2026-07-21,1
P06255,2026-06-25,2026-07-21,1
P06263,2026-07-12,2026-07-21,2
P06268,2026-07-15,2026-07-21,3
P06308,2026-07-21,2026-07-21,2
P06346,2026-07-21,2026-07-21,4
P06351,2026-06-30,2026-07-21,2
P06362,2026-07-21,2026-07-21,5
P06398,2026-07-03,2026-07-21,1
P06406,2026-07-15,2026-07-21,3
P06437,2026-07-21,2026-07-21,1
P06472,2026-07-21,2026-07-21,5
P06479,2026-07-09,2026-07-21,1
P06512,2026-07-03,2026-07-21,4
P06514,2026-07-16,2026-07-21,3
P06519,2026-07-17,2026-07-21,1
P06523,2026-06-22,2026-07-21,3
P06551,2026-06-23,2026-07-21,2
P06555,2026-07-20,2026-07-21,2
P06618,2026-07-21,2026-07-21,1
P06621,2026-07-16,2026-07-21,4
P06626,2026-07-19,2026-07-21,1
P06637,2026-07-20,2026-07-21,3
P06675,2026-07-09,2026-07-21,2
P06679,2026-07-14,2026-07-21,1
P06736,2026-06-22,2026-07-21,1
P06742,2026-06-30,2026-07-21,3
P06761,2026-07-11,2026-07-21,4
P06765,2026-07-08,2026-07-21,4
P06770,2026-07-21,2026-07-21,5
P06780,2026-07-16,2026-07-21,1
P06799,2026-06-24,2026-07-21,4
P06832,2026-06-23,2026-07-21,3
P06854,2026-06-26,2026-07-21,3
P06860,2026-07-19,2026-07-21,2
P06863,2026-07-06,2026-07-21,4
P06872,2026-07-21,2026-07-21,3
P06882,2026-07-19,2026-07-21,2
P06903,2026-07-01,2026-07-21,1
P06917,2026-07-09,2026-07-21,3
P06930,2026-07-17,2026-07-21,4
P06942,2026-06-25,2026-07-21,2
P06951,2026-07-21,2026-07-21,3
P06955,2026-07-21,2026-07-21,3
P06964,2026-07-21,2026-07-21,4
P06973,2026-07-19,2026-07-21,2
P07006,2026-07-21,2026-07-21,1
P07021,2026-06-25,2026-07-21,4
P07025,2026-07-09,2026-07-21,3
P07041,2026-07-09,2026-07-21,1
P07061,2026-07-19,2026-07-21,3
P07065,2026-07-08,2026-07-21,4
P07087,2026-07-06,2026-07-21,4
P07133,2026-07-01,2026-07-21,4
P07182,2026-07-16,2026-07-21,2
P07207,2026-07-09,2026-07-21,2
P07227,2026-07-19,2026-07-21,2
P07250,2026-07-21,2026-07-21,5
P07259,2026-07-03,2026-07-21,3
P07262,2026-07-14,2026-07-21,2
P07290,2026-07-09,2026-07-21,1
P07312,2026-07-16,2026-07-21,2
P07324,2026-07-15,2026-07-21,1
P07362,2026-06-29,2026-07-21,1
P07363,2026-07-13,2026-07-21,4
P07422,2026-07-19,2026-07-21,4
P07425,2026-07-11,2026-07-21,1
P07429,2026-07-21,2026-07-21,4
P07431,2026-07-20,2026-07-21,2
P07434,2026-07-13,2026-07-21,1
P07435,2026-07-05,2026-07-21,3
P07458,2026-07-12,2026-07-21,4
P07471,2026-07-20,2026-07-21,4
P07473,2026-07-03,2026-07-21,2
P07474,2026-07-13,2026-07-21,4
P07485,2026-06-27,2026-07-21,4
P07503,2026-07-20,2026-07-21,4
P07523,2026-07-21,2026-07-21,4
P07533,2026-07-21,2026-07-21,5
P07554,2026-06-28,2026-07-21,1
P07575,2026-07-17,2026-07-21,3
P07590,2026-07-15,2026-07-21,4
P07595,2026-06-27,2026-07-21,4
P07605,2026-07-19,2026-07-21,3
P07619,2026-07-11,2026-07-21,2
P07658,2026-07-12,2026-07-21,2
P07692,2026-07-20,2026-07-21,3
P07693,2026-07-21,2026-07-21,3
P07703,2026-06-23,2026-07-21,1
P07704,2026-07-18,2026-07-21,2
P07805,2026-07-10,2026-07-21,3
P07848,2026-07-21,2026-07-21,1
P07874,2026-07-17,2026-07-21,3
P07928,2026-07-01,2026-07-21,1
P07974,2026-07-07,2026-07-21,1
P07984,2026-07-18,2026-07-21,4
P00003,2026-07-22,2026-07-22,1
P00017,2026-07-18,2026-07-22,3
P00066,2026-07-22,2026-07-22,4
P00075,2026-07-07,2026-07-22,3
P00080,2026-07-16,2026-07-22,1
P00091,2026-07-20,2026-07-22,2
P00107,2026-07-19,2026-07-22,1
P00110,2026-07-21,2026-07-22,1
P00144,2026-06-22,2026-07-22,1
P00159,2026-07-21,2026-07-22,1
P00172,2026-07-13,2026-07-22,4
P00177,2026-07-22,2026-07-22,1
P00182,2026-06-24,2026-07-22,1
P00217,2026-07-15,2026-07-22,2
P00259,2026-07-01,2026-07-22,2
P00269,2026-07-22,2026-07-22,5
P00294,2026-07-21,2026-07-22,1
P00344,2026-07-22,2026-07-22,3
P00348,2026-07-22,2026-07-22,4
P00375,2026-07-19,2026-07-22,4
P00385,2026-07-21,2026-07-22,1
P00390,2026-07-09,2026-07-22,2
P00394,2026-07-11,2026-07-22,4
P00424,2026-07-19,2026-07-22,1
P00431,2026-07-04,2026-07-22,1
P00470,2026-07-22,2026-07-22,1
P00488,2026-07-20,2026-07-22,2
P00493,2026-07-22,2026-07-22,2
P00519,2026-07-20,2026-07-22,3
P00549,2026-07-12,2026-07-22,2
P00568,2026-07-11,2026-07-22,1
P00573,2026-07-15,2026-07-22,2
P00575,2026-06-24,2026-07-22,4
P00595,2026-07-22,2026-07-22,2
P00607,2026-07-21,2026-07-22,4
P00613,2026-07-06,2026-07-22,2
P00615,2026-07-12,2026-07-22,3
P00620,2026-06-22,2026-07-22,4
P00628,2026-07-19,2026-07-22,2
P00635,2026-07-09,2026-07-22,4
P00669,2026-06-29,2026-07-22,4
P00672,2026-07-22,2026-07-22,5
P00675,2026-06-25,2026-07-22,4
P00681,2026-07-22,2026-07-22,4
P00682,2026-07-22,2026-07-22,2
P00693,2026-07-13,2026-07-22,1
P00697,2026-07-10,2026-07-22,3
P00756,2026-07-22,2026-07-22,2
P00770,2026-07-22,2026-07-22,4
P00781,2026-07-20,2026-07-22,4
P00801,2026-07-16,2026-07-22,3
P00807,2026-07-19,2026-07-22,4
P00831,2026-07-18,2026-07-22,4
P00854,2026-07-04,2026-07-22,4
P00861,2026-06-23,2026-07-22,2
P00876,2026-07-21,2026-07-22,4
P00888,2026-07-03,2026-07-22,4
P00889,2026-07-19,2026-07-22,1
P00907,2026-07-22,2026-07-22,3
P00917,2026-07-22,2026-07-22,1
P00966,2026-07-20,2026-07-22,4
P00974,2026-07-14,2026-07-22,1
P00977,2026-07-15,2026-07-22,3
P00995,2026-07-22,2026-07-22,1
P01032,2026-06-28,2026-07-22,3
P01044,2026-07-13,2026-07-22,4
P01056,2026-07-19,2026-07-22,1
P01081,2026-07-22,2026-07-22,5
P01106,2026-07-19,2026-07-22,4
P01112,2026-07-18,2026-07-22,4
P01116,2026-07-02,2026-07-22,4
P01117,2026-06-23,2026-07-22,4
P01121,2026-07-22,2026-07-22,4
P01128,2026-07-15,2026-07-22,4
P01153,2026-07-05,2026-07-22,1
P01158,2026-06-30,2026-07-22,1
P01171,2026-07-17,2026-07-22,3
P01212,2026-07-09,2026-07-22,4
P01223,2026-06-27,2026-07-22,2
P01256,2026-06-25,2026-07-22,1
P01296,2026-07-22,2026-07-22,3
P01312,2026-07-22,2026-07-22,5
P01313,2026-07-18,2026-07-22,1
P01316,2026-07-19,2026-07-22,4
P01343,2026-07-22,2026-07-22,4
P01355,2026-06-25,2026-07-22,3
P01357,2026-07-06,2026-07-22,4
P01388,2026-07-21,2026-07-22,2
P01397,2026-07-11,2026-07-22,2
P01406,2026-07-22,2026-07-22,3
P01410,2026-07-22,2026-07-22,5
P01452,2026-07-09,2026-07-22,2
P01463,2026-06-25,2026-07-22,3
P01473,2026-06-22,2026-07-22,1
P01478,2026-07-21,2026-07-22,2
P01483,2026-07-20,2026-07-22,1
P01485,2026-07-22,2026-07-22,2
P01496,2026-06-30,2026-07-22,1
P01497,2026-07-05,2026-07-22,2
P01512,2026-07-22,2026-07-22,3
P01523,2026-07-16,2026-07-22,1
P01539,2026-07-15,2026-07-22,2
P01540,2026-07-16,2026-07-22,3
P01561,2026-07-12,2026-07-22,3
P01582,2026-07-14,2026-07-22,2
P01598,2026-07-10,2026-07-22,1
P01674,2026-07-05,2026-07-22,4
P01690,2026-07-12,2026-07-22,1
P01711,2026-07-20,2026-07-22,3
P01742,2026-07-19,2026-07-22,1
P01754,2026-07-22,2026-07-22,1
P01758,2026-07-08,2026-07-22,4
P01760,2026-06-29,2026-07-22,2
P01762,2026-07-22,2026-07-22,5
P01802,2026-07-12,2026-07-22,2
P01817,2026-07-22,2026-07-22,3
P01830,2026-07-22,2026-07-22,3
P01840,2026-06-22,2026-07-22,3
P01846,2026-07-22,2026-07-22,4
P01849,2026-07-09,2026-07-22,3
P01872,2026-07-21,2026-07-22,2
P01909,2026-07-21,2026-07-22,1
P01915,2026-07-03,2026-07-22,2
P01949,2026-07-08,2026-07-22,3
P01954,2026-07-12,2026-07-22,2
P01965,2026-07-21,2026-07-22,4
P01972,2026-07-21,2026-07-22,2
P01975,2026-07-22,2026-07-22,3
P01987,2026-07-15,2026-07-22,3
P01999,2026-07-19,2026-07-22,2
P02003,2026-07-19,2026-07-22,4
P02023,2026-07-10,2026-07-22,2
P02051,2026-07-11,2026-07-22,4
P02053,2026-07-12,2026-07-22,1
P02061,2026-07-22,2026-07-22,2
P02064,2026-07-09,2026-07-22,4
P02079,2026-07-05,2026-07-22,2
P02084,2026-07-21,2026-07-22,2
P02096,2026-07-22,2026-07-22,2
P02129,2026-07-22,2026-07-22,5
P02133,2026-07-19,2026-07-22,2
P02148,2026-07-22,2026-07-22,4
P02162,2026-07-08,2026-07-22,3
P02210,2026-07-20,2026-07-22,2
P02229,2026-07-06,2026-07-22,2
P02235,2026-06-24,2026-07-22,2
P02249,2026-06-27,2026-07-22,4
P02255,2026-07-07,2026-07-22,3
P02275,2026-07-06,2026-07-22,4
P02318,2026-06-29,2026-07-22,1
P02363,2026-07-16,2026-07-22,3
P02380,2026-07-18,2026-07-22,1
P02390,2026-06-29,2026-07-22,3
P02430,2026-07-10,2026-07-22,1
P02432,2026-07-22,2026-07-22,3
P02439,2026-07-09,2026-07-22,2
P02442,2026-07-19,2026-07-22,2
P02451,2026-06-23,2026-07-22,4
P02455,2026-07-18,2026-07-22,1
P02458,2026-06-23,2026-07-22,1
P02466,2026-07-21,2026-07-22,1
P02472,2026-07-15,2026-07-22,2
P02480,2026-06-25,2026-07-22,2
P02490,2026-06-23,2026-07-22,1
P02491,2026-07-22,2026-07-22,5
P02531,2026-07-05,2026-07-22,2
P02549,2026-07-21,2026-07-22,1
P02552,2026-06-26,2026-07-22,3
P02570,2026-07-20,2026-07-22,2
P02577,2026-07-12,2026-07-22,3
P02578,2026-07-22,2026-07-22,3
P02591,2026-07-10,2026-07-22,4
P02597,2026-07-22,2026-07-22,5
P02615,2026-07-16,2026-07-22,4
P02624,2026-06-28,2026-07-22,1
P02626,2026-07-20,2026-07-22,3
P02632,2026-07-19,2026-07-22,1
P02645,2026-07-17,2026-07-22,4
P02655,2026-07-02,2026-07-22,4
P02658,2026-07-17,2026-07-22,3
P02664,2026-07-22,2026-07-22,4
P02676,2026-07-22,2026-07-22,5
P02724,2026-07-22,2026-07-22,3
P02729,2026-06-24,2026-07-22,3
P02743,2026-07-22,2026-07-22,3
P02754,2026-07-19,2026-07-22,2
P02755,2026-07-17,2026-07-22,1
P02782,2026-07-19,2026-07-22,4
P02826,2026-06-25,2026-07-22,3
P02827,2026-07-22,2026-07-22,2
P02871,2026-07-22,2026-07-22,1
P02873,2026-07-22,2026-07-22,3
P02880,2026-07-22,2026-07-22,4
P02881,2026-07-16,2026-07-22,1
P02888,2026-06-27,2026-07-22,4
P02893,2026-07-22,2026-07-22,4
P02895,2026-07-05,2026-07-22,2
P02910,2026-07-09,2026-07-22,4
P02915,2026-06-29,2026-07-22,1
P02943,2026-06-23,2026-07-22,3
P02954,2026-07-20,2026-07-22,4
P02959,2026-07-06,2026-07-22,2
P02997,2026-07-18,2026-07-22,2
P03007,2026-07-12,2026-07-22,2
P03017,2026-07-18,2026-07-22,2
P03063,2026-07-22,2026-07-22,4
P03079,2026-07-08,2026-07-22,2
P03093,2026-07-11,2026-07-22,1
P03100,2026-06-28,2026-07-22,1
P03118,2026-07-12,2026-07-22,3
P03139,2026-07-13,2026-07-22,4
P03154,2026-07-08,2026-07-22,4
P03166,2026-07-12,2026-07-22,4
P03176,2026-07-22,2026-07-22,1
P03190,2026-07-12,2026-07-22,1
P03236,2026-07-21,2026-07-22,3
P03248,2026-07-05,2026-07-22,4
P03253,2026-06-29,2026-07-22,3
P03257,2026-07-08,2026-07-22,3
P03261,2026-07-16,2026-07-22,1
P03283,2026-07-20,2026-07-22,4
P03310,2026-07-14,2026-07-22,4
P03313,2026-07-22,2026-07-22,3
P03314,2026-07-04,2026-07-22,3
P03315,2026-07-22,2026-07-22,5
P03320,2026-06-26,2026-07-22,2
P03387,2026-07-18,2026-07-22,2
P03403,2026-07-18,2026-07-22,3
P03445,2026-07-11,2026-07-22,4
P03456,2026-07-22,2026-07-22,3
P03462,2026-07-18,2026-07-22,3
P03464,2026-07-08,2026-07-22,2
P03469,2026-07-22,2026-07-22,3
P03472,2026-07-22,2026-07-22,5
P03476,2026-07-18,2026-07-22,4
P03478,2026-07-07,2026-07-22,2
P03482,2026-07-22,2026-07-22,4
P03487,2026-06-30,2026-07-22,2
P03505,2026-07-20,2026-07-22,2
P03515,2026-07-20,2026-07-22,1
P03517,2026-07-07,2026-07-22,2
P03549,2026-07-08,2026-07-22,4
P03566,2026-07-15,2026-07-22,3
P03567,2026-07-07,2026-07-22,2
P03569,2026-07-04,2026-07-22,4
P03574,2026-07-17,2026-07-22,4
P03581,2026-07-22,2026-07-22,3
P03588,2026-07-19,2026-07-22,1
P03617,2026-07-12,2026-07-22,4
P03625,2026-07-20,2026-07-22,2
P03687,2026-07-22,2026-07-22,2
P03742,2026-07-08,2026-07-22,2
P03744,2026-07-08,2026-07-22,1
P03759,2026-07-22,2026-07-22,2
P03762,2026-07-22,2026-07-22,3
P03785,2026-07-22,2026-07-22,5
P03795,2026-07-22,2026-07-22,3
P03796,2026-07-09,2026-07-22,4
P03835,2026-07-06,2026-07-22,3
P03857,2026-06-27,2026-07-22,1
P03882,2026-07-21,2026-07-22,3
P03912,2026-06-25,2026-07-22,2
P03913,2026-07-04,2026-07-22,3
P03953,2026-07-22,2026-07-22,5
P03962,2026-07-16,2026-07-22,3
P04005,2026-07-22,2026-07-22,2
P04013,2026-07-15,2026-07-22,2
P04018,2026-07-22,2026-07-22,2
P04022,2026-07-08,2026-07-22,2
P04029,2026-07-22,2026-07-22,2
P04037,2026-06-25,2026-07-22,4
P04094,2026-07-17,2026-07-22,4
P04109,2026-07-21,2026-07-22,4
P04125,2026-07-22,2026-07-22,3
P04135,2026-07-06,2026-07-22,4
P04147,2026-06-29,2026-07-22,2
P04190,2026-07-01,2026-07-22,2
P04208,2026-06-22,2026-07-22,4
P04212,2026-07-19,2026-07-22,4
P04213,2026-07-17,2026-07-22,2
P04227,2026-07-22,2026-07-22,2
P04229,2026-07-22,2026-07-22,2
P04238,2026-07-14,2026-07-22,2
P04241,2026-07-22,2026-07-22,2
P04242,2026-07-03,2026-07-22,2
P04247,2026-07-18,2026-07-22,1
P04297,2026-07-16,2026-07-22,3
P04317,2026-07-22,2026-07-22,5
P04356,2026-06-27,2026-07-22,3
P04360,2026-07-22,2026-07-22,5
P04361,2026-07-18,2026-07-22,3
P04368,2026-07-17,2026-07-22,1
P04379,2026-07-22,2026-07-22,1
P04383,2026-07-21,2026-07-22,1
P04414,2026-06-30,2026-07-22,2
P04429,2026-07-11,2026-07-22,4
P04507,2026-06-29,2026-07-22,2
P04518,2026-07-15,2026-07-22,3
P04535,2026-07-22,2026-07-22,5
P04541,2026-07-22,2026-07-22,3
P04553,2026-07-22,2026-07-22,2
P04556,2026-07-22,2026-07-22,2
P04557,2026-07-21,2026-07-22,2
P04595,2026-07-22,2026-07-22,3
P04610,2026-07-11,2026-07-22,3
P04616,2026-07-22,2026-07-22,4
P04644,2026-07-14,2026-07-22,3
P04661,2026-07-22,2026-07-22,3
P04673,2026-07-06,2026-07-22,3
P04752,2026-07-17,2026-07-22,2
P04765,2026-06-29,2026-07-22,1
P04769,2026-06-24,2026-07-22,2
P04775,2026-07-08,2026-07-22,4
P04788,2026-07-21,2026-07-22,1
P04805,2026-07-22,2026-07-22,4
P04816,2026-07-11,2026-07-22,3
P04868,2026-06-29,2026-07-22,2
P04870,2026-07-18,2026-07-22,1
P04872,2026-07-15,2026-07-22,4
P04883,2026-07-22,2026-07-22,1
P04884,2026-07-22,2026-07-22,1
P04886,2026-07-19,2026-07-22,4
P04919,2026-07-20,2026-07-22,1
P04942,2026-07-22,2026-07-22,2
P04972,2026-07-06,2026-07-22,4
P04983,2026-07-16,2026-07-22,1
P05002,2026-07-22,2026-07-22,5
P05053,2026-07-11,2026-07-22,4
P05058,2026-07-09,2026-07-22,1
P05078,2026-07-20,2026-07-22,4
P05080,2026-07-20,2026-07-22,3
P05081,2026-07-17,2026-07-22,3
P05086,2026-07-17,2026-07-22,4
P05093,2026-07-21,2026-07-22,3
P05097,2026-07-19,2026-07-22,3
P05128,2026-07-19,2026-07-22,1
P05133,2026-07-11,2026-07-22,3
P05149,2026-07-22,2026-07-22,2
P05198,2026-07-21,2026-07-22,4
P05210,2026-07-02,2026-07-22,3
P05211,2026-07-12,2026-07-22,4
P05295,2026-07-17,2026-07-22,4
P05350,2026-07-22,2026-07-22,3
P05356,2026-07-02,2026-07-22,1
P05389,2026-07-21,2026-07-22,2
P05390,2026-07-22,2026-07-22,1
P05405,2026-07-20,2026-07-22,3
P05420,2026-07-14,2026-07-22,1
P05426,2026-07-22,2026-07-22,4
P05449,2026-07-17,2026-07-22,4
P05452,2026-07-18,2026-07-22,3
P05526,2026-06-28,2026-07-22,4
P05530,2026-07-10,2026-07-22,2
P05588,2026-07-04,2026-07-22,1
P05612,2026-07-04,2026-07-22,1
P05651,2026-07-03,2026-07-22,2
P05661,2026-06-29,2026-07-22,2
P05668,2026-07-07,2026-07-22,3
P05692,2026-07-19,2026-07-22,2
P05702,2026-06-22,2026-07-22,4
P05715,2026-07-22,2026-07-22,4
P05721,2026-07-20,2026-07-22,2
P05742,2026-07-15,2026-07-22,3
P05765,2026-07-10,2026-07-22,2
P05794,2026-07-22,2026-07-22,5
P05813,2026-07-14,2026-07-22,4
P05819,2026-07-22,2026-07-22,1
P05823,2026-07-12,2026-07-22,3
P05841,2026-07-21,2026-07-22,2
P05885,2026-07-21,2026-07-22,1
P05916,2026-07-22,2026-07-22,2
P05918,2026-07-22,2026-07-22,3
P05925,2026-07-22,2026-07-22,4
P05991,2026-07-22,2026-07-22,4
P06020,2026-07-22,2026-07-22,4
P06035,2026-07-22,2026-07-22,5
P06057,2026-07-22,2026-07-22,1
P06071,2026-07-08,2026-07-22,1
P06083,2026-07-22,2026-07-22,2
P06116,2026-07-19,2026-07-22,3
P06133,2026-07-02,2026-07-22,2
P06134,2026-07-22,2026-07-22,4
P06145,2026-06-28,2026-07-22,4
P06161,2026-07-15,2026-07-22,1
P06170,2026-07-22,2026-07-22,3
P06172,2026-07-22,2026-07-22,1
P06192,2026-07-17,2026-07-22,4
P06197,2026-07-08,2026-07-22,3
P06248,2026-06-30,2026-07-22,2
P06291,2026-07-22,2026-07-22,5
P06309,2026-07-10,2026-07-22,4
P06319,2026-07-12,2026-07-22,4
P06346,2026-07-21,2026-07-22,4
P06350,2026-07-18,2026-07-22,3
P06362,2026-07-21,2026-07-22,2
P06379,2026-07-22,2026-07-22,5
P06391,2026-07-02,2026-07-22,4
P06415,2026-06-26,2026-07-22,2
P06437,2026-07-21,2026-07-22,2
P06441,2026-07-22,2026-07-22,4
P06459,2026-07-09,2026-07-22,3
P06472,2026-07-21,2026-07-22,1
P06502,2026-07-22,2026-07-22,2
P06504,2026-07-22,2026-07-22,2
P06514,2026-07-16,2026-07-22,4
P06519,2026-07-17,2026-07-22,4
P06523,2026-06-22,2026-07-22,4
P06540,2026-07-22,2026-07-22,3
P06550,2026-07-09,2026-07-22,2
P06555,2026-07-20,2026-07-22,2
P06570,2026-06-25,2026-07-22,3
P06600,2026-07-15,2026-07-22,2
P06637,2026-07-20,2026-07-22,4
P06648,2026-07-17,2026-07-22,4
P06687,2026-07-22,2026-07-22,1
P06690,2026-06-28,2026-07-22,4
P06705,2026-07-19,2026-07-22,1
P06717,2026-06-23,2026-07-22,3
P06728,2026-07-15,2026-07-22,2
P06761,2026-07-11,2026-07-22,1
P06763,2026-07-19,2026-07-22,4
P06776,2026-06-26,2026-07-22,3
P06795,2026-07-22,2026-07-22,2
P06804,2026-07-16,2026-07-22,4
P06810,2026-07-22,2026-07-22,5
P06836,2026-07-18,2026-07-22,1
P06855,2026-07-19,2026-07-22,1
P06858,2026-07-22,2026-07-22,5
P06862,2026-07-06,2026-07-22,2
P06867,2026-07-18,2026-07-22,1
P06873,2026-07-04,2026-07-22,1
P06886,2026-07-22,2026-07-22,2
P06899,2026-06-27,2026-07-22,4
P06904,2026-06-25,2026-07-22,2
P06908,2026-07-13,2026-07-22,3
P06930,2026-07-17,2026-07-22,3
P06933,2026-07-22,2026-07-22,5
P06947,2026-07-11,2026-07-22,3
P06951,2026-07-21,2026-07-22,4
P06952,2026-07-02,2026-07-22,2
P06973,2026-07-19,2026-07-22,2
P06983,2026-07-13,2026-07-22,2
P07003,2026-07-06,2026-07-22,1
P07041,2026-07-09,2026-07-22,1
P07043,2026-07-10,2026-07-22,4
P07102,2026-07-18,2026-07-22,1
P07128,2026-07-22,2026-07-22,3
P07138,2026-07-22,2026-07-22,2
P07148,2026-07-22,2026-07-22,2
P07160,2026-07-02,2026-07-22,1
P07174,2026-07-22,2026-07-22,5
P07207,2026-07-09,2026-07-22,2
P07220,2026-07-12,2026-07-22,4
P07224,2026-07-22,2026-07-22,1
P07239,2026-07-22,2026-07-22,5
P07247,2026-06-24,2026-07-22,3
P07265,2026-06-26,2026-07-22,2
P07270,2026-07-01,2026-07-22,1
P07292,2026-07-22,2026-07-22,3
P07314,2026-07-22,2026-07-22,2
P07315,2026-07-11,2026-07-22,4
P07344,2026-07-12,2026-07-22,2
P07352,2026-07-17,2026-07-22,3
P07400,2026-07-22,2026-07-22,3
P07429,2026-07-21,2026-07-22,1
P07433,2026-07-18,2026-07-22,1
P07462,2026-07-22,2026-07-22,2
P07479,2026-07-11,2026-07-22,1
P07480,2026-07-17,2026-07-22,2
P07493,2026-07-22,2026-07-22,5
P07497,2026-06-30,2026-07-22,4
P07498,2026-07-22,2026-07-22,4
P07501,2026-06-30,2026-07-22,2
P07503,2026-07-20,2026-07-22,3
P07507,2026-07-10,2026-07-22,4
P07555,2026-07-22,2026-07-22,1
P07564,2026-07-02,2026-07-22,3
P07578,2026-07-22,2026-07-22,5
P07584,2026-07-22,2026-07-22,1
P07604,2026-07-09,2026-07-22,3
P07605,2026-07-19,2026-07-22,3
P07615,2026-07-20,2026-07-22,1
P07629,2026-07-18,2026-07-22,1
P07660,2026-06-28,2026-07-22,2
P07671,2026-07-18,2026-07-22,1
P07676,2026-07-03,2026-07-22,4
P07678,2026-06-27,2026-07-22,1
P07698,2026-07-19,2026-07-22,1
P07752,2026-07-19,2026-07-22,4
P07769,2026-07-15,2026-07-22,1
P07792,2026-07-16,2026-07-22,3
P07807,2026-07-03,2026-07-22,4
P07812,2026-07-01,2026-07-22,2
P07834,2026-07-09,2026-07-22,4
P07838,2026-07-09,2026-07-22,3
P07840,2026-06-29,2026-07-22,3
P07853,2026-07-19,2026-07-22,1
P07854,2026-07-12,2026-07-22,2
P07862,2026-07-06,2026-07-22,4
P07870,2026-06-27,2026-07-22,2
P07928,2026-07-01,2026-07-22,2
P07931,2026-07-08,2026-07-22,2
P07979,2026-06-27,2026-07-22,3
P07984,2026-07-18,2026-07-22,4
P00009,2026-07-19,2026-07-23,1
P00010,2026-06-24,2026-07-23,2
P00053,2026-07-02,2026-07-23,2
P00062,2026-07-15,2026-07-23,3
P00063,2026-07-16,2026-07-23,4
P00065,2026-07-01,2026-07-23,4
P00066,2026-07-22,2026-07-23,2
P00078,2026-07-23,2026-07-23,5
P00082,2026-07-23,2026-07-23,3
P00112,2026-07-23,2026-07-23,2
P00118,2026-07-15,2026-07-23,4
P00133,2026-06-25,2026-07-23,1
P00149,2026-07-20,2026-07-23,4
P00159,2026-07-21,2026-07-23,4
P00166,2026-06-26,2026-07-23,4
P00175,2026-07-01,2026-07-23,4
P00187,2026-07-11,2026-07-23,2
P00215,2026-07-11,2026-07-23,4
P00228,2026-07-23,2026-07-23,3
P00229,2026-07-23,2026-07-23,2
P00231,2026-07-23,2026-07-23,5
P00273,2026-07-11,2026-07-23,1
P00306,2026-07-23,2026-07-23,5
P00310,2026-07-23,2026-07-23,4
P00362,2026-07-21,2026-07-23,2
P00368,2026-06-23,2026-07-23,1
P00369,2026-07-19,2026-07-23,2
P00371,2026-07-10,2026-07-23,1
P00386,2026-07-23,2026-07-23,3
P00422,2026-07-19,2026-07-23,3
P00444,2026-07-23,2026-07-23,3
P00470,2026-07-22,2026-07-23,1
P00473,2026-06-30,2026-07-23,3
P00525,2026-07-21,2026-07-23,2
P00557,2026-07-23,2026-07-23,5
P00564,2026-07-23,2026-07-23,4
P00573,2026-07-15,2026-07-23,2
P00578,2026-07-23,2026-07-23,2
P00595,2026-07-22,2026-07-23,3
P00600,2026-07-17,2026-07-23,1
P00630,2026-06-28,2026-07-23,4
P00633,2026-07-20,2026-07-23,2
P00635,2026-07-09,2026-07-23,4
P00651,2026-07-15,2026-07-23,1
P00704,2026-07-18,2026-07-23,1
P00708,2026-07-12,2026-07-23,1
P00719,2026-06-23,2026-07-23,2
P00725,2026-07-23,2026-07-23,5
P00750,2026-07-15,2026-07-23,2
P00759,2026-06-30,2026-07-23,1
P00781,2026-07-20,2026-07-23,3
P00787,2026-07-23,2026-07-23,3
P00817,2026-07-16,2026-07-23,3
P00885,2026-07-08,2026-07-23,3
P00900,2026-07-20,2026-07-23,4
P00917,2026-07-22,2026-07-23,3
P00921,2026-07-17,2026-07-23,2
P00925,2026-07-16,2026-07-23,1
P00926,2026-07-11,2026-07-23,2
P00928,2026-07-18,2026-07-23,1
P00940,2026-07-04,2026-07-23,2
P00950,2026-07-17,2026-07-23,3
P00953,2026-06-29,2026-07-23,3
P00965,2026-07-04,2026-07-23,2
P00967,2026-07-04,2026-07-23,3
P00968,2026-07-17,2026-07-23,3
P00979,2026-07-12,2026-07-23,4
P00987,2026-06-26,2026-07-23,4
P00997,2026-07-07,2026-07-23,3
P01008,2026-07-23,2026-07-23,1
P01036,2026-06-27,2026-07-23,4
P01041,2026-07-23,2026-07-23,3
P01058,2026-07-23,2026-07-23,1
P01063,2026-06-29,2026-07-23,2
P01075,2026-07-23,2026-07-23,3
P01100,2026-07-11,2026-07-23,1
P01106,2026-07-19,2026-07-23,1
P01114,2026-07-02,2026-07-23,2
P01122,2026-07-12,2026-07-23,3
P01172,2026-07-14,2026-07-23,4
P01212,2026-07-09,2026-07-23,1
P01230,2026-07-23,2026-07-23,4
P01235,2026-06-29,2026-07-23,1
P01250,2026-06-29,2026-07-23,4
P01261,2026-07-23,2026-07-23,3
P01276,2026-06-27,2026-07-23,1
P01277,2026-07-23,2026-07-23,4
P01296,2026-07-22,2026-07-23,2
P01307,2026-07-23,2026-07-23,5
P01312,2026-07-22,2026-07-23,1
P01313,2026-07-18,2026-07-23,4
P01320,2026-07-23,2026-07-23,4
P01329,2026-07-23,2026-07-23,4
P01343,2026-07-22,2026-07-23,3
P01355,2026-06-25,2026-07-23,1
P01368,2026-07-20,2026-07-23,2
P01378,2026-07-23,2026-07-23,5
P01388,2026-07-21,2026-07-23,1
P01406,2026-07-22,2026-07-23,3
P01410,2026-07-22,2026-07-23,2
P01412,2026-07-23,2026-07-23,5
P01438,2026-06-26,2026-07-23,2
P01472,2026-07-12,2026-07-23,2
P01483,2026-07-20,2026-07-23,4
P01487,2026-07-23,2026-07-23,5
P01494,2026-07-23,2026-07-23,3
P01501,2026-06-24,2026-07-23,1
P01504,2026-07-05,2026-07-23,4
P01505,2026-07-07,2026-07-23,1
P01512,2026-07-22,2026-07-23,2
P01514,2026-07-21,2026-07-23,4
P01518,2026-06-27,2026-07-23,1
P01547,2026-07-23,2026-07-23,2
P01567,2026-07-05,2026-07-23,4
P01589,2026-07-06,2026-07-23,4
P01595,2026-07-09,2026-07-23,2
P01597,2026-07-23,2026-07-23,4
P01599,2026-07-23,2026-07-23,1
P01601,2026-07-23,2026-07-23,1
P01617,2026-07-08,2026-07-23,2
P01637,2026-07-12,2026-07-23,2
P01678,2026-07-21,2026-07-23,3
P01680,2026-07-11,2026-07-23,3
P01685,2026-06-27,2026-07-23,1
P01688,2026-06-26,2026-07-23,3
P01690,2026-07-12,2026-07-23,1
P01701,2026-07-06,2026-07-23,3
P01706,2026-07-23,2026-07-23,2
P01710,2026-07-23,2026-07-23,2
P01742,2026-07-19,2026-07-23,3
P01762,2026-07-22,2026-07-23,4
P01768,2026-07-10,2026-07-23,2
P01774,2026-07-23,2026-07-23,3
P01788,2026-07-23,2026-07-23,3
P01792,2026-07-21,2026-07-23,3
P01796,2026-07-19,2026-07-23,1
P01804,2026-07-23,2026-07-23,5
P01833,2026-07-18,2026-07-23,4
P01841,2026-07-04,2026-07-23,1
P01856,2026-06-24,2026-07-23,3
P01872,2026-07-21,2026-07-23,1
P01888,2026-07-01,2026-07-23,2
P01896,2026-07-11,2026-07-23,1
P01900,2026-07-10,2026-07-23,4
P01927,2026-06-25,2026-07-23,1
P01940,2026-07-20,2026-07-23,2
P01952,2026-07-23,2026-07-23,3
P01965,2026-07-21,2026-07-23,4
P01972,2026-07-21,2026-07-23,1
P01982,2026-07-23,2026-07-23,2
P02002,2026-07-23,2026-07-23,5
P02003,2026-07-19,2026-07-23,4
P02036,2026-07-23,2026-07-23,5
P02046,2026-07-21,2026-07-23,1
P02061,2026-07-22,2026-07-23,4
P02064,2026-07-09,2026-07-23,3
P02080,2026-07-23,2026-07-23,5
P02088,2026-07-23,2026-07-23,1
P02091,2026-07-23,2026-07-23,3
P02097,2026-07-13,2026-07-23,3
P02106,2026-07-23,2026-07-23,5
P02108,2026-07-23,2026-07-23,4
P02133,2026-07-19,2026-07-23,4
P02139,2026-07-17,2026-07-23,2
P02154,2026-07-23,2026-07-23,1
P02155,2026-07-11,2026-07-23,4
P02181,2026-06-30,2026-07-23,3
P02255,2026-07-07,2026-07-23,2
P02274,2026-07-23,2026-07-23,3
P02298,2026-06-28,2026-07-23,4
P02322,2026-06-23,2026-07-23,2
P02338,2026-07-23,2026-07-23,1
P02339,2026-07-23,2026-07-23,1
P02396,2026-07-19,2026-07-23,4
P02397,2026-07-19,2026-07-23,2
P02400,2026-07-23,2026-07-23,1
P02426,2026-07-07,2026-07-23,1
P02427,2026-07-18,2026-07-23,3
P02430,2026-07-10,2026-07-23,2
P02431,2026-07-13,2026-07-23,1
P02442,2026-07-19,2026-07-23,1
P02453,2026-07-23,2026-07-23,3
P02457,2026-06-25,2026-07-23,3
P02525,2026-06-27,2026-07-23,3
P02533,2026-06-26,2026-07-23,1
P02549,2026-07-21,2026-07-23,3
P02552,2026-06-26,2026-07-23,4
P02558,2026-07-20,2026-07-23,1
P02578,2026-07-22,2026-07-23,2
P02597,2026-07-22,2026-07-23,3
P02607,2026-07-23,2026-07-23,1
P02615,2026-07-16,2026-07-23,1
P02617,2026-07-15,2026-07-23,2
P02619,2026-07-20,2026-07-23,1
P02626,2026-07-20,2026-07-23,2
P02629,2026-07-23,2026-07-23,4
P02631,2026-06-27,2026-07-23,4
P02652,2026-07-17,2026-07-23,3
P02664,2026-07-22,2026-07-23,2
P02690,2026-07-23,2026-07-23,3
P02722,2026-06-25,2026-07-23,4
P02735,2026-07-10,2026-07-23,4
P02739,2026-07-14,2026-07-23,2
P02772,2026-06-29,2026-07-23,3
P02774,2026-07-20,2026-07-23,2
P02787,2026-07-10,2026-07-23,4
P02816,2026-07-23,2026-07-23,2
P02817,2026-06-30,2026-07-23,2
P02861,2026-06-28,2026-07-23,4
P02866,2026-07-17,2026-07-23,3
P02873,2026-07-22,2026-07-23,3
P02876,2026-06-23,2026-07-23,4
P02894,2026-06-25,2026-07-23,2
P02901,2026-07-23,2026-07-23,2
P02908,2026-07-23,2026-07-23,3
P02915,2026-06-29,2026-07-23,2
P02920,2026-07-23,2026-07-23,4
P02933,2026-07-12,2026-07-23,1
P02941,2026-07-16,2026-07-23,4
P02960,2026-07-16,2026-07-23,4
P02975,2026-07-23,2026-07-23,5
P02981,2026-07-08,2026-07-23,2
P03022,2026-07-23,2026-07-23,1
P03047,2026-07-23,2026-07-23,3
P03056,2026-07-04,2026-07-23,3
P03064,2026-07-21,2026-07-23,4
P03069,2026-07-23,2026-07-23,3
P03076,2026-07-16,2026-07-23,3
P03079,2026-07-08,2026-07-23,3
P03090,2026-07-11,2026-07-23,2
P03109,2026-07-21,2026-07-23,2
P03115,2026-07-23,2026-07-23,4
P03124,2026-06-24,2026-07-23,4
P03180,2026-07-23,2026-07-23,1
P03185,2026-07-23,2026-07-23,2
P03187,2026-07-11,2026-07-23,1
P03209,2026-07-20,2026-07-23,3
P03218,2026-06-26,2026-07-23,2
P03235,2026-07-19,2026-07-23,3
P03251,2026-07-20,2026-07-23,3
P03279,2026-07-11,2026-07-23,1
P03317,2026-07-23,2026-07-23,5
P03342,2026-06-27,2026-07-23,4
P03346,2026-07-23,2026-07-23,5
P03363,2026-07-16,2026-07-23,3
P03367,2026-07-13,2026-07-23,4
P03376,2026-07-10,2026-07-23,4
P03386,2026-07-23,2026-07-23,1
P03426,2026-07-21,2026-07-23,1
P03436,2026-07-23,2026-07-23,3
P03456,2026-07-22,2026-07-23,3
P03469,2026-07-22,2026-07-23,3
P03505,2026-07-20,2026-07-23,4
P03543,2026-07-21,2026-07-23,2
P03580,2026-07-05,2026-07-23,4
P03587,2026-07-16,2026-07-23,4
P03599,2026-07-13,2026-07-23,2
P03617,2026-07-12,2026-07-23,3
P03637,2026-07-23,2026-07-23,5
P03671,2026-07-23,2026-07-23,2
P03672,2026-07-23,2026-07-23,3
P03694,2026-07-23,2026-07-23,2
P03720,2026-07-23,2026-07-23,5
P03737,2026-07-01,2026-07-23,3
P03753,2026-06-27,2026-07-23,4
P03762,2026-07-22,2026-07-23,1
P03786,2026-07-23,2026-07-23,4
P03818,2026-07-13,2026-07-23,4
P03831,2026-07-02,2026-07-23,4
P03835,2026-07-06,2026-07-23,4
P03836,2026-07-23,2026-07-23,5
P03845,2026-07-11,2026-07-23,3
P03882,2026-07-21,2026-07-23,4
P03886,2026-06-30,2026-07-23,2
P03917,2026-07-23,2026-07-23,4
P03950,2026-07-23,2026-07-23,2
P03952,2026-07-23,2026-07-23,3
P03973,2026-07-12,2026-07-23,2
P03977,2026-07-23,2026-07-23,4
P03988,2026-07-03,2026-07-23,1
P03991,2026-07-05,2026-07-23,2
P03997,2026-07-04,2026-07-23,2
P03998,2026-06-27,2026-07-23,2
P04035,2026-07-23,2026-07-23,3
P04043,2026-06-30,2026-07-23,2
P04051,2026-07-03,2026-07-23,2
P04074,2026-07-23,2026-07-23,2
P04075,2026-07-16,2026-07-23,4
P04125,2026-07-22,2026-07-23,4
P04140,2026-07-03,2026-07-23,1
P04146,2026-07-20,2026-07-23,3
P04151,2026-07-04,2026-07-23,1
P04180,2026-06-28,2026-07-23,2
P04193,2026-06-30,2026-07-23,1
P04212,2026-07-19,2026-07-23,3
P04227,2026-07-22,2026-07-23,3
P04234,2026-07-23,2026-07-23,1
P04268,2026-07-23,2026-07-23,2
P04297,2026-07-16,2026-07-23,1
P04314,2026-07-12,2026-07-23,3
P04333,2026-07-20,2026-07-23,3
P04345,2026-07-10,2026-07-23,3
P04347,2026-06-25,2026-07-23,4
P04356,2026-06-27,2026-07-23,2
P04361,2026-07-18,2026-07-23,4
P04368,2026-07-17,2026-07-23,3
P04378,2026-07-20,2026-07-23,4
P04379,2026-07-22,2026-07-23,1
P04418,2026-07-23,2026-07-23,3
P04424,2026-07-23,2026-07-23,2
P04428,2026-07-23,2026-07-23,3
P04455,2026-07-15,2026-07-23,2
P04465,2026-07-21,2026-07-23,1
P04474,2026-06-30,2026-07-23,4
P04478,2026-07-06,2026-07-23,1
P04496,2026-07-20,2026-07-23,2
P04541,2026-07-22,2026-07-23,4
P04545,2026-06-29,2026-07-23,3
P04554,2026-06-23,2026-07-23,1
P04557,2026-07-21,2026-07-23,4
P04570,2026-07-15,2026-07-23,1
P04581,2026-06-28,2026-07-23,2
P04610,2026-07-11,2026-07-23,2
P04616,2026-07-22,2026-07-23,3
P04642,2026-07-02,2026-07-23,4
P04660,2026-07-11,2026-07-23,1
P04661,2026-07-22,2026-07-23,4
P04699,2026-06-26,2026-07-23,2
P04753,2026-07-10,2026-07-23,2
P04776,2026-07-17,2026-07-23,1
P04778,2026-07-19,2026-07-23,1
P04779,2026-07-02,2026-07-23,2
P04780,2026-07-09,2026-07-23,4
P04794,2026-07-10,2026-07-23,1
P04846,2026-07-21,2026-07-23,2
P04854,2026-07-23,2026-07-23,1
P04884,2026-07-22,2026-07-23,1
P04972,2026-07-06,2026-07-23,2
P04984,2026-07-01,2026-07-23,1
P04986,2026-07-12,2026-07-23,3
P05002,2026-07-22,2026-07-23,3
P05012,2026-06-24,2026-07-23,4
P05025,2026-07-19,2026-07-23,1
P05035,2026-07-21,2026-07-23,2
P05043,2026-07-23,2026-07-23,5
P05046,2026-07-11,2026-07-23,3
P05092,2026-07-11,2026-07-23,4
P05112,2026-07-19,2026-07-23,3
P05135,2026-06-30,2026-07-23,1
P05152,2026-07-13,2026-07-23,3
P05160,2026-07-23,2026-07-23,5
P05188,2026-06-24,2026-07-23,3
P05211,2026-07-12,2026-07-23,4
P05216,2026-07-23,2026-07-23,4
P05245,2026-07-23,2026-07-23,5
P05250,2026-06-28,2026-07-23,1
P05263,2026-07-23,2026-07-23,1
P05295,2026-07-17,2026-07-23,4
P05312,2026-07-23,2026-07-23,2
P05345,2026-06-29,2026-07-23,1
P05376,2026-07-21,2026-07-23,3
P05378,2026-07-17,2026-07-23,1
P05383,2026-07-23,2026-07-23,4
P05439,2026-07-23,2026-07-23,2
P05473,2026-07-23,2026-07-23,3
P05476,2026-07-04,2026-07-23,3
P05498,2026-07-23,2026-07-23,3
P05500,2026-07-23,2026-07-23,5
P05524,2026-07-18,2026-07-23,3
P05529,2026-07-20,2026-07-23,3
P05538,2026-07-13,2026-07-23,2
P05544,2026-07-23,2026-07-23,4
P05550,2026-07-23,2026-07-23,5
P05554,2026-07-23,2026-07-23,2
P05561,2026-07-23,2026-07-23,3
P05574,2026-07-23,2026-07-23,1
P05576,2026-07-23,2026-07-23,2
P05591,2026-07-23,2026-07-23,5
P05613,2026-07-23,2026-07-23,1
P05615,2026-07-12,2026-07-23,1
P05619,2026-07-09,2026-07-23,2
P05629,2026-06-24,2026-07-23,4
P05647,2026-07-08,2026-07-23,2
P05649,2026-07-19,2026-07-23,2
P05668,2026-07-07,2026-07-23,3
P05680,2026-07-09,2026-07-23,3
P05716,2026-07-06,2026-07-23,4
P05719,2026-07-23,2026-07-23,1
P05721,2026-07-20,2026-07-23,2
P05734,2026-07-20,2026-07-23,4
P05738,2026-06-24,2026-07-23,3
P05755,2026-07-12,2026-07-23,1
P05791,2026-07-23,2026-07-23,1
P05826,2026-07-05,2026-07-23,3
P05830,2026-07-23,2026-07-23,5
P05832,2026-07-15,2026-07-23,2
P05834,2026-07-15,2026-07-23,1
P05847,2026-07-23,2026-07-23,5
P05858,2026-07-19,2026-07-23,2
P05872,2026-06-24,2026-07-23,3
P05880,2026-07-06,2026-07-23,2
P05885,2026-07-21,2026-07-23,1
P05894,2026-06-23,2026-07-23,4
P05899,2026-07-18,2026-07-23,2
P05902,2026-07-05,2026-07-23,4
P05916,2026-07-22,2026-07-23,2
P05917,2026-07-23,2026-07-23,5
P05925,2026-07-22,2026-07-23,4
P05926,2026-07-23,2026-07-23,1
P05927,2026-07-06,2026-07-23,2
P05950,2026-06-24,2026-07-23,2
P05966,2026-07-23,2026-07-23,4
P05980,2026-06-26,2026-07-23,3
P05988,2026-07-20,2026-07-23,4
P05993,2026-06-23,2026-07-23,4
P06007,2026-07-21,2026-07-23,1
P06027,2026-06-25,2026-07-23,1
P06057,2026-07-22,2026-07-23,1
P06071,2026-07-08,2026-07-23,4
P06077,2026-07-06,2026-07-23,4
P06113,2026-07-17,2026-07-23,3
P06123,2026-07-23,2026-07-23,2
P06134,2026-07-22,2026-07-23,2
P06145,2026-06-28,2026-07-23,1
P06156,2026-07-12,2026-07-23,3
P06158,2026-07-10,2026-07-23,1
P06161,2026-07-15,2026-07-23,2
P06169,2026-06-29,2026-07-23,4
P06170,2026-07-22,2026-07-23,3
P06172,2026-07-22,2026-07-23,1
P06181,2026-07-10,2026-07-23,1
P06192,2026-07-17,2026-07-23,1
P06194,2026-06-24,2026-07-23,2
P06223,2026-06-24,2026-07-23,4
P06254,2026-07-02,2026-07-23,2
P06264,2026-07-23,2026-07-23,3
P06334,2026-07-15,2026-07-23,2
P06347,2026-06-30,2026-07-23,3
P06357,2026-07-23,2026-07-23,3
P06379,2026-07-22,2026-07-23,3
P06380,2026-07-23,2026-07-23,5
P06409,2026-07-23,2026-07-23,5
P06423,2026-07-16,2026-07-23,4
P06447,2026-07-08,2026-07-23,1
P06461,2026-07-23,2026-07-23,5
P06466,2026-06-28,2026-07-23,4
P06471,2026-07-17,2026-07-23,2
P06475,2026-07-23,2026-07-23,4
P06497,2026-07-23,2026-07-23,2
P06504,2026-07-22,2026-07-23,3
P06575,2026-07-09,2026-07-23,4
P06595,2026-07-23,2026-07-23,4
P06601,2026-07-23,2026-07-23,1
P06627,2026-06-25,2026-07-23,3
P06631,2026-07-16,2026-07-23,3
P06635,2026-07-23,2026-07-23,2
P06637,2026-07-20,2026-07-23,2
P06658,2026-07-23,2026-07-23,1
P06726,2026-07-23,2026-07-23,4
P06748,2026-06-30,2026-07-23,1
P06786,2026-06-29,2026-07-23,1
P06838,2026-06-30,2026-07-23,2
P06863,2026-07-06,2026-07-23,1
P06876,2026-07-19,2026-07-23,4
P06892,2026-06-23,2026-07-23,4
P06917,2026-07-09,2026-07-23,4
P06918,2026-07-06,2026-07-23,3
P06932,2026-07-14,2026-07-23,1
P06933,2026-07-22,2026-07-23,1
P06996,2026-06-23,2026-07-23,4
P07010,2026-07-16,2026-07-23,4
P07014,2026-07-23,2026-07-23,4
P07027,2026-06-29,2026-07-23,4
P07057,2026-07-18,2026-07-23,1
P07075,2026-07-03,2026-07-23,3
P07083,2026-07-16,2026-07-23,2
P07119,2026-06-23,2026-07-23,4
P07125,2026-07-23,2026-07-23,4
P07138,2026-07-22,2026-07-23,3
P07164,2026-07-23,2026-07-23,4
P07167,2026-07-23,2026-07-23,3
P07182,2026-07-16,2026-07-23,3
P07185,2026-07-18,2026-07-23,3
P07230,2026-07-14,2026-07-23,4
P07256,2026-07-19,2026-07-23,1
P07292,2026-07-22,2026-07-23,2
P07313,2026-07-03,2026-07-23,2
P07346,2026-06-28,2026-07-23,1
P07348,2026-07-03,2026-07-23,1
P07368,2026-07-12,2026-07-23,3
P07391,2026-07-04,2026-07-23,3
P07425,2026-07-11,2026-07-23,4
P07429,2026-07-21,2026-07-23,3
P07431,2026-07-20,2026-07-23,3
P07497,2026-06-30,2026-07-23,2
P07503,2026-07-20,2026-07-23,3
P07532,2026-07-23,2026-07-23,4
P07555,2026-07-22,2026-07-23,2
P07575,2026-07-17,2026-07-23,1
P07581,2026-07-23,2026-07-23,2
P07583,2026-07-13,2026-07-23,1
P07619,2026-07-11,2026-07-23,1
P07626,2026-07-17,2026-07-23,2
P07627,2026-07-23,2026-07-23,1
P07632,2026-07-11,2026-07-23,2
P07646,2026-07-01,2026-07-23,3
P07694,2026-07-08,2026-07-23,3
P07696,2026-06-24,2026-07-23,2
P07698,2026-07-19,2026-07-23,4
P07732,2026-07-23,2026-07-23,4
P07748,2026-07-18,2026-07-23,3
P07772,2026-07-23,2026-07-23,4
P07786,2026-07-19,2026-07-23,4
P07804,2026-07-23,2026-07-23,1
P07840,2026-06-29,2026-07-23,3
P07867,2026-07-23,2026-07-23,1
P07878,2026-07-23,2026-07-23,3
P07892,2026-07-23,2026-07-23,4
P07905,2026-07-23,2026-07-23,3
P07919,2026-07-23,2026-07-23,3
P07941,2026-07-23,2026-07-23,2
P07974,2026-07-07,2026-07-23,1
P07997,2026-07-13,2026-07-23,1
P00010,2026-06-24,2026-07-24,4
P00011,2026-07-08,2026-07-24,4
P00017,2026-07-18,2026-07-24,3
P00032,2026-07-18,2026-07-24,3
P00043,2026-07-05,2026-07-24,4
P00067,2026-07-19,2026-07-24,1
P00082,2026-07-23,2026-07-24,4
P00091,2026-07-20,2026-07-24,4
P00099,2026-07-02,2026-07-24,1
P00135,2026-06-25,2026-07-24,3
P00150,2026-07-24,2026-07-24,2
P00183,2026-07-24,2026-07-24,5
P00206,2026-07-21,2026-07-24,1
P00242,2026-07-17,2026-07-24,4
P00246,2026-07-24,2026-07-24,4
P00310,2026-07-23,2026-07-24,2
P00364,2026-07-20,2026-07-24,4
P00381,2026-07-24,2026-07-24,5
P00424,2026-07-19,2026-07-24,1
P00437,2026-06-24,2026-07-24,4
P00450,2026-06-30,2026-07-24,1
P00470,2026-07-22,2026-07-24,3
P00607,2026-07-21,2026-07-24,4
P00629,2026-07-17,2026-07-24,4
P00631,2026-07-07,2026-07-24,2
P00635,2026-07-09,2026-07-24,2
P00636,2026-07-18,2026-07-24,3
P00637,2026-07-10,2026-07-24,4
P00650,2026-07-20,2026-07-24,4
P00654,2026-07-01,2026-07-24,3
P00662,2026-07-19,2026-07-24,2
P00669,2026-06-29,2026-07-24,2
P00681,2026-07-22,2026-07-24,3
P00704,2026-07-18,2026-07-24,2
P00708,2026-07-12,2026-07-24,1
P00745,2026-07-17,2026-07-24,2
P00778,2026-07-24,2026-07-24,4
P00783,2026-06-29,2026-07-24,1
P00791,2026-07-03,2026-07-24,2
P00792,2026-07-24,2026-07-24,5
P00823,2026-07-03,2026-07-24,3
P00824,2026-07-24,2026-07-24,1
P00836,2026-06-29,2026-07-24,1
P00837,2026-07-15,2026-07-24,3
P00841,2026-06-26,2026-07-24,1
P00849,2026-07-21,2026-07-24,1
P00876,2026-07-21,2026-07-24,1
P00882,2026-07-24,2026-07-24,2
P00883,2026-07-18,2026-07-24,3
P00887,2026-07-08,2026-07-24,3
P00891,2026-07-24,2026-07-24,3
P00907,2026-07-22,2026-07-24,1
P00919,2026-07-19,2026-07-24,3
P00926,2026-07-11,2026-07-24,3
P00957,2026-07-03,2026-07-24,1
P00965,2026-07-04,2026-07-24,3
P00987,2026-06-26,2026-07-24,2
P01007,2026-07-14,2026-07-24,2
P01008,2026-07-23,2026-07-24,1
P01062,2026-07-09,2026-07-24,4
P01063,2026-06-29,2026-07-24,2
P01074,2026-07-13,2026-07-24,4
P01078,2026-07-17,2026-07-24,1
P01106,2026-07-19,2026-07-24,2
P01115,2026-06-30,2026-07-24,1
P01120,2026-06-28,2026-07-24,2
P01171,2026-07-17,2026-07-24,3
P01210,2026-07-24,2026-07-24,3
P01227,2026-07-24,2026-07-24,5
P01235,2026-06-29,2026-07-24,3
P01252,2026-07-24,2026-07-24,1
P01279,2026-07-24,2026-07-24,3
P01307,2026-07-23,2026-07-24,3
P01317,2026-07-24,2026-07-24,1
P01319,2026-06-25,2026-07-24,3
P01328,2026-07-09,2026-07-24,2
P01331,2026-07-10,2026-07-24,3
P01345,2026-07-10,2026-07-24,4
P01356,2026-06-30,2026-07-24,2
P01369,2026-07-24,2026-07-24,3
P01386,2026-06-29,2026-07-24,1
P01406,2026-07-22,2026-07-24,4
P01414,2026-07-02,2026-07-24,4
P01433,2026-07-20,2026-07-24,2
P01451,2026-07-05,2026-07-24,3
P01459,2026-07-24,2026-07-24,3
P01462,2026-07-24,2026-07-24,1
P01488,2026-07-12,2026-07-24,3
P01494,2026-07-23,2026-07-24,4
P01497,2026-07-05,2026-07-24,1
P01511,2026-07-24,2026-07-24,4
P01533,2026-07-24,2026-07-24,4
P01540,2026-07-16,2026-07-24,2
P01550,2026-07-21,2026-07-24,4
P01572,2026-06-25,2026-07-24,2
P01597,2026-07-23,2026-07-24,1
P01599,2026-07-23,2026-07-24,4
P01601,2026-07-23,2026-07-24,4
P01630,2026-06-28,2026-07-24,3
P01636,2026-07-18,2026-07-24,4
P01644,2026-06-26,2026-07-24,4
P01660,2026-07-02,2026-07-24,3
P01679,2026-06-28,2026-07-24,4
P01680,2026-07-11,2026-07-24,2
P01700,2026-07-12,2026-07-24,1
P01706,2026-07-23,2026-07-24,2
P01729,2026-07-24,2026-07-24,2
P01741,2026-07-15,2026-07-24,2
P01743,2026-07-24,2026-07-24,1
P01749,2026-07-20,2026-07-24,3
P01754,2026-07-22,2026-07-24,4
P01762,2026-07-22,2026-07-24,4
P01788,2026-07-23,2026-07-24,2
P01792,2026-07-21,2026-07-24,3
P01793,2026-07-16,2026-07-24,3
P01796,2026-07-19,2026-07-24,2
P01804,2026-07-23,2026-07-24,2
P01810,2026-07-11,2026-07-24,1
P01817,2026-07-22,2026-07-24,4
P01850,2026-07-24,2026-07-24,5
P01864,2026-07-10,2026-07-24,1
P01865,2026-07-05,2026-07-24,3
P01890,2026-06-24,2026-07-24,4
P01896,2026-07-11,2026-07-24,2
P01921,2026-07-24,2026-07-24,2
P01925,2026-06-27,2026-07-24,4
P01940,2026-07-20,2026-07-24,1
P01949,2026-07-08,2026-07-24,1
P01972,2026-07-21,2026-07-24,4
P02001,2026-07-24,2026-07-24,4
P02003,2026-07-19,2026-07-24,3
P02036,2026-07-23,2026-07-24,4
P02053,2026-07-12,2026-07-24,2
P02076,2026-06-25,2026-07-24,2
P02085,2026-07-06,2026-07-24,3
P02086,2026-07-06,2026-07-24,3
P02088,2026-07-23,2026-07-24,3
P02105,2026-07-24,2026-07-24,1
P02108,2026-07-23,2026-07-24,4
P02125,2026-07-24,2026-07-24,1
P02128,2026-07-02,2026-07-24,1
P02140,2026-06-26,2026-07-24,1
P02154,2026-07-23,2026-07-24,1
P02175,2026-07-19,2026-07-24,1
P02209,2026-07-24,2026-07-24,5
P02231,2026-07-21,2026-07-24,3
P02249,2026-06-27,2026-07-24,1
P02252,2026-07-24,2026-07-24,4
P02298,2026-06-28,2026-07-24,1
P02304,2026-07-24,2026-07-24,2
P02310,2026-07-08,2026-07-24,1
P02319,2026-07-15,2026-07-24,1
P02321,2026-07-12,2026-07-24,1
P02324,2026-07-09,2026-07-24,4
P02333,2026-07-09,2026-07-24,3
P02352,2026-07-14,2026-07-24,3
P02366,2026-07-10,2026-07-24,4
P02388,2026-07-08,2026-07-24,4
P02400,2026-07-23,2026-07-24,1
P02433,2026-07-13,2026-07-24,2
P02440,2026-07-24,2026-07-24,1
P02455,2026-07-18,2026-07-24,4
P02480,2026-06-25,2026-07-24,4
P02496,2026-07-24,2026-07-24,3
P02525,2026-06-27,2026-07-24,2
P02527,2026-06-26,2026-07-24,3
P02530,2026-07-24,2026-07-24,1
P02531,2026-07-05,2026-07-24,2
P02543,2026-07-13,2026-07-24,2
P02570,2026-07-20,2026-07-24,1
P02591,2026-07-10,2026-07-24,2
P02622,2026-07-14,2026-07-24,3
P02632,2026-07-19,2026-07-24,1
P02634,2026-07-10,2026-07-24,3
P02648,2026-06-24,2026-07-24,1
P02664,2026-07-22,2026-07-24,3
P02686,2026-07-24,2026-07-24,5
P02690,2026-07-23,2026-07-24,1
P02695,2026-07-24,2026-07-24,1
P02755,2026-07-17,2026-07-24,1
P02756,2026-07-24,2026-07-24,1
P02767,2026-07-18,2026-07-24,1
P02769,2026-07-24,2026-07-24,4
P02782,2026-07-19,2026-07-24,1
P02784,2026-07-24,2026-07-24,3
P02806,2026-07-24,2026-07-24,5
P02819,2026-07-17,2026-07-24,3
P02820,2026-07-12,2026-07-24,4
P02822,2026-07-24,2026-07-24,2
P02826,2026-06-25,2026-07-24,1
P02845,2026-07-24,2026-07-24,3
P02852,2026-07-24,2026-07-24,3
P02856,2026-07-12,2026-07-24,1
P02873,2026-07-22,2026-07-24,4
P02896,2026-07-24,2026-07-24,2
P02901,2026-07-23,2026-07-24,4
P02913,2026-07-21,2026-07-24,3
P02920,2026-07-23,2026-07-24,4
P02930,2026-07-21,2026-07-24,1
P02934,2026-07-13,2026-07-24,3
P02954,2026-07-20,2026-07-24,1
P02959,2026-07-06,2026-07-24,1
P02986,2026-07-24,2026-07-24,4
P03007,2026-07-12,2026-07-24,1
P03015,2026-07-24,2026-07-24,2
P03019,2026-07-24,2026-07-24,1
P03020,2026-07-24,2026-07-24,4
P03084,2026-07-24,2026-07-24,3
P03095,2026-07-12,2026-07-24,1
P03100,2026-06-28,2026-07-24,4
P03115,2026-07-23,2026-07-24,4
P03119,2026-07-21,2026-07-24,2
P03166,2026-07-12,2026-07-24,2
P03185,2026-07-23,2026-07-24,3
P03187,2026-07-11,2026-07-24,3
P03213,2026-07-24,2026-07-24,5
P03222,2026-06-28,2026-07-24,3
P03225,2026-07-24,2026-07-24,1
P03231,2026-06-27,2026-07-24,1
P03248,2026-07-05,2026-07-24,4
P03264,2026-07-24,2026-07-24,2
P03283,2026-07-20,2026-07-24,2
P03302,2026-07-11,2026-07-24,1
P03315,2026-07-22,2026-07-24,4
P03346,2026-07-23,2026-07-24,3
P03350,2026-07-24,2026-07-24,2
P03371,2026-07-24,2026-07-24,2
P03392,2026-07-15,2026-07-24,4
P03421,2026-07-17,2026-07-24,1
P03456,2026-07-22,2026-07-24,3
P03462,2026-07-18,2026-07-24,3
P03477,2026-07-06,2026-07-24,3
P03500,2026-07-11,2026-07-24,1
P03505,2026-07-20,2026-07-24,4
P03515,2026-07-20,2026-07-24,2
P03521,2026-07-19,2026-07-24,3
P03538,2026-07-24,2026-07-24,4
P03588,2026-07-19,2026-07-24,2
P03600,2026-06-28,2026-07-24,1
P03611,2026-07-24,2026-07-24,5
P03617,2026-07-12,2026-07-24,3
P03629,2026-06-24,2026-07-24,4
P03634,2026-06-30,2026-07-24,4
P03646,2026-07-09,2026-07-24,1
P03648,2026-07-24,2026-07-24,5
P03649,2026-07-05,2026-07-24,4
P03656,2026-07-24,2026-07-24,4
P03675,2026-07-15,2026-07-24,1
P03709,2026-07-17,2026-07-24,3
P03712,2026-07-10,2026-07-24,2
P03721,2026-07-24,2026-07-24,2
P03729,2026-07-18,2026-07-24,4
P03739,2026-07-09,2026-07-24,1
P03784,2026-07-24,2026-07-24,2
P03790,2026-07-24,2026-07-24,4
P03799,2026-07-24,2026-07-24,1
P03804,2026-07-21,2026-07-24,2
P03824,2026-07-24,2026-07-24,4
P03826,2026-07-19,2026-07-24,1
P03828,2026-07-15,2026-07-24,1
P03838,2026-07-02,2026-07-24,3
P03839,2026-06-25,2026-07-24,4
P03854,2026-07-09,2026-07-24,2
P03870,2026-07-24,2026-07-24,5
P03877,2026-07-06,2026-07-24,2
P03887,2026-07-24,2026-07-24,3
P03899,2026-07-24,2026-07-24,3
P03910,2026-07-13,2026-07-24,3
P03915,2026-07-24,2026-07-24,5
P03932,2026-06-27,2026-07-24,3
P03950,2026-07-23,2026-07-24,3
P03962,2026-07-16,2026-07-24,4
P03972,2026-07-15,2026-07-24,1
P03993,2026-07-10,2026-07-24,4
P04001,2026-06-29,2026-07-24,2
P04029,2026-07-22,2026-07-24,3
P04034,2026-07-24,2026-07-24,2
P04035,2026-07-23,2026-07-24,3
P04039,2026-07-12,2026-07-24,1
P04043,2026-06-30,2026-07-24,2
P04071,2026-06-24,2026-07-24,3
P04083,2026-07-24,2026-07-24,4
P04087,2026-07-02,2026-07-24,1
P04089,2026-07-06,2026-07-24,4
P04096,2026-07-17,2026-07-24,4
P04099,2026-07-24,2026-07-24,5
P04107,2026-06-29,2026-07-24,4
P04110,2026-07-01,2026-07-24,1
P04122,2026-07-20,2026-07-24,1
P04162,2026-07-24,2026-07-24,2
P04184,2026-07-24,2026-07-24,3
P04188,2026-06-24,2026-07-24,2
P04204,2026-07-24,2026-07-24,1
P04220,2026-07-13,2026-07-24,3
P04260,2026-06-28,2026-07-24,4
P04297,2026-07-16,2026-07-24,3
P04334,2026-06-30,2026-07-24,2
P04343,2026-07-24,2026-07-24,3
P04344,2026-07-24,2026-07-24,1
P04358,2026-07-12,2026-07-24,3
P04361,2026-07-18,2026-07-24,1
P04364,2026-07-24,2026-07-24,5
P04376,2026-07-12,2026-07-24,3
P04405,2026-07-14,2026-07-24,2
P04412,2026-07-19,2026-07-24,4
P04418,2026-07-23,2026-07-24,2
P04428,2026-07-23,2026-07-24,1
P04435,2026-07-16,2026-07-24,2
P04459,2026-07-24,2026-07-24,3
P04476,2026-07-24,2026-07-24,5
P04553,2026-07-22,2026-07-24,1
P04557,2026-07-21,2026-07-24,2
P04568,2026-07-24,2026-07-24,1
P04578,2026-07-18,2026-07-24,4
P04598,2026-07-17,2026-07-24,4
P04610,2026-07-11,2026-07-24,1
P04623,2026-07-09,2026-07-24,3
P04648,2026-07-24,2026-07-24,4
P04662,2026-07-14,2026-07-24,1
P04689,2026-07-24,2026-07-24,4
P04693,2026-07-15,2026-07-24,2
P04717,2026-07-04,2026-07-24,3
P04752,2026-07-17,2026-07-24,2
P04753,2026-07-10,2026-07-24,1
P04755,2026-07-16,2026-07-24,3
P04759,2026-07-02,2026-07-24,3
P04788,2026-07-21,2026-07-24,2
P04791,2026-07-18,2026-07-24,2
P04794,2026-07-10,2026-07-24,2
P04860,2026-07-17,2026-07-24,3
P04869,2026-07-17,2026-07-24,4
P04891,2026-07-18,2026-07-24,3
P04928,2026-07-24,2026-07-24,3
P04978,2026-07-11,2026-07-24,3
P04984,2026-07-01,2026-07-24,4
P04986,2026-07-12,2026-07-24,3
P05006,2026-07-06,2026-07-24,3
P05043,2026-07-23,2026-07-24,1
P05069,2026-07-24,2026-07-24,3
P05077,2026-07-24,2026-07-24,3
P05080,2026-07-20,2026-07-24,2
P05082,2026-07-24,2026-07-24,1
P05094,2026-07-24,2026-07-24,4
P05128,2026-07-19,2026-07-24,3
P05129,2026-07-18,2026-07-24,4
P05135,2026-06-30,2026-07-24,1
P05151,2026-06-28,2026-07-24,1
P05155,2026-07-24,2026-07-24,5
P05169,2026-07-24,2026-07-24,4
P05183,2026-07-24,2026-07-24,4
P05186,2026-07-16,2026-07-24,2
P05206,2026-07-02,2026-07-24,4
P05224,2026-06-26,2026-07-24,4
P05291,2026-07-02,2026-07-24,4
P05295,2026-07-17,2026-07-24,4
P05300,2026-06-24,2026-07-24,4
P05312,2026-07-23,2026-07-24,1
P05322,2026-07-24,2026-07-24,4
P05332,2026-07-02,2026-07-24,1
P05339,2026-07-05,2026-07-24,4
P05388,2026-06-28,2026-07-24,1
P05402,2026-07-24,2026-07-24,5
P05427,2026-07-02,2026-07-24,3
P05429,2026-07-24,2026-07-24,4
P05439,2026-07-23,2026-07-24,4
P05449,2026-07-17,2026-07-24,2
P05462,2026-06-24,2026-07-24,4
P05492,2026-07-14,2026-07-24,4
P05495,2026-07-24,2026-07-24,2
P05513,2026-07-24,2026-07-24,4
P05527,2026-07-15,2026-07-24,2
P05529,2026-07-20,2026-07-24,2
P05531,2026-07-05,2026-07-24,3
P05550,2026-07-23,2026-07-24,1
P05554,2026-07-23,2026-07-24,1
P05561,2026-07-23,2026-07-24,2
P05574,2026-07-23,2026-07-24,1
P05576,2026-07-23,2026-07-24,4
P05593,2026-07-24,2026-07-24,1
P05615,2026-07-12,2026-07-24,4
P05619,2026-07-09,2026-07-24,3
P05622,2026-07-24,2026-07-24,4
P05627,2026-07-02,2026-07-24,1
P05646,2026-07-21,2026-07-24,3
P05661,2026-06-29,2026-07-24,4
P05693,2026-06-24,2026-07-24,1
P05745,2026-06-28,2026-07-24,3
P05773,2026-06-28,2026-07-24,3
P05778,2026-07-01,2026-07-24,1
P05825,2026-06-29,2026-07-24,4
P05830,2026-07-23,2026-07-24,3
P05841,2026-07-21,2026-07-24,1
P05854,2026-07-01,2026-07-24,1
P05858,2026-07-19,2026-07-24,3
P05870,2026-07-09,2026-07-24,1
P05875,2026-07-24,2026-07-24,2
P05885,2026-07-21,2026-07-24,2
P05916,2026-07-22,2026-07-24,3
P05940,2026-07-02,2026-07-24,1
P05949,2026-07-11,2026-07-24,1
P05977,2026-07-24,2026-07-24,3
P05979,2026-07-21,2026-07-24,2
P05983,2026-07-13,2026-07-24,4
P05984,2026-07-21,2026-07-24,2
P05991,2026-07-22,2026-07-24,1
P06085,2026-06-24,2026-07-24,4
P06087,2026-07-17,2026-07-24,3
P06099,2026-07-10,2026-07-24,2
P06111,2026-06-27,2026-07-24,1
P06118,2026-07-01,2026-07-24,4
P06123,2026-07-23,2026-07-24,4
P06127,2026-07-24,2026-07-24,5
P06130,2026-07-19,2026-07-24,1
P06178,2026-07-24,2026-07-24,3
P06186,2026-07-19,2026-07-24,3
P06191,2026-07-05,2026-07-24,3
P06194,2026-06-24,2026-07-24,3
P06195,2026-06-30,2026-07-24,4
P06264,2026-07-23,2026-07-24,3
P06268,2026-07-15,2026-07-24,3
P06286,2026-07-24,2026-07-24,4
P06336,2026-07-24,2026-07-24,2
P06351,2026-06-30,2026-07-24,4
P06354,2026-07-14,2026-07-24,2
P06366,2026-07-24,2026-07-24,3
P06380,2026-07-23,2026-07-24,3
P06392,2026-07-24,2026-07-24,2
P06409,2026-07-23,2026-07-24,2
P06415,2026-06-26,2026-07-24,4
P06461,2026-07-23,2026-07-24,3
P06462,2026-07-24,2026-07-24,5
P06472,2026-07-21,2026-07-24,3
P06475,2026-07-23,2026-07-24,2
P06481,2026-07-24,2026-07-24,1
P06555,2026-07-20,2026-07-24,3
P06566,2026-06-27,2026-07-24,4
P06567,2026-07-24,2026-07-24,1
P06574,2026-07-24,2026-07-24,3
P06589,2026-06-27,2026-07-24,4
P06593,2026-07-06,2026-07-24,4
P06637,2026-07-20,2026-07-24,1
P06675,2026-07-09,2026-07-24,1
P06716,2026-07-24,2026-07-24,2
P06726,2026-07-23,2026-07-24,1
P06730,2026-07-13,2026-07-24,3
P06765,2026-07-08,2026-07-24,4
P06772,2026-07-18,2026-07-24,4
P06779,2026-07-19,2026-07-24,1
P06780,2026-07-16,2026-07-24,2
P06804,2026-07-16,2026-07-24,2
P06845,2026-07-11,2026-07-24,3
P06859,2026-07-17,2026-07-24,1
P06872,2026-07-21,2026-07-24,4
P06900,2026-07-02,2026-07-24,4
P06933,2026-07-22,2026-07-24,4
P06934,2026-07-24,2026-07-24,4
P06950,2026-06-29,2026-07-24,1
P06973,2026-07-19,2026-07-24,1
P07006,2026-07-21,2026-07-24,1
P07014,2026-07-23,2026-07-24,3
P07044,2026-07-17,2026-07-24,4
P07061,2026-07-19,2026-07-24,3
P07067,2026-07-04,2026-07-24,2
P07069,2026-07-24,2026-07-24,2
P07075,2026-07-03,2026-07-24,2
P07127,2026-07-16,2026-07-24,2
P07128,2026-07-22,2026-07-24,3
P07133,2026-07-01,2026-07-24,3
P07138,2026-07-22,2026-07-24,1
P07144,2026-07-03,2026-07-24,2
P07176,2026-07-24,2026-07-24,2
P07227,2026-07-19,2026-07-24,4
P07243,2026-07-24,2026-07-24,5
P07258,2026-07-24,2026-07-24,5
P07265,2026-06-26,2026-07-24,1
P07277,2026-07-19,2026-07-24,1
P07299,2026-07-24,2026-07-24,2
P07344,2026-07-12,2026-07-24,2
P07345,2026-07-24,2026-07-24,1
P07392,2026-07-24,2026-07-24,4
P07448,2026-07-24,2026-07-24,2
P07493,2026-07-22,2026-07-24,2
P07503,2026-07-20,2026-07-24,4
P07504,2026-07-19,2026-07-24,1
P07510,2026-07-24,2026-07-24,4
P07540,2026-07-24,2026-07-24,4
P07565,2026-07-24,2026-07-24,5
P07581,2026-07-23,2026-07-24,1
P07583,2026-07-13,2026-07-24,3
P07594,2026-07-24,2026-07-24,5
P07604,2026-07-09,2026-07-24,4
P07610,2026-07-24,2026-07-24,4
P07611,2026-06-28,2026-07-24,2
P07616,2026-07-12,2026-07-24,1
P07617,2026-07-14,2026-07-24,2
P07628,2026-07-24,2026-07-24,1
P07633,2026-07-24,2026-07-24,3
P07708,2026-07-24,2026-07-24,2
P07748,2026-07-18,2026-07-24,4
P07756,2026-07-24,2026-07-24,4
P07760,2026-07-24,2026-07-24,5
P07769,2026-07-15,2026-07-24,3
P07776,2026-07-24,2026-07-24,1
P07781,2026-07-24,2026-07-24,5
P07786,2026-07-19,2026-07-24,1
P07792,2026-07-16,2026-07-24,3
P07793,2026-06-28,2026-07-24,4
P07812,2026-07-01,2026-07-24,3
P07815,2026-07-24,2026-07-24,3
P07828,2026-07-24,2026-07-24,5
P07867,2026-07-23,2026-07-24,3
P07874,2026-07-17,2026-07-24,4
P07901,2026-07-04,2026-07-24,4
P07941,2026-07-23,2026-07-24,2
P07955,2026-07-24,2026-07-24,5
P07959,2026-07-17,2026-07-24,3
P00014,2026-07-25,2026-07-25,2
P00038,2026-07-09,2026-07-25,3
P00066,2026-07-22,2026-07-25,1
P00067,2026-07-19,2026-07-25,4
P00071,2026-07-06,2026-07-25,4
P00088,2026-07-03,2026-07-25,4
P00105,2026-07-25,2026-07-25,2
P00112,2026-07-23,2026-07-25,2
P00117,2026-07-25,2026-07-25,4
P00118,2026-07-15,2026-07-25,1
P00122,2026-07-25,2026-07-25,1
P00123,2026-07-07,2026-07-25,4
P00130,2026-07-10,2026-07-25,2
P00142,2026-07-25,2026-07-25,3
P00159,2026-07-21,2026-07-25,4
P00161,2026-07-25,2026-07-25,3
P00175,2026-07-01,2026-07-25,2
P00196,2026-07-12,2026-07-25,2
P00229,2026-07-23,2026-07-25,1
P00239,2026-06-30,2026-07-25,2
P00288,2026-07-14,2026-07-25,4
P00322,2026-07-13,2026-07-25,4
P00363,2026-07-09,2026-07-25,2
P00381,2026-07-24,2026-07-25,3
P00427,2026-07-18,2026-07-25,4
P00443,2026-07-25,2026-07-25,2
P00457,2026-07-08,2026-07-25,4
P00487,2026-06-28,2026-07-25,4
P00507,2026-06-27,2026-07-25,4
P00540,2026-07-25,2026-07-25,5
P00546,2026-07-02,2026-07-25,4
P00556,2026-07-25,2026-07-25,5
P00578,2026-07-23,2026-07-25,4
P00607,2026-07-21,2026-07-25,2
P00632,2026-06-28,2026-07-25,3
P00633,2026-07-20,2026-07-25,4
P00646,2026-07-07,2026-07-25,3
P00662,2026-07-19,2026-07-25,2
P00673,2026-07-06,2026-07-25,1
P00677,2026-07-04,2026-07-25,4
P00681,2026-07-22,2026-07-25,4
P00701,2026-07-25,2026-07-25,3
P00703,2026-07-25,2026-07-25,5
P00725,2026-07-23,2026-07-25,1
P00736,2026-07-20,2026-07-25,1
P00753,2026-07-10,2026-07-25,4
P00758,2026-07-02,2026-07-25,4
P00760,2026-07-25,2026-07-25,5
P00773,2026-07-04,2026-07-25,3
P00775,2026-07-25,2026-07-25,5
P00778,2026-07-24,2026-07-25,2
P00781,2026-07-20,2026-07-25,3
P00795,2026-07-03,2026-07-25,4
P00813,2026-06-25,2026-07-25,1
P00860,2026-07-25,2026-07-25,1
P00876,2026-07-21,2026-07-25,1
P00887,2026-07-08,2026-07-25,4
P00900,2026-07-20,2026-07-25,2
P00901,2026-07-25,2026-07-25,2
P00904,2026-07-14,2026-07-25,4
P00907,2026-07-22,2026-07-25,1
P00937,2026-07-21,2026-07-25,2
P00945,2026-07-14,2026-07-25,2
P00949,2026-07-25,2026-07-25,1
P00965,2026-07-04,2026-07-25,2
P00986,2026-07-06,2026-07-25,3
P00995,2026-07-22,2026-07-25,3
P01008,2026-07-23,2026-07-25,3
P01011,2026-07-21,2026-07-25,3
P01019,2026-06-29,2026-07-25,2
P01059,2026-06-28,2026-07-25,1
P01091,2026-07-25,2026-07-25,4
P01139,2026-07-25,2026-07-25,3
P01176,2026-06-26,2026-07-25,1
P01192,2026-07-01,2026-07-25,1
P01198,2026-07-09,2026-07-25,2
P01210,2026-07-24,2026-07-25,3
P01222,2026-07-12,2026-07-25,3
P01224,2026-07-25,2026-07-25,5
P01227,2026-07-24,2026-07-25,1
P01231,2026-07-02,2026-07-25,1
P01240,2026-07-20,2026-07-25,1
P01252,2026-07-24,2026-07-25,4
P01262,2026-07-25,2026-07-25,4
P01273,2026-07-20,2026-07-25,1
P01279,2026-07-24,2026-07-25,1
P01298,2026-07-15,2026-07-25,3
P01317,2026-07-24,2026-07-25,1
P01341,2026-07-25,2026-07-25,1
P01360,2026-07-25,2026-07-25,2
P01367,2026-06-29,2026-07-25,1
P01369,2026-07-24,2026-07-25,4
P01400,2026-07-25,2026-07-25,3
P01429,2026-07-25,2026-07-25,4
P01455,2026-07-05,2026-07-25,2
P01468,2026-07-16,2026-07-25,2
P01478,2026-07-21,2026-07-25,3
P01485,2026-07-22,2026-07-25,3
P01505,2026-07-07,2026-07-25,2
P01527,2026-07-25,2026-07-25,4
P01530,2026-07-03,2026-07-25,2
P01533,2026-07-24,2026-07-25,2
P01572,2026-06-25,2026-07-25,4
P01576,2026-07-13,2026-07-25,3
P01581,2026-07-25,2026-07-25,5
P01582,2026-07-14,2026-07-25,4
P01597,2026-07-23,2026-07-25,2
P01610,2026-06-28,2026-07-25,1
P01637,2026-07-12,2026-07-25,4
P01652,2026-07-02,2026-07-25,4
P01677,2026-07-25,2026-07-25,1
P01679,2026-06-28,2026-07-25,1
P01704,2026-06-29,2026-07-25,4
P01706,2026-07-23,2026-07-25,1
P01742,2026-07-19,2026-07-25,2
P01754,2026-07-22,2026-07-25,1
P01762,2026-07-22,2026-07-25,1
P01772,2026-07-25,2026-07-25,5
P01783,2026-07-05,2026-07-25,3
P01796,2026-07-19,2026-07-25,3
P01850,2026-07-24,2026-07-25,4
P01855,2026-07-18,2026-07-25,3
P01873,2026-07-25,2026-07-25,4
P01892,2026-07-25,2026-07-25,3
P01902,2026-07-25,2026-07-25,1
P01930,2026-07-25,2026-07-25,5
P01972,2026-07-21,2026-07-25,3
P02001,2026-07-24,2026-07-25,1
P02015,2026-07-25,2026-07-25,3
P02033,2026-07-03,2026-07-25,2
P02036,2026-07-23,2026-07-25,4
P02055,2026-07-25,2026-07-25,4
P02061,2026-07-22,2026-07-25,1
P02069,2026-07-25,2026-07-25,3
P02076,2026-06-25,2026-07-25,3
P02082,2026-07-06,2026-07-25,3
P02086,2026-07-06,2026-07-25,4
P02094,2026-07-17,2026-07-25,4
P02105,2026-07-24,2026-07-25,4
P02125,2026-07-24,2026-07-25,3
P02129,2026-07-22,2026-07-25,4
P02162,2026-07-08,2026-07-25,4
P02184,2026-07-25,2026-07-25,2
P02205,2026-07-25,2026-07-25,5
P02284,2026-07-14,2026-07-25,2
P02294,2026-07-15,2026-07-25,2
P02301,2026-07-13,2026-07-25,1
P02335,2026-07-08,2026-07-25,2
P02345,2026-07-19,2026-07-25,3
P02366,2026-07-10,2026-07-25,1
P02390,2026-06-29,2026-07-25,2
P02417,2026-07-16,2026-07-25,2
P02432,2026-07-22,2026-07-25,4
P02466,2026-07-21,2026-07-25,1
P02468,2026-07-25,2026-07-25,4
P02472,2026-07-15,2026-07-25,1
P02476,2026-06-29,2026-07-25,3
P02508,2026-06-28,2026-07-25,1
P02523,2026-07-15,2026-07-25,1
P02548,2026-07-21,2026-07-25,1
P02549,2026-07-21,2026-07-25,4
P02557,2026-06-26,2026-07-25,3
P02571,2026-06-29,2026-07-25,4
P02579,2026-07-12,2026-07-25,3
P02591,2026-07-10,2026-07-25,4
P02612,2026-07-08,2026-07-25,3
P02615,2026-07-16,2026-07-25,2
P02617,2026-07-15,2026-07-25,2
P02622,2026-07-14,2026-07-25,3
P02625,2026-07-25,2026-07-25,3
P02632,2026-07-19,2026-07-25,4
P02646,2026-07-12,2026-07-25,1
P02651,2026-07-13,2026-07-25,3
P02675,2026-07-15,2026-07-25,2
P02686,2026-07-24,2026-07-25,2
P02713,2026-06-28,2026-07-25,4
P02739,2026-07-14,2026-07-25,2
P02740,2026-07-25,2026-07-25,2
P02751,2026-07-11,2026-07-25,4
P02781,2026-07-25,2026-07-25,3
P02782,2026-07-19,2026-07-25,2
P02784,2026-07-24,2026-07-25,2
P02801,2026-07-01,2026-07-25,4
P02814,2026-07-25,2026-07-25,3
P02816,2026-07-23,2026-07-25,1
P02822,2026-07-24,2026-07-25,4
P02837,2026-07-10,2026-07-25,3
P02845,2026-07-24,2026-07-25,2
P02862,2026-07-25,2026-07-25,3
P02863,2026-07-13,2026-07-25,4
P02871,2026-07-22,2026-07-25,4
P02873,2026-07-22,2026-07-25,2
P02898,2026-07-25,2026-07-25,3
P02920,2026-07-23,2026-07-25,2
P02930,2026-07-21,2026-07-25,3
P02934,2026-07-13,2026-07-25,3
P02973,2026-07-25,2026-07-25,1
P03001,2026-07-18,2026-07-25,1
P03012,2026-07-25,2026-07-25,1
P03015,2026-07-24,2026-07-25,4
P03020,2026-07-24,2026-07-25,2
P03063,2026-07-22,2026-07-25,1
P03084,2026-07-24,2026-07-25,2
P03089,2026-07-06,2026-07-25,1
P03090,2026-07-11,2026-07-25,4
P03109,2026-07-21,2026-07-25,2
P03119,2026-07-21,2026-07-25,3
P03123,2026-07-25,2026-07-25,5
P03216,2026-07-25,2026-07-25,4
P03230,2026-07-25,2026-07-25,2
P03251,2026-07-20,2026-07-25,2
P03261,2026-07-16,2026-07-25,1
P03269,2026-07-17,2026-07-25,4
P03290,2026-07-05,2026-07-25,1
P03304,2026-07-16,2026-07-25,3
P03315,2026-07-22,2026-07-25,1
P03344,2026-07-25,2026-07-25,4
P03354,2026-06-26,2026-07-25,1
P03360,2026-07-25,2026-07-25,4
P03371,2026-07-24,2026-07-25,3
P03376,2026-07-10,2026-07-25,1
P03378,2026-07-25,2026-07-25,1
P03399,2026-07-25,2026-07-25,1
P03403,2026-07-18,2026-07-25,3
P03435,2026-07-25,2026-07-25,2
P03463,2026-07-15,2026-07-25,2
P03467,2026-07-21,2026-07-25,1
P03482,2026-07-22,2026-07-25,3
P03486,2026-07-25,2026-07-25,4
P03500,2026-07-11,2026-07-25,1
P03521,2026-07-19,2026-07-25,4
P03525,2026-07-25,2026-07-25,2
P03552,2026-07-16,2026-07-25,3
P03576,2026-07-16,2026-07-25,1
P03580,2026-07-05,2026-07-25,2
P03588,2026-07-19,2026-07-25,1
P03611,2026-07-24,2026-07-25,4
P03624,2026-07-15,2026-07-25,4
P03627,2026-07-25,2026-07-25,3
P03632,2026-07-25,2026-07-25,5
P03671,2026-07-23,2026-07-25,4
P03672,2026-07-23,2026-07-25,1
P03682,2026-07-25,2026-07-25,1
P03687,2026-07-22,2026-07-25,4
P03707,2026-07-25,2026-07-25,3
P03712,2026-07-10,2026-07-25,2
P03762,2026-07-22,2026-07-25,2
P03771,2026-07-25,2026-07-25,2
P03777,2026-07-25,2026-07-25,4
P03778,2026-07-20,2026-07-25,1
P03785,2026-07-22,2026-07-25,2
P03790,2026-07-24,2026-07-25,1
P03799,2026-07-24,2026-07-25,2
P03882,2026-07-21,2026-07-25,3
P03883,2026-07-25,2026-07-25,5
P03887,2026-07-24,2026-07-25,3
P03893,2026-07-17,2026-07-25,3
P03899,2026-07-24,2026-07-25,4
P03919,2026-07-14,2026-07-25,4
P03929,2026-07-25,2026-07-25,1
P03936,2026-07-10,2026-07-25,3
P03947,2026-07-17,2026-07-25,1
P03967,2026-07-19,2026-07-25,4
P03973,2026-07-12,2026-07-25,4
P04013,2026-07-15,2026-07-25,3
P04034,2026-07-24,2026-07-25,4
P04057,2026-07-15,2026-07-25,1
P04086,2026-07-25,2026-07-25,1
P04094,2026-07-17,2026-07-25,4
P04099,2026-07-24,2026-07-25,3
P04110,2026-07-01,2026-07-25,4
P04111,2026-07-13,2026-07-25,4
P04112,2026-07-06,2026-07-25,1
P04125,2026-07-22,2026-07-25,1
P04136,2026-07-15,2026-07-25,1
P04146,2026-07-20,2026-07-25,2
P04161,2026-07-14,2026-07-25,4
P04170,2026-07-25,2026-07-25,2
P04204,2026-07-24,2026-07-25,2
P04215,2026-07-18,2026-07-25,1
P04227,2026-07-22,2026-07-25,3
P04242,2026-07-03,2026-07-25,3
P04250,2026-07-15,2026-07-25,3
P04268,2026-07-23,2026-07-25,4
P04291,2026-07-25,2026-07-25,2
P04300,2026-06-26,2026-07-25,3
P04330,2026-07-12,2026-07-25,3
P04333,2026-07-20,2026-07-25,2
P04347,2026-06-25,2026-07-25,3
P04380,2026-06-25,2026-07-25,4
P04388,2026-07-25,2026-07-25,1
P04397,2026-07-25,2026-07-25,4
P04413,2026-07-25,2026-07-25,5
P04419,2026-07-11,2026-07-25,2
P04420,2026-07-12,2026-07-25,4
P04425,2026-07-25,2026-07-25,3
P04429,2026-07-11,2026-07-25,1
P04430,2026-07-05,2026-07-25,4
P04434,2026-07-04,2026-07-25,1
P04472,2026-07-07,2026-07-25,1
P04476,2026-07-24,2026-07-25,2
P04481,2026-07-09,2026-07-25,2
P04525,2026-07-14,2026-07-25,4
P04541,2026-07-22,2026-07-25,4
P04545,2026-06-29,2026-07-25,3
P04549,2026-07-25,2026-07-25,1
P04561,2026-07-25,2026-07-25,5
P04568,2026-07-24,2026-07-25,1
P04596,2026-07-12,2026-07-25,3
P04600,2026-07-11,2026-07-25,4
P04632,2026-07-21,2026-07-25,1
P04641,2026-07-19,2026-07-25,4
P04642,2026-07-02,2026-07-25,1
P04648,2026-07-24,2026-07-25,1
P04661,2026-07-22,2026-07-25,3
P04669,2026-07-25,2026-07-25,5
P04676,2026-07-07,2026-07-25,3
P04715,2026-07-05,2026-07-25,3
P04716,2026-07-25,2026-07-25,4
P04717,2026-07-04,2026-07-25,3
P04728,2026-07-14,2026-07-25,2
P04730,2026-07-25,2026-07-25,3
P04741,2026-07-25,2026-07-25,2
P04745,2026-07-25,2026-07-25,3
P04752,2026-07-17,2026-07-25,1
P04790,2026-07-25,2026-07-25,4
P04791,2026-07-18,2026-07-25,4
P04808,2026-07-25,2026-07-25,1
P04817,2026-07-05,2026-07-25,1
P04861,2026-07-21,2026-07-25,4
P04875,2026-07-25,2026-07-25,2
P04907,2026-06-30,2026-07-25,4
P04928,2026-07-24,2026-07-25,1
P04954,2026-07-25,2026-07-25,4
P04976,2026-06-27,2026-07-25,1
P04998,2026-07-25,2026-07-25,2
P05002,2026-07-22,2026-07-25,1
P05044,2026-07-25,2026-07-25,2
P05078,2026-07-20,2026-07-25,3
P05080,2026-07-20,2026-07-25,2
P05086,2026-07-17,2026-07-25,3
P05109,2026-07-07,2026-07-25,2
P05112,2026-07-19,2026-07-25,1
P05129,2026-07-18,2026-07-25,2
P05133,2026-07-11,2026-07-25,4
P05141,2026-06-30,2026-07-25,1
P05143,2026-07-25,2026-07-25,3
P05155,2026-07-24,2026-07-25,1
P05156,2026-07-25,2026-07-25,1
P05163,2026-07-25,2026-07-25,5
P05184,2026-07-25,2026-07-25,1
P05275,2026-07-11,2026-07-25,3
P05294,2026-07-20,2026-07-25,2
P05306,2026-06-25,2026-07-25,4
P05389,2026-07-21,2026-07-25,3
P05394,2026-07-14,2026-07-25,2
P05407,2026-07-14,2026-07-25,1
P05428,2026-07-20,2026-07-25,1
P05451,2026-07-25,2026-07-25,4
P05453,2026-07-18,2026-07-25,3
P05465,2026-07-25,2026-07-25,1
P05468,2026-07-21,2026-07-25,4
P05476,2026-07-04,2026-07-25,4
P05484,2026-06-28,2026-07-25,2
P05492,2026-07-14,2026-07-25,1
P05508,2026-07-20,2026-07-25,4
P05511,2026-07-08,2026-07-25,3
P05513,2026-07-24,2026-07-25,3
P05526,2026-06-28,2026-07-25,2
P05554,2026-07-23,2026-07-25,2
P05558,2026-07-13,2026-07-25,3
P05593,2026-07-24,2026-07-25,3
P05601,2026-06-30,2026-07-25,3
P05613,2026-07-23,2026-07-25,1
P05642,2026-07-17,2026-07-25,3
P05679,2026-07-18,2026-07-25,3
P05694,2026-07-25,2026-07-25,2
P05730,2026-07-21,2026-07-25,1
P05746,2026-07-15,2026-07-25,3
P05767,2026-07-18,2026-07-25,4
P05774,2026-07-21,2026-07-25,4
P05810,2026-06-25,2026-07-25,4
P05823,2026-07-12,2026-07-25,3
P05866,2026-07-25,2026-07-25,1
P05916,2026-07-22,2026-07-25,3
P05917,2026-07-23,2026-07-25,2
P05927,2026-07-06,2026-07-25,2
P05949,2026-07-11,2026-07-25,3
P05962,2026-07-16,2026-07-25,3
P05977,2026-07-24,2026-07-25,2
P06035,2026-07-22,2026-07-25,2
P06041,2026-07-25,2026-07-25,2
P06061,2026-07-25,2026-07-25,3
P06062,2026-06-30,2026-07-25,1
P06066,2026-07-21,2026-07-25,2
P06069,2026-07-25,2026-07-25,2
P06112,2026-07-25,2026-07-25,4
P06116,2026-07-19,2026-07-25,3
P06121,2026-07-19,2026-07-25,4
P06127,2026-07-24,2026-07-25,3
P06131,2026-07-04,2026-07-25,1
P06147,2026-06-28,2026-07-25,3
P06156,2026-07-12,2026-07-25,2
P06172,2026-07-22,2026-07-25,4
P06176,2026-06-30,2026-07-25,4
P06186,2026-07-19,2026-07-25,1
P06246,2026-07-11,2026-07-25,4
P06247,2026-07-25,2026-07-25,1
P06275,2026-07-25,2026-07-25,3
P06285,2026-07-16,2026-07-25,1
P06324,2026-07-25,2026-07-25,5
P06342,2026-07-14,2026-07-25,2
P06347,2026-06-30,2026-07-25,3
P06350,2026-07-18,2026-07-25,3
P06351,2026-06-30,2026-07-25,2
P06357,2026-07-23,2026-07-25,3
P06362,2026-07-21,2026-07-25,2
P06380,2026-07-23,2026-07-25,3
P06389,2026-06-29,2026-07-25,1
P06413,2026-06-30,2026-07-25,3
P06415,2026-06-26,2026-07-25,2
P06453,2026-07-09,2026-07-25,3
P06472,2026-07-21,2026-07-25,1
P06475,2026-07-23,2026-07-25,3
P06499,2026-07-02,2026-07-25,1
P06512,2026-07-03,2026-07-25,4
P06519,2026-07-17,2026-07-25,4
P06539,2026-07-25,2026-07-25,4
P06540,2026-07-22,2026-07-25,3
P06565,2026-06-25,2026-07-25,3
P06580,2026-06-26,2026-07-25,4
P06588,2026-07-25,2026-07-25,1
P06617,2026-06-27,2026-07-25,2
P06626,2026-07-19,2026-07-25,4
P06635,2026-07-23,2026-07-25,4
P06637,2026-07-20,2026-07-25,3
P06639,2026-07-12,2026-07-25,2
P06654,2026-07-02,2026-07-25,2
P06661,2026-06-26,2026-07-25,2
P06677,2026-06-26,2026-07-25,1
P06716,2026-07-24,2026-07-25,2
P06718,2026-07-12,2026-07-25,2
P06754,2026-07-25,2026-07-25,3
P06761,2026-07-11,2026-07-25,4
P06779,2026-07-19,2026-07-25,4
P06780,2026-07-16,2026-07-25,3
P06795,2026-07-22,2026-07-25,2
P06836,2026-07-18,2026-07-25,2
P06853,2026-07-01,2026-07-25,2
P06859,2026-07-17,2026-07-25,4
P06869,2026-07-04,2026-07-25,1
P06870,2026-06-25,2026-07-25,2
P06897,2026-07-01,2026-07-25,4
P06930,2026-07-17,2026-07-25,1
P06952,2026-07-02,2026-07-25,4
P06995,2026-07-01,2026-07-25,4
P06998,2026-07-20,2026-07-25,4
P07044,2026-07-17,2026-07-25,4
P07057,2026-07-18,2026-07-25,2
P07069,2026-07-24,2026-07-25,4
P07074,2026-07-14,2026-07-25,4
P07077,2026-07-25,2026-07-25,4
P07085,2026-06-27,2026-07-25,1
P07105,2026-07-25,2026-07-25,3
P07164,2026-07-23,2026-07-25,1
P07167,2026-07-23,2026-07-25,4
P07210,2026-07-10,2026-07-25,2
P07225,2026-07-25,2026-07-25,2
P07256,2026-07-19,2026-07-25,2
P07262,2026-07-14,2026-07-25,4
P07277,2026-07-19,2026-07-25,3
P07299,2026-07-24,2026-07-25,1
P07321,2026-07-25,2026-07-25,3
P07346,2026-06-28,2026-07-25,2
P07395,2026-07-06,2026-07-25,3
P07399,2026-06-28,2026-07-25,3
P07431,2026-07-20,2026-07-25,2
P07433,2026-07-18,2026-07-25,1
P07449,2026-07-25,2026-07-25,5
P07453,2026-07-06,2026-07-25,4
P07458,2026-07-12,2026-07-25,1
P07460,2026-07-25,2026-07-25,4
P07467,2026-07-04,2026-07-25,4
P07494,2026-07-25,2026-07-25,3
P07495,2026-07-06,2026-07-25,3
P07500,2026-07-08,2026-07-25,2
P07568,2026-07-25,2026-07-25,3
P07575,2026-07-17,2026-07-25,1
P07581,2026-07-23,2026-07-25,1
P07583,2026-07-13,2026-07-25,3
P07591,2026-06-25,2026-07-25,2
P07617,2026-07-14,2026-07-25,2
P07654,2026-07-02,2026-07-25,2
P07658,2026-07-12,2026-07-25,2
P07665,2026-06-26,2026-07-25,3
P07680,2026-07-04,2026-07-25,1
P07688,2026-07-25,2026-07-25,1
P07692,2026-07-20,2026-07-25,1
P07698,2026-07-19,2026-07-25,3
P07699,2026-07-02,2026-07-25,3
P07704,2026-07-18,2026-07-25,4
P07730,2026-07-25,2026-07-25,2
P07777,2026-07-07,2026-07-25,4
P07781,2026-07-24,2026-07-25,4
P07798,2026-07-09,2026-07-25,4
P07828,2026-07-24,2026-07-25,3
P07840,2026-06-29,2026-07-25,2
P07843,2026-07-17,2026-07-25,2
P07846,2026-07-25,2026-07-25,2
P07853,2026-07-19,2026-07-25,2
P07885,2026-07-25,2026-07-25,5
P07886,2026-07-03,2026-07-25,3
P07898,2026-07-25,2026-07-25,4
P07901,2026-07-04,2026-07-25,3
P07914,2026-07-25,2026-07-25,5
P07916,2026-07-25,2026-07-25,3
P07919,2026-07-23,2026-07-25,3
P07931,2026-07-08,2026-07-25,2
P07932,2026-07-19,2026-07-25,4
P07934,2026-07-25,2026-07-25,2
P07964,2026-07-14,2026-07-25,4
P07972,2026-07-25,2026-07-25,3
P07977,2026-07-02,2026-07-25,4
P07997,2026-07-13,2026-07-25,4
P00002,2026-07-26,2026-07-26,1
P00014,2026-07-25,2026-07-26,4
P00032,2026-07-18,2026-07-26,4
P00076,2026-07-26,2026-07-26,2
P00082,2026-07-23,2026-07-26,3
P00110,2026-07-21,2026-07-26,3
P00123,2026-07-07,2026-07-26,1
P00142,2026-07-25,2026-07-26,1
P00161,2026-07-25,2026-07-26,2
P00175,2026-07-01,2026-07-26,1
P00194,2026-07-26,2026-07-26,1
P00196,2026-07-12,2026-07-26,3
P00207,2026-07-26,2026-07-26,5
P00228,2026-07-23,2026-07-26,2
P00229,2026-07-23,2026-07-26,1
P00255,2026-07-26,2026-07-26,3
P00256,2026-07-08,2026-07-26,4
P00259,2026-07-01,2026-07-26,4
P00310,2026-07-23,2026-07-26,1
P00323,2026-07-19,2026-07-26,4
P00327,2026-06-28,2026-07-26,3
P00371,2026-07-10,2026-07-26,1
P00375,2026-07-19,2026-07-26,4
P00384,2026-07-12,2026-07-26,2
P00386,2026-07-23,2026-07-26,4
P00394,2026-07-11,2026-07-26,3
P00422,2026-07-19,2026-07-26,4
P00431,2026-07-04,2026-07-26,3
P00433,2026-06-26,2026-07-26,1
P00442,2026-06-28,2026-07-26,4
P00443,2026-07-25,2026-07-26,4
P00489,2026-07-02,2026-07-26,1
P00498,2026-06-30,2026-07-26,3
P00502,2026-07-16,2026-07-26,1
P00504,2026-07-14,2026-07-26,4
P00519,2026-07-20,2026-07-26,1
P00555,2026-06-30,2026-07-26,1
P00585,2026-07-26,2026-07-26,1
P00595,2026-07-22,2026-07-26,1
P00626,2026-07-26,2026-07-26,5
P00677,2026-07-04,2026-07-26,3
P00685,2026-07-06,2026-07-26,2
P00689,2026-07-14,2026-07-26,2
P00744,2026-07-26,2026-07-26,4
P00760,2026-07-25,2026-07-26,3
P00775,2026-07-25,2026-07-26,4
P00778,2026-07-24,2026-07-26,1
P00790,2026-07-26,2026-07-26,1
P00791,2026-07-03,2026-07-26,1
P00797,2026-07-03,2026-07-26,3
P00807,2026-07-19,2026-07-26,4
P00809,2026-07-26,2026-07-26,2
P00839,2026-07-10,2026-07-26,2
P00876,2026-07-21,2026-07-26,2
P00904,2026-07-14,2026-07-26,4
P00917,2026-07-22,2026-07-26,3
P00922,2026-07-26,2026-07-26,5
P00928,2026-07-18,2026-07-26,2
P00951,2026-07-26,2026-07-26,2
P00974,2026-07-14,2026-07-26,1
P01002,2026-07-04,2026-07-26,3
P01007,2026-07-14,2026-07-26,2
P01032,2026-06-28,2026-07-26,1
P01041,2026-07-23,2026-07-26,3
P01059,2026-06-28,2026-07-26,4
P01062,2026-07-09,2026-07-26,4
P01065,2026-07-19,2026-07-26,4
P01118,2026-07-06,2026-07-26,3
P01124,2026-06-26,2026-07-26,4
P01144,2026-07-26,2026-07-26,1
P01150,2026-07-26,2026-07-26,4
P01171,2026-07-17,2026-07-26,2
P01176,2026-06-26,2026-07-26,2
P01186,2026-07-21,2026-07-26,2
P01209,2026-07-14,2026-07-26,2
P01215,2026-07-06,2026-07-26,1
P01217,2026-07-26,2026-07-26,5
P01224,2026-07-25,2026-07-26,1
P01227,2026-07-24,2026-07-26,2
P01240,2026-07-20,2026-07-26,4
P01266,2026-07-26,2026-07-26,1
P01339,2026-07-26,2026-07-26,2
P01345,2026-07-10,2026-07-26,4
P01362,2026-06-26,2026-07-26,4
P01368,2026-07-20,2026-07-26,1
P01371,2026-06-28,2026-07-26,3
P01410,2026-07-22,2026-07-26,2
P01415,2026-07-26,2026-07-26,1
P01433,2026-07-20,2026-07-26,4
P01440,2026-07-19,2026-07-26,2
P01453,2026-07-02,2026-07-26,4
P01461,2026-07-26,2026-07-26,4
P01478,2026-07-21,2026-07-26,3
P01491,2026-07-26,2026-07-26,2
P01511,2026-07-24,2026-07-26,2
P01513,2026-07-19,2026-07-26,3
P01514,2026-07-21,2026-07-26,4
P01523,2026-07-16,2026-07-26,3
P01527,2026-07-25,2026-07-26,3
P01535,2026-07-17,2026-07-26,2
P01554,2026-07-17,2026-07-26,4
P01581,2026-07-25,2026-07-26,4
P01597,2026-07-23,2026-07-26,1
P01607,2026-07-06,2026-07-26,1
P01615,2026-07-19,2026-07-26,4
P01621,2026-07-15,2026-07-26,4
P01623,2026-07-21,2026-07-26,1
P01632,2026-06-27,2026-07-26,4
P01636,2026-07-18,2026-07-26,3
P01659,2026-07-12,2026-07-26,2
P01664,2026-07-26,2026-07-26,3
P01689,2026-07-09,2026-07-26,3
P01699,2026-07-26,2026-07-26,3
P01703,2026-07-14,2026-07-26,1
P01706,2026-07-23,2026-07-26,4
P01715,2026-07-26,2026-07-26,2
P01716,2026-06-26,2026-07-26,3
P01730,2026-07-08,2026-07-26,3
P01733,2026-07-26,2026-07-26,3
P01738,2026-07-26,2026-07-26,1
P01742,2026-07-19,2026-07-26,2
P01744,2026-07-26,2026-07-26,5
P01754,2026-07-22,2026-07-26,4
P01755,2026-07-16,2026-07-26,3
P01760,2026-06-29,2026-07-26,1
P01765,2026-07-26,2026-07-26,4
P01776,2026-07-07,2026-07-26,4
P01780,2026-07-26,2026-07-26,4
P01784,2026-07-12,2026-07-26,2
P01792,2026-07-21,2026-07-26,3
P01826,2026-07-26,2026-07-26,4
P01830,2026-07-22,2026-07-26,2
P01847,2026-07-01,2026-07-26,4
P01850,2026-07-24,2026-07-26,2
P01861,2026-07-26,2026-07-26,2
P01866,2026-07-26,2026-07-26,3
P01873,2026-07-25,2026-07-26,2
P01898,2026-07-15,2026-07-26,1
P01921,2026-07-24,2026-07-26,2
P01923,2026-07-26,2026-07-26,5
P01930,2026-07-25,2026-07-26,3
P01941,2026-07-26,2026-07-26,3
P01943,2026-07-02,2026-07-26,2
P01949,2026-07-08,2026-07-26,4
P01972,2026-07-21,2026-07-26,3
P01988,2026-07-26,2026-07-26,1
P01999,2026-07-19,2026-07-26,3
P02003,2026-07-19,2026-07-26,4
P02005,2026-07-26,2026-07-26,5
P02015,2026-07-25,2026-07-26,3
P02035,2026-07-13,2026-07-26,4
P02055,2026-07-25,2026-07-26,2
P02061,2026-07-22,2026-07-26,4
P02129,2026-07-22,2026-07-26,4
P02132,2026-07-20,2026-07-26,3
P02133,2026-07-19,2026-07-26,3
P02159,2026-07-01,2026-07-26,1
P02174,2026-07-26,2026-07-26,4
P02182,2026-07-26,2026-07-26,3
P02184,2026-07-25,2026-07-26,1
P02203,2026-07-13,2026-07-26,3
P02219,2026-07-26,2026-07-26,2
P02268,2026-07-26,2026-07-26,1
P02284,2026-07-14,2026-07-26,4
P02294,2026-07-15,2026-07-26,3
P02304,2026-07-24,2026-07-26,3
P02305,2026-07-15,2026-07-26,3
P02308,2026-07-07,2026-07-26,4
P02312,2026-07-26,2026-07-26,3
P02349,2026-07-18,2026-07-26,3
P02366,2026-07-10,2026-07-26,3
P02382,2026-07-13,2026-07-26,3
P02397,2026-07-19,2026-07-26,4
P02431,2026-07-13,2026-07-26,2
P02453,2026-07-23,2026-07-26,3
P02466,2026-07-21,2026-07-26,4
P02494,2026-06-28,2026-07-26,4
P02500,2026-07-26,2026-07-26,1
P02541,2026-07-26,2026-07-26,5
P02549,2026-07-21,2026-07-26,1
P02585,2026-07-26,2026-07-26,2
P02625,2026-07-25,2026-07-26,1
P02664,2026-07-22,2026-07-26,3
P02668,2026-07-14,2026-07-26,2
P02690,2026-07-23,2026-07-26,1
P02701,2026-07-08,2026-07-26,4
P02703,2026-07-26,2026-07-26,3
P02721,2026-06-27,2026-07-26,1
P02740,2026-07-25,2026-07-26,4
P02747,2026-07-26,2026-07-26,4
P02755,2026-07-17,2026-07-26,2
P02767,2026-07-18,2026-07-26,2
P02784,2026-07-24,2026-07-26,1
P02816,2026-07-23,2026-07-26,3
P02822,2026-07-24,2026-07-26,4
P02824,2026-07-19,2026-07-26,1
P02827,2026-07-22,2026-07-26,4
P02845,2026-07-24,2026-07-26,1
P02869,2026-07-26,2026-07-26,3
P02873,2026-07-22,2026-07-26,2
P02877,2026-07-26,2026-07-26,1
P02910,2026-07-09,2026-07-26,1
P02919,2026-06-27,2026-07-26,1
P02928,2026-07-19,2026-07-26,2
P02934,2026-07-13,2026-07-26,3
P02959,2026-07-06,2026-07-26,1
P02993,2026-06-29,2026-07-26,1
P03015,2026-07-24,2026-07-26,2
P03022,2026-07-23,2026-07-26,1
P03062,2026-07-02,2026-07-26,1
P03063,2026-07-22,2026-07-26,1
P03079,2026-07-08,2026-07-26,1
P03094,2026-07-26,2026-07-26,1
P03099,2026-07-26,2026-07-26,2
P03115,2026-07-23,2026-07-26,3
P03116,2026-07-26,2026-07-26,4
P03117,2026-06-26,2026-07-26,3
P03123,2026-07-25,2026-07-26,2
P03160,2026-06-27,2026-07-26,2
P03163,2026-07-26,2026-07-26,2
P03166,2026-07-12,2026-07-26,3
P03180,2026-07-23,2026-07-26,2
P03181,2026-07-26,2026-07-26,5
P03187,2026-07-11,2026-07-26,3
P03230,2026-07-25,2026-07-26,1
P03231,2026-06-27,2026-07-26,1
P03232,2026-07-26,2026-07-26,4
P03261,2026-07-16,2026-07-26,2
P03269,2026-07-17,2026-07-26,3
P03270,2026-07-26,2026-07-26,1
P03277,2026-07-05,2026-07-26,2
P03311,2026-07-26,2026-07-26,5
P03315,2026-07-22,2026-07-26,1
P03317,2026-07-23,2026-07-26,4
P03336,2026-07-15,2026-07-26,1
P03346,2026-07-23,2026-07-26,2
P03378,2026-07-25,2026-07-26,4
P03386,2026-07-23,2026-07-26,1
P03390,2026-07-09,2026-07-26,3
P03458,2026-07-20,2026-07-26,2
P03459,2026-07-26,2026-07-26,2
P03463,2026-07-15,2026-07-26,3
P03486,2026-07-25,2026-07-26,2
P03505,2026-07-20,2026-07-26,2
P03508,2026-07-07,2026-07-26,1
P03515,2026-07-20,2026-07-26,3
P03525,2026-07-25,2026-07-26,4
P03547,2026-07-18,2026-07-26,4
P03552,2026-07-16,2026-07-26,4
P03566,2026-07-15,2026-07-26,2
P03599,2026-07-13,2026-07-26,3
P03617,2026-07-12,2026-07-26,1
P03627,2026-07-25,2026-07-26,4
P03636,2026-07-26,2026-07-26,5
P03656,2026-07-24,2026-07-26,3
P03688,2026-06-27,2026-07-26,3
P03703,2026-07-19,2026-07-26,1
P03713,2026-07-26,2026-07-26,1
P03733,2026-07-26,2026-07-26,4
P03742,2026-07-08,2026-07-26,4
P03759,2026-07-22,2026-07-26,2
P03771,2026-07-25,2026-07-26,2
P03777,2026-07-25,2026-07-26,4
P03791,2026-07-02,2026-07-26,2
P03805,2026-07-18,2026-07-26,3
P03830,2026-07-26,2026-07-26,3
P03835,2026-07-06,2026-07-26,1
P03837,2026-07-26,2026-07-26,3
P03846,2026-07-08,2026-07-26,2
P03858,2026-07-20,2026-07-26,3
P03859,2026-07-26,2026-07-26,5
P03868,2026-07-07,2026-07-26,4
P03870,2026-07-24,2026-07-26,1
P03871,2026-07-15,2026-07-26,4
P03876,2026-07-21,2026-07-26,3
P03887,2026-07-24,2026-07-26,2
P03897,2026-07-06,2026-07-26,1
P03899,2026-07-24,2026-07-26,2
P03927,2026-07-26,2026-07-26,1
P03928,2026-07-03,2026-07-26,2
P03952,2026-07-23,2026-07-26,2
P03982,2026-07-26,2026-07-26,3
P03983,2026-07-26,2026-07-26,4
P03987,2026-07-14,2026-07-26,1
P03991,2026-07-05,2026-07-26,4
P03994,2026-07-26,2026-07-26,1
P03998,2026-06-27,2026-07-26,2
P04004,2026-07-26,2026-07-26,3
P04006,2026-07-26,2026-07-26,4
P04028,2026-07-09,2026-07-26,4
P04039,2026-07-12,2026-07-26,1
P04069,2026-07-07,2026-07-26,3
P04075,2026-07-16,2026-07-26,4
P04099,2026-07-24,2026-07-26,4
P04109,2026-07-21,2026-07-26,4
P04125,2026-07-22,2026-07-26,4
P04135,2026-07-06,2026-07-26,4
P04150,2026-07-26,2026-07-26,5
P04151,2026-07-04,2026-07-26,2
P04167,2026-07-08,2026-07-26,2
P04168,2026-06-30,2026-07-26,4
P04170,2026-07-25,2026-07-26,4
P04176,2026-07-26,2026-07-26,3
P04184,2026-07-24,2026-07-26,1
P04190,2026-07-01,2026-07-26,4
P04225,2026-07-01,2026-07-26,3
P04227,2026-07-22,2026-07-26,2
P04247,2026-07-18,2026-07-26,3
P04275,2026-07-26,2026-07-26,1
P04291,2026-07-25,2026-07-26,2
P04301,2026-07-17,2026-07-26,4
P04334,2026-06-30,2026-07-26,3
P04350,2026-07-16,2026-07-26,4
P04363,2026-07-09,2026-07-26,4
P04379,2026-07-22,2026-07-26,1
P04383,2026-07-21,2026-07-26,1
P04397,2026-07-25,2026-07-26,4
P04400,2026-07-26,2026-07-26,3
P04434,2026-07-04,2026-07-26,2
P04455,2026-07-15,2026-07-26,2
P04459,2026-07-24,2026-07-26,3
P04460,2026-07-26,2026-07-26,5
P04465,2026-07-21,2026-07-26,4
P04469,2026-07-09,2026-07-26,2
P04476,2026-07-24,2026-07-26,1
P04478,2026-07-06,2026-07-26,1
P04494,2026-07-26,2026-07-26,3
P04516,2026-07-26,2026-07-26,4
P04545,2026-06-29,2026-07-26,1
P04550,2026-07-26,2026-07-26,2
P04571,2026-07-26,2026-07-26,5
P04573,2026-07-03,2026-07-26,2
P04576,2026-07-26,2026-07-26,1
P04584,2026-07-26,2026-07-26,4
P04607,2026-07-15,2026-07-26,3
P04611,2026-07-26,2026-07-26,5
P04614,2026-07-26,2026-07-26,2
P04626,2026-07-26,2026-07-26,3
P04637,2026-07-26,2026-07-26,5
P04641,2026-07-19,2026-07-26,2
P04644,2026-07-14,2026-07-26,4
P04645,2026-07-26,2026-07-26,5
P04661,2026-07-22,2026-07-26,2
P04680,2026-07-26,2026-07-26,2
P04690,2026-07-05,2026-07-26,1
P04691,2026-07-26,2026-07-26,1
P04704,2026-07-17,2026-07-26,3
P04723,2026-07-16,2026-07-26,3
P04745,2026-07-25,2026-07-26,1
P04762,2026-07-26,2026-07-26,1
P04778,2026-07-19,2026-07-26,4
P04791,2026-07-18,2026-07-26,1
P04795,2026-07-26,2026-07-26,5
P04815,2026-07-26,2026-07-26,2
P04820,2026-07-08,2026-07-26,1
P04830,2026-07-26,2026-07-26,1
P04860,2026-07-17,2026-07-26,3
P04865,2026-07-13,2026-07-26,4
P04876,2026-07-05,2026-07-26,2
P04900,2026-06-26,2026-07-26,1
P04933,2026-07-26,2026-07-26,3
P04953,2026-07-04,2026-07-26,2
P04955,2026-07-13,2026-07-26,4
P04960,2026-07-19,2026-07-26,1
P04977,2026-06-26,2026-07-26,4
P04998,2026-07-25,2026-07-26,1
P05011,2026-06-30,2026-07-26,1
P05026,2026-07-26,2026-07-26,5
P05043,2026-07-23,2026-07-26,3
P05044,2026-07-25,2026-07-26,1
P05048,2026-07-26,2026-07-26,2
P05050,2026-07-12,2026-07-26,4
P05053,2026-07-11,2026-07-26,2
P05115,2026-07-26,2026-07-26,2
P05121,2026-07-02,2026-07-26,4
P05155,2026-07-24,2026-07-26,2
P05160,2026-07-23,2026-07-26,2
P05163,2026-07-25,2026-07-26,3
P05184,2026-07-25,2026-07-26,4
P05205,2026-07-26,2026-07-26,2
P05245,2026-07-23,2026-07-26,4
P05294,2026-07-20,2026-07-26,2
P05312,2026-07-23,2026-07-26,4
P05316,2026-07-20,2026-07-26,3
P05322,2026-07-24,2026-07-26,4
P05355,2026-07-20,2026-07-26,1
P05366,2026-07-26,2026-07-26,3
P05383,2026-07-23,2026-07-26,4
P05392,2026-07-12,2026-07-26,2
P05394,2026-07-14,2026-07-26,3
P05405,2026-07-20,2026-07-26,4
P05408,2026-07-26,2026-07-26,3
P05417,2026-07-26,2026-07-26,4
P05421,2026-07-05,2026-07-26,2
P05429,2026-07-24,2026-07-26,3
P05451,2026-07-25,2026-07-26,4
P05493,2026-07-26,2026-07-26,1
P05507,2026-07-05,2026-07-26,1
P05513,2026-07-24,2026-07-26,1
P05550,2026-07-23,2026-07-26,2
P05557,2026-07-06,2026-07-26,2
P05562,2026-07-11,2026-07-26,1
P05576,2026-07-23,2026-07-26,4
P05584,2026-07-26,2026-07-26,1
P05593,2026-07-24,2026-07-26,4
P05601,2026-06-30,2026-07-26,4
P05604,2026-07-12,2026-07-26,2
P05615,2026-07-12,2026-07-26,1
P05619,2026-07-09,2026-07-26,2
P05694,2026-07-25,2026-07-26,4
P05701,2026-07-19,2026-07-26,1
P05708,2026-07-17,2026-07-26,1
P05719,2026-07-23,2026-07-26,3
P05736,2026-07-26,2026-07-26,1
P05759,2026-07-26,2026-07-26,5
P05767,2026-07-18,2026-07-26,1
P05813,2026-07-14,2026-07-26,1
P05830,2026-07-23,2026-07-26,1
P05835,2026-07-13,2026-07-26,3
P05851,2026-07-26,2026-07-26,5
P05870,2026-07-09,2026-07-26,4
P05882,2026-07-26,2026-07-26,3
P05889,2026-07-08,2026-07-26,3
P05914,2026-07-07,2026-07-26,4
P05917,2026-07-23,2026-07-26,4
P05936,2026-07-26,2026-07-26,4
P05940,2026-07-02,2026-07-26,1
P05945,2026-07-26,2026-07-26,2
P05963,2026-07-18,2026-07-26,1
P05971,2026-07-26,2026-07-26,5
P05974,2026-07-26,2026-07-26,3
P05978,2026-07-26,2026-07-26,1
P05983,2026-07-13,2026-07-26,1
P05984,2026-07-21,2026-07-26,2
P06007,2026-07-21,2026-07-26,1
P06018,2026-07-26,2026-07-26,2
P06022,2026-07-14,2026-07-26,2
P06025,2026-07-02,2026-07-26,4
P06041,2026-07-25,2026-07-26,1
P06042,2026-07-26,2026-07-26,5
P06048,2026-07-26,2026-07-26,2
P06061,2026-07-25,2026-07-26,4
P06112,2026-07-25,2026-07-26,3
P06122,2026-07-26,2026-07-26,3
P06127,2026-07-24,2026-07-26,2
P06131,2026-07-04,2026-07-26,3
P06133,2026-07-02,2026-07-26,2
P06141,2026-06-30,2026-07-26,2
P06159,2026-07-26,2026-07-26,1
P06165,2026-07-26,2026-07-26,1
P06192,2026-07-17,2026-07-26,4
P06193,2026-07-26,2026-07-26,3
P06209,2026-06-28,2026-07-26,1
P06225,2026-07-26,2026-07-26,2
P06256,2026-07-26,2026-07-26,1
P06263,2026-07-12,2026-07-26,1
P06269,2026-07-26,2026-07-26,2
P06353,2026-07-26,2026-07-26,3
P06356,2026-07-26,2026-07-26,1
P06400,2026-07-11,2026-07-26,4
P06407,2026-07-26,2026-07-26,4
P06412,2026-06-27,2026-07-26,3
P06415,2026-06-26,2026-07-26,3
P06442,2026-07-26,2026-07-26,5
P06482,2026-06-30,2026-07-26,4
P06486,2026-07-26,2026-07-26,2
P06492,2026-07-13,2026-07-26,1
P06502,2026-07-22,2026-07-26,3
P06511,2026-07-26,2026-07-26,1
P06520,2026-07-26,2026-07-26,5
P06533,2026-07-26,2026-07-26,4
P06539,2026-07-25,2026-07-26,1
P06563,2026-07-13,2026-07-26,4
P06583,2026-07-26,2026-07-26,5
P06588,2026-07-25,2026-07-26,1
P06603,2026-07-03,2026-07-26,2
P06611,2026-07-26,2026-07-26,3
P06618,2026-07-21,2026-07-26,3
P06638,2026-07-26,2026-07-26,4
P06658,2026-07-23,2026-07-26,2
P06663,2026-07-15,2026-07-26,4
P06677,2026-06-26,2026-07-26,4
P06681,2026-07-26,2026-07-26,1
P06722,2026-07-09,2026-07-26,3
P06737,2026-07-13,2026-07-26,2
P06754,2026-07-25,2026-07-26,4
P06757,2026-07-26,2026-07-26,4
P06758,2026-07-06,2026-07-26,2
P06763,2026-07-19,2026-07-26,2
P06772,2026-07-18,2026-07-26,3
P06800,2026-07-26,2026-07-26,2
P06824,2026-07-26,2026-07-26,5
P06825,2026-07-26,2026-07-26,2
P06836,2026-07-18,2026-07-26,2
P06844,2026-06-29,2026-07-26,2
P06863,2026-07-06,2026-07-26,1
P06879,2026-06-27,2026-07-26,1
P06926,2026-07-26,2026-07-26,5
P06934,2026-07-24,2026-07-26,1
P06963,2026-07-18,2026-07-26,1
P06964,2026-07-21,2026-07-26,1
P06965,2026-07-20,2026-07-26,2
P06975,2026-07-26,2026-07-26,1
P06982,2026-07-05,2026-07-26,2
P07010,2026-07-16,2026-07-26,3
P07012,2026-06-30,2026-07-26,3
P07015,2026-07-05,2026-07-26,2
P07033,2026-07-26,2026-07-26,5
P07054,2026-07-26,2026-07-26,2
P07057,2026-07-18,2026-07-26,1
P07070,2026-07-08,2026-07-26,2
P07075,2026-07-03,2026-07-26,1
P07088,2026-07-26,2026-07-26,2
P07127,2026-07-16,2026-07-26,4
P07135,2026-07-19,2026-07-26,3
P07144,2026-07-03,2026-07-26,2
P07165,2026-07-26,2026-07-26,3
P07225,2026-07-25,2026-07-26,4
P07231,2026-07-26,2026-07-26,1
P07256,2026-07-19,2026-07-26,1
P07261,2026-07-06,2026-07-26,2
P07277,2026-07-19,2026-07-26,4
P07314,2026-07-22,2026-07-26,3
P07319,2026-07-26,2026-07-26,3
P07323,2026-07-13,2026-07-26,2
P07426,2026-07-12,2026-07-26,1
P07432,2026-07-26,2026-07-26,1
P07437,2026-06-26,2026-07-26,1
P07451,2026-07-20,2026-07-26,3
P07460,2026-07-25,2026-07-26,1
P07503,2026-07-20,2026-07-26,3
P07509,2026-07-26,2026-07-26,4
P07534,2026-07-06,2026-07-26,4
P07540,2026-07-24,2026-07-26,3
P07555,2026-07-22,2026-07-26,2
P07565,2026-07-24,2026-07-26,2
P07568,2026-07-25,2026-07-26,3
P07581,2026-07-23,2026-07-26,3
P07583,2026-07-13,2026-07-26,2
P07612,2026-07-26,2026-07-26,3
P07617,2026-07-14,2026-07-26,3
P07618,2026-07-11,2026-07-26,1
P07626,2026-07-17,2026-07-26,3
P07627,2026-07-23,2026-07-26,4
P07639,2026-07-26,2026-07-26,2
P07642,2026-07-26,2026-07-26,2
P07658,2026-07-12,2026-07-26,2
P07671,2026-07-18,2026-07-26,2
P07685,2026-07-26,2026-07-26,4
P07718,2026-07-20,2026-07-26,1
P07756,2026-07-24,2026-07-26,2
P07762,2026-06-27,2026-07-26,2
P07767,2026-07-08,2026-07-26,3
P07781,2026-07-24,2026-07-26,2
P07793,2026-06-28,2026-07-26,4
P07811,2026-07-26,2026-07-26,1
P07843,2026-07-17,2026-07-26,1
P07867,2026-07-23,2026-07-26,2
P07878,2026-07-23,2026-07-26,2
P07916,2026-07-25,2026-07-26,4
P07944,2026-07-19,2026-07-26,3
P07959,2026-07-17,2026-07-26,3
P07960,2026-07-26,2026-07-26,1
P07987,2026-07-26,2026-07-26,1
P00008,2026-07-05,2026-07-27,3
P00009,2026-07-19,2026-07-27,1
P00032,2026-07-18,2026-07-27,3
P00046,2026-07-27,2026-07-27,1
P00047,2026-07-13,2026-07-27,3
P00076,2026-07-26,2026-07-27,1
P00077,2026-07-27,2026-07-27,3
P00081,2026-07-27,2026-07-27,5
P00098,2026-07-27,2026-07-27,3
P00110,2026-07-21,2026-07-27,1
P00142,2026-07-25,2026-07-27,1
P00147,2026-07-16,2026-07-27,4
P00149,2026-07-20,2026-07-27,1
P00150,2026-07-24,2026-07-27,3
P00180,2026-07-27,2026-07-27,4
P00191,2026-07-13,2026-07-27,2
P00206,2026-07-21,2026-07-27,4
P00207,2026-07-26,2026-07-27,2
P00236,2026-07-13,2026-07-27,1
P00255,2026-07-26,2026-07-27,1
P00272,2026-07-16,2026-07-27,2
P00274,2026-07-21,2026-07-27,2
P00294,2026-07-21,2026-07-27,3
P00364,2026-07-20,2026-07-27,4
P00369,2026-07-19,2026-07-27,3
P00385,2026-07-21,2026-07-27,1
P00401,2026-07-05,2026-07-27,1
P00458,2026-07-27,2026-07-27,2
P00461,2026-07-13,2026-07-27,2
P00516,2026-07-27,2026-07-27,2
P00525,2026-07-21,2026-07-27,2
P00530,2026-07-01,2026-07-27,2
P00568,2026-07-11,2026-07-27,4
P00578,2026-07-23,2026-07-27,2
P00607,2026-07-21,2026-07-27,3
P00627,2026-07-06,2026-07-27,1
P00630,2026-06-28,2026-07-27,1
P00635,2026-07-09,2026-07-27,3
P00646,2026-07-07,2026-07-27,4
P00650,2026-07-20,2026-07-27,2
P00662,2026-07-19,2026-07-27,1
P00682,2026-07-22,2026-07-27,1
P00703,2026-07-25,2026-07-27,1
P00750,2026-07-15,2026-07-27,4
P00758,2026-07-02,2026-07-27,4
P00801,2026-07-16,2026-07-27,4
P00803,2026-07-27,2026-07-27,4
P00818,2026-07-09,2026-07-27,4
P00822,2026-07-14,2026-07-27,2
P00830,2026-07-27,2026-07-27,2
P00831,2026-07-18,2026-07-27,2
P00849,2026-07-21,2026-07-27,1
P00866,2026-06-30,2026-07-27,1
P00876,2026-07-21,2026-07-27,4
P00888,2026-07-03,2026-07-27,2
P00901,2026-07-25,2026-07-27,3
P00920,2026-07-09,2026-07-27,3
P00928,2026-07-18,2026-07-27,2
P00930,2026-07-19,2026-07-27,2
P01007,2026-07-14,2026-07-27,2
P01010,2026-07-13,2026-07-27,4
P01075,2026-07-23,2026-07-27,2
P01086,2026-07-27,2026-07-27,3
P01100,2026-07-11,2026-07-27,2
P01118,2026-07-06,2026-07-27,1
P01144,2026-07-26,2026-07-27,1
P01200,2026-06-27,2026-07-27,4
P01205,2026-07-12,2026-07-27,4
P01212,2026-07-09,2026-07-27,3
P01230,2026-07-23,2026-07-27,2
P01237,2026-06-28,2026-07-27,4
P01240,2026-07-20,2026-07-27,2
P01241,2026-07-27,2026-07-27,5
P01261,2026-07-23,2026-07-27,2
P01315,2026-06-30,2026-07-27,3
P01339,2026-07-26,2026-07-27,4
P01356,2026-06-30,2026-07-27,3
P01364,2026-07-15,2026-07-27,2
P01369,2026-07-24,2026-07-27,4
P01388,2026-07-21,2026-07-27,4
P01404,2026-07-27,2026-07-27,2
P01413,2026-07-27,2026-07-27,5
P01437,2026-07-27,2026-07-27,3
P01441,2026-07-27,2026-07-27,3
P01451,2026-07-05,2026-07-27,2
P01497,2026-07-05,2026-07-27,3
P01502,2026-07-27,2026-07-27,3
P01505,2026-07-07,2026-07-27,3
P01509,2026-07-20,2026-07-27,2
P01516,2026-07-27,2026-07-27,5
P01519,2026-07-27,2026-07-27,3
P01527,2026-07-25,2026-07-27,3
P01540,2026-07-16,2026-07-27,2
P01558,2026-07-27,2026-07-27,2
P01575,2026-07-07,2026-07-27,2
P01576,2026-07-13,2026-07-27,3
P01582,2026-07-14,2026-07-27,2
P01592,2026-07-11,2026-07-27,4
P01619,2026-07-27,2026-07-27,4
P01624,2026-07-16,2026-07-27,2
P01649,2026-07-27,2026-07-27,2
P01664,2026-07-26,2026-07-27,3
P01668,2026-07-27,2026-07-27,4
P01672,2026-06-29,2026-07-27,1
P01677,2026-07-25,2026-07-27,1
P01696,2026-07-04,2026-07-27,3
P01699,2026-07-26,2026-07-27,4
P01714,2026-07-01,2026-07-27,1
P01743,2026-07-24,2026-07-27,1
P01754,2026-07-22,2026-07-27,2
P01818,2026-07-16,2026-07-27,4
P01847,2026-07-01,2026-07-27,4
P01859,2026-07-04,2026-07-27,3
P01872,2026-07-21,2026-07-27,3
P01873,2026-07-25,2026-07-27,1
P01874,2026-07-04,2026-07-27,2
P01877,2026-07-15,2026-07-27,4
P01896,2026-07-11,2026-07-27,4
P01898,2026-07-15,2026-07-27,4
P01901,2026-07-20,2026-07-27,3
P01909,2026-07-21,2026-07-27,3
P01923,2026-07-26,2026-07-27,1
P01926,2026-06-30,2026-07-27,4
P01930,2026-07-25,2026-07-27,3
P01958,2026-07-11,2026-07-27,4
P01987,2026-07-15,2026-07-27,3
P02001,2026-07-24,2026-07-27,1
P02005,2026-07-26,2026-07-27,4
P02027,2026-07-27,2026-07-27,1
P02080,2026-07-23,2026-07-27,2
P02082,2026-07-06,2026-07-27,4
P02105,2026-07-24,2026-07-27,2
P02116,2026-07-27,2026-07-27,4
P02136,2026-07-27,2026-07-27,1
P02210,2026-07-20,2026-07-27,2
P02215,2026-07-27,2026-07-27,1
P02219,2026-07-26,2026-07-27,4
P02224,2026-07-16,2026-07-27,3
P02246,2026-07-04,2026-07-27,3
P02251,2026-07-27,2026-07-27,3
P02252,2026-07-24,2026-07-27,2
P02255,2026-07-07,2026-07-27,4
P02259,2026-06-27,2026-07-27,3
P02263,2026-07-20,2026-07-27,2
P02277,2026-07-27,2026-07-27,1
P02309,2026-07-27,2026-07-27,3
P02331,2026-07-16,2026-07-27,3
P02408,2026-07-27,2026-07-27,1
P02410,2026-07-27,2026-07-27,1
P02417,2026-07-16,2026-07-27,4
P02431,2026-07-13,2026-07-27,2
P02432,2026-07-22,2026-07-27,4
P02445,2026-07-27,2026-07-27,4
P02465,2026-07-27,2026-07-27,2
P02470,2026-07-27,2026-07-27,2
P02473,2026-07-08,2026-07-27,3
P02482,2026-07-27,2026-07-27,3
P02487,2026-07-18,2026-07-27,2
P02499,2026-07-19,2026-07-27,2
P02500,2026-07-26,2026-07-27,3
P02511,2026-07-07,2026-07-27,1
P02541,2026-07-26,2026-07-27,2
P02579,2026-07-12,2026-07-27,1
P02630,2026-07-27,2026-07-27,3
P02635,2026-07-27,2026-07-27,2
P02645,2026-07-17,2026-07-27,2
P02767,2026-07-18,2026-07-27,2
P02773,2026-07-27,2026-07-27,2
P02774,2026-07-20,2026-07-27,3
P02782,2026-07-19,2026-07-27,3
P02791,2026-07-27,2026-07-27,1
P02794,2026-07-20,2026-07-27,4
P02796,2026-07-10,2026-07-27,1
P02806,2026-07-24,2026-07-27,3
P02820,2026-07-12,2026-07-27,3
P02822,2026-07-24,2026-07-27,1
P02825,2026-07-27,2026-07-27,3
P02850,2026-07-27,2026-07-27,5
P02871,2026-07-22,2026-07-27,3
P02873,2026-07-22,2026-07-27,2
P02883,2026-07-08,2026-07-27,3
P02901,2026-07-23,2026-07-27,1
P02923,2026-07-15,2026-07-27,4
P02926,2026-06-27,2026-07-27,1
P03007,2026-07-12,2026-07-27,3
P03008,2026-07-13,2026-07-27,4
P03051,2026-07-27,2026-07-27,2
P03056,2026-07-04,2026-07-27,1
P03063,2026-07-22,2026-07-27,4
P03064,2026-07-21,2026-07-27,3
P03069,2026-07-23,2026-07-27,4
P03084,2026-07-24,2026-07-27,2
P03113,2026-07-27,2026-07-27,3
P03139,2026-07-13,2026-07-27,2
P03146,2026-07-06,2026-07-27,4
P03154,2026-07-08,2026-07-27,2
P03160,2026-06-27,2026-07-27,4
P03163,2026-07-26,2026-07-27,2
P03167,2026-07-27,2026-07-27,5
P03172,2026-07-18,2026-07-27,3
P03181,2026-07-26,2026-07-27,4
P03185,2026-07-23,2026-07-27,4
P03201,2026-07-27,2026-07-27,3
P03238,2026-07-27,2026-07-27,4
P03249,2026-06-29,2026-07-27,3
P03261,2026-07-16,2026-07-27,3
P03264,2026-07-24,2026-07-27,1
P03268,2026-07-27,2026-07-27,1
P03296,2026-07-19,2026-07-27,4
P03310,2026-07-14,2026-07-27,2
P03314,2026-07-04,2026-07-27,4
P03326,2026-07-16,2026-07-27,4
P03328,2026-07-27,2026-07-27,2
P03329,2026-07-14,2026-07-27,1
P03350,2026-07-24,2026-07-27,1
P03357,2026-07-03,2026-07-27,1
P03386,2026-07-23,2026-07-27,1
P03393,2026-07-27,2026-07-27,2
P03399,2026-07-25,2026-07-27,2
P03401,2026-07-27,2026-07-27,3
P03427,2026-07-27,2026-07-27,3
P03461,2026-06-29,2026-07-27,4
P03498,2026-07-12,2026-07-27,4
P03500,2026-07-11,2026-07-27,1
P03504,2026-07-02,2026-07-27,2
P03529,2026-07-18,2026-07-27,1
P03538,2026-07-24,2026-07-27,3
P03573,2026-07-17,2026-07-27,3
P03581,2026-07-22,2026-07-27,4
P03587,2026-07-16,2026-07-27,2
P03588,2026-07-19,2026-07-27,1
P03596,2026-07-06,2026-07-27,1
P03608,2026-07-06,2026-07-27,3
P03611,2026-07-24,2026-07-27,2
P03619,2026-07-27,2026-07-27,1
P03624,2026-07-15,2026-07-27,2
P03627,2026-07-25,2026-07-27,4
P03634,2026-06-30,2026-07-27,4
P03636,2026-07-26,2026-07-27,1
P03672,2026-07-23,2026-07-27,1
P03678,2026-07-18,2026-07-27,4
P03698,2026-06-28,2026-07-27,1
P03709,2026-07-17,2026-07-27,1
P03712,2026-07-10,2026-07-27,3
P03733,2026-07-26,2026-07-27,1
P03737,2026-07-01,2026-07-27,2
P03741,2026-07-20,2026-07-27,4
P03753,2026-06-27,2026-07-27,2
P03774,2026-06-28,2026-07-27,3
P03789,2026-07-20,2026-07-27,1
P03790,2026-07-24,2026-07-27,1
P03791,2026-07-02,2026-07-27,3
P03799,2026-07-24,2026-07-27,4
P03800,2026-07-19,2026-07-27,2
P03805,2026-07-18,2026-07-27,4
P03848,2026-07-27,2026-07-27,4
P03854,2026-07-09,2026-07-27,3
P03857,2026-06-27,2026-07-27,1
P03870,2026-07-24,2026-07-27,2
P03873,2026-07-16,2026-07-27,3
P03876,2026-07-21,2026-07-27,2
P03879,2026-07-06,2026-07-27,2
P03899,2026-07-24,2026-07-27,1
P03903,2026-06-30,2026-07-27,4
P03915,2026-07-24,2026-07-27,4
P03916,2026-07-01,2026-07-27,1
P03927,2026-07-26,2026-07-27,4
P03932,2026-06-27,2026-07-27,4
P03951,2026-07-17,2026-07-27,4
P03952,2026-07-23,2026-07-27,1
P03955,2026-07-08,2026-07-27,1
P03959,2026-07-27,2026-07-27,1
P03962,2026-07-16,2026-07-27,4
P03968,2026-07-27,2026-07-27,5
P03971,2026-07-18,2026-07-27,2
P04004,2026-07-26,2026-07-27,2
P04006,2026-07-26,2026-07-27,4
P04029,2026-07-22,2026-07-27,1
P04047,2026-07-27,2026-07-27,2
P04054,2026-07-15,2026-07-27,1
P04057,2026-07-15,2026-07-27,1
P04074,2026-07-23,2026-07-27,1
P04103,2026-07-27,2026-07-27,2
P04115,2026-07-01,2026-07-27,4
P04122,2026-07-20,2026-07-27,2
P04141,2026-07-21,2026-07-27,4
P04162,2026-07-24,2026-07-27,4
P04176,2026-07-26,2026-07-27,4
P04194,2026-07-27,2026-07-27,2
P04200,2026-07-27,2026-07-27,2
P04204,2026-07-24,2026-07-27,4
P04220,2026-07-13,2026-07-27,1
P04225,2026-07-01,2026-07-27,3
P04250,2026-07-15,2026-07-27,3
P04251,2026-07-21,2026-07-27,1
P04265,2026-07-27,2026-07-27,5
P04268,2026-07-23,2026-07-27,3
P04279,2026-07-27,2026-07-27,5
P04291,2026-07-25,2026-07-27,2
P04317,2026-07-22,2026-07-27,2
P04335,2026-07-27,2026-07-27,5
P04351,2026-07-27,2026-07-27,1
P04368,2026-07-17,2026-07-27,1
P04397,2026-07-25,2026-07-27,2
P04418,2026-07-23,2026-07-27,4
P04435,2026-07-16,2026-07-27,2
P04443,2026-07-27,2026-07-27,1
P04460,2026-07-26,2026-07-27,3
P04476,2026-07-24,2026-07-27,1
P04478,2026-07-06,2026-07-27,1
P04493,2026-07-27,2026-07-27,2
P04494,2026-07-26,2026-07-27,4
P04508,2026-07-17,2026-07-27,2
P04514,2026-07-05,2026-07-27,2
P04525,2026-07-14,2026-07-27,3
P04543,2026-07-06,2026-07-27,1
P04568,2026-07-24,2026-07-27,1
P04584,2026-07-26,2026-07-27,4
P04637,2026-07-26,2026-07-27,3
P04647,2026-07-27,2026-07-27,4
P04661,2026-07-22,2026-07-27,4
P04662,2026-07-14,2026-07-27,3
P04680,2026-07-26,2026-07-27,3
P04689,2026-07-24,2026-07-27,1
P04691,2026-07-26,2026-07-27,2
P04711,2026-07-21,2026-07-27,3
P04713,2026-07-27,2026-07-27,2
P04716,2026-07-25,2026-07-27,1
P04765,2026-06-29,2026-07-27,1
P04776,2026-07-17,2026-07-27,2
P04794,2026-07-10,2026-07-27,4
P04799,2026-07-04,2026-07-27,3
P04802,2026-07-27,2026-07-27,1
P04838,2026-06-30,2026-07-27,2
P04844,2026-07-03,2026-07-27,2
P04845,2026-07-27,2026-07-27,3
P04859,2026-07-11,2026-07-27,2
P04866,2026-07-05,2026-07-27,2
P04925,2026-07-27,2026-07-27,2
P04927,2026-07-27,2026-07-27,1
P04931,2026-07-27,2026-07-27,5
P04942,2026-07-22,2026-07-27,3
P04974,2026-07-27,2026-07-27,5
P04998,2026-07-25,2026-07-27,2
P05044,2026-07-25,2026-07-27,2
P05077,2026-07-24,2026-07-27,2
P05078,2026-07-20,2026-07-27,2
P05084,2026-07-04,2026-07-27,4
P05089,2026-07-27,2026-07-27,1
P05126,2026-07-27,2026-07-27,5
P05150,2026-07-06,2026-07-27,2
P05152,2026-07-13,2026-07-27,1
P05155,2026-07-24,2026-07-27,2
P05156,2026-07-25,2026-07-27,3
P05169,2026-07-24,2026-07-27,1
P05205,2026-07-26,2026-07-27,2
P05210,2026-07-02,2026-07-27,2
P05257,2026-07-27,2026-07-27,5
P05263,2026-07-23,2026-07-27,2
P05268,2026-07-27,2026-07-27,2
P05272,2026-07-13,2026-07-27,1
P05283,2026-07-27,2026-07-27,2
P05316,2026-07-20,2026-07-27,2
P05322,2026-07-24,2026-07-27,3
P05347,2026-07-11,2026-07-27,1
P05355,2026-07-20,2026-07-27,4
P05356,2026-07-02,2026-07-27,1
P05357,2026-07-19,2026-07-27,1
P05376,2026-07-21,2026-07-27,1
P05402,2026-07-24,2026-07-27,1
P05423,2026-07-27,2026-07-27,1
P05434,2026-07-03,2026-07-27,4
P05440,2026-07-04,2026-07-27,4
P05456,2026-07-27,2026-07-27,1
P05475,2026-07-27,2026-07-27,1
P05493,2026-07-26,2026-07-27,4
P05511,2026-07-08,2026-07-27,2
P05562,2026-07-11,2026-07-27,2
P05576,2026-07-23,2026-07-27,2
P05580,2026-06-27,2026-07-27,1
P05594,2026-07-27,2026-07-27,5
P05609,2026-07-27,2026-07-27,2
P05622,2026-07-24,2026-07-27,2
P05628,2026-07-27,2026-07-27,2
P05641,2026-07-20,2026-07-27,4
P05663,2026-07-11,2026-07-27,2
P05672,2026-07-27,2026-07-27,5
P05694,2026-07-25,2026-07-27,2
P05701,2026-07-19,2026-07-27,1
P05751,2026-07-08,2026-07-27,4
P05771,2026-07-27,2026-07-27,5
P05773,2026-06-28,2026-07-27,1
P05779,2026-07-20,2026-07-27,3
P05787,2026-07-27,2026-07-27,5
P05788,2026-07-27,2026-07-27,5
P05813,2026-07-14,2026-07-27,4
P05820,2026-07-27,2026-07-27,4
P05824,2026-07-27,2026-07-27,1
P05830,2026-07-23,2026-07-27,2
P05834,2026-07-15,2026-07-27,1
P05847,2026-07-23,2026-07-27,3
P05866,2026-07-25,2026-07-27,3
P05867,2026-07-27,2026-07-27,1
P05875,2026-07-24,2026-07-27,4
P05936,2026-07-26,2026-07-27,1
P05942,2026-07-27,2026-07-27,1
P06086,2026-07-27,2026-07-27,4
P06093,2026-07-27,2026-07-27,3
P06107,2026-07-27,2026-07-27,2
P06122,2026-07-26,2026-07-27,3
P06127,2026-07-24,2026-07-27,2
P06131,2026-07-04,2026-07-27,2
P06132,2026-07-27,2026-07-27,1
P06146,2026-07-07,2026-07-27,3
P06159,2026-07-26,2026-07-27,4
P06166,2026-07-27,2026-07-27,1
P06172,2026-07-22,2026-07-27,1
P06186,2026-07-19,2026-07-27,1
P06219,2026-07-27,2026-07-27,2
P06256,2026-07-26,2026-07-27,3
P06263,2026-07-12,2026-07-27,1
P06265,2026-07-27,2026-07-27,4
P06293,2026-07-27,2026-07-27,2
P06309,2026-07-10,2026-07-27,4
P06325,2026-07-27,2026-07-27,5
P06338,2026-07-27,2026-07-27,5
P06356,2026-07-26,2026-07-27,2
P06380,2026-07-23,2026-07-27,4
P06442,2026-07-26,2026-07-27,1
P06486,2026-07-26,2026-07-27,4
P06489,2026-07-27,2026-07-27,2
P06512,2026-07-03,2026-07-27,2
P06521,2026-07-27,2026-07-27,2
P06533,2026-07-26,2026-07-27,4
P06550,2026-07-09,2026-07-27,3
P06567,2026-07-24,2026-07-27,1
P06572,2026-07-27,2026-07-27,1
P06574,2026-07-24,2026-07-27,2
P06582,2026-07-27,2026-07-27,1
P06626,2026-07-19,2026-07-27,4
P06703,2026-07-27,2026-07-27,5
P06704,2026-06-30,2026-07-27,2
P06726,2026-07-23,2026-07-27,2
P06730,2026-07-13,2026-07-27,3
P06737,2026-07-13,2026-07-27,4
P06798,2026-07-17,2026-07-27,3
P06831,2026-07-27,2026-07-27,3
P06858,2026-07-22,2026-07-27,2
P06896,2026-07-27,2026-07-27,3
P06916,2026-07-27,2026-07-27,2
P06923,2026-07-05,2026-07-27,3
P06933,2026-07-22,2026-07-27,3
P06947,2026-07-11,2026-07-27,1
P06960,2026-07-09,2026-07-27,1
P06966,2026-06-29,2026-07-27,2
P06975,2026-07-26,2026-07-27,2
P06979,2026-07-14,2026-07-27,4
P06981,2026-07-27,2026-07-27,1
P07024,2026-07-02,2026-07-27,1
P07065,2026-07-08,2026-07-27,4
P07066,2026-07-27,2026-07-27,1
P07085,2026-06-27,2026-07-27,2
P07088,2026-07-26,2026-07-27,1
P07097,2026-07-27,2026-07-27,5
P07102,2026-07-18,2026-07-27,3
P07127,2026-07-16,2026-07-27,3
P07128,2026-07-22,2026-07-27,2
P07133,2026-07-01,2026-07-27,1
P07135,2026-07-19,2026-07-27,2
P07154,2026-07-27,2026-07-27,3
P07164,2026-07-23,2026-07-27,3
P07185,2026-07-18,2026-07-27,3
P07225,2026-07-25,2026-07-27,2
P07227,2026-07-19,2026-07-27,1
P07230,2026-07-14,2026-07-27,1
P07231,2026-07-26,2026-07-27,2
P07256,2026-07-19,2026-07-27,1
P07277,2026-07-19,2026-07-27,4
P07281,2026-07-27,2026-07-27,3
P07314,2026-07-22,2026-07-27,3
P07315,2026-07-11,2026-07-27,4
P07325,2026-07-19,2026-07-27,1
P07342,2026-07-09,2026-07-27,4
P07356,2026-07-27,2026-07-27,4
P07369,2026-07-13,2026-07-27,3
P07376,2026-07-27,2026-07-27,3
P07386,2026-07-27,2026-07-27,3
P07399,2026-06-28,2026-07-27,4
P07429,2026-07-21,2026-07-27,3
P07448,2026-07-24,2026-07-27,4
P07462,2026-07-22,2026-07-27,1
P07505,2026-07-27,2026-07-27,3
P07554,2026-06-28,2026-07-27,4
P07565,2026-07-24,2026-07-27,2
P07578,2026-07-22,2026-07-27,1
P07617,2026-07-14,2026-07-27,1
P07626,2026-07-17,2026-07-27,1
P07631,2026-07-27,2026-07-27,2
P07639,2026-07-26,2026-07-27,1
P07640,2026-07-27,2026-07-27,3
P07642,2026-07-26,2026-07-27,3
P07644,2026-07-02,2026-07-27,1
P07654,2026-07-02,2026-07-27,1
P07671,2026-07-18,2026-07-27,2
P07698,2026-07-19,2026-07-27,4
P07708,2026-07-24,2026-07-27,4
P07756,2026-07-24,2026-07-27,1
P07775,2026-07-27,2026-07-27,5
P07811,2026-07-26,2026-07-27,1
P07819,2026-07-27,2026-07-27,2
P07853,2026-07-19,2026-07-27,3
P07858,2026-07-11,2026-07-27,4
P07863,2026-07-02,2026-07-27,3
P07874,2026-07-17,2026-07-27,2
P07880,2026-07-27,2026-07-27,4
P07916,2026-07-25,2026-07-27,4
P07921,2026-07-27,2026-07-27,5
P07925,2026-07-27,2026-07-27,5
P07938,2026-07-27,2026-07-27,2
P07960,2026-07-26,2026-07-27,1
P07966,2026-07-27,2026-07-27,1
P07973,2026-07-27,2026-07-27,1
P07984,2026-07-18,2026-07-27,4
P07987,2026-07-26,2026-07-27,2
P00002,2026-07-26,2026-07-28,3
P00023,2026-06-29,2026-07-28,4
P00037,2026-07-03,2026-07-28,3
P00038,2026-07-09,2026-07-28,4
P00059,2026-07-02,2026-07-28,3
P00063,2026-07-16,2026-07-28,4
P00090,2026-07-28,2026-07-28,4
P00098,2026-07-27,2026-07-28,1
P00107,2026-07-19,2026-07-28,2
P00128,2026-07-08,2026-07-28,4
P00159,2026-07-21,2026-07-28,2
P00168,2026-07-28,2026-07-28,3
P00169,2026-07-28,2026-07-28,3
P00173,2026-07-28,2026-07-28,4
P00178,2026-07-28,2026-07-28,2
P00183,2026-07-24,2026-07-28,3
P00207,2026-07-26,2026-07-28,2
P00215,2026-07-11,2026-07-28,1
P00217,2026-07-15,2026-07-28,2
P00227,2026-07-28,2026-07-28,3
P00236,2026-07-13,2026-07-28,3
P00239,2026-06-30,2026-07-28,3
P00254,2026-07-28,2026-07-28,1
P00255,2026-07-26,2026-07-28,2
P00258,2026-07-13,2026-07-28,1
P00287,2026-07-05,2026-07-28,2
P00293,2026-07-18,2026-07-28,4
P00298,2026-07-28,2026-07-28,1
P00326,2026-07-28,2026-07-28,2
P00335,2026-07-28,2026-07-28,1
P00370,2026-07-28,2026-07-28,5
P00377,2026-07-03,2026-07-28,3
P00381,2026-07-24,2026-07-28,2
P00385,2026-07-21,2026-07-28,4
P00403,2026-07-01,2026-07-28,3
P00418,2026-07-02,2026-07-28,4
P00443,2026-07-25,2026-07-28,2
P00459,2026-07-28,2026-07-28,3
P00473,2026-06-30,2026-07-28,4
P00504,2026-07-14,2026-07-28,4
P00505,2026-07-28,2026-07-28,3
P00530,2026-07-01,2026-07-28,4
P00553,2026-07-28,2026-07-28,5
P00568,2026-07-11,2026-07-28,3
P00573,2026-07-15,2026-07-28,4
P00579,2026-07-28,2026-07-28,4
P00590,2026-07-28,2026-07-28,5
P00600,2026-07-17,2026-07-28,3
P00623,2026-07-28,2026-07-28,1
P00633,2026-07-20,2026-07-28,1
P00637,2026-07-10,2026-07-28,3
P00643,2026-07-07,2026-07-28,4
P00651,2026-07-15,2026-07-28,3
P00653,2026-07-28,2026-07-28,3
P00655,2026-07-28,2026-07-28,5
P00677,2026-07-04,2026-07-28,3
P00680,2026-07-28,2026-07-28,2
P00707,2026-07-28,2026-07-28,1
P00708,2026-07-12,2026-07-28,1
P00714,2026-07-21,2026-07-28,4
P00720,2026-07-10,2026-07-28,3
P00739,2026-07-28,2026-07-28,3
P00759,2026-06-30,2026-07-28,3
P00792,2026-07-24,2026-07-28,1
P00823,2026-07-03,2026-07-28,4
P00834,2026-07-28,2026-07-28,2
P00876,2026-07-21,2026-07-28,1
P00907,2026-07-22,2026-07-28,1
P00912,2026-07-28,2026-07-28,3
P00933,2026-07-28,2026-07-28,1
P00941,2026-07-28,2026-07-28,3
P00943,2026-07-28,2026-07-28,3
P00968,2026-07-17,2026-07-28,3
P01007,2026-07-14,2026-07-28,4
P01016,2026-07-28,2026-07-28,4
P01039,2026-07-28,2026-07-28,1
P01051,2026-07-16,2026-07-28,4
P01054,2026-07-28,2026-07-28,5
P01078,2026-07-17,2026-07-28,2
P01086,2026-07-27,2026-07-28,3
P01092,2026-07-28,2026-07-28,3
P01131,2026-07-01,2026-07-28,3
P01138,2026-07-28,2026-07-28,1
P01144,2026-07-26,2026-07-28,1
P01158,2026-06-30,2026-07-28,3
P01198,2026-07-09,2026-07-28,4
P01209,2026-07-14,2026-07-28,2
P01214,2026-07-28,2026-07-28,3
P01219,2026-07-28,2026-07-28,2
P01227,2026-07-24,2026-07-28,1
P01241,2026-07-27,2026-07-28,1
P01243,2026-07-28,2026-07-28,3
P01262,2026-07-25,2026-07-28,4
P01266,2026-07-26,2026-07-28,3
P01301,2026-07-13,2026-07-28,3
P01311,2026-07-04,2026-07-28,2
P01323,2026-07-28,2026-07-28,2
P01325,2026-07-28,2026-07-28,1
P01328,2026-07-09,2026-07-28,4
P01336,2026-07-28,2026-07-28,4
P01341,2026-07-25,2026-07-28,2
P01347,2026-06-28,2026-07-28,4
P01359,2026-07-28,2026-07-28,4
P01369,2026-07-24,2026-07-28,2
P01385,2026-07-16,2026-07-28,4
P01387,2026-07-28,2026-07-28,2
P01406,2026-07-22,2026-07-28,1
P01415,2026-07-26,2026-07-28,2
P01427,2026-07-15,2026-07-28,4
P01428,2026-07-28,2026-07-28,2
P01437,2026-07-27,2026-07-28,2
P01468,2026-07-16,2026-07-28,3
P01494,2026-07-23,2026-07-28,3
P01499,2026-07-28,2026-07-28,4
P01502,2026-07-27,2026-07-28,2
P01509,2026-07-20,2026-07-28,1
P01511,2026-07-24,2026-07-28,2
P01519,2026-07-27,2026-07-28,2
P01531,2026-07-28,2026-07-28,5
P01570,2026-07-28,2026-07-28,4
P01576,2026-07-13,2026-07-28,4
P01597,2026-07-23,2026-07-28,4
P01599,2026-07-23,2026-07-28,2
P01601,2026-07-23,2026-07-28,1
P01615,2026-07-19,2026-07-28,1
P01620,2026-07-28,2026-07-28,3
P01626,2026-07-05,2026-07-28,3
P01636,2026-07-18,2026-07-28,1
P01643,2026-07-17,2026-07-28,4
P01658,2026-07-28,2026-07-28,2
P01668,2026-07-27,2026-07-28,3
P01706,2026-07-23,2026-07-28,4
P01711,2026-07-20,2026-07-28,2
P01715,2026-07-26,2026-07-28,2
P01735,2026-07-09,2026-07-28,4
P01753,2026-07-15,2026-07-28,4
P01802,2026-07-12,2026-07-28,3
P01830,2026-07-22,2026-07-28,1
P01839,2026-07-14,2026-07-28,4
P01847,2026-07-01,2026-07-28,2
P01852,2026-07-09,2026-07-28,3
P01863,2026-07-28,2026-07-28,3
P01873,2026-07-25,2026-07-28,1
P01910,2026-07-28,2026-07-28,1
P01921,2026-07-24,2026-07-28,3
P01926,2026-06-30,2026-07-28,2
P01987,2026-07-15,2026-07-28,4
P01988,2026-07-26,2026-07-28,3
P02038,2026-07-16,2026-07-28,4
P02065,2026-07-28,2026-07-28,4
P02069,2026-07-25,2026-07-28,4
P02086,2026-07-06,2026-07-28,4
P02089,2026-07-28,2026-07-28,4
P02096,2026-07-22,2026-07-28,4
P02102,2026-07-28,2026-07-28,5
P02116,2026-07-27,2026-07-28,1
P02136,2026-07-27,2026-07-28,2
P02154,2026-07-23,2026-07-28,1
P02159,2026-07-01,2026-07-28,3
P02191,2026-07-28,2026-07-28,5
P02192,2026-07-28,2026-07-28,2
P02215,2026-07-27,2026-07-28,2
P02219,2026-07-26,2026-07-28,2
P02224,2026-07-16,2026-07-28,1
P02248,2026-07-28,2026-07-28,4
P02256,2026-07-06,2026-07-28,3
P02260,2026-07-28,2026-07-28,2
P02261,2026-07-28,2026-07-28,4
P02339,2026-07-23,2026-07-28,1
P02343,2026-07-28,2026-07-28,5
P02344,2026-07-16,2026-07-28,3
P02345,2026-07-19,2026-07-28,3
P02349,2026-07-18,2026-07-28,1
P02350,2026-07-05,2026-07-28,2
P02372,2026-07-28,2026-07-28,3
P02373,2026-07-28,2026-07-28,5
P02378,2026-07-28,2026-07-28,1
P02382,2026-07-13,2026-07-28,2
P02408,2026-07-27,2026-07-28,4
P02421,2026-07-04,2026-07-28,2
P02433,2026-07-13,2026-07-28,1
P02435,2026-07-28,2026-07-28,4
P02459,2026-07-09,2026-07-28,2
P02462,2026-07-14,2026-07-28,4
P02472,2026-07-15,2026-07-28,3
P02499,2026-07-19,2026-07-28,3
P02529,2026-07-05,2026-07-28,3
P02541,2026-07-26,2026-07-28,2
P02579,2026-07-12,2026-07-28,4
P02585,2026-07-26,2026-07-28,3
P02615,2026-07-16,2026-07-28,2
P02655,2026-07-02,2026-07-28,1
P02684,2026-07-28,2026-07-28,2
P02701,2026-07-08,2026-07-28,2
P02704,2026-07-09,2026-07-28,3
P02714,2026-07-28,2026-07-28,1
P02720,2026-07-28,2026-07-28,2
P02727,2026-07-28,2026-07-28,1
P02737,2026-07-28,2026-07-28,3
P02740,2026-07-25,2026-07-28,4
P02747,2026-07-26,2026-07-28,2
P02750,2026-07-18,2026-07-28,3
P02754,2026-07-19,2026-07-28,1
P02767,2026-07-18,2026-07-28,3
P02772,2026-06-29,2026-07-28,3
P02786,2026-07-06,2026-07-28,1
P02791,2026-07-27,2026-07-28,2
P02816,2026-07-23,2026-07-28,4
P02818,2026-07-28,2026-07-28,2
P02822,2026-07-24,2026-07-28,4
P02836,2026-07-28,2026-07-28,1
P02870,2026-07-28,2026-07-28,2
P02872,2026-07-09,2026-07-28,3
P02873,2026-07-22,2026-07-28,1
P02877,2026-07-26,2026-07-28,2
P02882,2026-07-28,2026-07-28,2
P02901,2026-07-23,2026-07-28,2
P02928,2026-07-19,2026-07-28,3
P02954,2026-07-20,2026-07-28,1
P02969,2026-07-28,2026-07-28,3
P02973,2026-07-25,2026-07-28,1
P02975,2026-07-23,2026-07-28,3
P03012,2026-07-25,2026-07-28,3
P03022,2026-07-23,2026-07-28,3
P03025,2026-07-28,2026-07-28,4
P03063,2026-07-22,2026-07-28,3
P03076,2026-07-16,2026-07-28,1
P03088,2026-07-28,2026-07-28,2
P03089,2026-07-06,2026-07-28,1
P03100,2026-06-28,2026-07-28,3
P03119,2026-07-21,2026-07-28,2
P03163,2026-07-26,2026-07-28,4
P03180,2026-07-23,2026-07-28,2
P03185,2026-07-23,2026-07-28,3
P03201,2026-07-27,2026-07-28,1
P03216,2026-07-25,2026-07-28,3
P03228,2026-07-28,2026-07-28,5
P03241,2026-07-07,2026-07-28,4
P03270,2026-07-26,2026-07-28,3
P03278,2026-07-28,2026-07-28,2
P03297,2026-07-28,2026-07-28,2
P03311,2026-07-26,2026-07-28,2
P03329,2026-07-14,2026-07-28,3
P03331,2026-07-02,2026-07-28,2
P03363,2026-07-16,2026-07-28,1
P03365,2026-07-28,2026-07-28,5
P03386,2026-07-23,2026-07-28,1
P03399,2026-07-25,2026-07-28,2
P03418,2026-07-28,2026-07-28,1
P03472,2026-07-22,2026-07-28,4
P03476,2026-07-18,2026-07-28,3
P03477,2026-07-06,2026-07-28,1
P03486,2026-07-25,2026-07-28,3
P03515,2026-07-20,2026-07-28,4
P03537,2026-07-08,2026-07-28,4
P03551,2026-07-28,2026-07-28,4
P03561,2026-07-17,2026-07-28,4
P03574,2026-07-17,2026-07-28,1
P03576,2026-07-16,2026-07-28,4
P03593,2026-07-28,2026-07-28,2
P03608,2026-07-06,2026-07-28,1
P03617,2026-07-12,2026-07-28,4
P03625,2026-07-20,2026-07-28,4
P03631,2026-07-28,2026-07-28,4
P03667,2026-07-19,2026-07-28,2
P03675,2026-07-15,2026-07-28,4
P03694,2026-07-23,2026-07-28,2
P03710,2026-07-07,2026-07-28,4
P03711,2026-07-28,2026-07-28,4
P03716,2026-07-28,2026-07-28,4
P03733,2026-07-26,2026-07-28,4
P03742,2026-07-08,2026-07-28,1
P03778,2026-07-20,2026-07-28,1
P03787,2026-07-28,2026-07-28,2
P03797,2026-07-19,2026-07-28,2
P03812,2026-07-28,2026-07-28,4
P03826,2026-07-19,2026-07-28,4
P03837,2026-07-26,2026-07-28,4
P03848,2026-07-27,2026-07-28,2
P03852,2026-06-29,2026-07-28,2
P03870,2026-07-24,2026-07-28,3
P03873,2026-07-16,2026-07-28,2
P03877,2026-07-06,2026-07-28,2
P03883,2026-07-25,2026-07-28,4
P03927,2026-07-26,2026-07-28,1
P03942,2026-07-28,2026-07-28,3
P03959,2026-07-27,2026-07-28,2
P03962,2026-07-16,2026-07-28,4
P03988,2026-07-03,2026-07-28,3
P04031,2026-07-28,2026-07-28,1
P04043,2026-06-30,2026-07-28,1
P04057,2026-07-15,2026-07-28,3
P04069,2026-07-07,2026-07-28,4
P04074,2026-07-23,2026-07-28,4
P04096,2026-07-17,2026-07-28,2
P04107,2026-06-29,2026-07-28,2
P04110,2026-07-01,2026-07-28,1
P04158,2026-07-28,2026-07-28,4
P04170,2026-07-25,2026-07-28,1
P04176,2026-07-26,2026-07-28,1
P04180,2026-06-28,2026-07-28,3
P04193,2026-06-30,2026-07-28,1
P04200,2026-07-27,2026-07-28,2
P04201,2026-06-28,2026-07-28,3
P04202,2026-07-12,2026-07-28,2
P04204,2026-07-24,2026-07-28,2
P04206,2026-07-28,2026-07-28,3
P04212,2026-07-19,2026-07-28,2
P04220,2026-07-13,2026-07-28,2
P04247,2026-07-18,2026-07-28,3
P04266,2026-06-29,2026-07-28,4
P04291,2026-07-25,2026-07-28,2
P04314,2026-07-12,2026-07-28,2
P04318,2026-07-28,2026-07-28,4
P04358,2026-07-12,2026-07-28,4
P04368,2026-07-17,2026-07-28,3
P04373,2026-07-28,2026-07-28,3
P04379,2026-07-22,2026-07-28,1
P04383,2026-07-21,2026-07-28,2
P04435,2026-07-16,2026-07-28,3
P04443,2026-07-27,2026-07-28,2
P04454,2026-07-18,2026-07-28,2
P04460,2026-07-26,2026-07-28,4
P04465,2026-07-21,2026-07-28,1
P04466,2026-07-28,2026-07-28,1
P04469,2026-07-09,2026-07-28,2
P04474,2026-06-30,2026-07-28,3
P04481,2026-07-09,2026-07-28,3
P04484,2026-07-28,2026-07-28,1
P04487,2026-07-14,2026-07-28,1
P04493,2026-07-27,2026-07-28,1
P04528,2026-07-28,2026-07-28,3
P04552,2026-07-28,2026-07-28,4
P04576,2026-07-26,2026-07-28,3
P04584,2026-07-26,2026-07-28,4
P04590,2026-07-04,2026-07-28,1
P04598,2026-07-17,2026-07-28,2
P04599,2026-07-28,2026-07-28,1
P04600,2026-07-11,2026-07-28,3
P04601,2026-07-20,2026-07-28,1
P04611,2026-07-26,2026-07-28,3
P04623,2026-07-09,2026-07-28,2
P04632,2026-07-21,2026-07-28,3
P04634,2026-07-10,2026-07-28,1
P04647,2026-07-27,2026-07-28,4
P04653,2026-07-07,2026-07-28,4
P04671,2026-07-28,2026-07-28,3
P04676,2026-07-07,2026-07-28,3
P04690,2026-07-05,2026-07-28,1
P04696,2026-07-01,2026-07-28,1
P04697,2026-07-28,2026-07-28,3
P04706,2026-07-09,2026-07-28,3
P04713,2026-07-27,2026-07-28,4
P04733,2026-07-28,2026-07-28,2
P04735,2026-07-28,2026-07-28,1
P04744,2026-07-28,2026-07-28,3
P04777,2026-07-28,2026-07-28,2
P04779,2026-07-02,2026-07-28,4
P04781,2026-07-28,2026-07-28,1
P04791,2026-07-18,2026-07-28,4
P04794,2026-07-10,2026-07-28,3
P04815,2026-07-26,2026-07-28,2
P04816,2026-07-11,2026-07-28,4
P04817,2026-07-05,2026-07-28,4
P04859,2026-07-11,2026-07-28,1
P04871,2026-07-08,2026-07-28,3
P04903,2026-07-05,2026-07-28,1
P04930,2026-07-05,2026-07-28,4
P04931,2026-07-27,2026-07-28,4
P04933,2026-07-26,2026-07-28,1
P04953,2026-07-04,2026-07-28,2
P04961,2026-07-28,2026-07-28,2
P04962,2026-07-28,2026-07-28,4
P04974,2026-07-27,2026-07-28,2
P05017,2026-07-28,2026-07-28,5
P05027,2026-07-28,2026-07-28,4
P05037,2026-07-21,2026-07-28,2
P05044,2026-07-25,2026-07-28,2
P05048,2026-07-26,2026-07-28,4
P05143,2026-07-25,2026-07-28,4
P05155,2026-07-24,2026-07-28,2
P05184,2026-07-25,2026-07-28,2
P05192,2026-07-21,2026-07-28,2
P05208,2026-07-28,2026-07-28,5
P05218,2026-07-02,2026-07-28,3
P05221,2026-07-28,2026-07-28,5
P05232,2026-07-28,2026-07-28,4
P05245,2026-07-23,2026-07-28,4
P05256,2026-07-16,2026-07-28,2
P05283,2026-07-27,2026-07-28,1
P05284,2026-07-21,2026-07-28,2
P05312,2026-07-23,2026-07-28,4
P05316,2026-07-20,2026-07-28,3
P05377,2026-07-28,2026-07-28,2
P05381,2026-07-28,2026-07-28,4
P05383,2026-07-23,2026-07-28,1
P05385,2026-07-03,2026-07-28,3
P05423,2026-07-27,2026-07-28,4
P05432,2026-07-28,2026-07-28,5
P05453,2026-07-18,2026-07-28,4
P05465,2026-07-25,2026-07-28,3
P05489,2026-07-08,2026-07-28,1
P05511,2026-07-08,2026-07-28,3
P05513,2026-07-24,2026-07-28,1
P05514,2026-07-05,2026-07-28,1
P05543,2026-07-28,2026-07-28,2
P05571,2026-06-29,2026-07-28,2
P05572,2026-07-28,2026-07-28,3
P05585,2026-07-12,2026-07-28,3
P05591,2026-07-23,2026-07-28,2
P05592,2026-07-28,2026-07-28,3
P05600,2026-07-12,2026-07-28,2
P05603,2026-06-30,2026-07-28,1
P05609,2026-07-27,2026-07-28,4
P05611,2026-07-28,2026-07-28,2
P05660,2026-07-28,2026-07-28,2
P05668,2026-07-07,2026-07-28,2
P05672,2026-07-27,2026-07-28,2
P05677,2026-07-28,2026-07-28,2
P05681,2026-07-21,2026-07-28,2
P05682,2026-07-14,2026-07-28,4
P05694,2026-07-25,2026-07-28,2
P05703,2026-07-01,2026-07-28,2
P05715,2026-07-22,2026-07-28,4
P05761,2026-07-28,2026-07-28,3
P05765,2026-07-10,2026-07-28,2
P05779,2026-07-20,2026-07-28,1
P05782,2026-07-28,2026-07-28,1
P05832,2026-07-15,2026-07-28,2
P05841,2026-07-21,2026-07-28,3
P05854,2026-07-01,2026-07-28,1
P05867,2026-07-27,2026-07-28,4
P05873,2026-07-28,2026-07-28,2
P05885,2026-07-21,2026-07-28,4
P05927,2026-07-06,2026-07-28,1
P05936,2026-07-26,2026-07-28,2
P05963,2026-07-18,2026-07-28,3
P05971,2026-07-26,2026-07-28,4
P06041,2026-07-25,2026-07-28,4
P06043,2026-07-09,2026-07-28,3
P06048,2026-07-26,2026-07-28,2
P06083,2026-07-22,2026-07-28,2
P06086,2026-07-27,2026-07-28,3
P06109,2026-07-28,2026-07-28,3
P06122,2026-07-26,2026-07-28,4
P06152,2026-07-08,2026-07-28,1
P06159,2026-07-26,2026-07-28,1
P06172,2026-07-22,2026-07-28,4
P06174,2026-07-28,2026-07-28,5
P06176,2026-06-30,2026-07-28,2
P06208,2026-07-28,2026-07-28,2
P06219,2026-07-27,2026-07-28,3
P06256,2026-07-26,2026-07-28,4
P06264,2026-07-23,2026-07-28,2
P06271,2026-07-13,2026-07-28,1
P06298,2026-07-28,2026-07-28,1
P06300,2026-07-28,2026-07-28,3
P06322,2026-07-28,2026-07-28,4
P06325,2026-07-27,2026-07-28,2
P06350,2026-07-18,2026-07-28,1
P06398,2026-07-03,2026-07-28,3
P06410,2026-07-28,2026-07-28,2
P06446,2026-07-05,2026-07-28,3
P06483,2026-07-28,2026-07-28,2
P06514,2026-07-16,2026-07-28,4
P06516,2026-07-28,2026-07-28,2
P06519,2026-07-17,2026-07-28,4
P06527,2026-07-16,2026-07-28,4
P06545,2026-07-11,2026-07-28,4
P06550,2026-07-09,2026-07-28,2
P06578,2026-07-19,2026-07-28,4
P06603,2026-07-03,2026-07-28,3
P06631,2026-07-16,2026-07-28,2
P06653,2026-07-28,2026-07-28,4
P06679,2026-07-14,2026-07-28,2
P06711,2026-07-28,2026-07-28,3
P06716,2026-07-24,2026-07-28,2
P06722,2026-07-09,2026-07-28,4
P06730,2026-07-13,2026-07-28,2
P06735,2026-07-28,2026-07-28,4
P06742,2026-06-30,2026-07-28,1
P06753,2026-07-28,2026-07-28,4
P06761,2026-07-11,2026-07-28,3
P06790,2026-07-28,2026-07-28,1
P06805,2026-07-28,2026-07-28,4
P06806,2026-07-28,2026-07-28,3
P06812,2026-07-17,2026-07-28,4
P06836,2026-07-18,2026-07-28,1
P06862,2026-07-06,2026-07-28,4
P06916,2026-07-27,2026-07-28,3
P06917,2026-07-09,2026-07-28,4
P06979,2026-07-14,2026-07-28,4
P07041,2026-07-09,2026-07-28,4
P07075,2026-07-03,2026-07-28,1
P07088,2026-07-26,2026-07-28,1
P07092,2026-07-06,2026-07-28,4
P07097,2026-07-27,2026-07-28,3
P07129,2026-07-28,2026-07-28,3
P07133,2026-07-01,2026-07-28,4
P07145,2026-06-29,2026-07-28,3
P07149,2026-07-28,2026-07-28,3
P07154,2026-07-27,2026-07-28,4
P07180,2026-07-02,2026-07-28,4
P07192,2026-07-28,2026-07-28,1
P07206,2026-07-08,2026-07-28,1
P07209,2026-07-28,2026-07-28,2
P07225,2026-07-25,2026-07-28,2
P07256,2026-07-19,2026-07-28,2
P07277,2026-07-19,2026-07-28,3
P07292,2026-07-22,2026-07-28,4
P07299,2026-07-24,2026-07-28,1
P07311,2026-07-28,2026-07-28,4
P07323,2026-07-13,2026-07-28,2
P07335,2026-07-15,2026-07-28,3
P07336,2026-07-01,2026-07-28,2
P07353,2026-07-28,2026-07-28,4
P07373,2026-07-07,2026-07-28,4
P07392,2026-07-24,2026-07-28,4
P07395,2026-07-06,2026-07-28,2
P07397,2026-07-28,2026-07-28,5
P07422,2026-07-19,2026-07-28,2
P07464,2026-07-28,2026-07-28,3
P07477,2026-07-28,2026-07-28,1
P07496,2026-07-28,2026-07-28,4
P07517,2026-07-09,2026-07-28,2
P07568,2026-07-25,2026-07-28,2
P07570,2026-07-28,2026-07-28,2
P07585,2026-07-28,2026-07-28,3
P07594,2026-07-24,2026-07-28,4
P07617,2026-07-14,2026-07-28,1
P07629,2026-07-18,2026-07-28,3
P07640,2026-07-27,2026-07-28,2
P07654,2026-07-02,2026-07-28,1
P07684,2026-06-30,2026-07-28,4
P07698,2026-07-19,2026-07-28,4
P07704,2026-07-18,2026-07-28,3
P07711,2026-07-28,2026-07-28,2
P07758,2026-07-28,2026-07-28,1
P07769,2026-07-15,2026-07-28,1
P07863,2026-07-02,2026-07-28,2
P07864,2026-07-04,2026-07-28,2
P07874,2026-07-17,2026-07-28,2
P07896,2026-07-10,2026-07-28,4
P07898,2026-07-25,2026-07-28,3
P07903,2026-07-28,2026-07-28,2
P07908,2026-06-30,2026-07-28,3
P07917,2026-07-28,2026-07-28,3
P07938,2026-07-27,2026-07-28,1
P07944,2026-07-19,2026-07-28,1
P07959,2026-07-17,2026-07-28,3
P07974,2026-07-07,2026-07-28,4
P07983,2026-07-28,2026-07-28,1
P00040,2026-07-03,2026-07-29,3
P00053,2026-07-02,2026-07-29,3
P00078,2026-07-23,2026-07-29,3
P00079,2026-07-29,2026-07-29,4
P00103,2026-07-16,2026-07-29,1
P00118,2026-07-15,2026-07-29,4
P00123,2026-07-07,2026-07-29,2
P00125,2026-07-13,2026-07-29,2
P00146,2026-07-29,2026-07-29,1
P00164,2026-07-16,2026-07-29,2
P00168,2026-07-28,2026-07-29,3
P00169,2026-07-28,2026-07-29,2
P00207,2026-07-26,2026-07-29,1
P00227,2026-07-28,2026-07-29,1
P00229,2026-07-23,2026-07-29,3
P00242,2026-07-17,2026-07-29,2
P00254,2026-07-28,2026-07-29,4
P00255,2026-07-26,2026-07-29,4
P00283,2026-07-29,2026-07-29,1
P00295,2026-07-29,2026-07-29,4
P00301,2026-07-14,2026-07-29,1
P00304,2026-07-29,2026-07-29,5
P00355,2026-07-29,2026-07-29,1
P00371,2026-07-10,2026-07-29,3
P00414,2026-07-29,2026-07-29,5
P00415,2026-07-29,2026-07-29,2
P00420,2026-07-16,2026-07-29,3
P00421,2026-07-29,2026-07-29,2
P00458,2026-07-27,2026-07-29,2
P00459,2026-07-28,2026-07-29,2
P00467,2026-07-29,2026-07-29,5
P00482,2026-07-29,2026-07-29,1
P00501,2026-07-29,2026-07-29,1
P00516,2026-07-27,2026-07-29,4
P00534,2026-07-08,2026-07-29,1
P00540,2026-07-25,2026-07-29,4
P00552,2026-07-29,2026-07-29,4
P00563,2026-07-29,2026-07-29,3
P00564,2026-07-23,2026-07-29,1
P00607,2026-07-21,2026-07-29,4
P00627,2026-07-06,2026-07-29,3
P00640,2026-07-29,2026-07-29,2
P00685,2026-07-06,2026-07-29,4
P00707,2026-07-28,2026-07-29,4
P00725,2026-07-23,2026-07-29,3
P00730,2026-07-29,2026-07-29,3
P00745,2026-07-17,2026-07-29,3
P00753,2026-07-10,2026-07-29,2
P00758,2026-07-02,2026-07-29,2
P00759,2026-06-30,2026-07-29,3
P00771,2026-07-29,2026-07-29,4
P00781,2026-07-20,2026-07-29,2
P00806,2026-07-29,2026-07-29,2
P00829,2026-07-29,2026-07-29,2
P00831,2026-07-18,2026-07-29,4
P00847,2026-07-29,2026-07-29,4
P00862,2026-07-29,2026-07-29,1
P00863,2026-07-02,2026-07-29,2
P00866,2026-06-30,2026-07-29,3
P00870,2026-07-29,2026-07-29,3
P00883,2026-07-18,2026-07-29,4
P00905,2026-07-29,2026-07-29,5
P00922,2026-07-26,2026-07-29,1
P00939,2026-07-29,2026-07-29,3
P00949,2026-07-25,2026-07-29,1
P00974,2026-07-14,2026-07-29,2
P01033,2026-07-29,2026-07-29,5
P01056,2026-07-19,2026-07-29,1
P01061,2026-07-06,2026-07-29,4
P01086,2026-07-27,2026-07-29,3
P01091,2026-07-25,2026-07-29,3
P01118,2026-07-06,2026-07-29,4
P01131,2026-07-01,2026-07-29,4
P01134,2026-07-11,2026-07-29,4
P01144,2026-07-26,2026-07-29,1
P01168,2026-07-29,2026-07-29,2
P01173,2026-07-29,2026-07-29,2
P01192,2026-07-01,2026-07-29,3
P01205,2026-07-12,2026-07-29,4
P01217,2026-07-26,2026-07-29,2
P01224,2026-07-25,2026-07-29,2
P01241,2026-07-27,2026-07-29,1
P01264,2026-07-16,2026-07-29,3
P01266,2026-07-26,2026-07-29,2
P01273,2026-07-20,2026-07-29,1
P01315,2026-06-30,2026-07-29,1
P01364,2026-07-15,2026-07-29,1
P01366,2026-07-29,2026-07-29,3
P01378,2026-07-23,2026-07-29,3
P01410,2026-07-22,2026-07-29,2
P01433,2026-07-20,2026-07-29,2
P01442,2026-07-29,2026-07-29,2
P01449,2026-07-02,2026-07-29,2
P01464,2026-07-29,2026-07-29,4
P01479,2026-07-29,2026-07-29,5
P01496,2026-06-30,2026-07-29,3
P01502,2026-07-27,2026-07-29,4
P01511,2026-07-24,2026-07-29,2
P01520,2026-06-29,2026-07-29,1
P01521,2026-07-29,2026-07-29,4
P01550,2026-07-21,2026-07-29,1
P01558,2026-07-27,2026-07-29,4
P01560,2026-07-29,2026-07-29,1
P01567,2026-07-05,2026-07-29,1
P01581,2026-07-25,2026-07-29,4
P01591,2026-07-14,2026-07-29,3
P01602,2026-07-29,2026-07-29,1
P01617,2026-07-08,2026-07-29,2
P01636,2026-07-18,2026-07-29,3
P01657,2026-07-08,2026-07-29,2
P01658,2026-07-28,2026-07-29,3
P01664,2026-07-26,2026-07-29,3
P01687,2026-07-17,2026-07-29,4
P01706,2026-07-23,2026-07-29,1
P01729,2026-07-24,2026-07-29,3
P01735,2026-07-09,2026-07-29,2
P01746,2026-07-29,2026-07-29,4
P01749,2026-07-20,2026-07-29,4
P01758,2026-07-08,2026-07-29,3
P01788,2026-07-23,2026-07-29,4
P01792,2026-07-21,2026-07-29,4
P01813,2026-07-17,2026-07-29,1
P01841,2026-07-04,2026-07-29,3
P01850,2026-07-24,2026-07-29,1
P01852,2026-07-09,2026-07-29,2
P01859,2026-07-04,2026-07-29,3
P01873,2026-07-25,2026-07-29,1
P01883,2026-07-29,2026-07-29,1
P01900,2026-07-10,2026-07-29,1
P01901,2026-07-20,2026-07-29,1
P01902,2026-07-25,2026-07-29,1
P01918,2026-07-11,2026-07-29,1
P01931,2026-07-13,2026-07-29,3
P01940,2026-07-20,2026-07-29,1
P01957,2026-07-29,2026-07-29,4
P02039,2026-07-07,2026-07-29,2
P02051,2026-07-11,2026-07-29,3
P02054,2026-07-29,2026-07-29,4
P02102,2026-07-28,2026-07-29,1
P02106,2026-07-23,2026-07-29,4
P02112,2026-07-29,2026-07-29,1
P02154,2026-07-23,2026-07-29,2
P02173,2026-07-29,2026-07-29,4
P02176,2026-06-30,2026-07-29,2
P02191,2026-07-28,2026-07-29,3
P02221,2026-07-29,2026-07-29,3
P02252,2026-07-24,2026-07-29,4
P02254,2026-07-29,2026-07-29,2
P02274,2026-07-23,2026-07-29,1
P02282,2026-07-17,2026-07-29,4
P02324,2026-07-09,2026-07-29,3
P02330,2026-07-04,2026-07-29,3
P02341,2026-07-29,2026-07-29,1
P02351,2026-07-03,2026-07-29,1
P02355,2026-07-14,2026-07-29,2
P02362,2026-07-29,2026-07-29,1
P02364,2026-07-10,2026-07-29,3
P02408,2026-07-27,2026-07-29,3
P02433,2026-07-13,2026-07-29,3
P02442,2026-07-19,2026-07-29,2
P02456,2026-07-29,2026-07-29,2
P02482,2026-07-27,2026-07-29,2
P02496,2026-07-24,2026-07-29,3
P02499,2026-07-19,2026-07-29,1
P02545,2026-07-29,2026-07-29,2
P02549,2026-07-21,2026-07-29,3
P02619,2026-07-20,2026-07-29,3
P02684,2026-07-28,2026-07-29,3
P02708,2026-07-29,2026-07-29,4
P02714,2026-07-28,2026-07-29,1
P02727,2026-07-28,2026-07-29,4
P02754,2026-07-19,2026-07-29,3
P02769,2026-07-24,2026-07-29,3
P02827,2026-07-22,2026-07-29,1
P02836,2026-07-28,2026-07-29,1
P02841,2026-07-29,2026-07-29,4
P02851,2026-07-29,2026-07-29,1
P02877,2026-07-26,2026-07-29,2
P02909,2026-07-08,2026-07-29,2
P02971,2026-07-29,2026-07-29,5
P02974,2026-07-29,2026-07-29,2
P02981,2026-07-08,2026-07-29,4
P02990,2026-07-29,2026-07-29,2
P03007,2026-07-12,2026-07-29,2
P03019,2026-07-24,2026-07-29,1
P03025,2026-07-28,2026-07-29,4
P03088,2026-07-28,2026-07-29,3
P03122,2026-07-29,2026-07-29,4
P03157,2026-06-29,2026-07-29,2
P03163,2026-07-26,2026-07-29,3
P03164,2026-07-04,2026-07-29,4
P03172,2026-07-18,2026-07-29,2
P03174,2026-07-29,2026-07-29,2
P03180,2026-07-23,2026-07-29,3
P03181,2026-07-26,2026-07-29,3
P03198,2026-07-09,2026-07-29,1
P03201,2026-07-27,2026-07-29,1
P03236,2026-07-21,2026-07-29,4
P03270,2026-07-26,2026-07-29,2
P03297,2026-07-28,2026-07-29,1
P03315,2026-07-22,2026-07-29,2
P03353,2026-07-29,2026-07-29,3
P03369,2026-07-29,2026-07-29,3
P03389,2026-07-29,2026-07-29,5
P03435,2026-07-25,2026-07-29,3
P03445,2026-07-11,2026-07-29,3
P03456,2026-07-22,2026-07-29,4
P03460,2026-07-29,2026-07-29,4
P03463,2026-07-15,2026-07-29,2
P03471,2026-07-09,2026-07-29,1
P03478,2026-07-07,2026-07-29,2
P03481,2026-07-29,2026-07-29,4
P03499,2026-07-29,2026-07-29,4
P03517,2026-07-07,2026-07-29,2
P03568,2026-07-29,2026-07-29,4
P03571,2026-07-29,2026-07-29,2
P03574,2026-07-17,2026-07-29,3
P03608,2026-07-06,2026-07-29,4
P03611,2026-07-24,2026-07-29,4
P03631,2026-07-28,2026-07-29,4
P03649,2026-07-05,2026-07-29,4
P03661,2026-07-29,2026-07-29,2
P03662,2026-07-29,2026-07-29,2
P03669,2026-07-29,2026-07-29,2
P03711,2026-07-28,2026-07-29,4
P03741,2026-07-20,2026-07-29,1
P03759,2026-07-22,2026-07-29,3
P03811,2026-07-29,2026-07-29,3
P03812,2026-07-28,2026-07-29,4
P03826,2026-07-19,2026-07-29,2
P03845,2026-07-11,2026-07-29,2
P03873,2026-07-16,2026-07-29,2
P03880,2026-07-29,2026-07-29,2
P03883,2026-07-25,2026-07-29,4
P03885,2026-07-29,2026-07-29,3
P03887,2026-07-24,2026-07-29,2
P03904,2026-07-14,2026-07-29,1
P03910,2026-07-13,2026-07-29,3
P03911,2026-07-29,2026-07-29,2
P03927,2026-07-26,2026-07-29,3
P03950,2026-07-23,2026-07-29,4
P03951,2026-07-17,2026-07-29,4
P03952,2026-07-23,2026-07-29,4
P03957,2026-07-29,2026-07-29,5
P03973,2026-07-12,2026-07-29,4
P03974,2026-07-29,2026-07-29,2
P03988,2026-07-03,2026-07-29,1
P03989,2026-07-01,2026-07-29,1
P03995,2026-07-29,2026-07-29,4
P04022,2026-07-08,2026-07-29,1
P04043,2026-06-30,2026-07-29,4
P04069,2026-07-07,2026-07-29,1
P04117,2026-07-29,2026-07-29,4
P04121,2026-07-29,2026-07-29,5
P04123,2026-07-05,2026-07-29,4
P04124,2026-07-29,2026-07-29,2
P04125,2026-07-22,2026-07-29,1
P04140,2026-07-03,2026-07-29,3
P04143,2026-07-29,2026-07-29,3
P04163,2026-07-16,2026-07-29,2
P04168,2026-06-30,2026-07-29,2
P04193,2026-06-30,2026-07-29,3
P04194,2026-07-27,2026-07-29,4
P04202,2026-07-12,2026-07-29,1
P04218,2026-07-29,2026-07-29,3
P04220,2026-07-13,2026-07-29,4
P04227,2026-07-22,2026-07-29,4
P04296,2026-07-29,2026-07-29,4
P04301,2026-07-17,2026-07-29,3
P04318,2026-07-28,2026-07-29,4
P04335,2026-07-27,2026-07-29,1
P04338,2026-07-21,2026-07-29,1
P04344,2026-07-24,2026-07-29,2
P04373,2026-07-28,2026-07-29,2
P04397,2026-07-25,2026-07-29,1
P04435,2026-07-16,2026-07-29,1
P04452,2026-07-29,2026-07-29,5
P04466,2026-07-28,2026-07-29,1
P04476,2026-07-24,2026-07-29,3
P04483,2026-07-05,2026-07-29,2
P04492,2026-07-29,2026-07-29,5
P04494,2026-07-26,2026-07-29,1
P04500,2026-07-20,2026-07-29,4
P04503,2026-07-29,2026-07-29,1
P04507,2026-06-29,2026-07-29,1
P04532,2026-07-29,2026-07-29,1
P04541,2026-07-22,2026-07-29,1
P04576,2026-07-26,2026-07-29,2
P04592,2026-07-29,2026-07-29,3
P04613,2026-07-06,2026-07-29,3
P04626,2026-07-26,2026-07-29,1
P04646,2026-07-29,2026-07-29,3
P04661,2026-07-22,2026-07-29,4
P04669,2026-07-25,2026-07-29,3
P04671,2026-07-28,2026-07-29,4
P04690,2026-07-05,2026-07-29,4
P04691,2026-07-26,2026-07-29,2
P04692,2026-07-29,2026-07-29,5
P04711,2026-07-21,2026-07-29,2
P04713,2026-07-27,2026-07-29,1
P04719,2026-07-29,2026-07-29,2
P04735,2026-07-28,2026-07-29,2
P04761,2026-07-29,2026-07-29,5
P04776,2026-07-17,2026-07-29,3
P04785,2026-07-29,2026-07-29,4
P04788,2026-07-21,2026-07-29,1
P04790,2026-07-25,2026-07-29,1
P04791,2026-07-18,2026-07-29,1
P04799,2026-07-04,2026-07-29,4
P04806,2026-07-29,2026-07-29,2
P04816,2026-07-11,2026-07-29,3
P04849,2026-07-29,2026-07-29,5
P04927,2026-07-27,2026-07-29,3
P04932,2026-07-29,2026-07-29,1
P04960,2026-07-19,2026-07-29,3
P04974,2026-07-27,2026-07-29,2
P05002,2026-07-22,2026-07-29,3
P05017,2026-07-28,2026-07-29,3
P05019,2026-07-29,2026-07-29,2
P05022,2026-07-29,2026-07-29,4
P05048,2026-07-26,2026-07-29,4
P05069,2026-07-24,2026-07-29,2
P05072,2026-07-29,2026-07-29,5
P05086,2026-07-17,2026-07-29,2
P05093,2026-07-21,2026-07-29,2
P05107,2026-07-29,2026-07-29,1
P05128,2026-07-19,2026-07-29,2
P05129,2026-07-18,2026-07-29,1
P05135,2026-06-30,2026-07-29,2
P05169,2026-07-24,2026-07-29,4
P05173,2026-07-29,2026-07-29,3
P05176,2026-07-03,2026-07-29,4
P05205,2026-07-26,2026-07-29,1
P05208,2026-07-28,2026-07-29,3
P05232,2026-07-28,2026-07-29,3
P05251,2026-07-29,2026-07-29,4
P05252,2026-07-03,2026-07-29,2
P05292,2026-07-29,2026-07-29,3
P05295,2026-07-17,2026-07-29,3
P05324,2026-07-29,2026-07-29,3
P05354,2026-07-29,2026-07-29,4
P05363,2026-07-29,2026-07-29,3
P05365,2026-07-29,2026-07-29,3
P05369,2026-07-29,2026-07-29,4
P05377,2026-07-28,2026-07-29,3
P05381,2026-07-28,2026-07-29,4
P05385,2026-07-03,2026-07-29,2
P05391,2026-07-29,2026-07-29,3
P05404,2026-07-29,2026-07-29,3
P05410,2026-06-29,2026-07-29,3
P05435,2026-07-29,2026-07-29,2
P05449,2026-07-17,2026-07-29,4
P05451,2026-07-25,2026-07-29,4
P05465,2026-07-25,2026-07-29,1
P05524,2026-07-18,2026-07-29,2
P05527,2026-07-15,2026-07-29,1
P05528,2026-07-29,2026-07-29,3
P05554,2026-07-23,2026-07-29,4
P05590,2026-07-29,2026-07-29,3
P05592,2026-07-28,2026-07-29,1
P05609,2026-07-27,2026-07-29,4
P05615,2026-07-12,2026-07-29,1
P05619,2026-07-09,2026-07-29,3
P05635,2026-07-15,2026-07-29,1
P05651,2026-07-03,2026-07-29,2
P05658,2026-07-12,2026-07-29,2
P05672,2026-07-27,2026-07-29,2
P05677,2026-07-28,2026-07-29,4
P05707,2026-07-16,2026-07-29,2
P05782,2026-07-28,2026-07-29,1
P05816,2026-07-29,2026-07-29,3
P05843,2026-07-29,2026-07-29,3
P05915,2026-07-29,2026-07-29,1
P05984,2026-07-21,2026-07-29,2
P06004,2026-07-29,2026-07-29,4
P06030,2026-07-21,2026-07-29,3
P06048,2026-07-26,2026-07-29,1
P06060,2026-07-18,2026-07-29,3
P06083,2026-07-22,2026-07-29,2
P06118,2026-07-01,2026-07-29,1
P06156,2026-07-12,2026-07-29,2
P06161,2026-07-15,2026-07-29,1
P06172,2026-07-22,2026-07-29,4
P06174,2026-07-28,2026-07-29,2
P06176,2026-06-30,2026-07-29,1
P06195,2026-06-30,2026-07-29,4
P06228,2026-07-05,2026-07-29,4
P06242,2026-07-29,2026-07-29,5
P06267,2026-07-29,2026-07-29,4
P06285,2026-07-16,2026-07-29,4
P06321,2026-07-29,2026-07-29,3
P06322,2026-07-28,2026-07-29,3
P06326,2026-07-29,2026-07-29,1
P06349,2026-06-30,2026-07-29,1
P06363,2026-07-12,2026-07-29,2
P06377,2026-07-12,2026-07-29,1
P06384,2026-07-29,2026-07-29,4
P06418,2026-07-05,2026-07-29,4
P06441,2026-07-22,2026-07-29,4
P06533,2026-07-26,2026-07-29,2
P06567,2026-07-24,2026-07-29,2
P06592,2026-07-29,2026-07-29,5
P06610,2026-07-02,2026-07-29,1
P06618,2026-07-21,2026-07-29,2
P06637,2026-07-20,2026-07-29,2
P06705,2026-07-19,2026-07-29,1
P06741,2026-07-29,2026-07-29,4
P06751,2026-07-01,2026-07-29,1
P06754,2026-07-25,2026-07-29,3
P06756,2026-07-07,2026-07-29,1
P06785,2026-07-29,2026-07-29,2
P06794,2026-07-18,2026-07-29,4
P06805,2026-07-28,2026-07-29,4
P06861,2026-07-29,2026-07-29,5
P06882,2026-07-19,2026-07-29,1
P06884,2026-07-29,2026-07-29,3
P06896,2026-07-27,2026-07-29,2
P06918,2026-07-06,2026-07-29,2
P06934,2026-07-24,2026-07-29,1
P06936,2026-07-29,2026-07-29,5
P06940,2026-07-29,2026-07-29,3
P06948,2026-07-29,2026-07-29,4
P06951,2026-07-21,2026-07-29,1
P06978,2026-07-29,2026-07-29,5
P06986,2026-07-29,2026-07-29,1
P07014,2026-07-23,2026-07-29,3
P07044,2026-07-17,2026-07-29,4
P07054,2026-07-26,2026-07-29,4
P07061,2026-07-19,2026-07-29,2
P07083,2026-07-16,2026-07-29,2
P07084,2026-07-29,2026-07-29,5
P07091,2026-07-13,2026-07-29,1
P07097,2026-07-27,2026-07-29,1
P07127,2026-07-16,2026-07-29,4
P07129,2026-07-28,2026-07-29,1
P07132,2026-07-15,2026-07-29,2
P07153,2026-07-29,2026-07-29,3
P07163,2026-07-29,2026-07-29,4
P07164,2026-07-23,2026-07-29,2
P07165,2026-07-26,2026-07-29,3
P07183,2026-07-29,2026-07-29,1
P07189,2026-07-17,2026-07-29,2
P07190,2026-07-04,2026-07-29,1
P07277,2026-07-19,2026-07-29,4
P07281,2026-07-27,2026-07-29,2
P07282,2026-07-29,2026-07-29,3
P07299,2026-07-24,2026-07-29,3
P07344,2026-07-12,2026-07-29,1
P07369,2026-07-13,2026-07-29,4
P07392,2026-07-24,2026-07-29,2
P07403,2026-07-04,2026-07-29,4
P07433,2026-07-18,2026-07-29,3
P07473,2026-07-03,2026-07-29,1
P07477,2026-07-28,2026-07-29,4
P07496,2026-07-28,2026-07-29,2
P07561,2026-07-29,2026-07-29,1
P07566,2026-07-29,2026-07-29,2
P07568,2026-07-25,2026-07-29,4
P07570,2026-07-28,2026-07-29,2
P07608,2026-06-30,2026-07-29,1
P07618,2026-07-11,2026-07-29,2
P07655,2026-07-29,2026-07-29,4
P07664,2026-07-29,2026-07-29,2
P07698,2026-07-19,2026-07-29,1
P07718,2026-07-20,2026-07-29,2
P07738,2026-07-01,2026-07-29,4
P07759,2026-07-29,2026-07-29,4
P07767,2026-07-08,2026-07-29,3
P07783,2026-07-07,2026-07-29,3
P07809,2026-07-06,2026-07-29,1
P07847,2026-07-10,2026-07-29,2
P07856,2026-07-05,2026-07-29,3
P07866,2026-07-11,2026-07-29,4
P07878,2026-07-23,2026-07-29,4
P07898,2026-07-25,2026-07-29,2
P07917,2026-07-28,2026-07-29,3
P07931,2026-07-08,2026-07-29,1
P07943,2026-07-29,2026-07-29,3
P07957,2026-07-29,2026-07-29,2
P07966,2026-07-27,2026-07-29,3
P07983,2026-07-28,2026-07-29,1
P00002,2026-07-26,2026-07-30,4
P00008,2026-07-05,2026-07-30,1
P00014,2026-07-25,2026-07-30,3
P00028,2026-07-30,2026-07-30,3
P00040,2026-07-03,2026-07-30,2
P00063,2026-07-16,2026-07-30,3
P00067,2026-07-19,2026-07-30,2
P00072,2026-07-30,2026-07-30,2
P00076,2026-07-26,2026-07-30,2
P00078,2026-07-23,2026-07-30,1
P00098,2026-07-27,2026-07-30,1
P00110,2026-07-21,2026-07-30,3
P00168,2026-07-28,2026-07-30,2
P00221,2026-07-30,2026-07-30,4
P00229,2026-07-23,2026-07-30,3
P00242,2026-07-17,2026-07-30,2
P00255,2026-07-26,2026-07-30,1
P00263,2026-07-11,2026-07-30,2
P00274,2026-07-21,2026-07-30,1
P00291,2026-07-13,2026-07-30,2
P00321,2026-07-30,2026-07-30,4
P00376,2026-07-02,2026-07-30,2
P00392,2026-07-30,2026-07-30,3
P00415,2026-07-29,2026-07-30,3
P00422,2026-07-19,2026-07-30,3
P00424,2026-07-19,2026-07-30,2
P00427,2026-07-18,2026-07-30,3
P00430,2026-07-30,2026-07-30,5
P00443,2026-07-25,2026-07-30,1
P00444,2026-07-23,2026-07-30,1
P00450,2026-06-30,2026-07-30,4
P00458,2026-07-27,2026-07-30,1
P00473,2026-06-30,2026-07-30,4
P00484,2026-07-18,2026-07-30,1
P00503,2026-07-13,2026-07-30,4
P00554,2026-07-30,2026-07-30,3
P00556,2026-07-25,2026-07-30,2
P00595,2026-07-22,2026-07-30,3
P00597,2026-07-02,2026-07-30,3
P00600,2026-07-17,2026-07-30,2
P00607,2026-07-21,2026-07-30,4
P00633,2026-07-20,2026-07-30,3
P00662,2026-07-19,2026-07-30,3
P00680,2026-07-28,2026-07-30,1
P00684,2026-07-30,2026-07-30,5
P00697,2026-07-10,2026-07-30,1
P00707,2026-07-28,2026-07-30,1
P00725,2026-07-23,2026-07-30,1
P00726,2026-07-18,2026-07-30,3
P00742,2026-07-30,2026-07-30,1
P00760,2026-07-25,2026-07-30,1
P00771,2026-07-29,2026-07-30,2
P00806,2026-07-29,2026-07-30,4
P00831,2026-07-18,2026-07-30,2
P00847,2026-07-29,2026-07-30,4
P00869,2026-07-07,2026-07-30,3
P00905,2026-07-29,2026-07-30,3
P00907,2026-07-22,2026-07-30,4
P00922,2026-07-26,2026-07-30,3
P00926,2026-07-11,2026-07-30,1
P00930,2026-07-19,2026-07-30,1
P00955,2026-07-30,2026-07-30,4
P00965,2026-07-04,2026-07-30,3
P00974,2026-07-14,2026-07-30,2
P00981,2026-07-16,2026-07-30,1
P01002,2026-07-04,2026-07-30,4
P01014,2026-07-30,2026-07-30,5
P01033,2026-07-29,2026-07-30,1
P01056,2026-07-19,2026-07-30,4
P01100,2026-07-11,2026-07-30,2
P01126,2026-07-08,2026-07-30,3
P01138,2026-07-28,2026-07-30,4
P01146,2026-07-30,2026-07-30,1
P01150,2026-07-26,2026-07-30,1
P01164,2026-07-30,2026-07-30,5
P01167,2026-07-30,2026-07-30,3
P01168,2026-07-29,2026-07-30,4
P01171,2026-07-17,2026-07-30,1
P01180,2026-07-30,2026-07-30,1
P01192,2026-07-01,2026-07-30,2
P01203,2026-07-30,2026-07-30,3
P01219,2026-07-28,2026-07-30,2
P01224,2026-07-25,2026-07-30,4
P01226,2026-07-30,2026-07-30,5
P01252,2026-07-24,2026-07-30,1
P01264,2026-07-16,2026-07-30,3
P01291,2026-07-03,2026-07-30,1
P01305,2026-07-30,2026-07-30,2
P01311,2026-07-04,2026-07-30,4
P01339,2026-07-26,2026-07-30,3
P01340,2026-07-14,2026-07-30,4
P01368,2026-07-20,2026-07-30,4
P01369,2026-07-24,2026-07-30,3
P01385,2026-07-16,2026-07-30,4
P01418,2026-07-30,2026-07-30,1
P01420,2026-07-18,2026-07-30,3
P01455,2026-07-05,2026-07-30,1
P01479,2026-07-29,2026-07-30,1
P01488,2026-07-12,2026-07-30,1
P01499,2026-07-28,2026-07-30,4
P01500,2026-07-30,2026-07-30,2
P01502,2026-07-27,2026-07-30,3
P01514,2026-07-21,2026-07-30,4
P01521,2026-07-29,2026-07-30,4
P01527,2026-07-25,2026-07-30,4
P01530,2026-07-03,2026-07-30,4
P01531,2026-07-28,2026-07-30,1
P01556,2026-07-30,2026-07-30,1
P01560,2026-07-29,2026-07-30,2
P01561,2026-07-12,2026-07-30,1
P01585,2026-07-14,2026-07-30,3
P01599,2026-07-23,2026-07-30,1
P01602,2026-07-29,2026-07-30,3
P01604,2026-07-30,2026-07-30,4
P01607,2026-07-06,2026-07-30,1
P01617,2026-07-08,2026-07-30,4
P01664,2026-07-26,2026-07-30,3
P01668,2026-07-27,2026-07-30,3
P01699,2026-07-26,2026-07-30,2
P01700,2026-07-12,2026-07-30,1
P01719,2026-07-30,2026-07-30,4
P01728,2026-07-30,2026-07-30,3
P01787,2026-07-30,2026-07-30,1
P01841,2026-07-04,2026-07-30,3
P01873,2026-07-25,2026-07-30,1
P01883,2026-07-29,2026-07-30,4
P01891,2026-07-30,2026-07-30,3
P01909,2026-07-21,2026-07-30,2
P01915,2026-07-03,2026-07-30,1
P01930,2026-07-25,2026-07-30,4
P01944,2026-07-30,2026-07-30,4
P01957,2026-07-29,2026-07-30,4
P01972,2026-07-21,2026-07-30,2
P01995,2026-07-30,2026-07-30,1
P01999,2026-07-19,2026-07-30,4
P02001,2026-07-24,2026-07-30,2
P02019,2026-07-30,2026-07-30,4
P02027,2026-07-27,2026-07-30,3
P02039,2026-07-07,2026-07-30,3
P02050,2026-07-30,2026-07-30,5
P02054,2026-07-29,2026-07-30,1
P02077,2026-07-30,2026-07-30,4
P02088,2026-07-23,2026-07-30,3
P02094,2026-07-17,2026-07-30,4
P02132,2026-07-20,2026-07-30,1
P02141,2026-07-30,2026-07-30,2
P02169,2026-07-12,2026-07-30,4
P02191,2026-07-28,2026-07-30,2
P02194,2026-07-30,2026-07-30,2
P02221,2026-07-29,2026-07-30,4
P02224,2026-07-16,2026-07-30,4
P02254,2026-07-29,2026-07-30,4
P02260,2026-07-28,2026-07-30,3
P02263,2026-07-20,2026-07-30,1
P02274,2026-07-23,2026-07-30,4
P02283,2026-07-04,2026-07-30,2
P02290,2026-07-30,2026-07-30,2
P02330,2026-07-04,2026-07-30,4
P02331,2026-07-16,2026-07-30,1
P02341,2026-07-29,2026-07-30,3
P02342,2026-07-13,2026-07-30,3
P02344,2026-07-16,2026-07-30,4
P02373,2026-07-28,2026-07-30,3
P02378,2026-07-28,2026-07-30,1
P02392,2026-07-30,2026-07-30,4
P02406,2026-07-03,2026-07-30,1
P02418,2026-07-12,2026-07-30,1
P02441,2026-07-19,2026-07-30,4
P02448,2026-07-09,2026-07-30,2
P02459,2026-07-09,2026-07-30,3
P02463,2026-07-20,2026-07-30,4
P02465,2026-07-27,2026-07-30,2
P02482,2026-07-27,2026-07-30,3
P02491,2026-07-22,2026-07-30,1
P02516,2026-07-30,2026-07-30,1
P02547,2026-07-12,2026-07-30,3
P02573,2026-07-30,2026-07-30,3
P02580,2026-07-03,2026-07-30,2
P02591,2026-07-10,2026-07-30,4
P02598,2026-07-30,2026-07-30,4
P02627,2026-07-30,2026-07-30,4
P02632,2026-07-19,2026-07-30,1
P02650,2026-07-02,2026-07-30,4
P02656,2026-07-30,2026-07-30,1
P02673,2026-07-30,2026-07-30,2
P02684,2026-07-28,2026-07-30,4
P02710,2026-07-30,2026-07-30,1
P02727,2026-07-28,2026-07-30,3
P02740,2026-07-25,2026-07-30,2
P02769,2026-07-24,2026-07-30,3
P02816,2026-07-23,2026-07-30,2
P02835,2026-07-30,2026-07-30,1
P02881,2026-07-16,2026-07-30,3
P02898,2026-07-25,2026-07-30,1
P02902,2026-07-30,2026-07-30,3
P02912,2026-07-30,2026-07-30,2
P02918,2026-07-30,2026-07-30,4
P02944,2026-07-30,2026-07-30,2
P02946,2026-07-01,2026-07-30,2
P02949,2026-07-30,2026-07-30,4
P02959,2026-07-06,2026-07-30,1
P02974,2026-07-29,2026-07-30,3
P02976,2026-07-30,2026-07-30,5
P02995,2026-07-07,2026-07-30,4
P03043,2026-07-30,2026-07-30,2
P03046,2026-07-30,2026-07-30,3
P03048,2026-07-30,2026-07-30,4
P03067,2026-07-30,2026-07-30,3
P03106,2026-07-30,2026-07-30,3
P03113,2026-07-27,2026-07-30,3
P03123,2026-07-25,2026-07-30,2
P03131,2026-07-30,2026-07-30,4
P03139,2026-07-13,2026-07-30,1
P03142,2026-07-17,2026-07-30,4
P03154,2026-07-08,2026-07-30,3
P03163,2026-07-26,2026-07-30,4
P03166,2026-07-12,2026-07-30,3
P03167,2026-07-27,2026-07-30,3
P03201,2026-07-27,2026-07-30,3
P03230,2026-07-25,2026-07-30,1
P03239,2026-07-30,2026-07-30,5
P03248,2026-07-05,2026-07-30,3
P03255,2026-07-03,2026-07-30,3
P03260,2026-07-30,2026-07-30,5
P03270,2026-07-26,2026-07-30,2
P03279,2026-07-11,2026-07-30,2
P03315,2026-07-22,2026-07-30,1
P03327,2026-07-15,2026-07-30,1
P03336,2026-07-15,2026-07-30,3
P03462,2026-07-18,2026-07-30,2
P03482,2026-07-22,2026-07-30,3
P03498,2026-07-12,2026-07-30,4
P03502,2026-07-30,2026-07-30,1
P03517,2026-07-07,2026-07-30,3
P03529,2026-07-18,2026-07-30,4
P03544,2026-07-30,2026-07-30,1
P03547,2026-07-18,2026-07-30,4
P03551,2026-07-28,2026-07-30,4
P03557,2026-07-30,2026-07-30,2
P03559,2026-07-10,2026-07-30,1
P03571,2026-07-29,2026-07-30,4
P03581,2026-07-22,2026-07-30,3
P03586,2026-07-17,2026-07-30,4
P03593,2026-07-28,2026-07-30,1
P03605,2026-07-30,2026-07-30,2
P03631,2026-07-28,2026-07-30,4
P03639,2026-07-02,2026-07-30,1
P03662,2026-07-29,2026-07-30,1
P03669,2026-07-29,2026-07-30,2
P03670,2026-07-30,2026-07-30,3
P03672,2026-07-23,2026-07-30,3
P03703,2026-07-19,2026-07-30,3
P03709,2026-07-17,2026-07-30,4
P03725,2026-06-30,2026-07-30,3
P03773,2026-07-06,2026-07-30,1
P03790,2026-07-24,2026-07-30,4
P03800,2026-07-19,2026-07-30,1
P03814,2026-07-15,2026-07-30,2
P03831,2026-07-02,2026-07-30,3
P03851,2026-07-13,2026-07-30,4
P03873,2026-07-16,2026-07-30,4
P03880,2026-07-29,2026-07-30,2
P03883,2026-07-25,2026-07-30,3
P03922,2026-07-30,2026-07-30,2
P03927,2026-07-26,2026-07-30,1
P03950,2026-07-23,2026-07-30,2
P03974,2026-07-29,2026-07-30,3
P03992,2026-07-30,2026-07-30,4
P03993,2026-07-10,2026-07-30,4
P03995,2026-07-29,2026-07-30,4
P04024,2026-07-08,2026-07-30,4
P04034,2026-07-24,2026-07-30,2
P04039,2026-07-12,2026-07-30,2
P04056,2026-07-30,2026-07-30,4
P04073,2026-07-30,2026-07-30,3
P04090,2026-07-30,2026-07-30,1
P04099,2026-07-24,2026-07-30,3
P04110,2026-07-01,2026-07-30,3
P04121,2026-07-29,2026-07-30,1
P04139,2026-07-07,2026-07-30,2
P04141,2026-07-21,2026-07-30,3
P04143,2026-07-29,2026-07-30,2
P04146,2026-07-20,2026-07-30,3
P04154,2026-07-30,2026-07-30,4
P04168,2026-06-30,2026-07-30,1
P04181,2026-07-06,2026-07-30,1
P04183,2026-07-11,2026-07-30,1
P04187,2026-07-04,2026-07-30,1
P04196,2026-07-09,2026-07-30,1
P04204,2026-07-24,2026-07-30,4
P04206,2026-07-28,2026-07-30,3
P04213,2026-07-17,2026-07-30,1
P04215,2026-07-18,2026-07-30,1
P04217,2026-07-30,2026-07-30,4
P04226,2026-07-30,2026-07-30,3
P04234,2026-07-23,2026-07-30,2
P04245,2026-07-30,2026-07-30,1
P04247,2026-07-18,2026-07-30,1
P04277,2026-07-30,2026-07-30,1
P04296,2026-07-29,2026-07-30,2
P04335,2026-07-27,2026-07-30,3
P04363,2026-07-09,2026-07-30,1
P04383,2026-07-21,2026-07-30,1
P04392,2026-07-08,2026-07-30,1
P04396,2026-07-30,2026-07-30,2
P04397,2026-07-25,2026-07-30,4
P04412,2026-07-19,2026-07-30,3
P04415,2026-07-30,2026-07-30,1
P04419,2026-07-11,2026-07-30,1
P04433,2026-07-30,2026-07-30,1
P04443,2026-07-27,2026-07-30,4
P04445,2026-07-30,2026-07-30,2
P04452,2026-07-29,2026-07-30,2
P04455,2026-07-15,2026-07-30,4
P04479,2026-07-30,2026-07-30,2
P04487,2026-07-14,2026-07-30,3
P04493,2026-07-27,2026-07-30,3
P04494,2026-07-26,2026-07-30,3
P04502,2026-07-30,2026-07-30,1
P04532,2026-07-29,2026-07-30,1
P04541,2026-07-22,2026-07-30,4
P04568,2026-07-24,2026-07-30,4
P04572,2026-07-04,2026-07-30,1
P04579,2026-07-01,2026-07-30,4
P04584,2026-07-26,2026-07-30,1
P04586,2026-07-07,2026-07-30,4
P04600,2026-07-11,2026-07-30,4
P04610,2026-07-11,2026-07-30,2
P04626,2026-07-26,2026-07-30,1
P04632,2026-07-21,2026-07-30,2
P04643,2026-07-18,2026-07-30,3
P04646,2026-07-29,2026-07-30,2
P04655,2026-07-30,2026-07-30,1
P04671,2026-07-28,2026-07-30,2
P04676,2026-07-07,2026-07-30,4
P04691,2026-07-26,2026-07-30,3
P04692,2026-07-29,2026-07-30,2
P04693,2026-07-15,2026-07-30,2
P04707,2026-07-12,2026-07-30,3
P04719,2026-07-29,2026-07-30,1
P04723,2026-07-16,2026-07-30,2
P04732,2026-07-03,2026-07-30,2
P04747,2026-07-20,2026-07-30,2
P04748,2026-07-30,2026-07-30,2
P04764,2026-07-30,2026-07-30,5
P04775,2026-07-08,2026-07-30,2
P04788,2026-07-21,2026-07-30,3
P04789,2026-07-30,2026-07-30,2
P04850,2026-07-10,2026-07-30,4
P04910,2026-07-30,2026-07-30,1
P04930,2026-07-05,2026-07-30,1
P04931,2026-07-27,2026-07-30,3
P04942,2026-07-22,2026-07-30,3
P04957,2026-07-17,2026-07-30,2
P04964,2026-07-04,2026-07-30,2
P04975,2026-07-30,2026-07-30,3
P05019,2026-07-29,2026-07-30,4
P05026,2026-07-26,2026-07-30,4
P05043,2026-07-23,2026-07-30,2
P05069,2026-07-24,2026-07-30,1
P05072,2026-07-29,2026-07-30,1
P05080,2026-07-20,2026-07-30,4
P05090,2026-07-30,2026-07-30,4
P05112,2026-07-19,2026-07-30,2
P05115,2026-07-26,2026-07-30,3
P05124,2026-07-30,2026-07-30,3
P05128,2026-07-19,2026-07-30,1
P05133,2026-07-11,2026-07-30,4
P05135,2026-06-30,2026-07-30,4
P05143,2026-07-25,2026-07-30,2
P05152,2026-07-13,2026-07-30,2
P05160,2026-07-23,2026-07-30,2
P05198,2026-07-21,2026-07-30,1
P05205,2026-07-26,2026-07-30,4
P05225,2026-07-30,2026-07-30,4
P05243,2026-07-30,2026-07-30,1
P05251,2026-07-29,2026-07-30,1
P05256,2026-07-16,2026-07-30,4
P05257,2026-07-27,2026-07-30,2
P05274,2026-07-13,2026-07-30,3
P05285,2026-07-13,2026-07-30,2
P05312,2026-07-23,2026-07-30,4
P05314,2026-07-30,2026-07-30,1
P05340,2026-07-30,2026-07-30,3
P05365,2026-07-29,2026-07-30,3
P05377,2026-07-28,2026-07-30,1
P05386,2026-07-30,2026-07-30,4
P05402,2026-07-24,2026-07-30,1
P05404,2026-07-29,2026-07-30,3
P05435,2026-07-29,2026-07-30,4
P05460,2026-07-30,2026-07-30,4
P05465,2026-07-25,2026-07-30,4
P05472,2026-07-30,2026-07-30,4
P05487,2026-07-30,2026-07-30,2
P05513,2026-07-24,2026-07-30,4
P05527,2026-07-15,2026-07-30,2
P05529,2026-07-20,2026-07-30,1
P05550,2026-07-23,2026-07-30,1
P05554,2026-07-23,2026-07-30,3
P05574,2026-07-23,2026-07-30,4
P05576,2026-07-23,2026-07-30,2
P05603,2026-06-30,2026-07-30,3
P05611,2026-07-28,2026-07-30,4
P05613,2026-07-23,2026-07-30,3
P05620,2026-07-30,2026-07-30,2
P05628,2026-07-27,2026-07-30,2
P05672,2026-07-27,2026-07-30,3
P05683,2026-07-30,2026-07-30,4
P05703,2026-07-01,2026-07-30,3
P05719,2026-07-23,2026-07-30,4
P05724,2026-07-30,2026-07-30,5
P05727,2026-07-30,2026-07-30,2
P05731,2026-07-30,2026-07-30,5
P05746,2026-07-15,2026-07-30,3
P05782,2026-07-28,2026-07-30,3
P05814,2026-07-30,2026-07-30,5
P05831,2026-07-30,2026-07-30,5
P05843,2026-07-29,2026-07-30,3
P05885,2026-07-21,2026-07-30,2
P05896,2026-07-30,2026-07-30,5
P05911,2026-07-10,2026-07-30,3
P05929,2026-07-30,2026-07-30,5
P05942,2026-07-27,2026-07-30,1
P05961,2026-07-18,2026-07-30,2
P05990,2026-07-30,2026-07-30,3
P06010,2026-07-03,2026-07-30,3
P06039,2026-07-30,2026-07-30,5
P06041,2026-07-25,2026-07-30,3
P06082,2026-07-07,2026-07-30,2
P06093,2026-07-27,2026-07-30,4
P06115,2026-07-09,2026-07-30,4
P06116,2026-07-19,2026-07-30,1
P06141,2026-06-30,2026-07-30,1
P06143,2026-07-30,2026-07-30,5
P06159,2026-07-26,2026-07-30,3
P06187,2026-07-30,2026-07-30,5
P06208,2026-07-28,2026-07-30,4
P06219,2026-07-27,2026-07-30,1
P06251,2026-07-01,2026-07-30,2
P06256,2026-07-26,2026-07-30,2
P06264,2026-07-23,2026-07-30,4
P06265,2026-07-27,2026-07-30,3
P06324,2026-07-25,2026-07-30,1
P06326,2026-07-29,2026-07-30,3
P06338,2026-07-27,2026-07-30,2
P06346,2026-07-21,2026-07-30,2
P06380,2026-07-23,2026-07-30,4
P06407,2026-07-26,2026-07-30,4
P06423,2026-07-16,2026-07-30,1
P06433,2026-07-30,2026-07-30,5
P06470,2026-07-30,2026-07-30,3
P06475,2026-07-23,2026-07-30,3
P06479,2026-07-09,2026-07-30,4
P06481,2026-07-24,2026-07-30,3
P06533,2026-07-26,2026-07-30,4
P06557,2026-07-30,2026-07-30,3
P06563,2026-07-13,2026-07-30,2
P06567,2026-07-24,2026-07-30,1
P06575,2026-07-09,2026-07-30,2
P06588,2026-07-25,2026-07-30,1
P06611,2026-07-26,2026-07-30,4
P06624,2026-07-30,2026-07-30,4
P06641,2026-07-30,2026-07-30,3
P06658,2026-07-23,2026-07-30,4
P06695,2026-07-30,2026-07-30,5
P06705,2026-07-19,2026-07-30,1
P06709,2026-07-15,2026-07-30,3
P06742,2026-06-30,2026-07-30,1
P06751,2026-07-01,2026-07-30,4
P06758,2026-07-06,2026-07-30,2
P06763,2026-07-19,2026-07-30,2
P06824,2026-07-26,2026-07-30,2
P06831,2026-07-27,2026-07-30,1
P06882,2026-07-19,2026-07-30,1
P06884,2026-07-29,2026-07-30,2
P06888,2026-07-30,2026-07-30,1
P06936,2026-07-29,2026-07-30,4
P06940,2026-07-29,2026-07-30,2
P06986,2026-07-29,2026-07-30,3
P07061,2026-07-19,2026-07-30,1
P07083,2026-07-16,2026-07-30,2
P07107,2026-07-30,2026-07-30,5
P07121,2026-07-30,2026-07-30,2
P07133,2026-07-01,2026-07-30,2
P07135,2026-07-19,2026-07-30,2
P07136,2026-07-07,2026-07-30,1
P07190,2026-07-04,2026-07-30,4
P07216,2026-07-30,2026-07-30,3
P07222,2026-07-30,2026-07-30,3
P07230,2026-07-14,2026-07-30,3
P07238,2026-07-30,2026-07-30,3
P07245,2026-07-17,2026-07-30,3
P07254,2026-07-30,2026-07-30,5
P07255,2026-06-30,2026-07-30,4
P07261,2026-07-06,2026-07-30,4
P07282,2026-07-29,2026-07-30,2
P07290,2026-07-09,2026-07-30,2
P07292,2026-07-22,2026-07-30,1
P07306,2026-07-30,2026-07-30,3
P07316,2026-07-04,2026-07-30,4
P07328,2026-07-30,2026-07-30,2
P07335,2026-07-15,2026-07-30,4
P07373,2026-07-07,2026-07-30,2
P07403,2026-07-04,2026-07-30,2
P07404,2026-07-08,2026-07-30,1
P07451,2026-07-20,2026-07-30,4
P07452,2026-07-02,2026-07-30,4
P07464,2026-07-28,2026-07-30,1
P07466,2026-07-07,2026-07-30,4
P07517,2026-07-09,2026-07-30,4
P07539,2026-07-30,2026-07-30,5
P07548,2026-07-30,2026-07-30,5
P07555,2026-07-22,2026-07-30,2
P07568,2026-07-25,2026-07-30,2
P07575,2026-07-17,2026-07-30,1
P07584,2026-07-22,2026-07-30,2
P07594,2026-07-24,2026-07-30,4
P07605,2026-07-19,2026-07-30,3
P07609,2026-06-30,2026-07-30,4
P07610,2026-07-24,2026-07-30,3
P07615,2026-07-20,2026-07-30,4
P07631,2026-07-27,2026-07-30,3
P07639,2026-07-26,2026-07-30,1
P07640,2026-07-27,2026-07-30,2
P07645,2026-07-30,2026-07-30,4
P07682,2026-07-30,2026-07-30,1
P07721,2026-07-11,2026-07-30,1
P07746,2026-07-06,2026-07-30,3
P07761,2026-07-30,2026-07-30,5
P07770,2026-07-30,2026-07-30,4
P07828,2026-07-24,2026-07-30,4
P07852,2026-07-30,2026-07-30,4
P07856,2026-07-05,2026-07-30,2
P07889,2026-07-30,2026-07-30,4
P07896,2026-07-10,2026-07-30,4
P07901,2026-07-04,2026-07-30,4
P07921,2026-07-27,2026-07-30,2
P07931,2026-07-08,2026-07-30,4
P07937,2026-07-30,2026-07-30,1
P07938,2026-07-27,2026-07-30,1
P07941,2026-07-23,2026-07-30,3
P07975,2026-07-03,2026-07-30,2
P07983,2026-07-28,2026-07-30,2
P00009,2026-07-19,2026-07-31,1
P00038,2026-07-09,2026-07-31,1
P00063,2026-07-16,2026-07-31,3
P00100,2026-07-15,2026-07-31,2
P00118,2026-07-15,2026-07-31,4
P00137,2026-07-10,2026-07-31,1
P00146,2026-07-29,2026-07-31,3
P00168,2026-07-28,2026-07-31,3
P00178,2026-07-28,2026-07-31,4
P00238,2026-07-03,2026-07-31,2
P00282,2026-07-21,2026-07-31,1
P00294,2026-07-21,2026-07-31,1
P00304,2026-07-29,2026-07-31,2
P00326,2026-07-28,2026-07-31,3
P00353,2026-07-21,2026-07-31,1
P00385,2026-07-21,2026-07-31,3
P00488,2026-07-20,2026-07-31,3
P00554,2026-07-30,2026-07-31,3
P00568,2026-07-11,2026-07-31,1
P00597,2026-07-02,2026-07-31,3
P00600,2026-07-17,2026-07-31,2
P00643,2026-07-07,2026-07-31,3
P00664,2026-07-11,2026-07-31,2
P00685,2026-07-06,2026-07-31,2
P00701,2026-07-25,2026-07-31,3
P00726,2026-07-18,2026-07-31,4
P00744,2026-07-26,2026-07-31,2
P00770,2026-07-22,2026-07-31,3
P00771,2026-07-29,2026-07-31,2
P00818,2026-07-09,2026-07-31,2
P00917,2026-07-22,2026-07-31,1
P00919,2026-07-19,2026-07-31,2
P00922,2026-07-26,2026-07-31,4
P00928,2026-07-18,2026-07-31,3
P00950,2026-07-17,2026-07-31,2
P00967,2026-07-04,2026-07-31,3
P01057,2026-07-14,2026-07-31,4
P01062,2026-07-09,2026-07-31,1
P01090,2026-07-12,2026-07-31,3
P01091,2026-07-25,2026-07-31,3
P01114,2026-07-02,2026-07-31,2
P01128,2026-07-15,2026-07-31,1
P01130,2026-07-16,2026-07-31,2
P01144,2026-07-26,2026-07-31,2
P01146,2026-07-30,2026-07-31,4
P01149,2026-07-18,2026-07-31,2
P01168,2026-07-29,2026-07-31,3
P01169,2026-07-02,2026-07-31,1
P01171,2026-07-17,2026-07-31,4
P01173,2026-07-29,2026-07-31,2
P01205,2026-07-12,2026-07-31,3
P01240,2026-07-20,2026-07-31,1
P01266,2026-07-26,2026-07-31,1
P01311,2026-07-04,2026-07-31,2
P01313,2026-07-18,2026-07-31,4
P01317,2026-07-24,2026-07-31,2
P01323,2026-07-28,2026-07-31,2
P01343,2026-07-22,2026-07-31,2
P01351,2026-07-04,2026-07-31,4
P01359,2026-07-28,2026-07-31,3
P01361,2026-07-18,2026-07-31,1
P01366,2026-07-29,2026-07-31,3
P01369,2026-07-24,2026-07-31,2
P01378,2026-07-23,2026-07-31,1
P01388,2026-07-21,2026-07-31,1
P01397,2026-07-11,2026-07-31,4
P01420,2026-07-18,2026-07-31,3
P01429,2026-07-25,2026-07-31,2
P01493,2026-07-07,2026-07-31,2
P01502,2026-07-27,2026-07-31,4
P01523,2026-07-16,2026-07-31,4
P01539,2026-07-15,2026-07-31,1
P01556,2026-07-30,2026-07-31,1
P01558,2026-07-27,2026-07-31,4
P01602,2026-07-29,2026-07-31,4
P01604,2026-07-30,2026-07-31,1
P01615,2026-07-19,2026-07-31,4
P01640,2026-07-03,2026-07-31,4
P01658,2026-07-28,2026-07-31,4
P01664,2026-07-26,2026-07-31,2
P01719,2026-07-30,2026-07-31,2
P01722,2026-07-07,2026-07-31,4
P01758,2026-07-08,2026-07-31,2
P01768,2026-07-10,2026-07-31,2
P01788,2026-07-23,2026-07-31,1
P01799,2026-07-11,2026-07-31,4
P01855,2026-07-18,2026-07-31,2
P01871,2026-07-10,2026-07-31,2
P01872,2026-07-21,2026-07-31,1
P01904,2026-07-01,2026-07-31,3
P01940,2026-07-20,2026-07-31,1
P01995,2026-07-30,2026-07-31,1
P01999,2026-07-19,2026-07-31,2
P02019,2026-07-30,2026-07-31,3
P02035,2026-07-13,2026-07-31,1
P02039,2026-07-07,2026-07-31,2
P02061,2026-07-22,2026-07-31,1
P02077,2026-07-30,2026-07-31,4
P02080,2026-07-23,2026-07-31,1
P02094,2026-07-17,2026-07-31,3
P02097,2026-07-13,2026-07-31,4
P02108,2026-07-23,2026-07-31,2
P02129,2026-07-22,2026-07-31,3
P02154,2026-07-23,2026-07-31,2
P02159,2026-07-01,2026-07-31,2
P02167,2026-07-07,2026-07-31,1
P02221,2026-07-29,2026-07-31,4
P02234,2026-07-18,2026-07-31,3
P02274,2026-07-23,2026-07-31,1
P02290,2026-07-30,2026-07-31,1
P02295,2026-07-18,2026-07-31,4
P02308,2026-07-07,2026-07-31,4
P02323,2026-07-07,2026-07-31,3
P02355,2026-07-14,2026-07-31,4
P02364,2026-07-10,2026-07-31,3
P02373,2026-07-28,2026-07-31,1
P02380,2026-07-18,2026-07-31,3
P02397,2026-07-19,2026-07-31,2
P02408,2026-07-27,2026-07-31,4
P02417,2026-07-16,2026-07-31,1
P02448,2026-07-09,2026-07-31,2
P02472,2026-07-15,2026-07-31,3
P02504,2026-07-16,2026-07-31,2
P02511,2026-07-07,2026-07-31,2
P02516,2026-07-30,2026-07-31,4
P02531,2026-07-05,2026-07-31,1
P02570,2026-07-20,2026-07-31,4
P02627,2026-07-30,2026-07-31,2
P02635,2026-07-27,2026-07-31,1
P02651,2026-07-13,2026-07-31,2
P02684,2026-07-28,2026-07-31,2
P02686,2026-07-24,2026-07-31,3
P02701,2026-07-08,2026-07-31,1
P02708,2026-07-29,2026-07-31,3
P02714,2026-07-28,2026-07-31,1
P02740,2026-07-25,2026-07-31,3
P02773,2026-07-27,2026-07-31,1
P02800,2026-07-09,2026-07-31,3
P02806,2026-07-24,2026-07-31,3
P02825,2026-07-27,2026-07-31,3
P02836,2026-07-28,2026-07-31,3
P02856,2026-07-12,2026-07-31,3
P02873,2026-07-22,2026-07-31,3
P02882,2026-07-28,2026-07-31,1
P02904,2026-07-06,2026-07-31,2
P02933,2026-07-12,2026-07-31,4
P02949,2026-07-30,2026-07-31,3
P03025,2026-07-28,2026-07-31,2
P03046,2026-07-30,2026-07-31,1
P03079,2026-07-08,2026-07-31,1
P03084,2026-07-24,2026-07-31,2
P03088,2026-07-28,2026-07-31,1
P03094,2026-07-26,2026-07-31,1
P03118,2026-07-12,2026-07-31,4
P03126,2026-07-14,2026-07-31,1
P03127,2026-07-08,2026-07-31,4
P03167,2026-07-27,2026-07-31,2
P03181,2026-07-26,2026-07-31,1
P03269,2026-07-17,2026-07-31,4
P03277,2026-07-05,2026-07-31,1
P03315,2026-07-22,2026-07-31,1
P03327,2026-07-15,2026-07-31,1
P03346,2026-07-23,2026-07-31,1
P03350,2026-07-24,2026-07-31,4
P03360,2026-07-25,2026-07-31,4
P03377,2026-07-03,2026-07-31,3
P03387,2026-07-18,2026-07-31,4
P03389,2026-07-29,2026-07-31,2
P03402,2026-07-06,2026-07-31,2
P03419,2026-07-01,2026-07-31,2
P03444,2026-07-03,2026-07-31,1
P03489,2026-07-06,2026-07-31,2
P03515,2026-07-20,2026-07-31,3
P03517,2026-07-07,2026-07-31,4
P03525,2026-07-25,2026-07-31,3
P03547,2026-07-18,2026-07-31,1
P03551,2026-07-28,2026-07-31,3
P03566,2026-07-15,2026-07-31,2
P03571,2026-07-29,2026-07-31,3
P03575,2026-07-03,2026-07-31,3
P03580,2026-07-05,2026-07-31,4
P03588,2026-07-19,2026-07-31,1
P03608,2026-07-06,2026-07-31,4
P03610,2026-07-13,2026-07-31,4
P03625,2026-07-20,2026-07-31,1
P03627,2026-07-25,2026-07-31,4
P03631,2026-07-28,2026-07-31,1
P03646,2026-07-09,2026-07-31,4
P03661,2026-07-29,2026-07-31,3
P03696,2026-07-13,2026-07-31,3
P03722,2026-07-14,2026-07-31,4
P03777,2026-07-25,2026-07-31,3
P03778,2026-07-20,2026-07-31,2
P03811,2026-07-29,2026-07-31,3
P03828,2026-07-15,2026-07-31,4
P03835,2026-07-06,2026-07-31,3
P03846,2026-07-08,2026-07-31,3
P03854,2026-07-09,2026-07-31,4
P03865,2026-07-10,2026-07-31,1
P03871,2026-07-15,2026-07-31,2
P03876,2026-07-21,2026-07-31,3
P03921,2026-07-11,2026-07-31,4
P03927,2026-07-26,2026-07-31,3
P03959,2026-07-27,2026-07-31,4
P03971,2026-07-18,2026-07-31,3
P04028,2026-07-09,2026-07-31,2
P04034,2026-07-24,2026-07-31,1
P04054,2026-07-15,2026-07-31,4
P04056,2026-07-30,2026-07-31,3
P04099,2026-07-24,2026-07-31,1
P04111,2026-07-13,2026-07-31,4
P04125,2026-07-22,2026-07-31,1
P04135,2026-07-06,2026-07-31,4
P04158,2026-07-28,2026-07-31,1
P04187,2026-07-04,2026-07-31,3
P04204,2026-07-24,2026-07-31,4
P04206,2026-07-28,2026-07-31,3
P04218,2026-07-29,2026-07-31,1
P04265,2026-07-27,2026-07-31,4
P04297,2026-07-16,2026-07-31,3
P04335,2026-07-27,2026-07-31,3
P04392,2026-07-08,2026-07-31,4
P04401,2026-07-05,2026-07-31,3
P04408,2026-07-04,2026-07-31,1
P04433,2026-07-30,2026-07-31,1
P04443,2026-07-27,2026-07-31,1
P04457,2026-07-13,2026-07-31,1
P04466,2026-07-28,2026-07-31,2
P04479,2026-07-30,2026-07-31,3
P04493,2026-07-27,2026-07-31,1
P04502,2026-07-30,2026-07-31,3
P04518,2026-07-15,2026-07-31,1
P04568,2026-07-24,2026-07-31,4
P04576,2026-07-26,2026-07-31,1
P04587,2026-07-10,2026-07-31,2
P04641,2026-07-19,2026-07-31,2
P04644,2026-07-14,2026-07-31,4
P04680,2026-07-26,2026-07-31,4
P04725,2026-07-19,2026-07-31,3
P04755,2026-07-16,2026-07-31,4
P04758,2026-07-01,2026-07-31,1
P04785,2026-07-29,2026-07-31,4
P04792,2026-07-10,2026-07-31,3
P04795,2026-07-26,2026-07-31,2
P04817,2026-07-05,2026-07-31,3
P04834,2026-07-21,2026-07-31,1
P04845,2026-07-27,2026-07-31,4
P04861,2026-07-21,2026-07-31,2
P04865,2026-07-13,2026-07-31,3
P04890,2026-07-04,2026-07-31,3
P04957,2026-07-17,2026-07-31,4
P04960,2026-07-19,2026-07-31,2
P04964,2026-07-04,2026-07-31,4
P04972,2026-07-06,2026-07-31,2
P05022,2026-07-29,2026-07-31,4
P05044,2026-07-25,2026-07-31,1
P05048,2026-07-26,2026-07-31,1
P05078,2026-07-20,2026-07-31,3
P05080,2026-07-20,2026-07-31,2
P05093,2026-07-21,2026-07-31,3
P05112,2026-07-19,2026-07-31,2
P05121,2026-07-02,2026-07-31,2
P05143,2026-07-25,2026-07-31,1
P05155,2026-07-24,2026-07-31,1
P05156,2026-07-25,2026-07-31,4
P05160,2026-07-23,2026-07-31,2
P05205,2026-07-26,2026-07-31,2
P05253,2026-07-06,2026-07-31,3
P05256,2026-07-16,2026-07-31,4
P05291,2026-07-02,2026-07-31,2
P05294,2026-07-20,2026-07-31,2
P05295,2026-07-17,2026-07-31,3
P05312,2026-07-23,2026-07-31,1
P05322,2026-07-24,2026-07-31,4
P05328,2026-07-13,2026-07-31,1
P05357,2026-07-19,2026-07-31,4
P05377,2026-07-28,2026-07-31,4
P05381,2026-07-28,2026-07-31,4
P05391,2026-07-29,2026-07-31,2
P05417,2026-07-26,2026-07-31,3
P05429,2026-07-24,2026-07-31,3
P05435,2026-07-29,2026-07-31,4
P05460,2026-07-30,2026-07-31,3
P05465,2026-07-25,2026-07-31,1
P05475,2026-07-27,2026-07-31,1
P05481,2026-07-07,2026-07-31,4
P05529,2026-07-20,2026-07-31,4
P05558,2026-07-13,2026-07-31,4
P05561,2026-07-23,2026-07-31,3
P05562,2026-07-11,2026-07-31,3
P05592,2026-07-28,2026-07-31,4
P05597,2026-07-17,2026-07-31,3
P05604,2026-07-12,2026-07-31,2
P05628,2026-07-27,2026-07-31,3
P05645,2026-07-06,2026-07-31,4
P05672,2026-07-27,2026-07-31,2
P05679,2026-07-18,2026-07-31,2
P05682,2026-07-14,2026-07-31,1
P05692,2026-07-19,2026-07-31,4
P05701,2026-07-19,2026-07-31,4
P05703,2026-07-01,2026-07-31,4
P05727,2026-07-30,2026-07-31,4
P05731,2026-07-30,2026-07-31,2
P05755,2026-07-12,2026-07-31,3
P05761,2026-07-28,2026-07-31,2
P05808,2026-07-12,2026-07-31,4
P05819,2026-07-22,2026-07-31,2
P05831,2026-07-30,2026-07-31,2
P05841,2026-07-21,2026-07-31,1
P05854,2026-07-01,2026-07-31,4
P05906,2026-07-02,2026-07-31,1
P05916,2026-07-22,2026-07-31,4
P05936,2026-07-26,2026-07-31,3
P05962,2026-07-16,2026-07-31,2
P05973,2026-07-08,2026-07-31,4
P05988,2026-07-20,2026-07-31,2
P05989,2026-07-08,2026-07-31,3
P06004,2026-07-29,2026-07-31,3
P06039,2026-07-30,2026-07-31,4
P06048,2026-07-26,2026-07-31,4
P06066,2026-07-21,2026-07-31,3
P06086,2026-07-27,2026-07-31,1
P06109,2026-07-28,2026-07-31,3
P06134,2026-07-22,2026-07-31,3
P06159,2026-07-26,2026-07-31,4
P06165,2026-07-26,2026-07-31,4
P06187,2026-07-30,2026-07-31,1
P06192,2026-07-17,2026-07-31,3
P06219,2026-07-27,2026-07-31,1
P06230,2026-07-05,2026-07-31,3
P06251,2026-07-01,2026-07-31,4
P06269,2026-07-26,2026-07-31,2
P06326,2026-07-29,2026-07-31,3
P06350,2026-07-18,2026-07-31,1
P06356,2026-07-26,2026-07-31,4
P06418,2026-07-05,2026-07-31,1
P06442,2026-07-26,2026-07-31,1
P06447,2026-07-08,2026-07-31,4
P06457,2026-07-20,2026-07-31,2
P06470,2026-07-30,2026-07-31,4
P06481,2026-07-24,2026-07-31,4
P06483,2026-07-28,2026-07-31,2
P06527,2026-07-16,2026-07-31,1
P06536,2026-07-13,2026-07-31,1
P06557,2026-07-30,2026-07-31,1
P06567,2026-07-24,2026-07-31,1
P06575,2026-07-09,2026-07-31,2
P06595,2026-07-23,2026-07-31,3
P06603,2026-07-03,2026-07-31,3
P06626,2026-07-19,2026-07-31,1
P06648,2026-07-17,2026-07-31,1
P06687,2026-07-22,2026-07-31,2
P06695,2026-07-30,2026-07-31,3
P06718,2026-07-12,2026-07-31,1
P06727,2026-07-11,2026-07-31,3
P06730,2026-07-13,2026-07-31,4
P06741,2026-07-29,2026-07-31,3
P06744,2026-07-11,2026-07-31,1
P06790,2026-07-28,2026-07-31,1
P06795,2026-07-22,2026-07-31,1
P06804,2026-07-16,2026-07-31,3
P06812,2026-07-17,2026-07-31,4
P06850,2026-07-03,2026-07-31,1
P06869,2026-07-04,2026-07-31,4
P06876,2026-07-19,2026-07-31,2
P06884,2026-07-29,2026-07-31,3
P06886,2026-07-22,2026-07-31,3
P06906,2026-07-03,2026-07-31,4
P06908,2026-07-13,2026-07-31,1
P06936,2026-07-29,2026-07-31,2
P06977,2026-07-03,2026-07-31,4
P06978,2026-07-29,2026-07-31,4
P06986,2026-07-29,2026-07-31,4
P07054,2026-07-26,2026-07-31,1
P07087,2026-07-06,2026-07-31,3
P07097,2026-07-27,2026-07-31,3
P07099,2026-07-05,2026-07-31,4
P07105,2026-07-25,2026-07-31,2
P07121,2026-07-30,2026-07-31,1
P07168,2026-07-02,2026-07-31,4
P07185,2026-07-18,2026-07-31,1
P07207,2026-07-09,2026-07-31,2
P07227,2026-07-19,2026-07-31,1
P07277,2026-07-19,2026-07-31,4
P07281,2026-07-27,2026-07-31,1
P07306,2026-07-30,2026-07-31,2
P07314,2026-07-22,2026-07-31,4
P07324,2026-07-15,2026-07-31,4
P07328,2026-07-30,2026-07-31,2
P07345,2026-07-24,2026-07-31,2
P07386,2026-07-27,2026-07-31,4
P07464,2026-07-28,2026-07-31,2
P07480,2026-07-17,2026-07-31,4
P07488,2026-07-12,2026-07-31,2
P07496,2026-07-28,2026-07-31,3
P07503,2026-07-20,2026-07-31,1
P07504,2026-07-19,2026-07-31,3
P07534,2026-07-06,2026-07-31,2
P07555,2026-07-22,2026-07-31,3
P07605,2026-07-19,2026-07-31,2
P07626,2026-07-17,2026-07-31,2
P07634,2026-07-17,2026-07-31,3
P07642,2026-07-26,2026-07-31,2
P07645,2026-07-30,2026-07-31,2
P07647,2026-07-02,2026-07-31,4
P07657,2026-07-12,2026-07-31,1
P07702,2026-07-06,2026-07-31,3
P07718,2026-07-20,2026-07-31,3
P07746,2026-07-06,2026-07-31,1
P07750,2026-07-05,2026-07-31,2
P07852,2026-07-30,2026-07-31,1
P07867,2026-07-23,2026-07-31,1
P07878,2026-07-23,2026-07-31,3
P07966,2026-07-27,2026-07-31,4
P00017,2026-07-18,2026-08-01,4
P00038,2026-07-09,2026-08-01,1
P00040,2026-07-03,2026-08-01,1
P00043,2026-07-05,2026-08-01,4
P00053,2026-07-02,2026-08-01,3
P00072,2026-07-30,2026-08-01,2
P00076,2026-07-26,2026-08-01,2
P00080,2026-07-16,2026-08-01,1
P00118,2026-07-15,2026-08-01,1
P00122,2026-07-25,2026-08-01,1
P00142,2026-07-25,2026-08-01,4
P00149,2026-07-20,2026-08-01,2
P00158,2026-07-10,2026-08-01,3
P00194,2026-07-26,2026-08-01,4
P00255,2026-07-26,2026-08-01,1
P00305,2026-07-17,2026-08-01,2
P00355,2026-07-29,2026-08-01,2
P00418,2026-07-02,2026-08-01,1
P00420,2026-07-16,2026-08-01,4
P00504,2026-07-14,2026-08-01,3
P00505,2026-07-28,2026-08-01,1
P00542,2026-07-04,2026-08-01,4
P00549,2026-07-12,2026-08-01,4
P00579,2026-07-28,2026-08-01,1
P00607,2026-07-21,2026-08-01,2
P00615,2026-07-12,2026-08-01,2
P00653,2026-07-28,2026-08-01,2
P00655,2026-07-28,2026-08-01,2
P00662,2026-07-19,2026-08-01,2
P00701,2026-07-25,2026-08-01,2
P00771,2026-07-29,2026-08-01,4
P00787,2026-07-23,2026-08-01,3
P00902,2026-07-05,2026-08-01,2
P00904,2026-07-14,2026-08-01,3
P00907,2026-07-22,2026-08-01,1
P00913,2026-07-04,2026-08-01,4
P00921,2026-07-17,2026-08-01,1
P00967,2026-07-04,2026-08-01,4
P01056,2026-07-19,2026-08-01,3
P01074,2026-07-13,2026-08-01,2
P01100,2026-07-11,2026-08-01,1
P01109,2026-07-12,2026-08-01,4
P01116,2026-07-02,2026-08-01,1
P01122,2026-07-12,2026-08-01,2
P01130,2026-07-16,2026-08-01,4
P01150,2026-07-26,2026-08-01,2
P01173,2026-07-29,2026-08-01,2
P01209,2026-07-14,2026-08-01,4
P01219,2026-07-28,2026-08-01,4
P01232,2026-07-02,2026-08-01,4
P01261,2026-07-23,2026-08-01,3
P01308,2026-07-13,2026-08-01,4
P01345,2026-07-10,2026-08-01,1
P01366,2026-07-29,2026-08-01,3
P01387,2026-07-28,2026-08-01,4
P01404,2026-07-27,2026-08-01,4
P01406,2026-07-22,2026-08-01,1
P01434,2026-07-13,2026-08-01,2
P01440,2026-07-19,2026-08-01,1
P01478,2026-07-21,2026-08-01,3
P01494,2026-07-23,2026-08-01,4
P01502,2026-07-27,2026-08-01,2
P01509,2026-07-20,2026-08-01,3
P01511,2026-07-24,2026-08-01,4
P01512,2026-07-22,2026-08-01,3
P01530,2026-07-03,2026-08-01,2
P01531,2026-07-28,2026-08-01,4
P01540,2026-07-16,2026-08-01,1
P01561,2026-07-12,2026-08-01,1
P01570,2026-07-28,2026-08-01,1
P01578,2026-07-12,2026-08-01,2
P01585,2026-07-14,2026-08-01,4
P01602,2026-07-29,2026-08-01,1
P01622,2026-07-11,2026-08-01,3
P01673,2026-07-13,2026-08-01,3
P01677,2026-07-25,2026-08-01,4
P01719,2026-07-30,2026-08-01,4
P01729,2026-07-24,2026-08-01,1
P01735,2026-07-09,2026-08-01,2
P01738,2026-07-26,2026-08-01,1
P01742,2026-07-19,2026-08-01,4
P01749,2026-07-20,2026-08-01,3
P01788,2026-07-23,2026-08-01,2
P01859,2026-07-04,2026-08-01,2
P01901,2026-07-20,2026-08-01,3
P01928,2026-07-07,2026-08-01,2
P01930,2026-07-25,2026-08-01,3
P01940,2026-07-20,2026-08-01,2
P01972,2026-07-21,2026-08-01,1
P02003,2026-07-19,2026-08-01,4
P02055,2026-07-25,2026-08-01,1
P02064,2026-07-09,2026-08-01,3
P02077,2026-07-30,2026-08-01,3
P02105,2026-07-24,2026-08-01,4
P02116,2026-07-27,2026-08-01,1
P02128,2026-07-02,2026-08-01,3
P02133,2026-07-19,2026-08-01,1
P02139,2026-07-17,2026-08-01,1
P02182,2026-07-26,2026-08-01,1
P02261,2026-07-28,2026-08-01,3
P02274,2026-07-23,2026-08-01,3
P02295,2026-07-18,2026-08-01,4
P02312,2026-07-26,2026-08-01,3
P02329,2026-07-07,2026-08-01,3
P02341,2026-07-29,2026-08-01,2
P02431,2026-07-13,2026-08-01,4
P02450,2026-07-17,2026-08-01,4
P02463,2026-07-20,2026-08-01,2
P02529,2026-07-05,2026-08-01,1
P02531,2026-07-05,2026-08-01,4
P02550,2026-07-18,2026-08-01,4
P02578,2026-07-22,2026-08-01,1
P02607,2026-07-23,2026-08-01,2
P02645,2026-07-17,2026-08-01,1
P02653,2026-07-08,2026-08-01,3
P02660,2026-07-15,2026-08-01,3
P02686,2026-07-24,2026-08-01,1
P02762,2026-07-09,2026-08-01,2
P02767,2026-07-18,2026-08-01,2
P02791,2026-07-27,2026-08-01,1
P02825,2026-07-27,2026-08-01,2
P02850,2026-07-27,2026-08-01,4
P02872,2026-07-09,2026-08-01,4
P02913,2026-07-21,2026-08-01,4
P02918,2026-07-30,2026-08-01,1
P02920,2026-07-23,2026-08-01,2
P02973,2026-07-25,2026-08-01,3
P02990,2026-07-29,2026-08-01,4
P03025,2026-07-28,2026-08-01,1
P03084,2026-07-24,2026-08-01,4
P03086,2026-07-08,2026-08-01,3
P03095,2026-07-12,2026-08-01,2
P03114,2026-07-13,2026-08-01,4
P03119,2026-07-21,2026-08-01,2
P03158,2026-07-09,2026-08-01,4
P03181,2026-07-26,2026-08-01,4
P03217,2026-07-08,2026-08-01,3
P03228,2026-07-28,2026-08-01,1
P03234,2026-07-17,2026-08-01,2
P03260,2026-07-30,2026-08-01,4
P03317,2026-07-23,2026-08-01,4
P03394,2026-07-07,2026-08-01,4
P03399,2026-07-25,2026-08-01,4
P03403,2026-07-18,2026-08-01,2
P03421,2026-07-17,2026-08-01,3
P03481,2026-07-29,2026-08-01,2
P03543,2026-07-21,2026-08-01,4
P03545,2026-07-02,2026-08-01,3
P03551,2026-07-28,2026-08-01,2
P03575,2026-07-03,2026-08-01,4
P03579,2026-07-06,2026-08-01,4
P03580,2026-07-05,2026-08-01,4
P03625,2026-07-20,2026-08-01,1
P03654,2026-07-19,2026-08-01,1
P03672,2026-07-23,2026-08-01,1
P03696,2026-07-13,2026-08-01,2
P03733,2026-07-26,2026-08-01,1
P03739,2026-07-09,2026-08-01,4
P03749,2026-07-04,2026-08-01,1
P03769,2026-07-04,2026-08-01,3
P03796,2026-07-09,2026-08-01,1
P03811,2026-07-29,2026-08-01,2
P03818,2026-07-13,2026-08-01,4
P03858,2026-07-20,2026-08-01,4
P03883,2026-07-25,2026-08-01,4
P03927,2026-07-26,2026-08-01,2
P03957,2026-07-29,2026-08-01,2
P03967,2026-07-19,2026-08-01,2
P03974,2026-07-29,2026-08-01,2
P03988,2026-07-03,2026-08-01,4
P03993,2026-07-10,2026-08-01,2
P03995,2026-07-29,2026-08-01,1
P04006,2026-07-26,2026-08-01,3
P04028,2026-07-09,2026-08-01,2
P04056,2026-07-30,2026-08-01,3
P04057,2026-07-15,2026-08-01,4
P04069,2026-07-07,2026-08-01,3
P04083,2026-07-24,2026-08-01,1
P04087,2026-07-02,2026-08-01,4
P04090,2026-07-30,2026-08-01,4
P04122,2026-07-20,2026-08-01,3
P04146,2026-07-20,2026-08-01,4
P04161,2026-07-14,2026-08-01,1
P04187,2026-07-04,2026-08-01,2
P04204,2026-07-24,2026-08-01,1
P04206,2026-07-28,2026-08-01,4
P04226,2026-07-30,2026-08-01,4
P04357,2026-07-14,2026-08-01,1
P04379,2026-07-22,2026-08-01,1
P04396,2026-07-30,2026-08-01,1
P04412,2026-07-19,2026-08-01,4
P04415,2026-07-30,2026-08-01,1
P04418,2026-07-23,2026-08-01,4
P04430,2026-07-05,2026-08-01,3
P04465,2026-07-21,2026-08-01,4
P04487,2026-07-14,2026-08-01,2
P04502,2026-07-30,2026-08-01,2
P04532,2026-07-29,2026-08-01,1
P04538,2026-07-17,2026-08-01,2
P04576,2026-07-26,2026-08-01,4
P04590,2026-07-04,2026-08-01,2
P04660,2026-07-11,2026-08-01,3
P04680,2026-07-26,2026-08-01,2
P04711,2026-07-21,2026-08-01,2
P04713,2026-07-27,2026-08-01,3
P04785,2026-07-29,2026-08-01,2
P04790,2026-07-25,2026-08-01,4
P04791,2026-07-18,2026-08-01,1
P04884,2026-07-22,2026-08-01,1
P04972,2026-07-06,2026-08-01,2
P04974,2026-07-27,2026-08-01,1
P04975,2026-07-30,2026-08-01,1
P04986,2026-07-12,2026-08-01,3
P04998,2026-07-25,2026-08-01,2
P05027,2026-07-28,2026-08-01,3
P05035,2026-07-21,2026-08-01,1
P05090,2026-07-30,2026-08-01,3
P05124,2026-07-30,2026-08-01,2
P05154,2026-07-09,2026-08-01,2
P05192,2026-07-21,2026-08-01,2
P05198,2026-07-21,2026-08-01,3
P05205,2026-07-26,2026-08-01,4
P05210,2026-07-02,2026-08-01,1
P05232,2026-07-28,2026-08-01,2
P05257,2026-07-27,2026-08-01,1
P05316,2026-07-20,2026-08-01,4
P05322,2026-07-24,2026-08-01,4
P05341,2026-07-18,2026-08-01,3
P05356,2026-07-02,2026-08-01,3
P05365,2026-07-29,2026-08-01,1
P05377,2026-07-28,2026-08-01,2
P05390,2026-07-22,2026-08-01,1
P05395,2026-07-15,2026-08-01,2
P05417,2026-07-26,2026-08-01,4
P05429,2026-07-24,2026-08-01,4
P05465,2026-07-25,2026-08-01,4
P05475,2026-07-27,2026-08-01,4
P05513,2026-07-24,2026-08-01,4
P05527,2026-07-15,2026-08-01,1
P05550,2026-07-23,2026-08-01,1
P05576,2026-07-23,2026-08-01,2
P05584,2026-07-26,2026-08-01,3
P05620,2026-07-30,2026-08-01,1
P05627,2026-07-02,2026-08-01,4
P05628,2026-07-27,2026-08-01,4
P05679,2026-07-18,2026-08-01,4
P05701,2026-07-19,2026-08-01,2
P05771,2026-07-27,2026-08-01,1
P05788,2026-07-27,2026-08-01,1
P05791,2026-07-23,2026-08-01,2
P05816,2026-07-29,2026-08-01,4
P05819,2026-07-22,2026-08-01,4
P05829,2026-07-19,2026-08-01,4
P05830,2026-07-23,2026-08-01,2
P05831,2026-07-30,2026-08-01,2
P05851,2026-07-26,2026-08-01,2
P05884,2026-07-10,2026-08-01,4
P05896,2026-07-30,2026-08-01,4
P05927,2026-07-06,2026-08-01,1
P05936,2026-07-26,2026-08-01,2
P05942,2026-07-27,2026-08-01,4
P05949,2026-07-11,2026-08-01,3
P05984,2026-07-21,2026-08-01,3
P05991,2026-07-22,2026-08-01,1
P06008,2026-07-14,2026-08-01,3
P06035,2026-07-22,2026-08-01,1
P06039,2026-07-30,2026-08-01,3
P06048,2026-07-26,2026-08-01,1
P06107,2026-07-27,2026-08-01,2
P06109,2026-07-28,2026-08-01,4
P06116,2026-07-19,2026-08-01,4
P06122,2026-07-26,2026-08-01,4
P06131,2026-07-04,2026-08-01,3
P06132,2026-07-27,2026-08-01,2
P06146,2026-07-07,2026-08-01,4
P06152,2026-07-08,2026-08-01,3
P06187,2026-07-30,2026-08-01,4
P06233,2026-07-10,2026-08-01,4
P06241,2026-07-20,2026-08-01,3
P06242,2026-07-29,2026-08-01,4
P06302,2026-07-20,2026-08-01,4
P06319,2026-07-12,2026-08-01,3
P06324,2026-07-25,2026-08-01,4
P06325,2026-07-27,2026-08-01,3
P06350,2026-07-18,2026-08-01,3
P06362,2026-07-21,2026-08-01,1
P06410,2026-07-28,2026-08-01,2
P06442,2026-07-26,2026-08-01,1
P06457,2026-07-20,2026-08-01,2
P06461,2026-07-23,2026-08-01,3
P06479,2026-07-09,2026-08-01,3
P06496,2026-07-08,2026-08-01,2
P06557,2026-07-30,2026-08-01,3
P06563,2026-07-13,2026-08-01,2
P06572,2026-07-27,2026-08-01,2
P06611,2026-07-26,2026-08-01,1
P06613,2026-07-07,2026-08-01,1
P06637,2026-07-20,2026-08-01,2
P06729,2026-07-14,2026-08-01,2
P06745,2026-07-02,2026-08-01,4
P06758,2026-07-06,2026-08-01,4
P06798,2026-07-17,2026-08-01,4
P06814,2026-07-05,2026-08-01,4
P06816,2026-07-04,2026-08-01,4
P06863,2026-07-06,2026-08-01,2
P06884,2026-07-29,2026-08-01,1
P06900,2026-07-02,2026-08-01,1
P06929,2026-07-11,2026-08-01,3
P06936,2026-07-29,2026-08-01,2
P06944,2026-07-02,2026-08-01,2
P06951,2026-07-21,2026-08-01,4
P06979,2026-07-14,2026-08-01,2
P07014,2026-07-23,2026-08-01,4
P07034,2026-07-20,2026-08-01,1
P07054,2026-07-26,2026-08-01,1
P07059,2026-07-18,2026-08-01,1
P07097,2026-07-27,2026-08-01,1
P07136,2026-07-07,2026-08-01,1
P07138,2026-07-22,2026-08-01,1
P07149,2026-07-28,2026-08-01,2
P07222,2026-07-30,2026-08-01,4
P07230,2026-07-14,2026-08-01,4
P07254,2026-07-30,2026-08-01,4
P07281,2026-07-27,2026-08-01,4
P07292,2026-07-22,2026-08-01,1
P07306,2026-07-30,2026-08-01,2
P07369,2026-07-13,2026-08-01,1
P07392,2026-07-24,2026-08-01,3
P07395,2026-07-06,2026-08-01,3
P07464,2026-07-28,2026-08-01,4
P07480,2026-07-17,2026-08-01,1
P07500,2026-07-08,2026-08-01,4
P07561,2026-07-29,2026-08-01,4
P07568,2026-07-25,2026-08-01,3
P07572,2026-07-03,2026-08-01,4
P07575,2026-07-17,2026-08-01,3
P07581,2026-07-23,2026-08-01,2
P07610,2026-07-24,2026-08-01,1
P07631,2026-07-27,2026-08-01,1
P07642,2026-07-26,2026-08-01,3
P07650,2026-07-06,2026-08-01,1
P07676,2026-07-03,2026-08-01,1
P07680,2026-07-04,2026-08-01,3
P07694,2026-07-08,2026-08-01,1
P07704,2026-07-18,2026-08-01,4
P07708,2026-07-24,2026-08-01,4
P07781,2026-07-24,2026-08-01,2
P07805,2026-07-10,2026-08-01,4
P07844,2026-07-02,2026-08-01,1
P07856,2026-07-05,2026-08-01,2
P07863,2026-07-02,2026-08-01,3
P07878,2026-07-23,2026-08-01,1
P07901,2026-07-04,2026-08-01,3
P07916,2026-07-25,2026-08-01,2
P07955,2026-07-24,2026-08-01,1
P07964,2026-07-14,2026-08-01,1
P07997,2026-07-13,2026-08-01,3
P00003,2026-07-22,2026-08-02,2
P00011,2026-07-08,2026-08-02,2
P00015,2026-07-11,2026-08-02,2
P00072,2026-07-30,2026-08-02,1
P00076,2026-07-26,2026-08-02,1
P00081,2026-07-27,2026-08-02,4
P00124,2026-07-12,2026-08-02,2
P00149,2026-07-20,2026-08-02,2
P00180,2026-07-27,2026-08-02,2
P00229,2026-07-23,2026-08-02,2
P00274,2026-07-21,2026-08-02,1
P00282,2026-07-21,2026-08-02,4
P00285,2026-07-07,2026-08-02,1
P00294,2026-07-21,2026-08-02,2
P00310,2026-07-23,2026-08-02,2
P00321,2026-07-30,2026-08-02,1
P00335,2026-07-28,2026-08-02,1
P00353,2026-07-21,2026-08-02,2
P00364,2026-07-20,2026-08-02,3
P00424,2026-07-19,2026-08-02,2
P00444,2026-07-23,2026-08-02,4
P00496,2026-07-03,2026-08-02,2
P00505,2026-07-28,2026-08-02,2
P00518,2026-07-03,2026-08-02,4
P00549,2026-07-12,2026-08-02,2
P00590,2026-07-28,2026-08-02,2
P00653,2026-07-28,2026-08-02,3
P00655,2026-07-28,2026-08-02,2
P00662,2026-07-19,2026-08-02,1
P00664,2026-07-11,2026-08-02,1
P00681,2026-07-22,2026-08-02,4
P00690,2026-07-05,2026-08-02,3
P00700,2026-07-13,2026-08-02,1
P00718,2026-07-06,2026-08-02,1
P00736,2026-07-20,2026-08-02,4
P00771,2026-07-29,2026-08-02,2
P00791,2026-07-03,2026-08-02,3
P00811,2026-07-05,2026-08-02,4
P00869,2026-07-07,2026-08-02,4
P00919,2026-07-19,2026-08-02,1
P00986,2026-07-06,2026-08-02,4
P01008,2026-07-23,2026-08-02,3
P01041,2026-07-23,2026-08-02,3
P01056,2026-07-19,2026-08-02,1
P01106,2026-07-19,2026-08-02,2
P01122,2026-07-12,2026-08-02,3
P01144,2026-07-26,2026-08-02,4
P01168,2026-07-29,2026-08-02,2
P01170,2026-07-19,2026-08-02,3
P01171,2026-07-17,2026-08-02,3
P01172,2026-07-14,2026-08-02,1
P01193,2026-07-12,2026-08-02,1
P01273,2026-07-20,2026-08-02,2
P01291,2026-07-03,2026-08-02,3
P01305,2026-07-30,2026-08-02,4
P01312,2026-07-22,2026-08-02,1
P01317,2026-07-24,2026-08-02,1
P01343,2026-07-22,2026-08-02,3
P01346,2026-07-04,2026-08-02,3
P01387,2026-07-28,2026-08-02,1
P01404,2026-07-27,2026-08-02,1
P01406,2026-07-22,2026-08-02,4
P01427,2026-07-15,2026-08-02,3
P01448,2026-07-05,2026-08-02,2
P01470,2026-07-05,2026-08-02,4
P01511,2026-07-24,2026-08-02,4
P01513,2026-07-19,2026-08-02,4
P01519,2026-07-27,2026-08-02,4
P01523,2026-07-16,2026-08-02,4
P01550,2026-07-21,2026-08-02,2
P01595,2026-07-09,2026-08-02,1
P01624,2026-07-16,2026-08-02,4
P01699,2026-07-26,2026-08-02,2
P01726,2026-07-08,2026-08-02,1
P01729,2026-07-24,2026-08-02,4
P01735,2026-07-09,2026-08-02,1
P01741,2026-07-15,2026-08-02,3
P01754,2026-07-22,2026-08-02,1
P01784,2026-07-12,2026-08-02,4
P01855,2026-07-18,2026-08-02,4
P01859,2026-07-04,2026-08-02,3
P01863,2026-07-28,2026-08-02,1
P01865,2026-07-05,2026-08-02,2
P01873,2026-07-25,2026-08-02,1
P01877,2026-07-15,2026-08-02,3
P01910,2026-07-28,2026-08-02,4
P01941,2026-07-26,2026-08-02,4
P01954,2026-07-12,2026-08-02,3
P02009,2026-07-08,2026-08-02,2
P02033,2026-07-03,2026-08-02,4
P02035,2026-07-13,2026-08-02,2
P02069,2026-07-25,2026-08-02,3
P02077,2026-07-30,2026-08-02,4
P02082,2026-07-06,2026-08-02,2
P02086,2026-07-06,2026-08-02,4
P02118,2026-07-12,2026-08-02,3
P02136,2026-07-27,2026-08-02,4
P02151,2026-07-17,2026-08-02,1
P02182,2026-07-26,2026-08-02,3
P02191,2026-07-28,2026-08-02,3
P02229,2026-07-06,2026-08-02,4
P02231,2026-07-21,2026-08-02,2
P02254,2026-07-29,2026-08-02,3
P02274,2026-07-23,2026-08-02,4
P02335,2026-07-08,2026-08-02,1
P02342,2026-07-13,2026-08-02,3
P02355,2026-07-14,2026-08-02,2
P02408,2026-07-27,2026-08-02,4
P02410,2026-07-27,2026-08-02,1
P02499,2026-07-19,2026-08-02,2
P02500,2026-07-26,2026-08-02,2
P02573,2026-07-30,2026-08-02,3
P02578,2026-07-22,2026-08-02,2
P02580,2026-07-03,2026-08-02,4
P02597,2026-07-22,2026-08-02,3
P02622,2026-07-14,2026-08-02,4
P02625,2026-07-25,2026-08-02,3
P02630,2026-07-27,2026-08-02,2
P02644,2026-07-06,2026-08-02,1
P02651,2026-07-13,2026-08-02,3
P02692,2026-07-15,2026-08-02,1
P02714,2026-07-28,2026-08-02,4
P02739,2026-07-14,2026-08-02,1
P02740,2026-07-25,2026-08-02,1
P02744,2026-07-13,2026-08-02,1
P02746,2026-07-03,2026-08-02,4
P02747,2026-07-26,2026-08-02,1
P02773,2026-07-27,2026-08-02,2
P02780,2026-07-13,2026-08-02,2
P02806,2026-07-24,2026-08-02,2
P02818,2026-07-28,2026-08-02,2
P02820,2026-07-12,2026-08-02,1
P02830,2026-07-03,2026-08-02,3
P02846,2026-07-17,2026-08-02,2
P02862,2026-07-25,2026-08-02,3
P02918,2026-07-30,2026-08-02,4
P02923,2026-07-15,2026-08-02,4
P02949,2026-07-30,2026-08-02,3
P02981,2026-07-08,2026-08-02,2
P03022,2026-07-23,2026-08-02,4
P03025,2026-07-28,2026-08-02,2
P03039,2026-07-19,2026-08-02,2
P03056,2026-07-04,2026-08-02,1
P03067,2026-07-30,2026-08-02,2
P03084,2026-07-24,2026-08-02,3
P03163,2026-07-26,2026-08-02,2
P03167,2026-07-27,2026-08-02,4
P03176,2026-07-22,2026-08-02,3
P03224,2026-07-05,2026-08-02,2
P03230,2026-07-25,2026-08-02,4
P03232,2026-07-26,2026-08-02,4
P03248,2026-07-05,2026-08-02,4
P03270,2026-07-26,2026-08-02,3
P03271,2026-07-18,2026-08-02,4
P03277,2026-07-05,2026-08-02,3
P03290,2026-07-05,2026-08-02,1
P03297,2026-07-28,2026-08-02,2
P03326,2026-07-16,2026-08-02,2
P03327,2026-07-15,2026-08-02,1
P03346,2026-07-23,2026-08-02,3
P03399,2026-07-25,2026-08-02,2
P03460,2026-07-29,2026-08-02,1
P03462,2026-07-18,2026-08-02,3
P03478,2026-07-07,2026-08-02,1
P03542,2026-07-05,2026-08-02,3
P03544,2026-07-30,2026-08-02,2
P03574,2026-07-17,2026-08-02,2
P03579,2026-07-06,2026-08-02,4
P03588,2026-07-19,2026-08-02,1
P03596,2026-07-06,2026-08-02,1
P03603,2026-07-16,2026-08-02,2
P03608,2026-07-06,2026-08-02,1
P03696,2026-07-13,2026-08-02,3
P03733,2026-07-26,2026-08-02,1
P03785,2026-07-22,2026-08-02,2
P03804,2026-07-21,2026-08-02,2
P03812,2026-07-28,2026-08-02,2
P03828,2026-07-15,2026-08-02,4
P03854,2026-07-09,2026-08-02,4
P03861,2026-07-03,2026-08-02,2
P03937,2026-07-05,2026-08-02,1
P03959,2026-07-27,2026-08-02,2
P03982,2026-07-26,2026-08-02,1
P03992,2026-07-30,2026-08-02,1
P03993,2026-07-10,2026-08-02,4
P03995,2026-07-29,2026-08-02,3
P04069,2026-07-07,2026-08-02,3
P04073,2026-07-30,2026-08-02,1
P04099,2026-07-24,2026-08-02,3
P04158,2026-07-28,2026-08-02,2
P04162,2026-07-24,2026-08-02,4
P04170,2026-07-25,2026-08-02,1
P04202,2026-07-12,2026-08-02,1
P04204,2026-07-24,2026-08-02,1
P04213,2026-07-17,2026-08-02,3
P04215,2026-07-18,2026-08-02,2
P04218,2026-07-29,2026-08-02,4
P04220,2026-07-13,2026-08-02,4
P04226,2026-07-30,2026-08-02,4
P04335,2026-07-27,2026-08-02,4
P04373,2026-07-28,2026-08-02,3
P04435,2026-07-16,2026-08-02,3
P04443,2026-07-27,2026-08-02,2
P04457,2026-07-13,2026-08-02,2
P04476,2026-07-24,2026-08-02,1
P04481,2026-07-09,2026-08-02,1
P04502,2026-07-30,2026-08-02,4
P04521,2026-07-04,2026-08-02,3
P04566,2026-07-10,2026-08-02,3
P04608,2026-07-08,2026-08-02,1
P04626,2026-07-26,2026-08-02,2
P04637,2026-07-26,2026-08-02,3
P04647,2026-07-27,2026-08-02,2
P04691,2026-07-26,2026-08-02,4
P04719,2026-07-29,2026-08-02,2
P04723,2026-07-16,2026-08-02,1
P04730,2026-07-25,2026-08-02,2
P04747,2026-07-20,2026-08-02,1
P04755,2026-07-16,2026-08-02,4
P04761,2026-07-29,2026-08-02,1
P04776,2026-07-17,2026-08-02,1
P04785,2026-07-29,2026-08-02,3
P04788,2026-07-21,2026-08-02,3
P04803,2026-07-06,2026-08-02,3
P04845,2026-07-27,2026-08-02,3
P04866,2026-07-05,2026-08-02,1
P04884,2026-07-22,2026-08-02,3
P04887,2026-07-20,2026-08-02,4
P04891,2026-07-18,2026-08-02,4
P04895,2026-07-13,2026-08-02,2
P04910,2026-07-30,2026-08-02,1
P04931,2026-07-27,2026-08-02,1
P04942,2026-07-22,2026-08-02,3
P04962,2026-07-28,2026-08-02,2
P04964,2026-07-04,2026-08-02,4
P04975,2026-07-30,2026-08-02,1
P05002,2026-07-22,2026-08-02,4
P05025,2026-07-19,2026-08-02,4
P05039,2026-07-11,2026-08-02,3
P05048,2026-07-26,2026-08-02,1
P05089,2026-07-27,2026-08-02,3
P05090,2026-07-30,2026-08-02,2
P05107,2026-07-29,2026-08-02,1
P05126,2026-07-27,2026-08-02,1
P05184,2026-07-25,2026-08-02,2
P05198,2026-07-21,2026-08-02,2
P05208,2026-07-28,2026-08-02,3
P05243,2026-07-30,2026-08-02,2
P05251,2026-07-29,2026-08-02,3
P05268,2026-07-27,2026-08-02,1
P05269,2026-07-07,2026-08-02,3
P05274,2026-07-13,2026-08-02,2
P05294,2026-07-20,2026-08-02,3
P05381,2026-07-28,2026-08-02,3
P05385,2026-07-03,2026-08-02,1
P05420,2026-07-14,2026-08-02,1
P05429,2026-07-24,2026-08-02,1
P05435,2026-07-29,2026-08-02,1
P05476,2026-07-04,2026-08-02,1
P05550,2026-07-23,2026-08-02,3
P05557,2026-07-06,2026-08-02,3
P05562,2026-07-11,2026-08-02,1
P05622,2026-07-24,2026-08-02,2
P05668,2026-07-07,2026-08-02,2
P05672,2026-07-27,2026-08-02,2
P05700,2026-07-08,2026-08-02,4
P05719,2026-07-23,2026-08-02,2
P05734,2026-07-20,2026-08-02,2
P05787,2026-07-27,2026-08-02,4
P05813,2026-07-14,2026-08-02,3
P05824,2026-07-27,2026-08-02,2
P05831,2026-07-30,2026-08-02,3
P05896,2026-07-30,2026-08-02,3
P05936,2026-07-26,2026-08-02,4
P05984,2026-07-21,2026-08-02,4
P06030,2026-07-21,2026-08-02,3
P06048,2026-07-26,2026-08-02,3
P06051,2026-07-14,2026-08-02,3
P06093,2026-07-27,2026-08-02,3
P06123,2026-07-23,2026-08-02,2
P06132,2026-07-27,2026-08-02,4
P06161,2026-07-15,2026-08-02,3
P06208,2026-07-28,2026-08-02,4
P06256,2026-07-26,2026-08-02,1
P06359,2026-07-11,2026-08-02,1
P06423,2026-07-16,2026-08-02,2
P06483,2026-07-28,2026-08-02,3
P06533,2026-07-26,2026-08-02,2
P06555,2026-07-20,2026-08-02,3
P06572,2026-07-27,2026-08-02,2
P06600,2026-07-15,2026-08-02,1
P06613,2026-07-07,2026-08-02,2
P06658,2026-07-23,2026-08-02,3
P06718,2026-07-12,2026-08-02,1
P06722,2026-07-09,2026-08-02,3
P06805,2026-07-28,2026-08-02,4
P06806,2026-07-28,2026-08-02,3
P06831,2026-07-27,2026-08-02,2
P06869,2026-07-04,2026-08-02,1
P06935,2026-07-08,2026-08-02,4
P06937,2026-07-06,2026-08-02,4
P06940,2026-07-29,2026-08-02,1
P06961,2026-07-14,2026-08-02,4
P06973,2026-07-19,2026-08-02,1
P06978,2026-07-29,2026-08-02,3
P06986,2026-07-29,2026-08-02,1
P07023,2026-07-05,2026-08-02,4
P07025,2026-07-09,2026-08-02,1
P07054,2026-07-26,2026-08-02,3
P07057,2026-07-18,2026-08-02,3
P07121,2026-07-30,2026-08-02,4
P07183,2026-07-29,2026-08-02,2
P07256,2026-07-19,2026-08-02,3
P07277,2026-07-19,2026-08-02,1
P07281,2026-07-27,2026-08-02,3
P07285,2026-07-19,2026-08-02,1
P07306,2026-07-30,2026-08-02,3
P07324,2026-07-15,2026-08-02,3
P07352,2026-07-17,2026-08-02,1
P07400,2026-07-22,2026-08-02,3
P07409,2026-07-10,2026-08-02,3
P07422,2026-07-19,2026-08-02,3
P07429,2026-07-21,2026-08-02,2
P07448,2026-07-24,2026-08-02,4
P07466,2026-07-07,2026-08-02,2
P07474,2026-07-13,2026-08-02,3
P07496,2026-07-28,2026-08-02,3
P07503,2026-07-20,2026-08-02,2
P07517,2026-07-09,2026-08-02,3
P07572,2026-07-03,2026-08-02,1
P07578,2026-07-22,2026-08-02,3
P07594,2026-07-24,2026-08-02,4
P07596,2026-07-05,2026-08-02,3
P07605,2026-07-19,2026-08-02,3
P07631,2026-07-27,2026-08-02,3
P07639,2026-07-26,2026-08-02,1
P07641,2026-07-09,2026-08-02,2
P07732,2026-07-23,2026-08-02,3
P07761,2026-07-30,2026-08-02,2
P07777,2026-07-07,2026-08-02,3
P07792,2026-07-16,2026-08-02,3
P07852,2026-07-30,2026-08-02,3
P07889,2026-07-30,2026-08-02,4
P07937,2026-07-30,2026-08-02,2
P07941,2026-07-23,2026-08-02,3
P07943,2026-07-29,2026-08-02,2
P07957,2026-07-29,2026-08-02,1
P07960,2026-07-26,2026-08-02,4
P07997,2026-07-13,2026-08-02,1
P00002,2026-07-26,2026-08-03,3
P00032,2026-07-18,2026-08-03,2
P00066,2026-07-22,2026-08-03,1
P00081,2026-07-27,2026-08-03,1
P00098,2026-07-27,2026-08-03,3
P00103,2026-07-16,2026-08-03,3
P00142,2026-07-25,2026-08-03,1
P00177,2026-07-22,2026-08-03,1
P00180,2026-07-27,2026-08-03,1
P00199,2026-07-17,2026-08-03,2
P00207,2026-07-26,2026-08-03,3
P00221,2026-07-30,2026-08-03,1
P00236,2026-07-13,2026-08-03,2
P00252,2026-07-15,2026-08-03,1
P00254,2026-07-28,2026-08-03,1
P00304,2026-07-29,2026-08-03,4
P00354,2026-07-06,2026-08-03,2
P00381,2026-07-24,2026-08-03,2
P00415,2026-07-29,2026-08-03,3
P00426,2026-07-04,2026-08-03,4
P00430,2026-07-30,2026-08-03,2
P00516,2026-07-27,2026-08-03,3
P00526,2026-07-14,2026-08-03,2
P00589,2026-07-09,2026-08-03,1
P00595,2026-07-22,2026-08-03,2
P00600,2026-07-17,2026-08-03,3
P00615,2026-07-12,2026-08-03,3
P00643,2026-07-07,2026-08-03,3
P00653,2026-07-28,2026-08-03,1
P00690,2026-07-05,2026-08-03,1
P00693,2026-07-13,2026-08-03,1
P00750,2026-07-15,2026-08-03,4
P00760,2026-07-25,2026-08-03,3
P00771,2026-07-29,2026-08-03,3
P00827,2026-07-07,2026-08-03,4
P00831,2026-07-18,2026-08-03,4
P00834,2026-07-28,2026-08-03,3
P00837,2026-07-15,2026-08-03,2
P00887,2026-07-08,2026-08-03,2
P00933,2026-07-28,2026-08-03,2
P00949,2026-07-25,2026-08-03,3
P01031,2026-07-21,2026-08-03,1
P01033,2026-07-29,2026-08-03,3
P01101,2026-07-12,2026-08-03,4
P01106,2026-07-19,2026-08-03,2
P01121,2026-07-22,2026-08-03,3
P01150,2026-07-26,2026-08-03,4
P01167,2026-07-30,2026-08-03,2
P01215,2026-07-06,2026-08-03,3
P01217,2026-07-26,2026-08-03,3
P01230,2026-07-23,2026-08-03,4
P01241,2026-07-27,2026-08-03,3
P01313,2026-07-18,2026-08-03,4
P01336,2026-07-28,2026-08-03,2
P01339,2026-07-26,2026-08-03,2
P01357,2026-07-06,2026-08-03,2
P01368,2026-07-20,2026-08-03,2
P01387,2026-07-28,2026-08-03,2
P01404,2026-07-27,2026-08-03,1
P01410,2026-07-22,2026-08-03,3
P01455,2026-07-05,2026-08-03,2
P01487,2026-07-23,2026-08-03,3
P01514,2026-07-21,2026-08-03,1
P01550,2026-07-21,2026-08-03,4
P01560,2026-07-29,2026-08-03,1
P01561,2026-07-12,2026-08-03,2
P01597,2026-07-23,2026-08-03,3
P01604,2026-07-30,2026-08-03,3
P01615,2026-07-19,2026-08-03,2
P01622,2026-07-11,2026-08-03,2
P01643,2026-07-17,2026-08-03,3
P01687,2026-07-17,2026-08-03,1
P01699,2026-07-26,2026-08-03,4
P01749,2026-07-20,2026-08-03,3
P01785,2026-07-14,2026-08-03,2
P01793,2026-07-16,2026-08-03,1
P01863,2026-07-28,2026-08-03,4
P01900,2026-07-10,2026-08-03,3
P01995,2026-07-30,2026-08-03,2
P02008,2026-07-13,2026-08-03,4
P02054,2026-07-29,2026-08-03,2
P02077,2026-07-30,2026-08-03,4
P02082,2026-07-06,2026-08-03,1
P02086,2026-07-06,2026-08-03,3
P02094,2026-07-17,2026-08-03,3
P02102,2026-07-28,2026-08-03,3
P02112,2026-07-29,2026-08-03,1
P02130,2026-07-09,2026-08-03,2
P02205,2026-07-25,2026-08-03,3
P02335,2026-07-08,2026-08-03,2
P02341,2026-07-29,2026-08-03,1
P02355,2026-07-14,2026-08-03,3
P02362,2026-07-29,2026-08-03,4
P02373,2026-07-28,2026-08-03,3
P02384,2026-07-06,2026-08-03,3
P02388,2026-07-08,2026-08-03,3
P02466,2026-07-21,2026-08-03,3
P02496,2026-07-24,2026-08-03,2
P02511,2026-07-07,2026-08-03,3
P02566,2026-07-15,2026-08-03,1
P02570,2026-07-20,2026-08-03,1
P02578,2026-07-22,2026-08-03,1
P02579,2026-07-12,2026-08-03,4
P02626,2026-07-20,2026-08-03,1
P02630,2026-07-27,2026-08-03,4
P02667,2026-07-13,2026-08-03,2
P02699,2026-07-06,2026-08-03,3
P02737,2026-07-28,2026-08-03,3
P02754,2026-07-19,2026-08-03,3
P02755,2026-07-17,2026-08-03,1
P02780,2026-07-13,2026-08-03,4
P02787,2026-07-10,2026-08-03,1
P02796,2026-07-10,2026-08-03,2
P02845,2026-07-24,2026-08-03,1
P02866,2026-07-17,2026-08-03,3
P02911,2026-07-09,2026-08-03,2
P02920,2026-07-23,2026-08-03,2
P02934,2026-07-13,2026-08-03,2
P02976,2026-07-30,2026-08-03,4
P02989,2026-07-07,2026-08-03,4
P03051,2026-07-27,2026-08-03,3
P03079,2026-07-08,2026-08-03,4
P03088,2026-07-28,2026-08-03,3
P03101,2026-07-05,2026-08-03,3
P03103,2026-07-07,2026-08-03,2
P03118,2026-07-12,2026-08-03,3
P03119,2026-07-21,2026-08-03,3
P03123,2026-07-25,2026-08-03,4
P03154,2026-07-08,2026-08-03,1
P03162,2026-07-06,2026-08-03,4
P03220,2026-07-04,2026-08-03,3
P03257,2026-07-08,2026-08-03,2
P03261,2026-07-16,2026-08-03,1
P03271,2026-07-18,2026-08-03,1
P03277,2026-07-05,2026-08-03,4
P03311,2026-07-26,2026-08-03,3
P03327,2026-07-15,2026-08-03,1
P03346,2026-07-23,2026-08-03,1
P03389,2026-07-29,2026-08-03,4
P03402,2026-07-06,2026-08-03,3
P03486,2026-07-25,2026-08-03,3
P03544,2026-07-30,2026-08-03,4
P03569,2026-07-04,2026-08-03,3
P03573,2026-07-17,2026-08-03,2
P03576,2026-07-16,2026-08-03,4
P03625,2026-07-20,2026-08-03,4
P03627,2026-07-25,2026-08-03,3
P03646,2026-07-09,2026-08-03,1
P03707,2026-07-25,2026-08-03,3
P03721,2026-07-24,2026-08-03,2
P03722,2026-07-14,2026-08-03,2
P03769,2026-07-04,2026-08-03,1
P03787,2026-07-28,2026-08-03,3
P03797,2026-07-19,2026-08-03,4
P03798,2026-07-12,2026-08-03,4
P03811,2026-07-29,2026-08-03,4
P03814,2026-07-15,2026-08-03,3
P03835,2026-07-06,2026-08-03,3
P03854,2026-07-09,2026-08-03,2
P03860,2026-07-09,2026-08-03,3
P03868,2026-07-07,2026-08-03,1
P03876,2026-07-21,2026-08-03,2
P03887,2026-07-24,2026-08-03,4
P03927,2026-07-26,2026-08-03,1
P03942,2026-07-28,2026-08-03,1
P03948,2026-07-08,2026-08-03,4
P03957,2026-07-29,2026-08-03,3
P03968,2026-07-27,2026-08-03,4
P03974,2026-07-29,2026-08-03,4
P04006,2026-07-26,2026-08-03,1
P04034,2026-07-24,2026-08-03,3
P04065,2026-07-04,2026-08-03,2
P04069,2026-07-07,2026-08-03,3
P04073,2026-07-30,2026-08-03,4
P04096,2026-07-17,2026-08-03,3
P04158,2026-07-28,2026-08-03,2
P04187,2026-07-04,2026-08-03,3
P04194,2026-07-27,2026-08-03,2
P04218,2026-07-29,2026-08-03,3
P04226,2026-07-30,2026-08-03,1
P04298,2026-07-07,2026-08-03,1
P04306,2026-07-09,2026-08-03,2
P04318,2026-07-28,2026-08-03,3
P04344,2026-07-24,2026-08-03,2
P04355,2026-07-10,2026-08-03,2
P04373,2026-07-28,2026-08-03,3
P04382,2026-07-06,2026-08-03,2
P04415,2026-07-30,2026-08-03,2
P04418,2026-07-23,2026-08-03,4
P04430,2026-07-05,2026-08-03,3
P04454,2026-07-18,2026-08-03,1
P04494,2026-07-26,2026-08-03,3
P04496,2026-07-20,2026-08-03,1
P04516,2026-07-26,2026-08-03,1
P04595,2026-07-22,2026-08-03,4
P04598,2026-07-17,2026-08-03,3
P04608,2026-07-08,2026-08-03,1
P04661,2026-07-22,2026-08-03,2
P04663,2026-07-05,2026-08-03,3
P04669,2026-07-25,2026-08-03,4
P04671,2026-07-28,2026-08-03,1
P04690,2026-07-05,2026-08-03,4
P04719,2026-07-29,2026-08-03,1
P04740,2026-07-14,2026-08-03,2
P04764,2026-07-30,2026-08-03,2
P04776,2026-07-17,2026-08-03,1
P04785,2026-07-29,2026-08-03,2
P04791,2026-07-18,2026-08-03,4
P04817,2026-07-05,2026-08-03,3
P04846,2026-07-21,2026-08-03,1
P04904,2026-07-12,2026-08-03,4
P04913,2026-07-09,2026-08-03,4
P04974,2026-07-27,2026-08-03,2
P04975,2026-07-30,2026-08-03,2
P05019,2026-07-29,2026-08-03,3
P05093,2026-07-21,2026-08-03,2
P05124,2026-07-30,2026-08-03,2
P05131,2026-07-09,2026-08-03,4
P05198,2026-07-21,2026-08-03,3
P05205,2026-07-26,2026-08-03,4
P05225,2026-07-30,2026-08-03,2
P05245,2026-07-23,2026-08-03,4
P05274,2026-07-13,2026-08-03,1
P05322,2026-07-24,2026-08-03,1
P05365,2026-07-29,2026-08-03,2
P05369,2026-07-29,2026-08-03,4
P05383,2026-07-23,2026-08-03,3
P05421,2026-07-05,2026-08-03,1
P05423,2026-07-27,2026-08-03,1
P05456,2026-07-27,2026-08-03,4
P05465,2026-07-25,2026-08-03,4
P05487,2026-07-30,2026-08-03,1
P05531,2026-07-05,2026-08-03,4
P05594,2026-07-27,2026-08-03,3
P05628,2026-07-27,2026-08-03,3
P05658,2026-07-12,2026-08-03,1
P05672,2026-07-27,2026-08-03,3
P05682,2026-07-14,2026-08-03,1
P05696,2026-07-05,2026-08-03,1
P05700,2026-07-08,2026-08-03,4
P05755,2026-07-12,2026-08-03,3
P05799,2026-07-07,2026-08-03,1
P05814,2026-07-30,2026-08-03,4
P05868,2026-07-13,2026-08-03,2
P05917,2026-07-23,2026-08-03,3
P05963,2026-07-18,2026-08-03,3
P05984,2026-07-21,2026-08-03,2
P06007,2026-07-21,2026-08-03,2
P06024,2026-07-12,2026-08-03,4
P06035,2026-07-22,2026-08-03,3
P06061,2026-07-25,2026-08-03,2
P06068,2026-07-06,2026-08-03,3
P06079,2026-07-09,2026-08-03,2
P06082,2026-07-07,2026-08-03,1
P06107,2026-07-27,2026-08-03,1
P06120,2026-07-04,2026-08-03,3
P06122,2026-07-26,2026-08-03,4
P06144,2026-07-13,2026-08-03,2
P06166,2026-07-27,2026-08-03,2
P06186,2026-07-19,2026-08-03,4
P06275,2026-07-25,2026-08-03,1
P06291,2026-07-22,2026-08-03,4
P06300,2026-07-28,2026-08-03,4
P06315,2026-07-20,2026-08-03,3
P06325,2026-07-27,2026-08-03,3
P06357,2026-07-23,2026-08-03,4
P06380,2026-07-23,2026-08-03,4
P06385,2026-07-13,2026-08-03,4
P06514,2026-07-16,2026-08-03,4
P06536,2026-07-13,2026-08-03,4
P06563,2026-07-13,2026-08-03,3
P06618,2026-07-21,2026-08-03,3
P06658,2026-07-23,2026-08-03,2
P06711,2026-07-28,2026-08-03,2
P06722,2026-07-09,2026-08-03,1
P06761,2026-07-11,2026-08-03,1
P06790,2026-07-28,2026-08-03,4
P06805,2026-07-28,2026-08-03,1
P06831,2026-07-27,2026-08-03,3
P06867,2026-07-18,2026-08-03,4
P06872,2026-07-21,2026-08-03,2
P06884,2026-07-29,2026-08-03,3
P06933,2026-07-22,2026-08-03,2
P06986,2026-07-29,2026-08-03,4
P07006,2026-07-21,2026-08-03,3
P07056,2026-07-08,2026-08-03,1
P07077,2026-07-25,2026-08-03,3
P07088,2026-07-26,2026-08-03,3
P07091,2026-07-13,2026-08-03,3
P07157,2026-07-08,2026-08-03,2
P07163,2026-07-29,2026-08-03,2
P07183,2026-07-29,2026-08-03,4
P07207,2026-07-09,2026-08-03,1
P07222,2026-07-30,2026-08-03,1
P07292,2026-07-22,2026-08-03,3
P07297,2026-07-10,2026-08-03,1
P07299,2026-07-24,2026-08-03,4
P07314,2026-07-22,2026-08-03,3
P07315,2026-07-11,2026-08-03,4
P07323,2026-07-13,2026-08-03,4
P07328,2026-07-30,2026-08-03,3
P07344,2026-07-12,2026-08-03,1
P07345,2026-07-24,2026-08-03,3
P07376,2026-07-27,2026-08-03,1
P07395,2026-07-06,2026-08-03,4
P07397,2026-07-28,2026-08-03,3
P07453,2026-07-06,2026-08-03,4
P07467,2026-07-04,2026-08-03,3
P07548,2026-07-30,2026-08-03,1
P07575,2026-07-17,2026-08-03,1
P07626,2026-07-17,2026-08-03,3
P07629,2026-07-18,2026-08-03,1
P07657,2026-07-12,2026-08-03,1
P07685,2026-07-26,2026-08-03,1
P07690,2026-07-11,2026-08-03,1
P07721,2026-07-11,2026-08-03,2
P07761,2026-07-30,2026-08-03,3
P07862,2026-07-06,2026-08-03,4
P07880,2026-07-27,2026-08-03,4
P07885,2026-07-25,2026-08-03,3
P07901,2026-07-04,2026-08-03,1
P07931,2026-07-08,2026-08-03,2
P07957,2026-07-29,2026-08-03,2
P07999,2026-07-11,2026-08-03,3
P00011,2026-07-08,2026-08-04,3
P00062,2026-07-15,2026-08-04,3
P00070,2026-07-17,2026-08-04,3
P00076,2026-07-26,2026-08-04,1
P00098,2026-07-27,2026-08-04,2
P00123,2026-07-07,2026-08-04,4
P00130,2026-07-10,2026-08-04,3
P00147,2026-07-16,2026-08-04,3
P00159,2026-07-21,2026-08-04,2
P00187,2026-07-11,2026-08-04,1
P00209,2026-07-10,2026-08-04,3
P00269,2026-07-22,2026-08-04,2
P00293,2026-07-18,2026-08-04,2
P00304,2026-07-29,2026-08-04,2
P00364,2026-07-20,2026-08-04,2
P00386,2026-07-23,2026-08-04,4
P00444,2026-07-23,2026-08-04,4
P00504,2026-07-14,2026-08-04,3
P00519,2026-07-20,2026-08-04,3
P00525,2026-07-21,2026-08-04,3
P00549,2026-07-12,2026-08-04,2
P00578,2026-07-23,2026-08-04,1
P00590,2026-07-28,2026-08-04,3
P00613,2026-07-06,2026-08-04,3
P00655,2026-07-28,2026-08-04,3
P00682,2026-07-22,2026-08-04,3
P00801,2026-07-16,2026-08-04,3
P00807,2026-07-19,2026-08-04,4
P00834,2026-07-28,2026-08-04,2
P00919,2026-07-19,2026-08-04,4
P01007,2026-07-14,2026-08-04,4
P01008,2026-07-23,2026-08-04,2
P01078,2026-07-17,2026-08-04,1
P01080,2026-07-11,2026-08-04,4
P01093,2026-07-19,2026-08-04,3
P01118,2026-07-06,2026-08-04,4
P01167,2026-07-30,2026-08-04,3
P01186,2026-07-21,2026-08-04,1
P01219,2026-07-28,2026-08-04,3
P01279,2026-07-24,2026-08-04,2
P01296,2026-07-22,2026-08-04,1
P01298,2026-07-15,2026-08-04,1
P01305,2026-07-30,2026-08-04,1
P01328,2026-07-09,2026-08-04,2
P01364,2026-07-15,2026-08-04,4
P01387,2026-07-28,2026-08-04,2
P01397,2026-07-11,2026-08-04,3
P01464,2026-07-29,2026-08-04,1
P01470,2026-07-05,2026-08-04,3
P01493,2026-07-07,2026-08-04,1
P01497,2026-07-05,2026-08-04,3
P01504,2026-07-05,2026-08-04,4
P01511,2026-07-24,2026-08-04,2
P01513,2026-07-19,2026-08-04,1
P01514,2026-07-21,2026-08-04,4
P01531,2026-07-28,2026-08-04,3
P01533,2026-07-24,2026-08-04,3
P01556,2026-07-30,2026-08-04,4
P01561,2026-07-12,2026-08-04,4
P01567,2026-07-05,2026-08-04,2
P01575,2026-07-07,2026-08-04,4
P01581,2026-07-25,2026-08-04,4
P01585,2026-07-14,2026-08-04,2
P01597,2026-07-23,2026-08-04,4
P01602,2026-07-29,2026-08-04,4
P01615,2026-07-19,2026-08-04,4
P01658,2026-07-28,2026-08-04,1
P01742,2026-07-19,2026-08-04,1
P01754,2026-07-22,2026-08-04,4
P01815,2026-07-17,2026-08-04,4
P01823,2026-07-19,2026-08-04,3
P01845,2026-07-05,2026-08-04,2
P01865,2026-07-05,2026-08-04,2
P01872,2026-07-21,2026-08-04,1
P01873,2026-07-25,2026-08-04,4
P01921,2026-07-24,2026-08-04,3
P01947,2026-07-14,2026-08-04,2
P01949,2026-07-08,2026-08-04,1
P01999,2026-07-19,2026-08-04,3
P02001,2026-07-24,2026-08-04,2
P02015,2026-07-25,2026-08-04,1
P02036,2026-07-23,2026-08-04,3
P02051,2026-07-11,2026-08-04,3
P02054,2026-07-29,2026-08-04,2
P02061,2026-07-22,2026-08-04,1
P02065,2026-07-28,2026-08-04,4
P02077,2026-07-30,2026-08-04,2
P02084,2026-07-21,2026-08-04,3
P02129,2026-07-22,2026-08-04,2
P02132,2026-07-20,2026-08-04,3
P02133,2026-07-19,2026-08-04,3
P02154,2026-07-23,2026-08-04,1
P02167,2026-07-07,2026-08-04,3
P02191,2026-07-28,2026-08-04,1
P02308,2026-07-07,2026-08-04,2
P02333,2026-07-09,2026-08-04,2
P02341,2026-07-29,2026-08-04,3
P02367,2026-07-10,2026-08-04,4
P02373,2026-07-28,2026-08-04,4
P02378,2026-07-28,2026-08-04,1
P02380,2026-07-18,2026-08-04,4
P02448,2026-07-09,2026-08-04,2
P02482,2026-07-27,2026-08-04,4
P02496,2026-07-24,2026-08-04,4
P02500,2026-07-26,2026-08-04,3
P02548,2026-07-21,2026-08-04,4
P02591,2026-07-10,2026-08-04,2
P02593,2026-07-21,2026-08-04,1
P02597,2026-07-22,2026-08-04,3
P02628,2026-07-16,2026-08-04,1
P02630,2026-07-27,2026-08-04,3
P02645,2026-07-17,2026-08-04,1
P02664,2026-07-22,2026-08-04,3
P02740,2026-07-25,2026-08-04,4
P02755,2026-07-17,2026-08-04,3
P02812,2026-07-15,2026-08-04,3
P02816,2026-07-23,2026-08-04,4
P02818,2026-07-28,2026-08-04,1
P02820,2026-07-12,2026-08-04,2
P02827,2026-07-22,2026-08-04,3
P02836,2026-07-28,2026-08-04,3
P02872,2026-07-09,2026-08-04,4
P02881,2026-07-16,2026-08-04,3
P02883,2026-07-08,2026-08-04,3
P02901,2026-07-23,2026-08-04,4
P02909,2026-07-08,2026-08-04,2
P02918,2026-07-30,2026-08-04,3
P02930,2026-07-21,2026-08-04,4
P02944,2026-07-30,2026-08-04,4
P02969,2026-07-28,2026-08-04,4
P03067,2026-07-30,2026-08-04,4
P03084,2026-07-24,2026-08-04,2
P03088,2026-07-28,2026-08-04,4
P03093,2026-07-11,2026-08-04,2
P03181,2026-07-26,2026-08-04,4
P03209,2026-07-20,2026-08-04,1
P03329,2026-07-14,2026-08-04,3
P03330,2026-07-05,2026-08-04,3
P03346,2026-07-23,2026-08-04,3
P03360,2026-07-25,2026-08-04,4
P03365,2026-07-28,2026-08-04,2
P03402,2026-07-06,2026-08-04,1
P03471,2026-07-09,2026-08-04,4
P03534,2026-07-17,2026-08-04,3
P03543,2026-07-21,2026-08-04,1
P03547,2026-07-18,2026-08-04,4
P03593,2026-07-28,2026-08-04,4
P03607,2026-07-10,2026-08-04,3
P03617,2026-07-12,2026-08-04,4
P03625,2026-07-20,2026-08-04,1
P03653,2026-07-06,2026-08-04,1
P03670,2026-07-30,2026-08-04,1
P03672,2026-07-23,2026-08-04,1
P03696,2026-07-13,2026-08-04,4
P03741,2026-07-20,2026-08-04,2
P03744,2026-07-08,2026-08-04,3
P03799,2026-07-24,2026-08-04,1
P03804,2026-07-21,2026-08-04,4
P03813,2026-07-08,2026-08-04,2
P03835,2026-07-06,2026-08-04,1
P03851,2026-07-13,2026-08-04,4
P03868,2026-07-07,2026-08-04,3
P03883,2026-07-25,2026-08-04,4
P03887,2026-07-24,2026-08-04,2
P03891,2026-07-19,2026-08-04,3
P03899,2026-07-24,2026-08-04,2
P03942,2026-07-28,2026-08-04,4
P03951,2026-07-17,2026-08-04,3
P03959,2026-07-27,2026-08-04,3
P03974,2026-07-29,2026-08-04,3
P04057,2026-07-15,2026-08-04,4
P04076,2026-07-07,2026-08-04,4
P04080,2026-07-09,2026-08-04,3
P04104,2026-07-14,2026-08-04,2
P04122,2026-07-20,2026-08-04,1
P04262,2026-07-13,2026-08-04,4
P04318,2026-07-28,2026-08-04,3
P04343,2026-07-24,2026-08-04,2
P04357,2026-07-14,2026-08-04,2
P04373,2026-07-28,2026-08-04,1
P04418,2026-07-23,2026-08-04,2
P04445,2026-07-30,2026-08-04,3
P04452,2026-07-29,2026-08-04,4
P04455,2026-07-15,2026-08-04,4
P04466,2026-07-28,2026-08-04,4
P04492,2026-07-29,2026-08-04,4
P04503,2026-07-29,2026-08-04,1
P04611,2026-07-26,2026-08-04,1
P04623,2026-07-09,2026-08-04,2
P04644,2026-07-14,2026-08-04,4
P04661,2026-07-22,2026-08-04,2
P04676,2026-07-07,2026-08-04,1
P04691,2026-07-26,2026-08-04,4
P04713,2026-07-27,2026-08-04,2
P04725,2026-07-19,2026-08-04,3
P04733,2026-07-28,2026-08-04,3
P04744,2026-07-28,2026-08-04,1
P04776,2026-07-17,2026-08-04,1
P04815,2026-07-26,2026-08-04,2
P04846,2026-07-21,2026-08-04,2
P04931,2026-07-27,2026-08-04,1
P04975,2026-07-30,2026-08-04,1
P05006,2026-07-06,2026-08-04,2
P05009,2026-07-16,2026-08-04,4
P05044,2026-07-25,2026-08-04,1
P05061,2026-07-15,2026-08-04,2
P05093,2026-07-21,2026-08-04,4
P05150,2026-07-06,2026-08-04,1
P05198,2026-07-21,2026-08-04,3
P05294,2026-07-20,2026-08-04,4
P05316,2026-07-20,2026-08-04,1
P05365,2026-07-29,2026-08-04,3
P05377,2026-07-28,2026-08-04,2
P05487,2026-07-30,2026-08-04,1
P05529,2026-07-20,2026-08-04,4
P05558,2026-07-13,2026-08-04,3
P05620,2026-07-30,2026-08-04,2
P05628,2026-07-27,2026-08-04,1
P05645,2026-07-06,2026-08-04,1
P05660,2026-07-28,2026-08-04,2
P05682,2026-07-14,2026-08-04,1
P05683,2026-07-30,2026-08-04,3
P05719,2026-07-23,2026-08-04,3
P05767,2026-07-18,2026-08-04,2
P05814,2026-07-30,2026-08-04,3
P05824,2026-07-27,2026-08-04,1
P05834,2026-07-15,2026-08-04,4
P05843,2026-07-29,2026-08-04,4
P05870,2026-07-09,2026-08-04,4
P05880,2026-07-06,2026-08-04,1
P05889,2026-07-08,2026-08-04,4
P05905,2026-07-09,2026-08-04,1
P05914,2026-07-07,2026-08-04,1
P05925,2026-07-22,2026-08-04,1
P05971,2026-07-26,2026-08-04,2
P05983,2026-07-13,2026-08-04,3
P06008,2026-07-14,2026-08-04,3
P06032,2026-07-10,2026-08-04,3
P06042,2026-07-26,2026-08-04,1
P06093,2026-07-27,2026-08-04,3
P06109,2026-07-28,2026-08-04,1
P06159,2026-07-26,2026-08-04,4
P06161,2026-07-15,2026-08-04,3
P06181,2026-07-10,2026-08-04,3
P06186,2026-07-19,2026-08-04,3
P06326,2026-07-29,2026-08-04,2
P06348,2026-07-08,2026-08-04,2
P06407,2026-07-26,2026-08-04,2
P06433,2026-07-30,2026-08-04,4
P06470,2026-07-30,2026-08-04,1
P06567,2026-07-24,2026-08-04,4
P06574,2026-07-24,2026-08-04,2
P06635,2026-07-23,2026-08-04,4
P06711,2026-07-28,2026-08-04,3
P06754,2026-07-25,2026-08-04,1
P06756,2026-07-07,2026-08-04,1
P06785,2026-07-29,2026-08-04,3
P06790,2026-07-28,2026-08-04,2
P06794,2026-07-18,2026-08-04,4
P06795,2026-07-22,2026-08-04,2
P06804,2026-07-16,2026-08-04,4
P06876,2026-07-19,2026-08-04,4
P06923,2026-07-05,2026-08-04,2
P07004,2026-07-09,2026-08-04,3
P07041,2026-07-09,2026-08-04,1
P07054,2026-07-26,2026-08-04,4
P07077,2026-07-25,2026-08-04,2
P07084,2026-07-29,2026-08-04,3
P07094,2026-07-20,2026-08-04,4
P07107,2026-07-30,2026-08-04,4
P07121,2026-07-30,2026-08-04,1
P07127,2026-07-16,2026-08-04,4
P07132,2026-07-15,2026-08-04,3
P07149,2026-07-28,2026-08-04,3
P07164,2026-07-23,2026-08-04,3
P07204,2026-07-09,2026-08-04,2
P07227,2026-07-19,2026-08-04,2
P07281,2026-07-27,2026-08-04,1
P07285,2026-07-19,2026-08-04,1
P07311,2026-07-28,2026-08-04,1
P07314,2026-07-22,2026-08-04,3
P07331,2026-07-11,2026-08-04,3
P07356,2026-07-27,2026-08-04,4
P07383,2026-07-07,2026-08-04,4
P07392,2026-07-24,2026-08-04,4
P07464,2026-07-28,2026-08-04,2
P07471,2026-07-20,2026-08-04,2
P07503,2026-07-20,2026-08-04,4
P07510,2026-07-24,2026-08-04,4
P07534,2026-07-06,2026-08-04,2
P07555,2026-07-22,2026-08-04,3
P07568,2026-07-25,2026-08-04,2
P07575,2026-07-17,2026-08-04,4
P07615,2026-07-20,2026-08-04,2
P07617,2026-07-14,2026-08-04,3
P07626,2026-07-17,2026-08-04,4
P07664,2026-07-29,2026-08-04,4
P07804,2026-07-23,2026-08-04,4
P07917,2026-07-28,2026-08-04,2
P07943,2026-07-29,2026-08-04,2
P07966,2026-07-27,2026-08-04,4
P07974,2026-07-07,2026-08-04,4
P00009,2026-07-19,2026-08-05,3
P00080,2026-07-16,2026-08-05,4
P00082,2026-07-23,2026-08-05,1
P00158,2026-07-10,2026-08-05,4
P00188,2026-07-09,2026-08-05,1
P00198,2026-07-06,2026-08-05,3
P00209,2026-07-10,2026-08-05,3
P00255,2026-07-26,2026-08-05,2
P00306,2026-07-23,2026-08-05,4
P00390,2026-07-09,2026-08-05,1
P00394,2026-07-11,2026-08-05,1
P00529,2026-07-15,2026-08-05,4
P00552,2026-07-29,2026-08-05,4
P00554,2026-07-30,2026-08-05,3
P00578,2026-07-23,2026-08-05,3
P00631,2026-07-07,2026-08-05,1
P00655,2026-07-28,2026-08-05,4
P00670,2026-07-10,2026-08-05,1
P00680,2026-07-28,2026-08-05,1
P00775,2026-07-25,2026-08-05,4
P00837,2026-07-15,2026-08-05,3
P00887,2026-07-08,2026-08-05,4
P00928,2026-07-18,2026-08-05,3
P00955,2026-07-30,2026-08-05,4
P01075,2026-07-23,2026-08-05,4
P01089,2026-07-15,2026-08-05,2
P01171,2026-07-17,2026-08-05,2
P01217,2026-07-26,2026-08-05,2
P01219,2026-07-28,2026-08-05,4
P01226,2026-07-30,2026-08-05,2
P01240,2026-07-20,2026-08-05,1
P01245,2026-07-11,2026-08-05,3
P01270,2026-07-17,2026-08-05,1
P01273,2026-07-20,2026-08-05,2
P01275,2026-07-20,2026-08-05,2
P01301,2026-07-13,2026-08-05,2
P01364,2026-07-15,2026-08-05,1
P01406,2026-07-22,2026-08-05,1
P01512,2026-07-22,2026-08-05,1
P01514,2026-07-21,2026-08-05,2
P01519,2026-07-27,2026-08-05,4
P01521,2026-07-29,2026-08-05,3
P01527,2026-07-25,2026-08-05,1
P01556,2026-07-30,2026-08-05,2
P01591,2026-07-14,2026-08-05,3
P01599,2026-07-23,2026-08-05,4
P01743,2026-07-24,2026-08-05,1
P01784,2026-07-12,2026-08-05,4
P01833,2026-07-18,2026-08-05,3
P01839,2026-07-14,2026-08-05,1
P01910,2026-07-28,2026-08-05,3
P01952,2026-07-23,2026-08-05,2
P01982,2026-07-23,2026-08-05,1
P02036,2026-07-23,2026-08-05,4
P02061,2026-07-22,2026-08-05,4
P02108,2026-07-23,2026-08-05,1
P02129,2026-07-22,2026-08-05,3
P02191,2026-07-28,2026-08-05,3
P02209,2026-07-24,2026-08-05,2
P02210,2026-07-20,2026-08-05,2
P02260,2026-07-28,2026-08-05,4
P02274,2026-07-23,2026-08-05,4
P02290,2026-07-30,2026-08-05,3
P02341,2026-07-29,2026-08-05,3
P02362,2026-07-29,2026-08-05,3
P02371,2026-07-09,2026-08-05,4
P02418,2026-07-12,2026-08-05,1
P02431,2026-07-13,2026-08-05,2
P02445,2026-07-27,2026-08-05,3
P02486,2026-07-11,2026-08-05,1
P02500,2026-07-26,2026-08-05,4
P02549,2026-07-21,2026-08-05,1
P02627,2026-07-30,2026-08-05,3
P02630,2026-07-27,2026-08-05,1
P02634,2026-07-10,2026-08-05,4
P02668,2026-07-14,2026-08-05,3
P02710,2026-07-30,2026-08-05,4
P02727,2026-07-28,2026-08-05,2
P02743,2026-07-22,2026-08-05,3
P02754,2026-07-19,2026-08-05,3
P02822,2026-07-24,2026-08-05,3
P02837,2026-07-10,2026-08-05,1
P02873,2026-07-22,2026-08-05,4
P02882,2026-07-28,2026-08-05,4
P02963,2026-07-17,2026-08-05,4
P02971,2026-07-29,2026-08-05,4
P03008,2026-07-13,2026-08-05,3
P03019,2026-07-24,2026-08-05,1
P03046,2026-07-30,2026-08-05,1
P03115,2026-07-23,2026-08-05,4
P03116,2026-07-26,2026-08-05,4
P03181,2026-07-26,2026-08-05,3
P03297,2026-07-28,2026-08-05,4
P03313,2026-07-22,2026-08-05,4
P03346,2026-07-23,2026-08-05,3
P03380,2026-07-14,2026-08-05,3
P03389,2026-07-29,2026-08-05,4
P03393,2026-07-27,2026-08-05,3
P03426,2026-07-21,2026-08-05,3
P03456,2026-07-22,2026-08-05,1
P03498,2026-07-12,2026-08-05,2
P03551,2026-07-28,2026-08-05,3
P03557,2026-07-30,2026-08-05,3
P03566,2026-07-15,2026-08-05,4
P03588,2026-07-19,2026-08-05,2
P03596,2026-07-06,2026-08-05,1
P03607,2026-07-10,2026-08-05,3
P03636,2026-07-26,2026-08-05,3
P03812,2026-07-28,2026-08-05,4
P03835,2026-07-06,2026-08-05,4
P03858,2026-07-20,2026-08-05,2
P03872,2026-07-06,2026-08-05,2
P03887,2026-07-24,2026-08-05,3
P03971,2026-07-18,2026-08-05,2
P03972,2026-07-15,2026-08-05,3
P03983,2026-07-26,2026-08-05,4
P04028,2026-07-09,2026-08-05,1
P04053,2026-07-13,2026-08-05,1
P04069,2026-07-07,2026-08-05,2
P04103,2026-07-27,2026-08-05,4
P04121,2026-07-29,2026-08-05,1
P04184,2026-07-24,2026-08-05,4
P04191,2026-07-08,2026-08-05,4
P04196,2026-07-09,2026-08-05,2
P04245,2026-07-30,2026-08-05,1
P04248,2026-07-18,2026-08-05,2
P04265,2026-07-27,2026-08-05,3
P04301,2026-07-17,2026-08-05,2
P04344,2026-07-24,2026-08-05,2
P04379,2026-07-22,2026-08-05,1
P04382,2026-07-06,2026-08-05,4
P04392,2026-07-08,2026-08-05,4
P04445,2026-07-30,2026-08-05,2
P04465,2026-07-21,2026-08-05,2
P04467,2026-07-12,2026-08-05,4
P04476,2026-07-24,2026-08-05,2
P04550,2026-07-26,2026-08-05,4
P04556,2026-07-22,2026-08-05,3
P04584,2026-07-26,2026-08-05,4
P04597,2026-07-16,2026-08-05,1
P04600,2026-07-11,2026-08-05,2
P04669,2026-07-25,2026-08-05,2
P04671,2026-07-28,2026-08-05,1
P04689,2026-07-24,2026-08-05,4
P04691,2026-07-26,2026-08-05,1
P04713,2026-07-27,2026-08-05,1
P04891,2026-07-18,2026-08-05,2
P04931,2026-07-27,2026-08-05,1
P04944,2026-07-12,2026-08-05,3
P04986,2026-07-12,2026-08-05,4
P05009,2026-07-16,2026-08-05,3
P05019,2026-07-29,2026-08-05,3
P05044,2026-07-25,2026-08-05,3
P05069,2026-07-24,2026-08-05,4
P05080,2026-07-20,2026-08-05,2
P05124,2026-07-30,2026-08-05,3
P05126,2026-07-27,2026-08-05,4
P05133,2026-07-11,2026-08-05,2
P05169,2026-07-24,2026-08-05,2
P05284,2026-07-21,2026-08-05,2
P05328,2026-07-13,2026-08-05,1
P05343,2026-07-15,2026-08-05,3
P05357,2026-07-19,2026-08-05,4
P05447,2026-07-06,2026-08-05,3
P05468,2026-07-21,2026-08-05,2
P05487,2026-07-30,2026-08-05,3
P05565,2026-07-07,2026-08-05,2
P05591,2026-07-23,2026-08-05,1
P05620,2026-07-30,2026-08-05,4
P05646,2026-07-21,2026-08-05,1
P05677,2026-07-28,2026-08-05,2
P05682,2026-07-14,2026-08-05,1
P05692,2026-07-19,2026-08-05,3
P05731,2026-07-30,2026-08-05,2
P05746,2026-07-15,2026-08-05,2
P05782,2026-07-28,2026-08-05,2
P05813,2026-07-14,2026-08-05,3
P05830,2026-07-23,2026-08-05,2
P05836,2026-07-12,2026-08-05,2
P05896,2026-07-30,2026-08-05,4
P05911,2026-07-10,2026-08-05,3
P05965,2026-07-09,2026-08-05,2
P05971,2026-07-26,2026-08-05,2
P05984,2026-07-21,2026-08-05,4
P06041,2026-07-25,2026-08-05,3
P06107,2026-07-27,2026-08-05,1
P06126,2026-07-09,2026-08-05,1
P06166,2026-07-27,2026-08-05,3
P06192,2026-07-17,2026-08-05,1
P06267,2026-07-29,2026-08-05,2
P06442,2026-07-26,2026-08-05,1
P06481,2026-07-24,2026-08-05,4
P06483,2026-07-28,2026-08-05,1
P06496,2026-07-08,2026-08-05,2
P06613,2026-07-07,2026-08-05,4
P06646,2026-07-15,2026-08-05,1
P06679,2026-07-14,2026-08-05,3
P06695,2026-07-30,2026-08-05,4
P06718,2026-07-12,2026-08-05,2
P06728,2026-07-15,2026-08-05,2
P06756,2026-07-07,2026-08-05,4
P06765,2026-07-08,2026-08-05,4
P06800,2026-07-26,2026-08-05,3
P06867,2026-07-18,2026-08-05,1
P06876,2026-07-19,2026-08-05,3
P06908,2026-07-13,2026-08-05,1
P06917,2026-07-09,2026-08-05,1
P06933,2026-07-22,2026-08-05,4
P06949,2026-07-16,2026-08-05,1
P06986,2026-07-29,2026-08-05,3
P07004,2026-07-09,2026-08-05,3
P07045,2026-07-07,2026-08-05,1
P07046,2026-07-16,2026-08-05,2
P07054,2026-07-26,2026-08-05,3
P07097,2026-07-27,2026-08-05,2
P07164,2026-07-23,2026-08-05,1
P07261,2026-07-06,2026-08-05,1
P07323,2026-07-13,2026-08-05,1
P07345,2026-07-24,2026-08-05,1
P07392,2026-07-24,2026-08-05,2
P07400,2026-07-22,2026-08-05,1
P07448,2026-07-24,2026-08-05,3
P07471,2026-07-20,2026-08-05,2
P07479,2026-07-11,2026-08-05,4
P07507,2026-07-10,2026-08-05,1
P07575,2026-07-17,2026-08-05,4
P07583,2026-07-13,2026-08-05,1
P07616,2026-07-12,2026-08-05,3
P07645,2026-07-30,2026-08-05,4
P07658,2026-07-12,2026-08-05,3
P07694,2026-07-08,2026-08-05,1
P07708,2026-07-24,2026-08-05,3
P07711,2026-07-28,2026-08-05,1
P07804,2026-07-23,2026-08-05,2
P07834,2026-07-09,2026-08-05,2
P07896,2026-07-10,2026-08-05,2
P07931,2026-07-08,2026-08-05,4
P07960,2026-07-26,2026-08-05,2
P00002,2026-07-26,2026-08-06,1
P00049,2026-07-09,2026-08-06,1
P00072,2026-07-30,2026-08-06,1
P00076,2026-07-26,2026-08-06,1
P00082,2026-07-23,2026-08-06,1
P00107,2026-07-19,2026-08-06,3
P00149,2026-07-20,2026-08-06,3
P00158,2026-07-10,2026-08-06,4
P00163,2026-07-13,2026-08-06,4
P00172,2026-07-13,2026-08-06,1
P00173,2026-07-28,2026-08-06,3
P00183,2026-07-24,2026-08-06,3
P00269,2026-07-22,2026-08-06,3
P00294,2026-07-21,2026-08-06,2
P00304,2026-07-29,2026-08-06,3
P00353,2026-07-21,2026-08-06,3
P00381,2026-07-24,2026-08-06,3
P00394,2026-07-11,2026-08-06,2
P00414,2026-07-29,2026-08-06,1
P00415,2026-07-29,2026-08-06,1
P00503,2026-07-13,2026-08-06,2
P00519,2026-07-20,2026-08-06,2
P00629,2026-07-17,2026-08-06,1
P00636,2026-07-18,2026-08-06,4
P00714,2026-07-21,2026-08-06,1
P00771,2026-07-29,2026-08-06,3
P00778,2026-07-24,2026-08-06,2
P00790,2026-07-26,2026-08-06,1
P00822,2026-07-14,2026-08-06,4
P00834,2026-07-28,2026-08-06,1
P00898,2026-07-12,2026-08-06,1
P00921,2026-07-17,2026-08-06,4
P00949,2026-07-25,2026-08-06,3
P01014,2026-07-30,2026-08-06,2
P01040,2026-07-07,2026-08-06,2
P01056,2026-07-19,2026-08-06,3
P01070,2026-07-07,2026-08-06,1
P01075,2026-07-23,2026-08-06,1
P01138,2026-07-28,2026-08-06,2
P01209,2026-07-14,2026-08-06,4
P01210,2026-07-24,2026-08-06,2
P01252,2026-07-24,2026-08-06,3
P01266,2026-07-26,2026-08-06,4
P01298,2026-07-15,2026-08-06,2
P01334,2026-07-20,2026-08-06,4
P01343,2026-07-22,2026-08-06,4
P01429,2026-07-25,2026-08-06,2
P01468,2026-07-16,2026-08-06,3
P01505,2026-07-07,2026-08-06,2
P01513,2026-07-19,2026-08-06,1
P01514,2026-07-21,2026-08-06,4
P01531,2026-07-28,2026-08-06,2
P01539,2026-07-15,2026-08-06,1
P01598,2026-07-10,2026-08-06,4
P01602,2026-07-29,2026-08-06,2
P01604,2026-07-30,2026-08-06,2
P01664,2026-07-26,2026-08-06,1
P01768,2026-07-10,2026-08-06,1
P01784,2026-07-12,2026-08-06,4
P01815,2026-07-17,2026-08-06,4
P01877,2026-07-15,2026-08-06,1
P01896,2026-07-11,2026-08-06,1
P01900,2026-07-10,2026-08-06,3
P01918,2026-07-11,2026-08-06,3
P01928,2026-07-07,2026-08-06,2
P01988,2026-07-26,2026-08-06,4
P02001,2026-07-24,2026-08-06,3
P02015,2026-07-25,2026-08-06,1
P02039,2026-07-07,2026-08-06,2
P02050,2026-07-30,2026-08-06,4
P02065,2026-07-28,2026-08-06,2
P02080,2026-07-23,2026-08-06,4
P02231,2026-07-21,2026-08-06,4
P02274,2026-07-23,2026-08-06,3
P02321,2026-07-12,2026-08-06,1
P02367,2026-07-10,2026-08-06,2
P02373,2026-07-28,2026-08-06,1
P02430,2026-07-10,2026-08-06,1
P02432,2026-07-22,2026-08-06,3
P02440,2026-07-24,2026-08-06,4
P02466,2026-07-21,2026-08-06,1
P02468,2026-07-25,2026-08-06,2
P02503,2026-07-17,2026-08-06,1
P02645,2026-07-17,2026-08-06,4
P02686,2026-07-24,2026-08-06,3
P02747,2026-07-26,2026-08-06,1
P02782,2026-07-19,2026-08-06,2
P02812,2026-07-15,2026-08-06,2
P02819,2026-07-17,2026-08-06,2
P02820,2026-07-12,2026-08-06,2
P02835,2026-07-30,2026-08-06,1
P02836,2026-07-28,2026-08-06,3
P02863,2026-07-13,2026-08-06,3
P02873,2026-07-22,2026-08-06,4
P02874,2026-07-18,2026-08-06,3
P02923,2026-07-15,2026-08-06,1
P02949,2026-07-30,2026-08-06,3
P02963,2026-07-17,2026-08-06,1
P02974,2026-07-29,2026-08-06,1
P02990,2026-07-29,2026-08-06,4
P03015,2026-07-24,2026-08-06,2
P03088,2026-07-28,2026-08-06,3
P03198,2026-07-09,2026-08-06,2
P03216,2026-07-25,2026-08-06,1
P03241,2026-07-07,2026-08-06,1
P03283,2026-07-20,2026-08-06,4
P03328,2026-07-27,2026-08-06,1
P03378,2026-07-25,2026-08-06,1
P03399,2026-07-25,2026-08-06,2
P03401,2026-07-27,2026-08-06,1
P03426,2026-07-21,2026-08-06,1
P03453,2026-07-09,2026-08-06,4
P03463,2026-07-15,2026-08-06,1
P03464,2026-07-08,2026-08-06,2
P03588,2026-07-19,2026-08-06,3
P03607,2026-07-10,2026-08-06,2
P03711,2026-07-28,2026-08-06,1
P03782,2026-07-14,2026-08-06,2
P03799,2026-07-24,2026-08-06,1
P03812,2026-07-28,2026-08-06,2
P03814,2026-07-15,2026-08-06,4
P03844,2026-07-19,2026-08-06,4
P03846,2026-07-08,2026-08-06,4
P03854,2026-07-09,2026-08-06,3
P03868,2026-07-07,2026-08-06,4
P03871,2026-07-15,2026-08-06,4
P03876,2026-07-21,2026-08-06,3
P03891,2026-07-19,2026-08-06,2
P03899,2026-07-24,2026-08-06,1
P03904,2026-07-14,2026-08-06,2
P03959,2026-07-27,2026-08-06,2
P03992,2026-07-30,2026-08-06,2
P04022,2026-07-08,2026-08-06,2
P04054,2026-07-15,2026-08-06,2
P04074,2026-07-23,2026-08-06,4
P04083,2026-07-24,2026-08-06,2
P04096,2026-07-17,2026-08-06,2
P04124,2026-07-29,2026-08-06,1
P04146,2026-07-20,2026-08-06,4
P04167,2026-07-08,2026-08-06,1
P04202,2026-07-12,2026-08-06,2
P04204,2026-07-24,2026-08-06,3
P04248,2026-07-18,2026-08-06,3
P04392,2026-07-08,2026-08-06,4
P04443,2026-07-27,2026-08-06,4
P04469,2026-07-09,2026-08-06,3
P04476,2026-07-24,2026-08-06,2
P04484,2026-07-28,2026-08-06,1
P04492,2026-07-29,2026-08-06,2
P04493,2026-07-27,2026-08-06,3
P04525,2026-07-14,2026-08-06,4
P04550,2026-07-26,2026-08-06,1
P04553,2026-07-22,2026-08-06,3
P04561,2026-07-25,2026-08-06,3
P04576,2026-07-26,2026-08-06,4
P04584,2026-07-26,2026-08-06,3
P04644,2026-07-14,2026-08-06,3
P04655,2026-07-30,2026-08-06,3
P04667,2026-07-12,2026-08-06,3
P04691,2026-07-26,2026-08-06,1
P04723,2026-07-16,2026-08-06,3
P04735,2026-07-28,2026-08-06,2
P04753,2026-07-10,2026-08-06,2
P04773,2026-07-12,2026-08-06,3
P04850,2026-07-10,2026-08-06,4
P04852,2026-07-07,2026-08-06,2
P04861,2026-07-21,2026-08-06,4
P04910,2026-07-30,2026-08-06,3
P04941,2026-07-09,2026-08-06,1
P04975,2026-07-30,2026-08-06,1
P04978,2026-07-11,2026-08-06,3
P04995,2026-07-13,2026-08-06,1
P05002,2026-07-22,2026-08-06,3
P05037,2026-07-21,2026-08-06,1
P05124,2026-07-30,2026-08-06,3
P05160,2026-07-23,2026-08-06,1
P05208,2026-07-28,2026-08-06,4
P05245,2026-07-23,2026-08-06,4
P05274,2026-07-13,2026-08-06,4
P05283,2026-07-27,2026-08-06,3
P05315,2026-07-15,2026-08-06,2
P05328,2026-07-13,2026-08-06,1
P05357,2026-07-19,2026-08-06,2
P05402,2026-07-24,2026-08-06,1
P05558,2026-07-13,2026-08-06,3
P05562,2026-07-11,2026-08-06,1
P05594,2026-07-27,2026-08-06,1
P05642,2026-07-17,2026-08-06,1
P05711,2026-07-10,2026-08-06,4
P05719,2026-07-23,2026-08-06,4
P05751,2026-07-08,2026-08-06,3
P05774,2026-07-21,2026-08-06,2
P05831,2026-07-30,2026-08-06,2
P05882,2026-07-26,2026-08-06,4
P05917,2026-07-23,2026-08-06,3
P05932,2026-07-11,2026-08-06,2
P06048,2026-07-26,2026-08-06,1
P06082,2026-07-07,2026-08-06,3
P06086,2026-07-27,2026-08-06,1
P06109,2026-07-28,2026-08-06,3
P06172,2026-07-22,2026-08-06,2
P06181,2026-07-10,2026-08-06,2
P06256,2026-07-26,2026-08-06,3
P06264,2026-07-23,2026-08-06,2
P06326,2026-07-29,2026-08-06,4
P06379,2026-07-22,2026-08-06,4
P06410,2026-07-28,2026-08-06,1
P06471,2026-07-17,2026-08-06,3
P06567,2026-07-24,2026-08-06,2
P06574,2026-07-24,2026-08-06,2
P06588,2026-07-25,2026-08-06,1
P06600,2026-07-15,2026-08-06,2
P06612,2026-07-09,2026-08-06,4
P06718,2026-07-12,2026-08-06,2
P06728,2026-07-15,2026-08-06,2
P06744,2026-07-11,2026-08-06,2
P06798,2026-07-17,2026-08-06,3
P06805,2026-07-28,2026-08-06,2
P06855,2026-07-19,2026-08-06,2
P06896,2026-07-27,2026-08-06,2
P06936,2026-07-29,2026-08-06,4
P06940,2026-07-29,2026-08-06,3
P06973,2026-07-19,2026-08-06,4
P06975,2026-07-26,2026-08-06,2
P07004,2026-07-09,2026-08-06,4
P07043,2026-07-10,2026-08-06,1
P07107,2026-07-30,2026-08-06,3
P07163,2026-07-29,2026-08-06,3
P07230,2026-07-14,2026-08-06,4
P07254,2026-07-30,2026-08-06,1
P07262,2026-07-14,2026-08-06,3
P07311,2026-07-28,2026-08-06,4
P07328,2026-07-30,2026-08-06,4
P07386,2026-07-27,2026-08-06,4
P07404,2026-07-08,2026-08-06,1
P07412,2026-07-13,2026-08-06,2
P07426,2026-07-12,2026-08-06,1
P07434,2026-07-13,2026-08-06,3
P07458,2026-07-12,2026-08-06,1
P07479,2026-07-11,2026-08-06,1
P07500,2026-07-08,2026-08-06,4
P07503,2026-07-20,2026-08-06,3
P07540,2026-07-24,2026-08-06,1
P07555,2026-07-22,2026-08-06,3
P07565,2026-07-24,2026-08-06,1
P07568,2026-07-25,2026-08-06,1
P07585,2026-07-28,2026-08-06,1
P07618,2026-07-11,2026-08-06,1
P07642,2026-07-26,2026-08-06,3
P07726,2026-07-07,2026-08-06,4
P07775,2026-07-27,2026-08-06,2
P07838,2026-07-09,2026-08-06,3
P07880,2026-07-27,2026-08-06,1
P07941,2026-07-23,2026-08-06,1
P07960,2026-07-26,2026-08-06,2
P07997,2026-07-13,2026-08-06,2
P00062,2026-07-15,2026-08-07,1
P00130,2026-07-10,2026-08-07,2
P00209,2026-07-10,2026-08-07,4
P00293,2026-07-18,2026-08-07,2
P00304,2026-07-29,2026-08-07,1
P00370,2026-07-28,2026-08-07,4
P00504,2026-07-14,2026-08-07,4
P00554,2026-07-30,2026-08-07,1
P00606,2026-07-16,2026-08-07,1
P00651,2026-07-15,2026-08-07,2
P00680,2026-07-28,2026-08-07,1
P00681,2026-07-22,2026-08-07,2
P00707,2026-07-28,2026-08-07,4
P00725,2026-07-23,2026-08-07,4
P00748,2026-07-10,2026-08-07,1
P00753,2026-07-10,2026-08-07,4
P00778,2026-07-24,2026-08-07,2
P00806,2026-07-29,2026-08-07,1
P00876,2026-07-21,2026-08-07,3
P00887,2026-07-08,2026-08-07,3
P00900,2026-07-20,2026-08-07,2
P00922,2026-07-26,2026-08-07,3
P00933,2026-07-28,2026-08-07,1
P00974,2026-07-14,2026-08-07,2
P00979,2026-07-12,2026-08-07,3
P01014,2026-07-30,2026-08-07,2
P01016,2026-07-28,2026-08-07,1
P01031,2026-07-21,2026-08-07,4
P01057,2026-07-14,2026-08-07,2
P01062,2026-07-09,2026-08-07,1
P01066,2026-07-11,2026-08-07,1
P01089,2026-07-15,2026-08-07,1
P01106,2026-07-19,2026-08-07,1
P01144,2026-07-26,2026-08-07,2
P01168,2026-07-29,2026-08-07,4
P01252,2026-07-24,2026-08-07,3
P01340,2026-07-14,2026-08-07,2
P01364,2026-07-15,2026-08-07,4
P01368,2026-07-20,2026-08-07,4
P01479,2026-07-29,2026-08-07,4
P01488,2026-07-12,2026-08-07,2
P01494,2026-07-23,2026-08-07,3
P01499,2026-07-28,2026-08-07,4
P01500,2026-07-30,2026-08-07,2
P01513,2026-07-19,2026-08-07,3
P01533,2026-07-24,2026-08-07,3
P01558,2026-07-27,2026-08-07,2
P01560,2026-07-29,2026-08-07,1
P01576,2026-07-13,2026-08-07,4
P01615,2026-07-19,2026-08-07,3
P01658,2026-07-28,2026-08-07,2
P01680,2026-07-11,2026-08-07,1
P01742,2026-07-19,2026-08-07,1
P01749,2026-07-20,2026-08-07,4
P01758,2026-07-08,2026-08-07,3
P01818,2026-07-16,2026-08-07,1
P01871,2026-07-10,2026-08-07,2
P01872,2026-07-21,2026-08-07,2
P01873,2026-07-25,2026-08-07,4
P01898,2026-07-15,2026-08-07,1
P01918,2026-07-11,2026-08-07,4
P01987,2026-07-15,2026-08-07,3
P02003,2026-07-19,2026-08-07,2
P02019,2026-07-30,2026-08-07,2
P02054,2026-07-29,2026-08-07,1
P02061,2026-07-22,2026-08-07,1
P02064,2026-07-09,2026-08-07,1
P02069,2026-07-25,2026-08-07,4
P02133,2026-07-19,2026-08-07,3
P02284,2026-07-14,2026-08-07,3
P02301,2026-07-13,2026-08-07,2
P02364,2026-07-10,2026-08-07,1
P02373,2026-07-28,2026-08-07,2
P02397,2026-07-19,2026-08-07,3
P02417,2026-07-16,2026-08-07,2
P02541,2026-07-26,2026-08-07,4
P02577,2026-07-12,2026-08-07,4
P02603,2026-07-21,2026-08-07,2
P02619,2026-07-20,2026-08-07,4
P02626,2026-07-20,2026-08-07,3
P02667,2026-07-13,2026-08-07,1
P02686,2026-07-24,2026-08-07,4
P02739,2026-07-14,2026-08-07,4
P02748,2026-07-08,2026-08-07,1
P02769,2026-07-24,2026-08-07,3
P02796,2026-07-10,2026-08-07,2
P02800,2026-07-09,2026-08-07,1
P02803,2026-07-21,2026-08-07,4
P02897,2026-07-09,2026-08-07,2
P02910,2026-07-09,2026-08-07,2
P02913,2026-07-21,2026-08-07,4
P02920,2026-07-23,2026-08-07,3
P02923,2026-07-15,2026-08-07,1
P02928,2026-07-19,2026-08-07,3
P03022,2026-07-23,2026-08-07,3
P03043,2026-07-30,2026-08-07,4
P03063,2026-07-22,2026-08-07,4
P03118,2026-07-12,2026-08-07,3
P03154,2026-07-08,2026-08-07,1
P03167,2026-07-27,2026-08-07,4
P03213,2026-07-24,2026-08-07,1
P03260,2026-07-30,2026-08-07,2
P03311,2026-07-26,2026-08-07,2
P03369,2026-07-29,2026-08-07,2
P03371,2026-07-24,2026-08-07,2
P03376,2026-07-10,2026-08-07,3
P03389,2026-07-29,2026-08-07,4
P03401,2026-07-27,2026-08-07,4
P03456,2026-07-22,2026-08-07,3
P03464,2026-07-08,2026-08-07,2
P03472,2026-07-22,2026-08-07,3
P03551,2026-07-28,2026-08-07,2
P03562,2026-07-08,2026-08-07,2
P03571,2026-07-29,2026-08-07,3
P03593,2026-07-28,2026-08-07,4
P03611,2026-07-24,2026-08-07,1
P03617,2026-07-12,2026-08-07,1
P03661,2026-07-29,2026-08-07,1
P03670,2026-07-30,2026-08-07,4
P03687,2026-07-22,2026-08-07,1
P03729,2026-07-18,2026-08-07,1
P03741,2026-07-20,2026-08-07,2
P03744,2026-07-08,2026-08-07,4
P03787,2026-07-28,2026-08-07,4
P03790,2026-07-24,2026-08-07,2
P03795,2026-07-22,2026-08-07,4
P03796,2026-07-09,2026-08-07,1
P03811,2026-07-29,2026-08-07,4
P03814,2026-07-15,2026-08-07,1
P03828,2026-07-15,2026-08-07,3
P03844,2026-07-19,2026-08-07,2
P03847,2026-07-11,2026-08-07,3
P03858,2026-07-20,2026-08-07,1
P03915,2026-07-24,2026-08-07,2
P03983,2026-07-26,2026-08-07,2
P03993,2026-07-10,2026-08-07,2
P04073,2026-07-30,2026-08-07,2
P04114,2026-07-10,2026-08-07,1
P04215,2026-07-18,2026-08-07,2
P04250,2026-07-15,2026-08-07,1
P04391,2026-07-08,2026-08-07,1
P04418,2026-07-23,2026-08-07,1
P04423,2026-07-19,2026-08-07,3
P04455,2026-07-15,2026-08-07,1
P04550,2026-07-26,2026-08-07,3
P04561,2026-07-25,2026-08-07,4
P04568,2026-07-24,2026-08-07,1
P04576,2026-07-26,2026-08-07,2
P04601,2026-07-20,2026-08-07,2
P04626,2026-07-26,2026-08-07,1
P04641,2026-07-19,2026-08-07,3
P04648,2026-07-24,2026-08-07,1
P04660,2026-07-11,2026-08-07,2
P04661,2026-07-22,2026-08-07,1
P04662,2026-07-14,2026-08-07,2
P04667,2026-07-12,2026-08-07,4
P04669,2026-07-25,2026-08-07,2
P04671,2026-07-28,2026-08-07,1
P04704,2026-07-17,2026-08-07,1
P04713,2026-07-27,2026-08-07,3
P04845,2026-07-27,2026-08-07,1
P04869,2026-07-17,2026-08-07,4
P05025,2026-07-19,2026-08-07,3
P05044,2026-07-25,2026-08-07,1
P05124,2026-07-30,2026-08-07,1
P05149,2026-07-22,2026-08-07,3
P05156,2026-07-25,2026-08-07,4
P05198,2026-07-21,2026-08-07,3
P05225,2026-07-30,2026-08-07,3
P05256,2026-07-16,2026-08-07,4
P05316,2026-07-20,2026-08-07,3
P05340,2026-07-30,2026-08-07,3
P05429,2026-07-24,2026-08-07,4
P05461,2026-07-16,2026-08-07,2
P05576,2026-07-23,2026-08-07,2
P05628,2026-07-27,2026-08-07,4
P05646,2026-07-21,2026-08-07,1
P05666,2026-07-09,2026-08-07,1
P05746,2026-07-15,2026-08-07,4
P05819,2026-07-22,2026-08-07,3
P05831,2026-07-30,2026-08-07,4
P05873,2026-07-28,2026-08-07,1
P05899,2026-07-18,2026-08-07,2
P05915,2026-07-29,2026-08-07,1
P05942,2026-07-27,2026-08-07,2
P05949,2026-07-11,2026-08-07,3
P05963,2026-07-18,2026-08-07,3
P06035,2026-07-22,2026-08-07,3
P06066,2026-07-21,2026-08-07,1
P06086,2026-07-27,2026-08-07,1
P06088,2026-07-19,2026-08-07,3
P06116,2026-07-19,2026-08-07,4
P06166,2026-07-27,2026-08-07,2
P06233,2026-07-10,2026-08-07,1
P06234,2026-07-20,2026-08-07,3
P06256,2026-07-26,2026-08-07,3
P06292,2026-07-15,2026-08-07,4
P06300,2026-07-28,2026-08-07,4
P06342,2026-07-14,2026-08-07,1
P06410,2026-07-28,2026-08-07,1
P06459,2026-07-09,2026-08-07,2
P06462,2026-07-24,2026-08-07,3
P06483,2026-07-28,2026-08-07,3
P06588,2026-07-25,2026-08-07,2
P06618,2026-07-21,2026-08-07,2
P06626,2026-07-19,2026-08-07,2
P06653,2026-07-28,2026-08-07,3
P06709,2026-07-15,2026-08-07,1
P06726,2026-07-23,2026-08-07,2
P06785,2026-07-29,2026-08-07,4
P06790,2026-07-28,2026-08-07,4
P06845,2026-07-11,2026-08-07,1
P06884,2026-07-29,2026-08-07,4
P06888,2026-07-30,2026-08-07,3
P06933,2026-07-22,2026-08-07,2
P06975,2026-07-26,2026-08-07,1
P07054,2026-07-26,2026-08-07,3
P07065,2026-07-08,2026-08-07,1
P07083,2026-07-16,2026-08-07,3
P07147,2026-07-17,2026-08-07,1
P07153,2026-07-29,2026-08-07,4
P07163,2026-07-29,2026-08-07,1
P07185,2026-07-18,2026-08-07,2
P07209,2026-07-28,2026-08-07,4
P07231,2026-07-26,2026-08-07,2
P07241,2026-07-09,2026-08-07,1
P07290,2026-07-09,2026-08-07,1
P07328,2026-07-30,2026-08-07,4
P07335,2026-07-15,2026-08-07,2
P07367,2026-07-11,2026-08-07,4
P07433,2026-07-18,2026-08-07,3
P07480,2026-07-17,2026-08-07,2
P07548,2026-07-30,2026-08-07,2
P07565,2026-07-24,2026-08-07,1
P07581,2026-07-23,2026-08-07,3
P07634,2026-07-17,2026-08-07,1
P07657,2026-07-12,2026-08-07,2
P07708,2026-07-24,2026-08-07,3
P07721,2026-07-11,2026-08-07,2
P07756,2026-07-24,2026-08-07,2
P07761,2026-07-30,2026-08-07,1
P07781,2026-07-24,2026-08-07,3
P07815,2026-07-24,2026-08-07,3
P07898,2026-07-25,2026-08-07,3
P07957,2026-07-29,2026-08-07,3
P00049,2026-07-09,2026-08-08,4
P00072,2026-07-30,2026-08-08,4
P00091,2026-07-20,2026-08-08,1
P00118,2026-07-15,2026-08-08,1
P00180,2026-07-27,2026-08-08,4
P00193,2026-07-18,2026-08-08,2
P00236,2026-07-13,2026-08-08,2
P00301,2026-07-14,2026-08-08,2
P00381,2026-07-24,2026-08-08,2
P00394,2026-07-11,2026-08-08,1
P00470,2026-07-22,2026-08-08,2
P00502,2026-07-16,2026-08-08,3
P00525,2026-07-21,2026-08-08,3
P00578,2026-07-23,2026-08-08,1
P00595,2026-07-22,2026-08-08,3
P00658,2026-07-13,2026-08-08,3
P00701,2026-07-25,2026-08-08,1
P00726,2026-07-18,2026-08-08,4
P00744,2026-07-26,2026-08-08,2
P00753,2026-07-10,2026-08-08,1
P00781,2026-07-20,2026-08-08,1
P00852,2026-07-17,2026-08-08,2
P00876,2026-07-21,2026-08-08,4
P00907,2026-07-22,2026-08-08,4
P01074,2026-07-13,2026-08-08,3
P01133,2026-07-17,2026-08-08,2
P01167,2026-07-30,2026-08-08,3
P01198,2026-07-09,2026-08-08,4
P01305,2026-07-30,2026-08-08,4
P01328,2026-07-09,2026-08-08,4
P01345,2026-07-10,2026-08-08,1
P01413,2026-07-27,2026-08-08,2
P01422,2026-07-16,2026-08-08,1
P01429,2026-07-25,2026-08-08,3
P01513,2026-07-19,2026-08-08,2
P01514,2026-07-21,2026-08-08,1
P01570,2026-07-28,2026-08-08,4
P01615,2026-07-19,2026-08-08,3
P01664,2026-07-26,2026-08-08,3
P01719,2026-07-30,2026-08-08,3
P01729,2026-07-24,2026-08-08,4
P01736,2026-07-13,2026-08-08,4
P01871,2026-07-10,2026-08-08,4
P01872,2026-07-21,2026-08-08,1
P01873,2026-07-25,2026-08-08,2
P01896,2026-07-11,2026-08-08,4
P01947,2026-07-14,2026-08-08,2
P01957,2026-07-29,2026-08-08,4
P01987,2026-07-15,2026-08-08,2
P02069,2026-07-25,2026-08-08,3
P02077,2026-07-30,2026-08-08,1
P02094,2026-07-17,2026-08-08,3
P02105,2026-07-24,2026-08-08,3
P02112,2026-07-29,2026-08-08,2
P02124,2026-07-12,2026-08-08,3
P02129,2026-07-22,2026-08-08,2
P02219,2026-07-26,2026-08-08,2
P02252,2026-07-24,2026-08-08,2
P02331,2026-07-16,2026-08-08,3
P02373,2026-07-28,2026-08-08,3
P02442,2026-07-19,2026-08-08,3
P02632,2026-07-19,2026-08-08,1
P02727,2026-07-28,2026-08-08,4
P02737,2026-07-28,2026-08-08,4
P02755,2026-07-17,2026-08-08,4
P02764,2026-07-15,2026-08-08,2
P02769,2026-07-24,2026-08-08,1
P02782,2026-07-19,2026-08-08,4
P02820,2026-07-12,2026-08-08,1
P02836,2026-07-28,2026-08-08,1
P02873,2026-07-22,2026-08-08,2
P02911,2026-07-09,2026-08-08,4
P02923,2026-07-15,2026-08-08,4
P02954,2026-07-20,2026-08-08,1
P03007,2026-07-12,2026-08-08,2
P03076,2026-07-16,2026-08-08,1
P03119,2026-07-21,2026-08-08,4
P03270,2026-07-26,2026-08-08,3
P03271,2026-07-18,2026-08-08,2
P03283,2026-07-20,2026-08-08,3
P03341,2026-07-10,2026-08-08,4
P03346,2026-07-23,2026-08-08,1
P03376,2026-07-10,2026-08-08,3
P03392,2026-07-15,2026-08-08,4
P03611,2026-07-24,2026-08-08,3
P03648,2026-07-24,2026-08-08,4
P03670,2026-07-30,2026-08-08,3
P03678,2026-07-18,2026-08-08,3
P03696,2026-07-13,2026-08-08,4
P03709,2026-07-17,2026-08-08,1
P03785,2026-07-22,2026-08-08,2
P03800,2026-07-19,2026-08-08,1
P03837,2026-07-26,2026-08-08,2
P03854,2026-07-09,2026-08-08,1
P03887,2026-07-24,2026-08-08,2
P03893,2026-07-17,2026-08-08,2
P03915,2026-07-24,2026-08-08,4
P03952,2026-07-23,2026-08-08,1
P03957,2026-07-29,2026-08-08,2
P03982,2026-07-26,2026-08-08,4
P03983,2026-07-26,2026-08-08,1
P03993,2026-07-10,2026-08-08,4
P04034,2026-07-24,2026-08-08,2
P04054,2026-07-15,2026-08-08,3
P04096,2026-07-17,2026-08-08,2
P04099,2026-07-24,2026-08-08,2
P04136,2026-07-15,2026-08-08,3
P04202,2026-07-12,2026-08-08,1
P04281,2026-07-11,2026-08-08,3
P04291,2026-07-25,2026-08-08,2
P04318,2026-07-28,2026-08-08,4
P04333,2026-07-20,2026-08-08,4
P04435,2026-07-16,2026-08-08,3
P04494,2026-07-26,2026-08-08,3
P04502,2026-07-30,2026-08-08,3
P04525,2026-07-14,2026-08-08,3
P04596,2026-07-12,2026-08-08,2
P04607,2026-07-15,2026-08-08,4
P04623,2026-07-09,2026-08-08,4
P04693,2026-07-15,2026-08-08,2
P04723,2026-07-16,2026-08-08,1
P04752,2026-07-17,2026-08-08,3
P04755,2026-07-16,2026-08-08,2
P04764,2026-07-30,2026-08-08,3
P04778,2026-07-19,2026-08-08,1
P04790,2026-07-25,2026-08-08,1
P04795,2026-07-26,2026-08-08,1
P04816,2026-07-11,2026-08-08,2
P04901,2026-07-18,2026-08-08,4
P04904,2026-07-12,2026-08-08,1
P04955,2026-07-13,2026-08-08,4
P05022,2026-07-29,2026-08-08,3
P05044,2026-07-25,2026-08-08,4
P05072,2026-07-29,2026-08-08,3
P05143,2026-07-25,2026-08-08,4
P05152,2026-07-13,2026-08-08,2
P05211,2026-07-12,2026-08-08,1
P05251,2026-07-29,2026-08-08,3
P05256,2026-07-16,2026-08-08,4
P05347,2026-07-11,2026-08-08,4
P05413,2026-07-12,2026-08-08,3
P05426,2026-07-22,2026-08-08,4
P05441,2026-07-15,2026-08-08,4
P05562,2026-07-11,2026-08-08,3
P05590,2026-07-29,2026-08-08,4
P05609,2026-07-27,2026-08-08,3
P05649,2026-07-19,2026-08-08,2
P05677,2026-07-28,2026-08-08,2
P05679,2026-07-18,2026-08-08,2
P05721,2026-07-20,2026-08-08,1
P05729,2026-07-20,2026-08-08,4
P05833,2026-07-12,2026-08-08,4
P05841,2026-07-21,2026-08-08,1
P05911,2026-07-10,2026-08-08,2
P05965,2026-07-09,2026-08-08,2
P06039,2026-07-30,2026-08-08,1
P06083,2026-07-22,2026-08-08,3
P06122,2026-07-26,2026-08-08,3
P06123,2026-07-23,2026-08-08,1
P06132,2026-07-27,2026-08-08,3
P06192,2026-07-17,2026-08-08,2
P06219,2026-07-27,2026-08-08,2
P06267,2026-07-29,2026-08-08,2
P06373,2026-07-10,2026-08-08,2
P06377,2026-07-12,2026-08-08,2
P06379,2026-07-22,2026-08-08,1
P06400,2026-07-11,2026-08-08,4
P06502,2026-07-22,2026-08-08,2
P06514,2026-07-16,2026-08-08,1
P06519,2026-07-17,2026-08-08,4
P06533,2026-07-26,2026-08-08,4
P06578,2026-07-19,2026-08-08,4
P06595,2026-07-23,2026-08-08,1
P06626,2026-07-19,2026-08-08,2
P06632,2026-07-17,2026-08-08,2
P06703,2026-07-27,2026-08-08,2
P06744,2026-07-11,2026-08-08,1
P06761,2026-07-11,2026-08-08,2
P06882,2026-07-19,2026-08-08,4
P06917,2026-07-09,2026-08-08,4
P06932,2026-07-14,2026-08-08,2
P06973,2026-07-19,2026-08-08,2
P06986,2026-07-29,2026-08-08,2
P07004,2026-07-09,2026-08-08,4
P07013,2026-07-12,2026-08-08,4
P07025,2026-07-09,2026-08-08,1
P07057,2026-07-18,2026-08-08,2
P07164,2026-07-23,2026-08-08,3
P07189,2026-07-17,2026-08-08,4
P07225,2026-07-25,2026-08-08,3
P07323,2026-07-13,2026-08-08,1
P07328,2026-07-30,2026-08-08,2
P07342,2026-07-09,2026-08-08,1
P07431,2026-07-20,2026-08-08,1
P07458,2026-07-12,2026-08-08,2
P07479,2026-07-11,2026-08-08,4
P07550,2026-07-18,2026-08-08,4
P07565,2026-07-24,2026-08-08,3
P07575,2026-07-17,2026-08-08,3
P07612,2026-07-26,2026-08-08,3
P07626,2026-07-17,2026-08-08,1
P07657,2026-07-12,2026-08-08,4
P07692,2026-07-20,2026-08-08,3
P07834,2026-07-09,2026-08-08,4
P07852,2026-07-30,2026-08-08,4
P07884,2026-07-10,2026-08-08,4
P07914,2026-07-25,2026-08-08,4
P07917,2026-07-28,2026-08-08,4
P07921,2026-07-27,2026-08-08,3
P00028,2026-07-30,2026-08-09,2
P00158,2026-07-10,2026-08-09,2
P00193,2026-07-18,2026-08-09,4
P00263,2026-07-11,2026-08-09,1
P00306,2026-07-23,2026-08-09,3
P00503,2026-07-13,2026-08-09,4
P00504,2026-07-14,2026-08-09,4
P00539,2026-07-14,2026-08-09,1
P00549,2026-07-12,2026-08-09,3
P00552,2026-07-29,2026-08-09,1
P00640,2026-07-29,2026-08-09,1
P00744,2026-07-26,2026-08-09,4
P00824,2026-07-24,2026-08-09,3
P00834,2026-07-28,2026-08-09,2
P00919,2026-07-19,2026-08-09,2
P01011,2026-07-21,2026-08-09,3
P01051,2026-07-16,2026-08-09,1
P01067,2026-07-20,2026-08-09,1
P01109,2026-07-12,2026-08-09,3
P01112,2026-07-18,2026-08-09,3
P01130,2026-07-16,2026-08-09,4
P01173,2026-07-29,2026-08-09,2
P01185,2026-07-10,2026-08-09,4
P01205,2026-07-12,2026-08-09,2
P01240,2026-07-20,2026-08-09,2
P01241,2026-07-27,2026-08-09,2
P01298,2026-07-15,2026-08-09,3
P01305,2026-07-30,2026-08-09,3
P01310,2026-07-15,2026-08-09,4
P01313,2026-07-18,2026-08-09,2
P01343,2026-07-22,2026-08-09,1
P01488,2026-07-12,2026-08-09,3
P01494,2026-07-23,2026-08-09,3
P01502,2026-07-27,2026-08-09,4
P01513,2026-07-19,2026-08-09,1
P01547,2026-07-23,2026-08-09,1
P01558,2026-07-27,2026-08-09,4
P01560,2026-07-29,2026-08-09,1
P01591,2026-07-14,2026-08-09,2
P01599,2026-07-23,2026-08-09,2
P01658,2026-07-28,2026-08-09,4
P01706,2026-07-23,2026-08-09,3
P01715,2026-07-26,2026-08-09,2
P01872,2026-07-21,2026-08-09,1
P01901,2026-07-20,2026-08-09,4
P01923,2026-07-26,2026-08-09,3
P01958,2026-07-11,2026-08-09,2
P02053,2026-07-12,2026-08-09,3
P02065,2026-07-28,2026-08-09,2
P02102,2026-07-28,2026-08-09,1
P02108,2026-07-23,2026-08-09,4
P02136,2026-07-27,2026-08-09,4
P02151,2026-07-17,2026-08-09,4
P02209,2026-07-24,2026-08-09,2
P02312,2026-07-26,2026-08-09,4
P02339,2026-07-23,2026-08-09,3
P02367,2026-07-10,2026-08-09,2
P02408,2026-07-27,2026-08-09,3
P02417,2026-07-16,2026-08-09,4
P02433,2026-07-13,2026-08-09,3
P02486,2026-07-11,2026-08-09,1
P02549,2026-07-21,2026-08-09,2
P02578,2026-07-22,2026-08-09,1
P02690,2026-07-23,2026-08-09,4
P02754,2026-07-19,2026-08-09,3
P02755,2026-07-17,2026-08-09,4
P02869,2026-07-26,2026-08-09,1
P02896,2026-07-24,2026-08-09,4
P02954,2026-07-20,2026-08-09,2
P02963,2026-07-17,2026-08-09,2
P03063,2026-07-22,2026-08-09,1
P03119,2026-07-21,2026-08-09,2
P03131,2026-07-30,2026-08-09,1
P03187,2026-07-11,2026-08-09,2
P03369,2026-07-29,2026-08-09,4
P03399,2026-07-25,2026-08-09,3
P03499,2026-07-29,2026-08-09,3
P03544,2026-07-30,2026-08-09,1
P03571,2026-07-29,2026-08-09,2
P03671,2026-07-23,2026-08-09,2
P03696,2026-07-13,2026-08-09,2
P03787,2026-07-28,2026-08-09,3
P03804,2026-07-21,2026-08-09,1
P03851,2026-07-13,2026-08-09,3
P03873,2026-07-16,2026-08-09,1
P03882,2026-07-21,2026-08-09,4
P04122,2026-07-20,2026-08-09,1
P04124,2026-07-29,2026-08-09,2
P04141,2026-07-21,2026-08-09,3
P04183,2026-07-11,2026-08-09,4
P04184,2026-07-24,2026-08-09,3
P04215,2026-07-18,2026-08-09,3
P04344,2026-07-24,2026-08-09,3
P04355,2026-07-10,2026-08-09,1
P04373,2026-07-28,2026-08-09,4
P04383,2026-07-21,2026-08-09,1
P04396,2026-07-30,2026-08-09,4
P04400,2026-07-26,2026-08-09,1
P04433,2026-07-30,2026-08-09,1
P04443,2026-07-27,2026-08-09,2
P04466,2026-07-28,2026-08-09,2
P04493,2026-07-27,2026-08-09,1
P04538,2026-07-17,2026-08-09,2
P04541,2026-07-22,2026-08-09,1
P04601,2026-07-20,2026-08-09,2
P04776,2026-07-17,2026-08-09,2
P04778,2026-07-19,2026-08-09,1
P04830,2026-07-26,2026-08-09,2
P04845,2026-07-27,2026-08-09,2
P04854,2026-07-23,2026-08-09,1
P04860,2026-07-17,2026-08-09,4
P04887,2026-07-20,2026-08-09,2
P04918,2026-07-20,2026-08-09,3
P04960,2026-07-19,2026-08-09,3
P05090,2026-07-30,2026-08-09,2
P05124,2026-07-30,2026-08-09,3
P05128,2026-07-19,2026-08-09,4
P05155,2026-07-24,2026-08-09,4
P05186,2026-07-16,2026-08-09,3
P05251,2026-07-29,2026-08-09,4
P05257,2026-07-27,2026-08-09,3
P05284,2026-07-21,2026-08-09,1
P05336,2026-07-21,2026-08-09,1
P05340,2026-07-30,2026-08-09,2
P05343,2026-07-15,2026-08-09,3
P05404,2026-07-29,2026-08-09,2
P05493,2026-07-26,2026-08-09,2
P05513,2026-07-24,2026-08-09,1
P05574,2026-07-23,2026-08-09,2
P05576,2026-07-23,2026-08-09,3
P05593,2026-07-24,2026-08-09,4
P05604,2026-07-12,2026-08-09,2
P05682,2026-07-14,2026-08-09,3
P05711,2026-07-10,2026-08-09,1
P05746,2026-07-15,2026-08-09,2
P05765,2026-07-10,2026-08-09,3
P05787,2026-07-27,2026-08-09,4
P05794,2026-07-22,2026-08-09,2
P05813,2026-07-14,2026-08-09,3
P05836,2026-07-12,2026-08-09,1
P05841,2026-07-21,2026-08-09,1
P06030,2026-07-21,2026-08-09,4
P06099,2026-07-10,2026-08-09,3
P06113,2026-07-17,2026-08-09,1
P06166,2026-07-27,2026-08-09,2
P06219,2026-07-27,2026-08-09,2
P06256,2026-07-26,2026-08-09,1
P06264,2026-07-23,2026-08-09,3
P06319,2026-07-12,2026-08-09,3
P06325,2026-07-27,2026-08-09,4
P06356,2026-07-26,2026-08-09,2
P06379,2026-07-22,2026-08-09,2
P06470,2026-07-30,2026-08-09,4
P06489,2026-07-27,2026-08-09,4
P06595,2026-07-23,2026-08-09,3
P06626,2026-07-19,2026-08-09,2
P06639,2026-07-12,2026-08-09,1
P06716,2026-07-24,2026-08-09,1
P06754,2026-07-25,2026-08-09,4
P06761,2026-07-11,2026-08-09,3
P06790,2026-07-28,2026-08-09,3
P06806,2026-07-28,2026-08-09,2
P06916,2026-07-27,2026-08-09,1
P06978,2026-07-29,2026-08-09,4
P07057,2026-07-18,2026-08-09,3
P07083,2026-07-16,2026-08-09,1
P07088,2026-07-26,2026-08-09,2
P07121,2026-07-30,2026-08-09,4
P07230,2026-07-14,2026-08-09,1
P07276,2026-07-11,2026-08-09,1
P07292,2026-07-22,2026-08-09,1
P07311,2026-07-28,2026-08-09,1
P07331,2026-07-11,2026-08-09,4
P07344,2026-07-12,2026-08-09,4
P07429,2026-07-21,2026-08-09,3
P07477,2026-07-28,2026-08-09,4
P07509,2026-07-26,2026-08-09,2
P07540,2026-07-24,2026-08-09,1
P07561,2026-07-29,2026-08-09,1
P07568,2026-07-25,2026-08-09,4
P07577,2026-07-17,2026-08-09,4
P07619,2026-07-11,2026-08-09,4
P07631,2026-07-27,2026-08-09,3
P07766,2026-07-13,2026-08-09,2
P07805,2026-07-10,2026-08-09,4
P07866,2026-07-11,2026-08-09,3
P07966,2026-07-27,2026-08-09,1
P00047,2026-07-13,2026-08-10,2
P00066,2026-07-22,2026-08-10,1
P00067,2026-07-19,2026-08-10,1
P00070,2026-07-17,2026-08-10,2
P00107,2026-07-19,2026-08-10,3
P00110,2026-07-21,2026-08-10,2
P00136,2026-07-20,2026-08-10,2
P00159,2026-07-21,2026-08-10,3
P00183,2026-07-24,2026-08-10,4
P00193,2026-07-18,2026-08-10,2
P00203,2026-07-11,2026-08-10,2
P00217,2026-07-15,2026-08-10,3
P00221,2026-07-30,2026-08-10,3
P00306,2026-07-23,2026-08-10,2
P00427,2026-07-18,2026-08-10,1
P00430,2026-07-30,2026-08-10,3
P00462,2026-07-20,2026-08-10,2
P00504,2026-07-14,2026-08-10,3
P00529,2026-07-15,2026-08-10,4
P00552,2026-07-29,2026-08-10,2
P00553,2026-07-28,2026-08-10,2
P00651,2026-07-15,2026-08-10,4
P00680,2026-07-28,2026-08-10,2
P00682,2026-07-22,2026-08-10,1
P00700,2026-07-13,2026-08-10,2
P00704,2026-07-18,2026-08-10,3
P00771,2026-07-29,2026-08-10,4
P00907,2026-07-22,2026-08-10,2
P00926,2026-07-11,2026-08-10,4
P01173,2026-07-29,2026-08-10,4
P01224,2026-07-25,2026-08-10,2
P01336,2026-07-28,2026-08-10,1
P01433,2026-07-20,2026-08-10,3
P01509,2026-07-20,2026-08-10,2
P01521,2026-07-29,2026-08-10,4
P01733,2026-07-26,2026-08-10,3
P01850,2026-07-24,2026-08-10,2
P01863,2026-07-28,2026-08-10,1
P01909,2026-07-21,2026-08-10,3
P01988,2026-07-26,2026-08-10,3
P02001,2026-07-24,2026-08-10,1
P02015,2026-07-25,2026-08-10,3
P02061,2026-07-22,2026-08-10,1
P02080,2026-07-23,2026-08-10,4
P02083,2026-07-16,2026-08-10,2
P02129,2026-07-22,2026-08-10,4
P02155,2026-07-11,2026-08-10,2
P02231,2026-07-21,2026-08-10,3
P02349,2026-07-18,2026-08-10,1
P02382,2026-07-13,2026-08-10,1
P02418,2026-07-12,2026-08-10,1
P02442,2026-07-19,2026-08-10,2
P02468,2026-07-25,2026-08-10,2
P02482,2026-07-27,2026-08-10,2
P02541,2026-07-26,2026-08-10,4
P02570,2026-07-20,2026-08-10,2
P02577,2026-07-12,2026-08-10,1
P02579,2026-07-12,2026-08-10,3
P02617,2026-07-15,2026-08-10,4
P02625,2026-07-25,2026-08-10,1
P02675,2026-07-15,2026-08-10,1
P02676,2026-07-22,2026-08-10,1
P02737,2026-07-28,2026-08-10,4
P02812,2026-07-15,2026-08-10,1
P02816,2026-07-23,2026-08-10,3
P02869,2026-07-26,2026-08-10,2
P02870,2026-07-28,2026-08-10,1
P02920,2026-07-23,2026-08-10,4
P02934,2026-07-13,2026-08-10,3
P03020,2026-07-24,2026-08-10,1
P03043,2026-07-30,2026-08-10,4
P03084,2026-07-24,2026-08-10,4
P03131,2026-07-30,2026-08-10,4
P03167,2026-07-27,2026-08-10,4
P03181,2026-07-26,2026-08-10,1
P03185,2026-07-23,2026-08-10,1
P03239,2026-07-30,2026-08-10,2
P03346,2026-07-23,2026-08-10,3
P03401,2026-07-27,2026-08-10,2
P03435,2026-07-25,2026-08-10,2
P03472,2026-07-22,2026-08-10,1
P03557,2026-07-30,2026-08-10,2
P03574,2026-07-17,2026-08-10,3
P03617,2026-07-12,2026-08-10,1
P03631,2026-07-28,2026-08-10,1
P03641,2026-07-13,2026-08-10,2
P03670,2026-07-30,2026-08-10,4
P03800,2026-07-19,2026-08-10,1
P03845,2026-07-11,2026-08-10,1
P03893,2026-07-17,2026-08-10,2
P03904,2026-07-14,2026-08-10,3
P03962,2026-07-16,2026-08-10,4
P03974,2026-07-29,2026-08-10,3
P04031,2026-07-28,2026-08-10,1
P04034,2026-07-24,2026-08-10,2
P04103,2026-07-27,2026-08-10,4
P04127,2026-07-17,2026-08-10,3
P04176,2026-07-26,2026-08-10,1
P04202,2026-07-12,2026-08-10,3
P04206,2026-07-28,2026-08-10,1
P04279,2026-07-27,2026-08-10,2
P04296,2026-07-29,2026-08-10,2
P04373,2026-07-28,2026-08-10,3
P04378,2026-07-20,2026-08-10,2
P04419,2026-07-11,2026-08-10,2
P04435,2026-07-16,2026-08-10,3
P04488,2026-07-14,2026-08-10,3
P04561,2026-07-25,2026-08-10,4
P04574,2026-07-12,2026-08-10,3
P04598,2026-07-17,2026-08-10,2
P04646,2026-07-29,2026-08-10,2
P04647,2026-07-27,2026-08-10,2
P04755,2026-07-16,2026-08-10,4
P04776,2026-07-17,2026-08-10,4
P04791,2026-07-18,2026-08-10,1
P04931,2026-07-27,2026-08-10,2
P04978,2026-07-11,2026-08-10,2
P05022,2026-07-29,2026-08-10,4
P05025,2026-07-19,2026-08-10,2
P05081,2026-07-17,2026-08-10,4
P05094,2026-07-24,2026-08-10,2
P05098,2026-07-12,2026-08-10,1
P05184,2026-07-25,2026-08-10,4
P05198,2026-07-21,2026-08-10,3
P05219,2026-07-18,2026-08-10,3
P05295,2026-07-17,2026-08-10,4
P05312,2026-07-23,2026-08-10,4
P05314,2026-07-30,2026-08-10,1
P05376,2026-07-21,2026-08-10,3
P05390,2026-07-22,2026-08-10,1
P05448,2026-07-14,2026-08-10,2
P05456,2026-07-27,2026-08-10,2
P05721,2026-07-20,2026-08-10,1
P05759,2026-07-26,2026-08-10,2
P05834,2026-07-15,2026-08-10,1
P05915,2026-07-29,2026-08-10,3
P05961,2026-07-18,2026-08-10,1
P05984,2026-07-21,2026-08-10,2
P06086,2026-07-27,2026-08-10,4
P06159,2026-07-26,2026-08-10,4
P06234,2026-07-20,2026-08-10,4
P06264,2026-07-23,2026-08-10,1
P06291,2026-07-22,2026-08-10,3
P06377,2026-07-12,2026-08-10,3
P06379,2026-07-22,2026-08-10,1
P06392,2026-07-24,2026-08-10,2
P06410,2026-07-28,2026-08-10,4
P06457,2026-07-20,2026-08-10,1
P06555,2026-07-20,2026-08-10,1
P06557,2026-07-30,2026-08-10,4
P06646,2026-07-15,2026-08-10,3
P06709,2026-07-15,2026-08-10,3
P06812,2026-07-17,2026-08-10,4
P06836,2026-07-18,2026-08-10,4
P06855,2026-07-19,2026-08-10,2
P06876,2026-07-19,2026-08-10,4
P06882,2026-07-19,2026-08-10,3
P06888,2026-07-30,2026-08-10,1
P06936,2026-07-29,2026-08-10,3
P07011,2026-07-12,2026-08-10,4
P07034,2026-07-20,2026-08-10,2
P07046,2026-07-16,2026-08-10,4
P07138,2026-07-22,2026-08-10,2
P07163,2026-07-29,2026-08-10,3
P07185,2026-07-18,2026-08-10,1
P07211,2026-07-18,2026-08-10,1
P07220,2026-07-12,2026-08-10,4
P07231,2026-07-26,2026-08-10,4
P07282,2026-07-29,2026-08-10,1
P07306,2026-07-30,2026-08-10,2
P07320,2026-07-16,2026-08-10,4
P07397,2026-07-28,2026-08-10,4
P07539,2026-07-30,2026-08-10,1
P07555,2026-07-22,2026-08-10,4
P07565,2026-07-24,2026-08-10,1
P07583,2026-07-13,2026-08-10,3
P07605,2026-07-19,2026-08-10,4
P07626,2026-07-17,2026-08-10,2
P07664,2026-07-29,2026-08-10,3
P07718,2026-07-20,2026-08-10,4
P07857,2026-07-19,2026-08-10,1
P07900,2026-07-18,2026-08-10,1
P07937,2026-07-30,2026-08-10,1
P07941,2026-07-23,2026-08-10,4
P07943,2026-07-29,2026-08-10,2
P00028,2026-07-30,2026-08-11,3
P00047,2026-07-13,2026-08-11,4
P00076,2026-07-26,2026-08-11,4
P00105,2026-07-25,2026-08-11,2
P00168,2026-07-28,2026-08-11,4
P00173,2026-07-28,2026-08-11,2
P00305,2026-07-17,2026-08-11,1
P00369,2026-07-19,2026-08-11,3
P00370,2026-07-28,2026-08-11,2
P00422,2026-07-19,2026-08-11,2
P00430,2026-07-30,2026-08-11,3
P00459,2026-07-28,2026-08-11,4
P00596,2026-07-12,2026-08-11,2
P00650,2026-07-20,2026-08-11,3
P00662,2026-07-19,2026-08-11,3
P00679,2026-07-13,2026-08-11,1
P00782,2026-07-12,2026-08-11,4
P00905,2026-07-29,2026-08-11,1
P00939,2026-07-29,2026-08-11,4
P00979,2026-07-12,2026-08-11,4
P01007,2026-07-14,2026-08-11,4
P01033,2026-07-29,2026-08-11,1
P01054,2026-07-28,2026-08-11,1
P01086,2026-07-27,2026-08-11,3
P01101,2026-07-12,2026-08-11,3
P01121,2026-07-22,2026-08-11,3
P01205,2026-07-12,2026-08-11,4
P01304,2026-07-14,2026-08-11,2
P01428,2026-07-28,2026-08-11,2
P01433,2026-07-20,2026-08-11,1
P01442,2026-07-29,2026-08-11,3
P01464,2026-07-29,2026-08-11,3
P01467,2026-07-15,2026-08-11,2
P01478,2026-07-21,2026-08-11,3
P01499,2026-07-28,2026-08-11,3
P01513,2026-07-19,2026-08-11,1
P01597,2026-07-23,2026-08-11,3
P01715,2026-07-26,2026-08-11,2
P01733,2026-07-26,2026-08-11,2
P01792,2026-07-21,2026-08-11,1
P01850,2026-07-24,2026-08-11,3
P01965,2026-07-21,2026-08-11,3
P01987,2026-07-15,2026-08-11,4
P01995,2026-07-30,2026-08-11,1
P02019,2026-07-30,2026-08-11,2
P02053,2026-07-12,2026-08-11,4
P02077,2026-07-30,2026-08-11,2
P02118,2026-07-12,2026-08-11,4
P02154,2026-07-23,2026-08-11,2
P02175,2026-07-19,2026-08-11,1
P02277,2026-07-27,2026-08-11,1
P02355,2026-07-14,2026-08-11,2
P02373,2026-07-28,2026-08-11,3
P02392,2026-07-30,2026-08-11,4
P02465,2026-07-27,2026-08-11,3
P02549,2026-07-21,2026-08-11,4
P02619,2026-07-20,2026-08-11,1
P02710,2026-07-30,2026-08-11,1
P02827,2026-07-22,2026-08-11,4
P02845,2026-07-24,2026-08-11,4
P02852,2026-07-24,2026-08-11,2
P02928,2026-07-19,2026-08-11,2
P02933,2026-07-12,2026-08-11,4
P02934,2026-07-13,2026-08-11,1
P02973,2026-07-25,2026-08-11,4
P03039,2026-07-19,2026-08-11,4
P03084,2026-07-24,2026-08-11,2
P03118,2026-07-12,2026-08-11,1
P03119,2026-07-21,2026-08-11,3
P03163,2026-07-26,2026-08-11,1
P03166,2026-07-12,2026-08-11,1
P03181,2026-07-26,2026-08-11,4
P03185,2026-07-23,2026-08-11,1
P03190,2026-07-12,2026-08-11,3
P03261,2026-07-16,2026-08-11,3
P03297,2026-07-28,2026-08-11,1
P03418,2026-07-28,2026-08-11,1
P03469,2026-07-22,2026-08-11,3
P03515,2026-07-20,2026-08-11,1
P03587,2026-07-16,2026-08-11,2
P03672,2026-07-23,2026-08-11,1
P03696,2026-07-13,2026-08-11,4
P03844,2026-07-19,2026-08-11,3
P03882,2026-07-21,2026-08-11,2
P03957,2026-07-29,2026-08-11,4
P03995,2026-07-29,2026-08-11,3
P04054,2026-07-15,2026-08-11,1
P04057,2026-07-15,2026-08-11,4
P04161,2026-07-14,2026-08-11,2
P04265,2026-07-27,2026-08-11,2
P04318,2026-07-28,2026-08-11,3
P04333,2026-07-20,2026-08-11,4
P04388,2026-07-25,2026-08-11,3
P04418,2026-07-23,2026-08-11,3
P04428,2026-07-23,2026-08-11,4
P04516,2026-07-26,2026-08-11,4
P04574,2026-07-12,2026-08-11,3
P04643,2026-07-18,2026-08-11,2
P04716,2026-07-25,2026-08-11,4
P04719,2026-07-29,2026-08-11,4
P04761,2026-07-29,2026-08-11,2
P04778,2026-07-19,2026-08-11,3
P04790,2026-07-25,2026-08-11,1
P04918,2026-07-20,2026-08-11,3
P04927,2026-07-27,2026-08-11,1
P04928,2026-07-24,2026-08-11,3
P05026,2026-07-26,2026-08-11,1
P05128,2026-07-19,2026-08-11,4
P05160,2026-07-23,2026-08-11,1
P05184,2026-07-25,2026-08-11,2
P05256,2026-07-16,2026-08-11,3
P05355,2026-07-20,2026-08-11,3
P05449,2026-07-17,2026-08-11,1
P05460,2026-07-30,2026-08-11,1
P05513,2026-07-24,2026-08-11,3
P05561,2026-07-23,2026-08-11,1
P05649,2026-07-19,2026-08-11,1
P05742,2026-07-15,2026-08-11,1
P05746,2026-07-15,2026-08-11,3
P05747,2026-07-16,2026-08-11,3
P05787,2026-07-27,2026-08-11,4
P05936,2026-07-26,2026-08-11,3
P05971,2026-07-26,2026-08-11,4
P06020,2026-07-22,2026-08-11,1
P06086,2026-07-27,2026-08-11,4
P06127,2026-07-24,2026-08-11,4
P06457,2026-07-20,2026-08-11,1
P06555,2026-07-20,2026-08-11,1
P06556,2026-07-13,2026-08-11,4
P06572,2026-07-27,2026-08-11,1
P06618,2026-07-21,2026-08-11,4
P06711,2026-07-28,2026-08-11,2
P06737,2026-07-13,2026-08-11,4
P06790,2026-07-28,2026-08-11,1
P06795,2026-07-22,2026-08-11,4
P06831,2026-07-27,2026-08-11,2
P06851,2026-07-13,2026-08-11,3
P06908,2026-07-13,2026-08-11,2
P06961,2026-07-14,2026-08-11,3
P07153,2026-07-29,2026-08-11,1
P07165,2026-07-26,2026-08-11,1
P07185,2026-07-18,2026-08-11,2
P07254,2026-07-30,2026-08-11,1
P07256,2026-07-19,2026-08-11,1
P07262,2026-07-14,2026-08-11,2
P07311,2026-07-28,2026-08-11,1
P07345,2026-07-24,2026-08-11,1
P07392,2026-07-24,2026-08-11,4
P07432,2026-07-26,2026-08-11,2
P07539,2026-07-30,2026-08-11,3
P07575,2026-07-17,2026-08-11,1
P07594,2026-07-24,2026-08-11,4
P07626,2026-07-17,2026-08-11,1
P07634,2026-07-17,2026-08-11,3
P07760,2026-07-24,2026-08-11,2
P07923,2026-07-13,2026-08-11,3
P00067,2026-07-19,2026-08-12,2
P00095,2026-07-14,2026-08-12,2
P00149,2026-07-20,2026-08-12,2
P00161,2026-07-25,2026-08-12,3
P00177,2026-07-22,2026-08-12,3
P00294,2026-07-21,2026-08-12,4
P00386,2026-07-23,2026-08-12,1
P00407,2026-07-13,2026-08-12,4
P00502,2026-07-16,2026-08-12,3
P00526,2026-07-14,2026-08-12,4
P00539,2026-07-14,2026-08-12,3
P00704,2026-07-18,2026-08-12,3
P00723,2026-07-17,2026-08-12,1
P00744,2026-07-26,2026-08-12,3
P00801,2026-07-16,2026-08-12,1
P00824,2026-07-24,2026-08-12,3
P00829,2026-07-29,2026-08-12,2
P00895,2026-07-15,2026-08-12,3
P00900,2026-07-20,2026-08-12,2
P00933,2026-07-28,2026-08-12,1
P01011,2026-07-21,2026-08-12,3
P01016,2026-07-28,2026-08-12,4
P01033,2026-07-29,2026-08-12,3
P01074,2026-07-13,2026-08-12,1
P01219,2026-07-28,2026-08-12,1
P01240,2026-07-20,2026-08-12,1
P01304,2026-07-14,2026-08-12,4
P01336,2026-07-28,2026-08-12,1
P01387,2026-07-28,2026-08-12,2
P01442,2026-07-29,2026-08-12,2
P01468,2026-07-16,2026-08-12,2
P01581,2026-07-25,2026-08-12,4
P01604,2026-07-30,2026-08-12,4
P01624,2026-07-16,2026-08-12,3
P01719,2026-07-30,2026-08-12,4
P01788,2026-07-23,2026-08-12,2
P01814,2026-07-20,2026-08-12,1
P01855,2026-07-18,2026-08-12,3
P01914,2026-07-17,2026-08-12,3
P01923,2026-07-26,2026-08-12,1
P01999,2026-07-19,2026-08-12,4
P02077,2026-07-30,2026-08-12,4
P02083,2026-07-16,2026-08-12,4
P02221,2026-07-29,2026-08-12,4
P02260,2026-07-28,2026-08-12,3
P02263,2026-07-20,2026-08-12,3
P02274,2026-07-23,2026-08-12,2
P02373,2026-07-28,2026-08-12,4
P02396,2026-07-19,2026-08-12,3
P02408,2026-07-27,2026-08-12,1
P02435,2026-07-28,2026-08-12,1
P02441,2026-07-19,2026-08-12,2
P02466,2026-07-21,2026-08-12,3
P02482,2026-07-27,2026-08-12,2
P02485,2026-07-20,2026-08-12,4
P02491,2026-07-22,2026-08-12,2
P02516,2026-07-30,2026-08-12,2
P02543,2026-07-13,2026-08-12,1
P02603,2026-07-21,2026-08-12,4
P02782,2026-07-19,2026-08-12,1
P02791,2026-07-27,2026-08-12,1
P02816,2026-07-23,2026-08-12,4
P02818,2026-07-28,2026-08-12,2
P02860,2026-07-19,2026-08-12,4
P02869,2026-07-26,2026-08-12,2
P02934,2026-07-13,2026-08-12,3
P02954,2026-07-20,2026-08-12,3
P03001,2026-07-18,2026-08-12,3
P03043,2026-07-30,2026-08-12,4
P03046,2026-07-30,2026-08-12,3
P03209,2026-07-20,2026-08-12,4
P03213,2026-07-24,2026-08-12,4
P03271,2026-07-18,2026-08-12,3
P03333,2026-07-20,2026-08-12,4
P03344,2026-07-25,2026-08-12,3
P03386,2026-07-23,2026-08-12,4
P03389,2026-07-29,2026-08-12,2
P03392,2026-07-15,2026-08-12,2
P03456,2026-07-22,2026-08-12,2
P03515,2026-07-20,2026-08-12,1
P03534,2026-07-17,2026-08-12,1
P03557,2026-07-30,2026-08-12,4
P03586,2026-07-17,2026-08-12,4
P03672,2026-07-23,2026-08-12,4
P03696,2026-07-13,2026-08-12,2
P03711,2026-07-28,2026-08-12,1
P03759,2026-07-22,2026-08-12,2
P03778,2026-07-20,2026-08-12,2
P03787,2026-07-28,2026-08-12,4
P03811,2026-07-29,2026-08-12,1
P03844,2026-07-19,2026-08-12,3
P03870,2026-07-24,2026-08-12,1
P03915,2026-07-24,2026-08-12,2
P03950,2026-07-23,2026-08-12,4
P03959,2026-07-27,2026-08-12,1
P04013,2026-07-15,2026-08-12,3
P04056,2026-07-30,2026-08-12,1
P04121,2026-07-29,2026-08-12,1
P04122,2026-07-20,2026-08-12,4
P04204,2026-07-24,2026-08-12,1
P04215,2026-07-18,2026-08-12,2
P04247,2026-07-18,2026-08-12,4
P04318,2026-07-28,2026-08-12,1
P04406,2026-07-19,2026-08-12,2
P04415,2026-07-30,2026-08-12,4
P04418,2026-07-23,2026-08-12,3
P04455,2026-07-15,2026-08-12,3
P04484,2026-07-28,2026-08-12,2
P04557,2026-07-21,2026-08-12,3
P04570,2026-07-15,2026-08-12,4
P04631,2026-07-20,2026-08-12,3
P04632,2026-07-21,2026-08-12,4
P04643,2026-07-18,2026-08-12,1
P04647,2026-07-27,2026-08-12,1
P04662,2026-07-14,2026-08-12,1
P04669,2026-07-25,2026-08-12,1
P04671,2026-07-28,2026-08-12,3
P04711,2026-07-21,2026-08-12,1
P04728,2026-07-14,2026-08-12,1
P04791,2026-07-18,2026-08-12,4
P04884,2026-07-22,2026-08-12,2
P04928,2026-07-24,2026-08-12,2
P04975,2026-07-30,2026-08-12,3
P05025,2026-07-19,2026-08-12,3
P05115,2026-07-26,2026-08-12,2
P05155,2026-07-24,2026-08-12,1
P05205,2026-07-26,2026-08-12,1
P05225,2026-07-30,2026-08-12,4
P05283,2026-07-27,2026-08-12,2
P05390,2026-07-22,2026-08-12,3
P05402,2026-07-24,2026-08-12,4
P05429,2026-07-24,2026-08-12,3
P05460,2026-07-30,2026-08-12,3
P05468,2026-07-21,2026-08-12,4
P05584,2026-07-26,2026-08-12,3
P05677,2026-07-28,2026-08-12,1
P05682,2026-07-14,2026-08-12,3
P05719,2026-07-23,2026-08-12,3
P05736,2026-07-26,2026-08-12,1
P05742,2026-07-15,2026-08-12,4
P05866,2026-07-25,2026-08-12,3
P05936,2026-07-26,2026-08-12,1
P06039,2026-07-30,2026-08-12,3
P06123,2026-07-23,2026-08-12,3
P06127,2026-07-24,2026-08-12,4
P06242,2026-07-29,2026-08-12,3
P06272,2026-07-18,2026-08-12,4
P06338,2026-07-27,2026-08-12,2
P06407,2026-07-26,2026-08-12,3
P06456,2026-07-15,2026-08-12,1
P06514,2026-07-16,2026-08-12,3
P06555,2026-07-20,2026-08-12,4
P06563,2026-07-13,2026-08-12,3
P06595,2026-07-23,2026-08-12,3
P06601,2026-07-23,2026-08-12,4
P06626,2026-07-19,2026-08-12,4
P06711,2026-07-28,2026-08-12,2
P06779,2026-07-19,2026-08-12,1
P06790,2026-07-28,2026-08-12,1
P06794,2026-07-18,2026-08-12,2
P06858,2026-07-22,2026-08-12,1
P06861,2026-07-29,2026-08-12,4
P06876,2026-07-19,2026-08-12,1
P06926,2026-07-26,2026-08-12,4
P06932,2026-07-14,2026-08-12,1
P06933,2026-07-22,2026-08-12,1
P06949,2026-07-16,2026-08-12,1
P06986,2026-07-29,2026-08-12,4
P07054,2026-07-26,2026-08-12,3
P07127,2026-07-16,2026-08-12,3
P07167,2026-07-23,2026-08-12,1
P07183,2026-07-29,2026-08-12,2
P07306,2026-07-30,2026-08-12,3
P07369,2026-07-13,2026-08-12,2
P07397,2026-07-28,2026-08-12,3
P07449,2026-07-25,2026-08-12,2
P07471,2026-07-20,2026-08-12,2
P07503,2026-07-20,2026-08-12,1
P07581,2026-07-23,2026-08-12,2
P07605,2026-07-19,2026-08-12,1
P07631,2026-07-27,2026-08-12,3
P07786,2026-07-19,2026-08-12,1
P07952,2026-07-13,2026-08-12,3
P07955,2026-07-24,2026-08-12,2
P07964,2026-07-14,2026-08-12,3
P00002,2026-07-26,2026-08-13,3
P00009,2026-07-19,2026-08-13,2
P00072,2026-07-30,2026-08-13,4
P00077,2026-07-27,2026-08-13,3
P00082,2026-07-23,2026-08-13,1
P00217,2026-07-15,2026-08-13,4
P00228,2026-07-23,2026-08-13,2
P00229,2026-07-23,2026-08-13,1
P00269,2026-07-22,2026-08-13,3
P00297,2026-07-16,2026-08-13,3
P00606,2026-07-16,2026-08-13,1
P00704,2026-07-18,2026-08-13,2
P00721,2026-07-20,2026-08-13,2
P00744,2026-07-26,2026-08-13,2
P00745,2026-07-17,2026-08-13,2
P00760,2026-07-25,2026-08-13,1
P00771,2026-07-29,2026-08-13,1
P00904,2026-07-14,2026-08-13,3
P00928,2026-07-18,2026-08-13,1
P00995,2026-07-22,2026-08-13,2
P01033,2026-07-29,2026-08-13,4
P01219,2026-07-28,2026-08-13,4
P01238,2026-07-19,2026-08-13,3
P01241,2026-07-27,2026-08-13,3
P01252,2026-07-24,2026-08-13,4
P01378,2026-07-23,2026-08-13,1
P01418,2026-07-30,2026-08-13,1
P01479,2026-07-29,2026-08-13,3
P01483,2026-07-20,2026-08-13,2
P01512,2026-07-22,2026-08-13,2
P01533,2026-07-24,2026-08-13,1
P01582,2026-07-14,2026-08-13,3
P01585,2026-07-14,2026-08-13,3
P01620,2026-07-28,2026-08-13,1
P01649,2026-07-27,2026-08-13,1
P01749,2026-07-20,2026-08-13,3
P01793,2026-07-16,2026-08-13,4
P01909,2026-07-21,2026-08-13,1
P01930,2026-07-25,2026-08-13,1
P01952,2026-07-23,2026-08-13,1
P02069,2026-07-25,2026-08-13,3
P02084,2026-07-21,2026-08-13,3
P02116,2026-07-27,2026-08-13,2
P02125,2026-07-24,2026-08-13,3
P02129,2026-07-22,2026-08-13,1
P02339,2026-07-23,2026-08-13,4
P02373,2026-07-28,2026-08-13,1
P02441,2026-07-19,2026-08-13,1
P02536,2026-07-21,2026-08-13,1
P02545,2026-07-29,2026-08-13,4
P02603,2026-07-21,2026-08-13,4
P02632,2026-07-19,2026-08-13,4
P02636,2026-07-16,2026-08-13,4
P02664,2026-07-22,2026-08-13,2
P02676,2026-07-22,2026-08-13,3
P02739,2026-07-14,2026-08-13,1
P02764,2026-07-15,2026-08-13,4
P02880,2026-07-22,2026-08-13,4
P02971,2026-07-29,2026-08-13,2
P03039,2026-07-19,2026-08-13,4
P03047,2026-07-23,2026-08-13,2
P03051,2026-07-27,2026-08-13,2
P03067,2026-07-30,2026-08-13,2
P03185,2026-07-23,2026-08-13,2
P03346,2026-07-23,2026-08-13,3
P03389,2026-07-29,2026-08-13,3
P03392,2026-07-15,2026-08-13,1
P03624,2026-07-15,2026-08-13,4
P03669,2026-07-29,2026-08-13,4
P03670,2026-07-30,2026-08-13,3
P03687,2026-07-22,2026-08-13,1
P03761,2026-07-15,2026-08-13,1
P03799,2026-07-24,2026-08-13,3
P03814,2026-07-15,2026-08-13,3
P03824,2026-07-24,2026-08-13,3
P03887,2026-07-24,2026-08-13,2
P03915,2026-07-24,2026-08-13,2
P03967,2026-07-19,2026-08-13,2
P04054,2026-07-15,2026-08-13,4
P04090,2026-07-30,2026-08-13,3
P04122,2026-07-20,2026-08-13,1
P04170,2026-07-25,2026-08-13,4
P04204,2026-07-24,2026-08-13,1
P04206,2026-07-28,2026-08-13,1
P04218,2026-07-29,2026-08-13,4
P04317,2026-07-22,2026-08-13,4
P04383,2026-07-21,2026-08-13,3
P04406,2026-07-19,2026-08-13,4
P04455,2026-07-15,2026-08-13,4
P04502,2026-07-30,2026-08-13,4
P04525,2026-07-14,2026-08-13,2
P04538,2026-07-17,2026-08-13,2
P04611,2026-07-26,2026-08-13,3
P04733,2026-07-28,2026-08-13,4
P04764,2026-07-30,2026-08-13,4
P04795,2026-07-26,2026-08-13,1
P05022,2026-07-29,2026-08-13,4
P05044,2026-07-25,2026-08-13,4
P05097,2026-07-19,2026-08-13,3
P05115,2026-07-26,2026-08-13,3
P05128,2026-07-19,2026-08-13,1
P05245,2026-07-23,2026-08-13,3
P05312,2026-07-23,2026-08-13,4
P05341,2026-07-18,2026-08-13,1
P05343,2026-07-15,2026-08-13,2
P05376,2026-07-21,2026-08-13,1
P05460,2026-07-30,2026-08-13,1
P05492,2026-07-14,2026-08-13,3
P05495,2026-07-24,2026-08-13,3
P05513,2026-07-24,2026-08-13,1
P05554,2026-07-23,2026-08-13,1
P05576,2026-07-23,2026-08-13,1
P05767,2026-07-18,2026-08-13,1
P05824,2026-07-27,2026-08-13,4
P05841,2026-07-21,2026-08-13,2
P05847,2026-07-23,2026-08-13,2
P05866,2026-07-25,2026-08-13,2
P05887,2026-07-19,2026-08-13,1
P06041,2026-07-25,2026-08-13,2
P06166,2026-07-27,2026-08-13,3
P06265,2026-07-27,2026-08-13,2
P06268,2026-07-15,2026-08-13,2
P06322,2026-07-28,2026-08-13,1
P06423,2026-07-16,2026-08-13,2
P06456,2026-07-15,2026-08-13,4
P06475,2026-07-23,2026-08-13,1
P06557,2026-07-30,2026-08-13,3
P06600,2026-07-15,2026-08-13,3
P06679,2026-07-14,2026-08-13,4
P06798,2026-07-17,2026-08-13,1
P06932,2026-07-14,2026-08-13,1
P06948,2026-07-29,2026-08-13,1
P06978,2026-07-29,2026-08-13,2
P07046,2026-07-16,2026-08-13,2
P07292,2026-07-22,2026-08-13,2
P07345,2026-07-24,2026-08-13,4
P07477,2026-07-28,2026-08-13,1
P07555,2026-07-22,2026-08-13,3
P07605,2026-07-19,2026-08-13,1
P07634,2026-07-17,2026-08-13,2
P07685,2026-07-26,2026-08-13,2
P07692,2026-07-20,2026-08-13,3
P07956,2026-07-19,2026-08-13,1
P00052,2026-07-20,2026-08-14,1
P00070,2026-07-17,2026-08-14,4
P00229,2026-07-23,2026-08-14,3
P00323,2026-07-19,2026-08-14,4
P00325,2026-07-17,2026-08-14,3
P00381,2026-07-24,2026-08-14,4
P00386,2026-07-23,2026-08-14,3
P00420,2026-07-16,2026-08-14,2
P00680,2026-07-28,2026-08-14,2
P00681,2026-07-22,2026-08-14,1
P00817,2026-07-16,2026-08-14,3
P00925,2026-07-16,2026-08-14,3
P00933,2026-07-28,2026-08-14,1
P00950,2026-07-17,2026-08-14,3
P01277,2026-07-23,2026-08-14,3
P01305,2026-07-30,2026-08-14,2
P01313,2026-07-18,2026-08-14,1
P01339,2026-07-26,2026-08-14,4
P01359,2026-07-28,2026-08-14,4
P01368,2026-07-20,2026-08-14,1
P01369,2026-07-24,2026-08-14,2
P01464,2026-07-29,2026-08-14,3
P01468,2026-07-16,2026-08-14,1
P01494,2026-07-23,2026-08-14,3
P01513,2026-07-19,2026-08-14,3
P01527,2026-07-25,2026-08-14,1
P01601,2026-07-23,2026-08-14,1
P01615,2026-07-19,2026-08-14,2
P01643,2026-07-17,2026-08-14,2
P01678,2026-07-21,2026-08-14,1
P01733,2026-07-26,2026-08-14,4
P01788,2026-07-23,2026-08-14,2
P01793,2026-07-16,2026-08-14,4
P01823,2026-07-19,2026-08-14,1
P01830,2026-07-22,2026-08-14,1
P01923,2026-07-26,2026-08-14,2
P01941,2026-07-26,2026-08-14,1
P02174,2026-07-26,2026-08-14,4
P02331,2026-07-16,2026-08-14,2
P02373,2026-07-28,2026-08-14,3
P02441,2026-07-19,2026-08-14,2
P02482,2026-07-27,2026-08-14,3
P02499,2026-07-19,2026-08-14,4
P02500,2026-07-26,2026-08-14,2
P02503,2026-07-17,2026-08-14,1
P02573,2026-07-30,2026-08-14,4
P02635,2026-07-27,2026-08-14,2
P02714,2026-07-28,2026-08-14,4
P02767,2026-07-18,2026-08-14,4
P02816,2026-07-23,2026-08-14,4
P02822,2026-07-24,2026-08-14,3
P02835,2026-07-30,2026-08-14,1
P02874,2026-07-18,2026-08-14,3
P02901,2026-07-23,2026-08-14,1
P02997,2026-07-18,2026-08-14,3
P03025,2026-07-28,2026-08-14,1
P03119,2026-07-21,2026-08-14,3
P03264,2026-07-24,2026-08-14,1
P03421,2026-07-17,2026-08-14,4
P03476,2026-07-18,2026-08-14,1
P03678,2026-07-18,2026-08-14,4
P03814,2026-07-15,2026-08-14,4
P03974,2026-07-29,2026-08-14,2
P03982,2026-07-26,2026-08-14,1
P04121,2026-07-29,2026-08-14,4
P04125,2026-07-22,2026-08-14,2
P04136,2026-07-15,2026-08-14,2
P04206,2026-07-28,2026-08-14,4
P04212,2026-07-19,2026-08-14,3
P04455,2026-07-15,2026-08-14,3
P04496,2026-07-20,2026-08-14,3
P04532,2026-07-29,2026-08-14,4
P04550,2026-07-26,2026-08-14,1
P04647,2026-07-27,2026-08-14,3
P04764,2026-07-30,2026-08-14,2
P04776,2026-07-17,2026-08-14,3
P04869,2026-07-17,2026-08-14,2
P04974,2026-07-27,2026-08-14,1
P05025,2026-07-19,2026-08-14,4
P05126,2026-07-27,2026-08-14,4
P05173,2026-07-29,2026-08-14,2
P05198,2026-07-21,2026-08-14,2
P05205,2026-07-26,2026-08-14,2
P05283,2026-07-27,2026-08-14,2
P05294,2026-07-20,2026-08-14,1
P05314,2026-07-30,2026-08-14,2
P05322,2026-07-24,2026-08-14,4
P05376,2026-07-21,2026-08-14,1
P05672,2026-07-27,2026-08-14,3
P05824,2026-07-27,2026-08-14,3
P05925,2026-07-22,2026-08-14,2
P05961,2026-07-18,2026-08-14,1
P05984,2026-07-21,2026-08-14,4
P06172,2026-07-22,2026-08-14,4
P06256,2026-07-26,2026-08-14,4
P06264,2026-07-23,2026-08-14,4
P06267,2026-07-29,2026-08-14,3
P06300,2026-07-28,2026-08-14,4
P06527,2026-07-16,2026-08-14,4
P06619,2026-07-20,2026-08-14,1
P06805,2026-07-28,2026-08-14,1
P06872,2026-07-21,2026-08-14,1
P06888,2026-07-30,2026-08-14,1
P06951,2026-07-21,2026-08-14,3
P06975,2026-07-26,2026-08-14,4
P07154,2026-07-27,2026-08-14,2
P07185,2026-07-18,2026-08-14,1
P07192,2026-07-28,2026-08-14,1
P07225,2026-07-25,2026-08-14,3
P07248,2026-07-18,2026-08-14,2
P07277,2026-07-19,2026-08-14,4
P07299,2026-07-24,2026-08-14,4
P07356,2026-07-27,2026-08-14,1
P07392,2026-07-24,2026-08-14,2
P07429,2026-07-21,2026-08-14,2
P07589,2026-07-17,2026-08-14,1
P07605,2026-07-19,2026-08-14,3
P00067,2026-07-19,2026-08-15,2
P00079,2026-07-29,2026-08-15,2
P00080,2026-07-16,2026-08-15,1
P00136,2026-07-20,2026-08-15,4
P00180,2026-07-27,2026-08-15,2
P00183,2026-07-24,2026-08-15,1
P00207,2026-07-26,2026-08-15,2
P00255,2026-07-26,2026-08-15,4
P00370,2026-07-28,2026-08-15,1
P00420,2026-07-16,2026-08-15,4
P00427,2026-07-18,2026-08-15,2
P00430,2026-07-30,2026-08-15,1
P00484,2026-07-18,2026-08-15,1
P00553,2026-07-28,2026-08-15,4
P00590,2026-07-28,2026-08-15,3
P00655,2026-07-28,2026-08-15,1
P00704,2026-07-18,2026-08-15,3
P00968,2026-07-17,2026-08-15,1
P00981,2026-07-16,2026-08-15,3
P01033,2026-07-29,2026-08-15,3
P01078,2026-07-17,2026-08-15,1
P01270,2026-07-17,2026-08-15,2
P01378,2026-07-23,2026-08-15,4
P01437,2026-07-27,2026-08-15,4
P01464,2026-07-29,2026-08-15,2
P01513,2026-07-19,2026-08-15,3
P01527,2026-07-25,2026-08-15,2
P01550,2026-07-21,2026-08-15,3
P01558,2026-07-27,2026-08-15,2
P01743,2026-07-24,2026-08-15,1
P01774,2026-07-23,2026-08-15,1
P01813,2026-07-17,2026-08-15,3
P01830,2026-07-22,2026-08-15,1
P01902,2026-07-25,2026-08-15,2
P01964,2026-07-18,2026-08-15,4
P02077,2026-07-30,2026-08-15,1
P02084,2026-07-21,2026-08-15,4
P02205,2026-07-25,2026-08-15,1
P02485,2026-07-20,2026-08-15,1
P02536,2026-07-21,2026-08-15,1
P02570,2026-07-20,2026-08-15,2
P02607,2026-07-23,2026-08-15,1
P02615,2026-07-16,2026-08-15,2
P02626,2026-07-20,2026-08-15,4
P02727,2026-07-28,2026-08-15,1
P02740,2026-07-25,2026-08-15,1
P02773,2026-07-27,2026-08-15,3
P02930,2026-07-21,2026-08-15,4
P03088,2026-07-28,2026-08-15,1
P03228,2026-07-28,2026-08-15,1
P03238,2026-07-27,2026-08-15,3
P03297,2026-07-28,2026-08-15,4
P03401,2026-07-27,2026-08-15,2
P03462,2026-07-18,2026-08-15,1
P03476,2026-07-18,2026-08-15,1
P03593,2026-07-28,2026-08-15,4
P03625,2026-07-20,2026-08-15,2
P03806,2026-07-20,2026-08-15,3
P03844,2026-07-19,2026-08-15,3
P03929,2026-07-25,2026-08-15,2
P03982,2026-07-26,2026-08-15,1
P03995,2026-07-29,2026-08-15,4
P04029,2026-07-22,2026-08-15,4
P04075,2026-07-16,2026-08-15,1
P04125,2026-07-22,2026-08-15,4
P04194,2026-07-27,2026-08-15,2
P04213,2026-07-17,2026-08-15,1
P04423,2026-07-19,2026-08-15,1
P04445,2026-07-30,2026-08-15,2
P04611,2026-07-26,2026-08-15,2
P04713,2026-07-27,2026-08-15,4
P04719,2026-07-29,2026-08-15,3
P04795,2026-07-26,2026-08-15,1
P04931,2026-07-27,2026-08-15,1
P05019,2026-07-29,2026-08-15,3
P05086,2026-07-17,2026-08-15,3
P05090,2026-07-30,2026-08-15,3
P05219,2026-07-18,2026-08-15,3
P05248,2026-07-16,2026-08-15,1
P05312,2026-07-23,2026-08-15,3
P05449,2026-07-17,2026-08-15,4
P05456,2026-07-27,2026-08-15,1
P05555,2026-07-16,2026-08-15,3
P05576,2026-07-23,2026-08-15,4
P05649,2026-07-19,2026-08-15,3
P05694,2026-07-25,2026-08-15,3
P05715,2026-07-22,2026-08-15,1
P05731,2026-07-30,2026-08-15,2
P05734,2026-07-20,2026-08-15,4
P05831,2026-07-30,2026-08-15,2
P05917,2026-07-23,2026-08-15,4
P06004,2026-07-29,2026-08-15,3
P06122,2026-07-26,2026-08-15,1
P06187,2026-07-30,2026-08-15,3
P06256,2026-07-26,2026-08-15,4
P06326,2026-07-29,2026-08-15,1
P06350,2026-07-18,2026-08-15,1
P06442,2026-07-26,2026-08-15,4
P06632,2026-07-17,2026-08-15,1
P06896,2026-07-27,2026-08-15,2
P06949,2026-07-16,2026-08-15,3
P07006,2026-07-21,2026-08-15,1
P07083,2026-07-16,2026-08-15,3
P07153,2026-07-29,2026-08-15,2
P07185,2026-07-18,2026-08-15,1
P07285,2026-07-19,2026-08-15,2
P07328,2026-07-30,2026-08-15,1
P07345,2026-07-24,2026-08-15,2
P07392,2026-07-24,2026-08-15,2
P07432,2026-07-26,2026-08-15,3
P07480,2026-07-17,2026-08-15,1
P07639,2026-07-26,2026-08-15,3
P07692,2026-07-20,2026-08-15,4
P07758,2026-07-28,2026-08-15,2
P07786,2026-07-19,2026-08-15,4
P07792,2026-07-16,2026-08-15,3
P07916,2026-07-25,2026-08-15,4
P00002,2026-07-26,2026-08-16,2
P00216,2026-07-18,2026-08-16,2
P00335,2026-07-28,2026-08-16,1
P00459,2026-07-28,2026-08-16,1
P00519,2026-07-20,2026-08-16,2
P00552,2026-07-29,2026-08-16,3
P00590,2026-07-28,2026-08-16,4
P00707,2026-07-28,2026-08-16,1
P00714,2026-07-21,2026-08-16,3
P00726,2026-07-18,2026-08-16,3
P00730,2026-07-29,2026-08-16,3
P00787,2026-07-23,2026-08-16,2
P00792,2026-07-24,2026-08-16,4
P00876,2026-07-21,2026-08-16,4
P00907,2026-07-22,2026-08-16,2
P00922,2026-07-26,2026-08-16,1
P01081,2026-07-22,2026-08-16,2
P01173,2026-07-29,2026-08-16,3
P01240,2026-07-20,2026-08-16,2
P01410,2026-07-22,2026-08-16,4
P01415,2026-07-26,2026-08-16,2
P01433,2026-07-20,2026-08-16,3
P01440,2026-07-19,2026-08-16,1
P01499,2026-07-28,2026-08-16,1
P01502,2026-07-27,2026-08-16,4
P01531,2026-07-28,2026-08-16,4
P01636,2026-07-18,2026-08-16,2
P01749,2026-07-20,2026-08-16,2
P01795,2026-07-17,2026-08-16,1
P01815,2026-07-17,2026-08-16,1
P01901,2026-07-20,2026-08-16,3
P01923,2026-07-26,2026-08-16,3
P02003,2026-07-19,2026-08-16,3
P02061,2026-07-22,2026-08-16,2
P02084,2026-07-21,2026-08-16,4
P02105,2026-07-24,2026-08-16,3
P02108,2026-07-23,2026-08-16,3
P02145,2026-07-21,2026-08-16,2
P02209,2026-07-24,2026-08-16,2
P02215,2026-07-27,2026-08-16,3
P02234,2026-07-18,2026-08-16,4
P02270,2026-07-18,2026-08-16,3
P02380,2026-07-18,2026-08-16,2
P02468,2026-07-25,2026-08-16,1
P02482,2026-07-27,2026-08-16,3
P02499,2026-07-19,2026-08-16,4
P02570,2026-07-20,2026-08-16,2
P02684,2026-07-28,2026-08-16,2
P02740,2026-07-25,2026-08-16,4
P02782,2026-07-19,2026-08-16,4
P02818,2026-07-28,2026-08-16,2
P02824,2026-07-19,2026-08-16,3
P02835,2026-07-30,2026-08-16,4
P02873,2026-07-22,2026-08-16,1
P02874,2026-07-18,2026-08-16,2
P03025,2026-07-28,2026-08-16,1
P03064,2026-07-21,2026-08-16,3
P03296,2026-07-19,2026-08-16,4
P03315,2026-07-22,2026-08-16,1
P03333,2026-07-20,2026-08-16,2
P03346,2026-07-23,2026-08-16,4
P03426,2026-07-21,2026-08-16,2
P03486,2026-07-25,2026-08-16,3
P03505,2026-07-20,2026-08-16,3
P03538,2026-07-24,2026-08-16,3
P03543,2026-07-21,2026-08-16,2
P03557,2026-07-30,2026-08-16,3
P03762,2026-07-22,2026-08-16,1
P03785,2026-07-22,2026-08-16,3
P03787,2026-07-28,2026-08-16,3
P03811,2026-07-29,2026-08-16,4
P03870,2026-07-24,2026-08-16,4
P03899,2026-07-24,2026-08-16,1
P03946,2026-07-20,2026-08-16,3
P03983,2026-07-26,2026-08-16,2
P03992,2026-07-30,2026-08-16,4
P04006,2026-07-26,2026-08-16,2
P04034,2026-07-24,2026-08-16,2
P04056,2026-07-30,2026-08-16,1
P04335,2026-07-27,2026-08-16,3
P04351,2026-07-27,2026-08-16,4
P04689,2026-07-24,2026-08-16,1
P04752,2026-07-17,2026-08-16,2
P04931,2026-07-27,2026-08-16,2
P04960,2026-07-19,2026-08-16,4
P04975,2026-07-30,2026-08-16,2
P05025,2026-07-19,2026-08-16,1
P05048,2026-07-26,2026-08-16,4
P05128,2026-07-19,2026-08-16,3
P05155,2026-07-24,2026-08-16,3
P05243,2026-07-30,2026-08-16,1
P05283,2026-07-27,2026-08-16,4
P05404,2026-07-29,2026-08-16,4
P05642,2026-07-17,2026-08-16,4
P05771,2026-07-27,2026-08-16,2
P05782,2026-07-28,2026-08-16,4
P05830,2026-07-23,2026-08-16,2
P06035,2026-07-22,2026-08-16,1
P06121,2026-07-19,2026-08-16,3
P06264,2026-07-23,2026-08-16,1
P06322,2026-07-28,2026-08-16,4
P06325,2026-07-27,2026-08-16,1
P06380,2026-07-23,2026-08-16,3
P06554,2026-07-17,2026-08-16,1
P06695,2026-07-30,2026-08-16,4
P06926,2026-07-26,2026-08-16,1
P06936,2026-07-29,2026-08-16,3
P07121,2026-07-30,2026-08-16,3
P07225,2026-07-25,2026-08-16,4
P07285,2026-07-19,2026-08-16,2
P07314,2026-07-22,2026-08-16,1
P07462,2026-07-22,2026-08-16,1
P07639,2026-07-26,2026-08-16,1
P07708,2026-07-24,2026-08-16,3
P07761,2026-07-30,2026-08-16,2
P07885,2026-07-25,2026-08-16,2
P07938,2026-07-27,2026-08-16,2
P07960,2026-07-26,2026-08-16,2
P07983,2026-07-28,2026-08-16,1
P00014,2026-07-25,2026-08-17,1
P00081,2026-07-27,2026-08-17,4
P00110,2026-07-21,2026-08-17,3
P00386,2026-07-23,2026-08-17,3
P00424,2026-07-19,2026-08-17,2
P00427,2026-07-18,2026-08-17,4
P00681,2026-07-22,2026-08-17,4
P00701,2026-07-25,2026-08-17,4
P00704,2026-07-18,2026-08-17,3
P00831,2026-07-18,2026-08-17,1
P00949,2026-07-25,2026-08-17,1
P01065,2026-07-19,2026-08-17,3
P01091,2026-07-25,2026-08-17,3
P01150,2026-07-26,2026-08-17,4
P01219,2026-07-28,2026-08-17,3
P01336,2026-07-28,2026-08-17,3
P01339,2026-07-26,2026-08-17,1
P01404,2026-07-27,2026-08-17,2
P01491,2026-07-26,2026-08-17,1
P01499,2026-07-28,2026-08-17,4
P01502,2026-07-27,2026-08-17,1
P01527,2026-07-25,2026-08-17,3
P01533,2026-07-24,2026-08-17,1
P01556,2026-07-30,2026-08-17,4
P01581,2026-07-25,2026-08-17,2
P01715,2026-07-26,2026-08-17,1
P01738,2026-07-26,2026-08-17,3
P01788,2026-07-23,2026-08-17,2
P01850,2026-07-24,2026-08-17,3
P01930,2026-07-25,2026-08-17,4
P01957,2026-07-29,2026-08-17,3
P02050,2026-07-30,2026-08-17,2
P02116,2026-07-27,2026-08-17,1
P02184,2026-07-25,2026-08-17,2
P02408,2026-07-27,2026-08-17,4
P02455,2026-07-18,2026-08-17,4
P02670,2026-07-21,2026-08-17,4
P02686,2026-07-24,2026-08-17,1
P02690,2026-07-23,2026-08-17,1
P02754,2026-07-19,2026-08-17,2
P02782,2026-07-19,2026-08-17,2
P02816,2026-07-23,2026-08-17,2
P02913,2026-07-21,2026-08-17,3
P02918,2026-07-30,2026-08-17,1
P02920,2026-07-23,2026-08-17,3
P03015,2026-07-24,2026-08-17,3
P03046,2026-07-30,2026-08-17,1
P03119,2026-07-21,2026-08-17,4
P03216,2026-07-25,2026-08-17,2
P03238,2026-07-27,2026-08-17,4
P03311,2026-07-26,2026-08-17,4
P03317,2026-07-23,2026-08-17,2
P03386,2026-07-23,2026-08-17,2
P03456,2026-07-22,2026-08-17,2
P03476,2026-07-18,2026-08-17,3
P03525,2026-07-25,2026-08-17,4
P03682,2026-07-25,2026-08-17,2
P03787,2026-07-28,2026-08-17,2
P03812,2026-07-28,2026-08-17,1
P03876,2026-07-21,2026-08-17,2
P03887,2026-07-24,2026-08-17,3
P03950,2026-07-23,2026-08-17,4
P03967,2026-07-19,2026-08-17,4
P03995,2026-07-29,2026-08-17,2
P04143,2026-07-29,2026-08-17,1
P04194,2026-07-27,2026-08-17,3
P04226,2026-07-30,2026-08-17,4
P04247,2026-07-18,2026-08-17,4
P04265,2026-07-27,2026-08-17,3
P04454,2026-07-18,2026-08-17,3
P04492,2026-07-29,2026-08-17,1
P04541,2026-07-22,2026-08-17,3
P04576,2026-07-26,2026-08-17,4
P04637,2026-07-26,2026-08-17,2
P04778,2026-07-19,2026-08-17,3
P04791,2026-07-18,2026-08-17,1
P04975,2026-07-30,2026-08-17,4
P05090,2026-07-30,2026-08-17,3
P05216,2026-07-23,2026-08-17,3
P05251,2026-07-29,2026-08-17,1
P05283,2026-07-27,2026-08-17,1
P05350,2026-07-22,2026-08-17,2
P05386,2026-07-30,2026-08-17,1
P05405,2026-07-20,2026-08-17,4
P05423,2026-07-27,2026-08-17,1
P05465,2026-07-25,2026-08-17,1
P05513,2026-07-24,2026-08-17,3
P05574,2026-07-23,2026-08-17,4
P05715,2026-07-22,2026-08-17,4
P05767,2026-07-18,2026-08-17,3
P05787,2026-07-27,2026-08-17,2
P05899,2026-07-18,2026-08-17,3
P06035,2026-07-22,2026-08-17,3
P06048,2026-07-26,2026-08-17,3
P06093,2026-07-27,2026-08-17,2
P06172,2026-07-22,2026-08-17,2
P06174,2026-07-28,2026-08-17,1
P06325,2026-07-27,2026-08-17,4
P06357,2026-07-23,2026-08-17,1
P06470,2026-07-30,2026-08-17,1
P06472,2026-07-21,2026-08-17,1
P06716,2026-07-24,2026-08-17,3
P06831,2026-07-27,2026-08-17,2
P06858,2026-07-22,2026-08-17,4
P06872,2026-07-21,2026-08-17,3
P06882,2026-07-19,2026-08-17,1
P06926,2026-07-26,2026-08-17,1
P07061,2026-07-19,2026-08-17,4
P07097,2026-07-27,2026-08-17,1
P07231,2026-07-26,2026-08-17,1
P07328,2026-07-30,2026-08-17,4
P07462,2026-07-22,2026-08-17,4
P07509,2026-07-26,2026-08-17,2
P07539,2026-07-30,2026-08-17,3
P07565,2026-07-24,2026-08-17,2
P07594,2026-07-24,2026-08-17,4
P07880,2026-07-27,2026-08-17,1
P07941,2026-07-23,2026-08-17,1
P07983,2026-07-28,2026-08-17,2
P00009,2026-07-19,2026-08-18,1
P00112,2026-07-23,2026-08-18,3
P00314,2026-07-19,2026-08-18,3
P00370,2026-07-28,2026-08-18,2
P00385,2026-07-21,2026-08-18,3
P00414,2026-07-29,2026-08-18,4
P00488,2026-07-20,2026-08-18,2
P00554,2026-07-30,2026-08-18,4
P00626,2026-07-26,2026-08-18,3
P00650,2026-07-20,2026-08-18,4
P00824,2026-07-24,2026-08-18,4
P00900,2026-07-20,2026-08-18,3
P01041,2026-07-23,2026-08-18,2
P01325,2026-07-28,2026-08-18,3
P01388,2026-07-21,2026-08-18,2
P01502,2026-07-27,2026-08-18,4
P01521,2026-07-29,2026-08-18,2
P01597,2026-07-23,2026-08-18,2
P01602,2026-07-29,2026-08-18,1
P01606,2026-07-20,2026-08-18,3
P01711,2026-07-20,2026-08-18,2
P01754,2026-07-22,2026-08-18,2
P01788,2026-07-23,2026-08-18,1
P01872,2026-07-21,2026-08-18,2
P01873,2026-07-25,2026-08-18,4
P02046,2026-07-21,2026-08-18,2
P02061,2026-07-22,2026-08-18,2
P02084,2026-07-21,2026-08-18,1
P02116,2026-07-27,2026-08-18,3
P02231,2026-07-21,2026-08-18,1
P02263,2026-07-20,2026-08-18,1
P02463,2026-07-20,2026-08-18,2
P02478,2026-07-21,2026-08-18,3
P02499,2026-07-19,2026-08-18,3
P02541,2026-07-26,2026-08-18,1
P02774,2026-07-20,2026-08-18,1
P02782,2026-07-19,2026-08-18,4
P02822,2026-07-24,2026-08-18,2
P02880,2026-07-22,2026-08-18,4
P02913,2026-07-21,2026-08-18,1
P02974,2026-07-29,2026-08-18,1
P03185,2026-07-23,2026-08-18,1
P03283,2026-07-20,2026-08-18,4
P03317,2026-07-23,2026-08-18,2
P03346,2026-07-23,2026-08-18,3
P03486,2026-07-25,2026-08-18,1
P03611,2026-07-24,2026-08-18,4
P03636,2026-07-26,2026-08-18,3
P03672,2026-07-23,2026-08-18,2
P03759,2026-07-22,2026-08-18,1
P03762,2026-07-22,2026-08-18,4
P03811,2026-07-29,2026-08-18,3
P03812,2026-07-28,2026-08-18,2
P03974,2026-07-29,2026-08-18,4
P03992,2026-07-30,2026-08-18,1
P04056,2026-07-30,2026-08-18,1
P04212,2026-07-19,2026-08-18,1
P04226,2026-07-30,2026-08-18,4
P04406,2026-07-19,2026-08-18,3
P04493,2026-07-27,2026-08-18,4
P04502,2026-07-30,2026-08-18,1
P04541,2026-07-22,2026-08-18,4
P04785,2026-07-29,2026-08-18,3
P05072,2026-07-29,2026-08-18,3
P05208,2026-07-28,2026-08-18,2
P05216,2026-07-23,2026-08-18,2
P05284,2026-07-21,2026-08-18,3
P05312,2026-07-23,2026-08-18,1
P05355,2026-07-20,2026-08-18,2
P05365,2026-07-29,2026-08-18,4
P05369,2026-07-29,2026-08-18,4
P05435,2026-07-29,2026-08-18,1
P05628,2026-07-27,2026-08-18,1
P05721,2026-07-20,2026-08-18,4
P06018,2026-07-26,2026-08-18,3
P06035,2026-07-22,2026-08-18,4
P06048,2026-07-26,2026-08-18,4
P06187,2026-07-30,2026-08-18,2
P06362,2026-07-21,2026-08-18,3
P06433,2026-07-30,2026-08-18,4
P06472,2026-07-21,2026-08-18,1
P06785,2026-07-29,2026-08-18,1
P06896,2026-07-27,2026-08-18,3
P06978,2026-07-29,2026-08-18,3
P07163,2026-07-29,2026-08-18,1
P07281,2026-07-27,2026-08-18,3
P07504,2026-07-19,2026-08-18,1
P07505,2026-07-27,2026-08-18,4
P07605,2026-07-19,2026-08-18,4
P07781,2026-07-24,2026-08-18,2
P07885,2026-07-25,2026-08-18,2
P07983,2026-07-28,2026-08-18,2
P00072,2026-07-30,2026-08-19,3
P00091,2026-07-20,2026-08-19,3
P00414,2026-07-29,2026-08-19,2
P00552,2026-07-29,2026-08-19,3
P00554,2026-07-30,2026-08-19,2
P00578,2026-07-23,2026-08-19,3
P00626,2026-07-26,2026-08-19,4
P00653,2026-07-28,2026-08-19,2
P00714,2026-07-21,2026-08-19,1
P00725,2026-07-23,2026-08-19,2
P01031,2026-07-21,2026-08-19,4
P01173,2026-07-29,2026-08-19,3
P01230,2026-07-23,2026-08-19,3
P01266,2026-07-26,2026-08-19,1
P01719,2026-07-30,2026-08-19,2
P01788,2026-07-23,2026-08-19,1
P01826,2026-07-26,2026-08-19,3
P01863,2026-07-28,2026-08-19,3
P01872,2026-07-21,2026-08-19,1
P01940,2026-07-20,2026-08-19,4
P01975,2026-07-22,2026-08-19,1
P01988,2026-07-26,2026-08-19,4
P02001,2026-07-24,2026-08-19,3
P02019,2026-07-30,2026-08-19,3
P02108,2026-07-23,2026-08-19,1
P02129,2026-07-22,2026-08-19,4
P02261,2026-07-28,2026-08-19,2
P02373,2026-07-28,2026-08-19,4
P02541,2026-07-26,2026-08-19,4
P02549,2026-07-21,2026-08-19,2
P02570,2026-07-20,2026-08-19,2
P02619,2026-07-20,2026-08-19,2
P02714,2026-07-28,2026-08-19,4
P02869,2026-07-26,2026-08-19,4
P02896,2026-07-24,2026-08-19,4
P02954,2026-07-20,2026-08-19,3
P02975,2026-07-23,2026-08-19,4
P02976,2026-07-30,2026-08-19,2
P03022,2026-07-23,2026-08-19,3
P03163,2026-07-26,2026-08-19,1
P03209,2026-07-20,2026-08-19,1
P03297,2026-07-28,2026-08-19,3
P03333,2026-07-20,2026-08-19,3
P03371,2026-07-24,2026-08-19,2
P03486,2026-07-25,2026-08-19,1
P03625,2026-07-20,2026-08-19,3
P03627,2026-07-25,2026-08-19,3
P03648,2026-07-24,2026-08-19,4
P03789,2026-07-20,2026-08-19,4
P03811,2026-07-29,2026-08-19,1
P03992,2026-07-30,2026-08-19,2
P04034,2026-07-24,2026-08-19,1
P04103,2026-07-27,2026-08-19,1
P04122,2026-07-20,2026-08-19,1
P04125,2026-07-22,2026-08-19,3
P04351,2026-07-27,2026-08-19,2
P04452,2026-07-29,2026-08-19,1
P04492,2026-07-29,2026-08-19,1
P04556,2026-07-22,2026-08-19,4
P04571,2026-07-26,2026-08-19,2
P04626,2026-07-26,2026-08-19,2
P04680,2026-07-26,2026-08-19,2
P04691,2026-07-26,2026-08-19,2
P04777,2026-07-28,2026-08-19,1
P04884,2026-07-22,2026-08-19,3
P04910,2026-07-30,2026-08-19,2
P04975,2026-07-30,2026-08-19,3
P05022,2026-07-29,2026-08-19,4
P05044,2026-07-25,2026-08-19,3
P05312,2026-07-23,2026-08-19,1
P05340,2026-07-30,2026-08-19,3
P05354,2026-07-29,2026-08-19,2
P05405,2026-07-20,2026-08-19,2
P05715,2026-07-22,2026-08-19,1
P05721,2026-07-20,2026-08-19,2
P05841,2026-07-21,2026-08-19,4
P05984,2026-07-21,2026-08-19,1
P05988,2026-07-20,2026-08-19,2
P06178,2026-07-24,2026-08-19,1
P06264,2026-07-23,2026-08-19,1
P06346,2026-07-21,2026-08-19,4
P06356,2026-07-26,2026-08-19,4
P06462,2026-07-24,2026-08-19,4
P06831,2026-07-27,2026-08-19,1
P06948,2026-07-29,2026-08-19,4
P07014,2026-07-23,2026-08-19,4
P07054,2026-07-26,2026-08-19,4
P07094,2026-07-20,2026-08-19,2
P07292,2026-07-22,2026-08-19,3
P07311,2026-07-28,2026-08-19,2
P07328,2026-07-30,2026-08-19,4
P07496,2026-07-28,2026-08-19,1
P07585,2026-07-28,2026-08-19,3
P07640,2026-07-27,2026-08-19,1
P07642,2026-07-26,2026-08-19,4
P07693,2026-07-21,2026-08-19,2
P07758,2026-07-28,2026-08-19,3
P07966,2026-07-27,2026-08-19,3
P00098,2026-07-27,2026-08-20,4
P00168,2026-07-28,2026-08-20,2
P00207,2026-07-26,2026-08-20,2
P00229,2026-07-23,2026-08-20,3
P00298,2026-07-28,2026-08-20,3
P00353,2026-07-21,2026-08-20,2
P00385,2026-07-21,2026-08-20,4
P00564,2026-07-23,2026-08-20,2
P00680,2026-07-28,2026-08-20,3
P00701,2026-07-25,2026-08-20,3
P00725,2026-07-23,2026-08-20,4
P00760,2026-07-25,2026-08-20,2
P00778,2026-07-24,2026-08-20,2
P00907,2026-07-22,2026-08-20,2
P01150,2026-07-26,2026-08-20,1
P01266,2026-07-26,2026-08-20,4
P01360,2026-07-25,2026-08-20,1
P01388,2026-07-21,2026-08-20,3
P01406,2026-07-22,2026-08-20,3
P01521,2026-07-29,2026-08-20,4
P01570,2026-07-28,2026-08-20,3
P01787,2026-07-30,2026-08-20,2
P01909,2026-07-21,2026-08-20,2
P02001,2026-07-24,2026-08-20,3
P02108,2026-07-23,2026-08-20,2
P02116,2026-07-27,2026-08-20,4
P02145,2026-07-21,2026-08-20,2
P02182,2026-07-26,2026-08-20,3
P02194,2026-07-30,2026-08-20,2
P02432,2026-07-22,2026-08-20,3
P02625,2026-07-25,2026-08-20,1
P02773,2026-07-27,2026-08-20,3
P02818,2026-07-28,2026-08-20,3
P02845,2026-07-24,2026-08-20,1
P02869,2026-07-26,2026-08-20,4
P02913,2026-07-21,2026-08-20,3
P02918,2026-07-30,2026-08-20,4
P02920,2026-07-23,2026-08-20,3
P03046,2026-07-30,2026-08-20,1
P03176,2026-07-22,2026-08-20,3
P03399,2026-07-25,2026-08-20,1
P03543,2026-07-21,2026-08-20,1
P03671,2026-07-23,2026-08-20,4
P03687,2026-07-22,2026-08-20,2
P03786,2026-07-23,2026-08-20,2
P03929,2026-07-25,2026-08-20,3
P03952,2026-07-23,2026-08-20,3
P04083,2026-07-24,2026-08-20,4
P04227,2026-07-22,2026-08-20,3
P04425,2026-07-25,2026-08-20,4
P04443,2026-07-27,2026-08-20,4
P04465,2026-07-21,2026-08-20,2
P04493,2026-07-27,2026-08-20,2
P04614,2026-07-26,2026-08-20,3
P04719,2026-07-29,2026-08-20,4
P04735,2026-07-28,2026-08-20,1
P04974,2026-07-27,2026-08-20,4
P05072,2026-07-29,2026-08-20,4
P05115,2026-07-26,2026-08-20,3
P05208,2026-07-28,2026-08-20,4
P05336,2026-07-21,2026-08-20,2
P05417,2026-07-26,2026-08-20,3
P05736,2026-07-26,2026-08-20,3
P05847,2026-07-23,2026-08-20,2
P05875,2026-07-24,2026-08-20,3
P05984,2026-07-21,2026-08-20,4
P06004,2026-07-29,2026-08-20,4
P06298,2026-07-28,2026-08-20,1
P06379,2026-07-22,2026-08-20,3
P06462,2026-07-24,2026-08-20,1
P06567,2026-07-24,2026-08-20,1
P06595,2026-07-23,2026-08-20,2
P07054,2026-07-26,2026-08-20,4
P07231,2026-07-26,2026-08-20,4
P07250,2026-07-21,2026-08-20,3
P07254,2026-07-30,2026-08-20,1
P07311,2026-07-28,2026-08-20,1
P07584,2026-07-22,2026-08-20,2
P07631,2026-07-27,2026-08-20,3
P07642,2026-07-26,2026-08-20,4
P07685,2026-07-26,2026-08-20,2
P00002,2026-07-26,2026-08-21,1
P00122,2026-07-25,2026-08-21,1
P00505,2026-07-28,2026-08-21,3
P00540,2026-07-25,2026-08-21,1
P00557,2026-07-23,2026-08-21,4
P00590,2026-07-28,2026-08-21,1
P00681,2026-07-22,2026-08-21,1
P00701,2026-07-25,2026-08-21,2
P00725,2026-07-23,2026-08-21,3
P00905,2026-07-29,2026-08-21,4
P01075,2026-07-23,2026-08-21,1
P01320,2026-07-23,2026-08-21,2
P01369,2026-07-24,2026-08-21,3
P01418,2026-07-30,2026-08-21,3
P01511,2026-07-24,2026-08-21,4
P01533,2026-07-24,2026-08-21,4
P01560,2026-07-29,2026-08-21,1
P01601,2026-07-23,2026-08-21,1
P01664,2026-07-26,2026-08-21,2
P01699,2026-07-26,2026-08-21,3
P01706,2026-07-23,2026-08-21,4
P01710,2026-07-23,2026-08-21,4
P01719,2026-07-30,2026-08-21,3
P01738,2026-07-26,2026-08-21,3
P01930,2026-07-25,2026-08-21,3
P01957,2026-07-29,2026-08-21,4
P01988,2026-07-26,2026-08-21,1
P02106,2026-07-23,2026-08-21,2
P02125,2026-07-24,2026-08-21,2
P02209,2026-07-24,2026-08-21,3
P02215,2026-07-27,2026-08-21,2
P02252,2026-07-24,2026-08-21,4
P02597,2026-07-22,2026-08-21,1
P02625,2026-07-25,2026-08-21,2
P02673,2026-07-30,2026-08-21,1
P02714,2026-07-28,2026-08-21,4
P02737,2026-07-28,2026-08-21,1
P02845,2026-07-24,2026-08-21,3
P02862,2026-07-25,2026-08-21,3
P02873,2026-07-22,2026-08-21,2
P02901,2026-07-23,2026-08-21,4
P02971,2026-07-29,2026-08-21,3
P03015,2026-07-24,2026-08-21,1
P03181,2026-07-26,2026-08-21,1
P03185,2026-07-23,2026-08-21,1
P03201,2026-07-27,2026-08-21,4
P03311,2026-07-26,2026-08-21,1
P03399,2026-07-25,2026-08-21,4
P03418,2026-07-28,2026-08-21,3
P03544,2026-07-30,2026-08-21,3
P03694,2026-07-23,2026-08-21,4
P03787,2026-07-28,2026-08-21,3
P03812,2026-07-28,2026-08-21,4
P03959,2026-07-27,2026-08-21,2
P03968,2026-07-27,2026-08-21,4
P04006,2026-07-26,2026-08-21,1
P04121,2026-07-29,2026-08-21,4
P04170,2026-07-25,2026-08-21,3
P04226,2026-07-30,2026-08-21,1
P04241,2026-07-22,2026-08-21,2
P04379,2026-07-22,2026-08-21,3
P04452,2026-07-29,2026-08-21,2
P04550,2026-07-26,2026-08-21,4
P04568,2026-07-24,2026-08-21,1
P04616,2026-07-22,2026-08-21,1
P04661,2026-07-22,2026-08-21,1
P04691,2026-07-26,2026-08-21,4
P04713,2026-07-27,2026-08-21,2
P04927,2026-07-27,2026-08-21,1
P04931,2026-07-27,2026-08-21,3
P05082,2026-07-24,2026-08-21,2
P05205,2026-07-26,2026-08-21,3
P05225,2026-07-30,2026-08-21,2
P05251,2026-07-29,2026-08-21,3
P05283,2026-07-27,2026-08-21,2
P05312,2026-07-23,2026-08-21,2
P05314,2026-07-30,2026-08-21,3
P05429,2026-07-24,2026-08-21,4
P05493,2026-07-26,2026-08-21,3
P05694,2026-07-25,2026-08-21,1
P05787,2026-07-27,2026-08-21,4
P05873,2026-07-28,2026-08-21,1
P05925,2026-07-22,2026-08-21,1
P05929,2026-07-30,2026-08-21,2
P06020,2026-07-22,2026-08-21,2
P06107,2026-07-27,2026-08-21,2
P06166,2026-07-27,2026-08-21,3
P06256,2026-07-26,2026-08-21,4
P06264,2026-07-23,2026-08-21,2
P06300,2026-07-28,2026-08-21,2
P06338,2026-07-27,2026-08-21,4
P06357,2026-07-23,2026-08-21,4
P06741,2026-07-29,2026-08-21,4
P06831,2026-07-27,2026-08-21,3
P06888,2026-07-30,2026-08-21,2
P07077,2026-07-25,2026-08-21,3
P07088,2026-07-26,2026-08-21,2
P07163,2026-07-29,2026-08-21,2
P07292,2026-07-22,2026-08-21,2
P07314,2026-07-22,2026-08-21,1
P07345,2026-07-24,2026-08-21,3
P07386,2026-07-27,2026-08-21,3
P07432,2026-07-26,2026-08-21,2
P07464,2026-07-28,2026-08-21,2
P07555,2026-07-22,2026-08-21,1
P07561,2026-07-29,2026-08-21,1
P07852,2026-07-30,2026-08-21,3
P07921,2026-07-27,2026-08-21,3
P07925,2026-07-27,2026-08-21,1
P07938,2026-07-27,2026-08-21,3
P00072,2026-07-30,2026-08-22,2
P00076,2026-07-26,2026-08-22,4
P00178,2026-07-28,2026-08-22,3
P00228,2026-07-23,2026-08-22,4
P00298,2026-07-28,2026-08-22,4
P00459,2026-07-28,2026-08-22,3
P00730,2026-07-29,2026-08-22,1
P00778,2026-07-24,2026-08-22,3
P00806,2026-07-29,2026-08-22,2
P00834,2026-07-28,2026-08-22,4
P01086,2026-07-27,2026-08-22,2
P01180,2026-07-30,2026-08-22,4
P01266,2026-07-26,2026-08-22,3
P01404,2026-07-27,2026-08-22,4
P01502,2026-07-27,2026-08-22,1
P01519,2026-07-27,2026-08-22,3
P01556,2026-07-30,2026-08-22,4
P01581,2026-07-25,2026-08-22,4
P01601,2026-07-23,2026-08-22,3
P01699,2026-07-26,2026-08-22,4
P01850,2026-07-24,2026-08-22,2
P01941,2026-07-26,2026-08-22,4
P01957,2026-07-29,2026-08-22,4
P02001,2026-07-24,2026-08-22,2
P02036,2026-07-23,2026-08-22,1
P02221,2026-07-29,2026-08-22,4
P02339,2026-07-23,2026-08-22,4
P02400,2026-07-23,2026-08-22,3
P02410,2026-07-27,2026-08-22,3
P02435,2026-07-28,2026-08-22,4
P02453,2026-07-23,2026-08-22,2
P02625,2026-07-25,2026-08-22,1
P02822,2026-07-24,2026-08-22,1
P02852,2026-07-24,2026-08-22,2
P03067,2026-07-30,2026-08-22,3
P03115,2026-07-23,2026-08-22,1
P03131,2026-07-30,2026-08-22,1
P03216,2026-07-25,2026-08-22,3
P03399,2026-07-25,2026-08-22,2
P03551,2026-07-28,2026-08-22,1
P03682,2026-07-25,2026-08-22,1
P03707,2026-07-25,2026-08-22,3
P03812,2026-07-28,2026-08-22,1
P03859,2026-07-26,2026-08-22,1
P03915,2026-07-24,2026-08-22,1
P04083,2026-07-24,2026-08-22,2
P04206,2026-07-28,2026-08-22,3
P04279,2026-07-27,2026-08-22,2
P04296,2026-07-29,2026-08-22,1
P04344,2026-07-24,2026-08-22,3
P04373,2026-07-28,2026-08-22,3
P04494,2026-07-26,2026-08-22,3
P04502,2026-07-30,2026-08-22,2
P04568,2026-07-24,2026-08-22,4
P04611,2026-07-26,2026-08-22,4
P04637,2026-07-26,2026-08-22,1
P04761,2026-07-29,2026-08-22,1
P05022,2026-07-29,2026-08-22,4
P05027,2026-07-28,2026-08-22,2
P05044,2026-07-25,2026-08-22,4
P05160,2026-07-23,2026-08-22,4
P05245,2026-07-23,2026-08-22,4
P05322,2026-07-24,2026-08-22,3
P05365,2026-07-29,2026-08-22,4
P05451,2026-07-25,2026-08-22,2
P05460,2026-07-30,2026-08-22,3
P05628,2026-07-27,2026-08-22,2
P05719,2026-07-23,2026-08-22,3
P05787,2026-07-27,2026-08-22,1
P05816,2026-07-29,2026-08-22,2
P05843,2026-07-29,2026-08-22,1
P05926,2026-07-23,2026-08-22,3
P06166,2026-07-27,2026-08-22,1
P06324,2026-07-25,2026-08-22,4
P06735,2026-07-28,2026-08-22,4
P06754,2026-07-25,2026-08-22,1
P06757,2026-07-26,2026-08-22,2
P06825,2026-07-26,2026-08-22,3
P06896,2026-07-27,2026-08-22,2
P06936,2026-07-29,2026-08-22,1
P07761,2026-07-30,2026-08-22,4
P00079,2026-07-29,2026-08-23,4
P00090,2026-07-28,2026-08-23,3
P00173,2026-07-28,2026-08-23,3
P00304,2026-07-29,2026-08-23,2
P00540,2026-07-25,2026-08-23,3
P00556,2026-07-25,2026-08-23,1
P00590,2026-07-28,2026-08-23,2
P00703,2026-07-25,2026-08-23,3
P00775,2026-07-25,2026-08-23,1
P00778,2026-07-24,2026-08-23,3
P00862,2026-07-29,2026-08-23,2
P01144,2026-07-26,2026-08-23,3
P01243,2026-07-28,2026-08-23,4
P01413,2026-07-27,2026-08-23,4
P01500,2026-07-30,2026-08-23,3
P01521,2026-07-29,2026-08-23,3
P01677,2026-07-25,2026-08-23,4
P01863,2026-07-28,2026-08-23,4
P02050,2026-07-30,2026-08-23,2
P02125,2026-07-24,2026-08-23,2
P02974,2026-07-29,2026-08-23,2
P03043,2026-07-30,2026-08-23,4
P03067,2026-07-30,2026-08-23,2
P03216,2026-07-25,2026-08-23,1
P03350,2026-07-24,2026-08-23,4
P03887,2026-07-24,2026-08-23,3
P03959,2026-07-27,2026-08-23,1
P03992,2026-07-30,2026-08-23,1
P04090,2026-07-30,2026-08-23,2
P04291,2026-07-25,2026-08-23,3
P04318,2026-07-28,2026-08-23,2
P04647,2026-07-27,2026-08-23,3
P04795,2026-07-26,2026-08-23,3
P04845,2026-07-27,2026-08-23,3
P04974,2026-07-27,2026-08-23,3
P05089,2026-07-27,2026-08-23,2
P05283,2026-07-27,2026-08-23,3
P05322,2026-07-24,2026-08-23,1
P05460,2026-07-30,2026-08-23,2
P05628,2026-07-27,2026-08-23,4
P05787,2026-07-27,2026-08-23,1
P05831,2026-07-30,2026-08-23,4
P05843,2026-07-29,2026-08-23,3
P06039,2026-07-30,2026-08-23,3
P06041,2026-07-25,2026-08-23,1
P06127,2026-07-24,2026-08-23,4
P06326,2026-07-29,2026-08-23,4
P06486,2026-07-26,2026-08-23,3
P06489,2026-07-27,2026-08-23,3
P06533,2026-07-26,2026-08-23,3
P06624,2026-07-30,2026-08-23,2
P07299,2026-07-24,2026-08-23,2
P07432,2026-07-26,2026-08-23,1
P07610,2026-07-24,2026-08-23,3
P07639,2026-07-26,2026-08-23,4
P07758,2026-07-28,2026-08-23,4
P07885,2026-07-25,2026-08-23,1
P00014,2026-07-25,2026-08-24,2
P00207,2026-07-26,2026-08-24,3
P00516,2026-07-27,2026-08-24,4
P00775,2026-07-25,2026-08-24,2
P00949,2026-07-25,2026-08-24,1
P00955,2026-07-30,2026-08-24,1
P01091,2026-07-25,2026-08-24,1
P01092,2026-07-28,2026-08-24,3
P01442,2026-07-29,2026-08-24,2
P01502,2026-07-27,2026-08-24,2
P01604,2026-07-30,2026-08-24,1
P01658,2026-07-28,2026-08-24,1
P01677,2026-07-25,2026-08-24,3
P01826,2026-07-26,2026-08-24,4
P01957,2026-07-29,2026-08-24,3
P02182,2026-07-26,2026-08-24,3
P02215,2026-07-27,2026-08-24,4
P02341,2026-07-29,2026-08-24,2
P02373,2026-07-28,2026-08-24,1
P02516,2026-07-30,2026-08-24,1
P02973,2026-07-25,2026-08-24,2
P03025,2026-07-28,2026-08-24,1
P03167,2026-07-27,2026-08-24,1
P03181,2026-07-26,2026-08-24,1
P03399,2026-07-25,2026-08-24,4
P03401,2026-07-27,2026-08-24,2
P03544,2026-07-30,2026-08-24,2
P03605,2026-07-30,2026-08-24,1
P03631,2026-07-28,2026-08-24,4
P03859,2026-07-26,2026-08-24,4
P03968,2026-07-27,2026-08-24,2
P04056,2026-07-30,2026-08-24,3
P04452,2026-07-29,2026-08-24,3
P04484,2026-07-28,2026-08-24,1
P04493,2026-07-27,2026-08-24,2
P04494,2026-07-26,2026-08-24,1
P04550,2026-07-26,2026-08-24,4
P05048,2026-07-26,2026-08-24,2
P05208,2026-07-28,2026-08-24,2
P05221,2026-07-28,2026-08-24,3
P05257,2026-07-27,2026-08-24,3
P05377,2026-07-28,2026-08-24,3
P05381,2026-07-28,2026-08-24,4
P05572,2026-07-28,2026-08-24,4
P05628,2026-07-27,2026-08-24,4
P05831,2026-07-30,2026-08-24,2
P05936,2026-07-26,2026-08-24,4
P05942,2026-07-27,2026-08-24,3
P06039,2026-07-30,2026-08-24,1
P06166,2026-07-27,2026-08-24,3
P06187,2026-07-30,2026-08-24,3
P06219,2026-07-27,2026-08-24,1
P06433,2026-07-30,2026-08-24,1
P06533,2026-07-26,2026-08-24,3
P06888,2026-07-30,2026-08-24,2
P06896,2026-07-27,2026-08-24,3
P06986,2026-07-29,2026-08-24,4
P07129,2026-07-28,2026-08-24,2
P07231,2026-07-26,2026-08-24,3
P07397,2026-07-28,2026-08-24,3
P07612,2026-07-26,2026-08-24,3
P07639,2026-07-26,2026-08-24,4
P07645,2026-07-30,2026-08-24,2
P00098,2026-07-27,2026-08-25,1
P00221,2026-07-30,2026-08-25,1
P00304,2026-07-29,2026-08-25,1
P00655,2026-07-28,2026-08-25,2
P01173,2026-07-29,2026-08-25,3
P01699,2026-07-26,2026-08-25,2
P02116,2026-07-27,2026-08-25,4
P02309,2026-07-27,2026-08-25,2
P02410,2026-07-27,2026-08-25,2
P03046,2026-07-30,2026-08-25,4
P03163,2026-07-26,2026-08-25,4
P03311,2026-07-26,2026-08-25,1
P03328,2026-07-27,2026-08-25,4
P03401,2026-07-27,2026-08-25,1
P03631,2026-07-28,2026-08-25,1
P03957,2026-07-29,2026-08-25,1
P04073,2026-07-30,2026-08-25,4
P04445,2026-07-30,2026-08-25,3
P04492,2026-07-29,2026-08-25,4
P04494,2026-07-26,2026-08-25,1
P04691,2026-07-26,2026-08-25,4
P04719,2026-07-29,2026-08-25,2
P04733,2026-07-28,2026-08-25,3
P04764,2026-07-30,2026-08-25,3
P05048,2026-07-26,2026-08-25,4
P05208,2026-07-28,2026-08-25,4
P05620,2026-07-30,2026-08-25,4
P05672,2026-07-27,2026-08-25,4
P05761,2026-07-28,2026-08-25,3
P05787,2026-07-27,2026-08-25,4
P05824,2026-07-27,2026-08-25,1
P05873,2026-07-28,2026-08-25,4
P06159,2026-07-26,2026-08-25,2
P06269,2026-07-26,2026-08-25,4
P06326,2026-07-29,2026-08-25,4
P06384,2026-07-29,2026-08-25,2
P06407,2026-07-26,2026-08-25,1
P06888,2026-07-30,2026-08-25,3
P06978,2026-07-29,2026-08-25,4
P07165,2026-07-26,2026-08-25,3
P07464,2026-07-28,2026-08-25,4
P07775,2026-07-27,2026-08-25,2
P07852,2026-07-30,2026-08-25,1
P00304,2026-07-29,2026-08-26,1
P00516,2026-07-27,2026-08-26,1
P00553,2026-07-28,2026-08-26,1
P00680,2026-07-28,2026-08-26,3
P01016,2026-07-28,2026-08-26,2
P01092,2026-07-28,2026-08-26,4
P01168,2026-07-29,2026-08-26,2
P01180,2026-07-30,2026-08-26,2
P01359,2026-07-28,2026-08-26,1
P01464,2026-07-29,2026-08-26,4
P01499,2026-07-28,2026-08-26,2
P01531,2026-07-28,2026-08-26,3
P01668,2026-07-27,2026-08-26,4
P01995,2026-07-30,2026-08-26,2
P02116,2026-07-27,2026-08-26,1
P02408,2026-07-27,2026-08-26,1
P02410,2026-07-27,2026-08-26,4
P02727,2026-07-28,2026-08-26,4
P02870,2026-07-28,2026-08-26,3
P03051,2026-07-27,2026-08-26,2
P03067,2026-07-30,2026-08-26,3
P03088,2026-07-28,2026-08-26,3
P03131,2026-07-30,2026-08-26,1
P03260,2026-07-30,2026-08-26,1
P03812,2026-07-28,2026-08-26,1
P03959,2026-07-27,2026-08-26,4
P04671,2026-07-28,2026-08-26,1
P04910,2026-07-30,2026-08-26,4
P05017,2026-07-28,2026-08-26,1
P05283,2026-07-27,2026-08-26,3
P05814,2026-07-30,2026-08-26,1
P06039,2026-07-30,2026-08-26,1
P06086,2026-07-27,2026-08-26,3
P06326,2026-07-29,2026-08-26,2
P06433,2026-07-30,2026-08-26,4
P06888,2026-07-30,2026-08-26,2
P06916,2026-07-27,2026-08-26,4
P06940,2026-07-29,2026-08-26,1
P06948,2026-07-29,2026-08-26,1
P07238,2026-07-30,2026-08-26,1
P07254,2026-07-30,2026-08-26,4
P07640,2026-07-27,2026-08-26,4
P00168,2026-07-28,2026-08-27,2
P00254,2026-07-28,2026-08-27,1
P00414,2026-07-29,2026-08-27,4
P00459,2026-07-28,2026-08-27,3
P00623,2026-07-28,2026-08-27,4
P00933,2026-07-28,2026-08-27,2
P01014,2026-07-30,2026-08-27,1
P01138,2026-07-28,2026-08-27,4
P01531,2026-07-28,2026-08-27,2
P02573,2026-07-30,2026-08-27,3
P02974,2026-07-29,2026-08-27,2
P03571,2026-07-29,2026-08-27,4
P03631,2026-07-28,2026-08-27,1
P03957,2026-07-29,2026-08-27,4
P03992,2026-07-30,2026-08-27,1
P04143,2026-07-29,2026-08-27,1
P04218,2026-07-29,2026-08-27,3
P04226,2026-07-30,2026-08-27,1
P04452,2026-07-29,2026-08-27,1
P04502,2026-07-30,2026-08-27,4
P04735,2026-07-28,2026-08-27,1
P04962,2026-07-28,2026-08-27,3
P05022,2026-07-29,2026-08-27,2
P05072,2026-07-29,2026-08-27,2
P05487,2026-07-30,2026-08-27,1
P05782,2026-07-28,2026-08-27,2
P07149,2026-07-28,2026-08-27,1
P00563,2026-07-29,2026-08-28,2
P01173,2026-07-29,2026-08-28,3
P03043,2026-07-30,2026-08-28,2
P04056,2026-07-30,2026-08-28,3
P04143,2026-07-29,2026-08-28,3
P04910,2026-07-30,2026-08-28,3
P05022,2026-07-29,2026-08-28,2
P05173,2026-07-29,2026-08-28,4
P05365,2026-07-29,2026-08-28,1
P05620,2026-07-30,2026-08-28,1
P06039,2026-07-30,2026-08-28,2
P07163,2026-07-29,2026-08-28,1
P07852,2026-07-30,2026-08-28,2
P00028,2026-07-30,2026-08-29,2
P00554,2026-07-30,2026-08-29,1
P02290,2026-07-30,2026-08-29,2
P04910,2026-07-30,2026-08-29,4
P05340,2026-07-30,2026-08-29,4
P05472,2026-07-30,2026-08-29,4
P05814,2026-07-30,2026-08-29,2
P07852,2026-07-30,2026-08-29,4
